data;horario;n_da_ocorrencia;tipo_de_ocorrencia;km;trecho;sentido;tipo_de_acidente;automovel;bicicleta;caminhao;moto;onibus;outros;tracao_animal;transporte_de_cargas_especiais;trator_maquinas;utilitarios;ilesos;levemente_feridos;moderadamente_feridos;gravemente_feridos;mortos
"31/05/2022";"04:02:00";"474";"AC03 - Aci";"317";"BR-116/RJ";"Pista Sul";"Choque em objeto na pista";1;0;0;0;0;0;0;0;0;0;1;0;0;0;0
"31/05/2022";"05:16:00";"503";"AC02 - Aci";"308.600";"BR-116/RJ";"Pista Norte";"Queda de moto";0;0;0;1;0;0;0;0;0;0;0;1;0;0;0
"31/05/2022";"06:45:00";"571";"AC02 - Aci";"156.100";"BR-116/SP";"Pista Norte";"Queda de moto";0;0;0;1;0;0;0;0;0;0;0;1;0;0;0
"31/05/2022";"07:03:00";"579";"AC03 - Aci";"157";"BR-116/SP";"Pista Norte";"Abalroamento Longitudinal";1;0;1;0;0;0;0;0;0;0;5;0;0;0;0
"31/05/2022";"07:13:00";"584";"AC02 - Aci";"268";"BR-116/RJ";"Pista Sul";"Capotamento";1;0;0;0;0;0;0;0;0;0;0;1;0;0;0
"31/05/2022";"08:18:00";"614";"AC03 - Aci";"222.199";"BR-116/SP";"Pista Norte";"Colisão Traseira";1;0;1;0;0;0;0;0;0;0;5;0;0;0;0
"31/05/2022";"10:35:00";"664";"AC02 - Aci";"34";"BR-116/SP";"Pista Norte";"Queda de moto";0;0;0;1;0;0;0;0;0;0;0;0;1;0;0
"01/06/2022";"04:29:00";"53";"Acidente c";"169.7";"BR-116/SP";"Pista Sul";"Choque em defensa";0;0;1;0;0;0;0;0;0;0;0;1;0;0;0
"01/06/2022";"06:54:00";"98";"Acidente s";"223.4";"BR-116/SP";"Pista Sul";"Abalroamento longitudinal";1;0;0;1;0;0;0;0;0;0;2;0;0;0;0
"01/06/2022";"06:59:00";"105";"Acidente s";"66.5";"BR-116/SP";"Pista Sul";"Choque em barreira New Jersey";1;0;0;0;0;0;0;0;0;0;1;0;0;0;0
"01/06/2022";"07:40:00";"146";"Acidente s";"113.5";"BR-116/SP";"Pista Norte";"Choque em barreira New Jersey";0;0;1;0;0;0;0;0;0;0;1;0;0;0;0
"01/06/2022";"07:43:00";"150";"Acidente c";"224.1";"BR-116/SP";"Pista Sul";"Colisão traseira";1;0;0;1;0;0;0;0;0;0;1;1;0;0;0
"01/06/2022";"07:48:00";"156";"Acidente s";"103.7";"BR-116/SP";"Pista Sul";"Choque em defensa";1;0;0;0;0;0;0;0;0;0;1;0;0;0;0
"01/06/2022";"08:13:00";"173";"Acidente c";"205.7";"BR-116/SP";"Pista Sul";"Abalroamento longitudinal";1;0;0;1;0;0;0;0;0;0;2;1;0;0;0
"01/06/2022";"08:37:00";"191";"Acidente s";"108.1";"BR-116/SP";"Pista Sul";"Queda de moto";0;0;0;1;0;0;0;0;0;0;1;0;0;0;0
"01/06/2022";"08:56:00";"200";"Acidente c";"181.25";"BR-116/RJ";"Pista Norte";"Abalroamento longitudinal";1;0;0;1;0;0;0;0;0;0;1;2;0;0;0
"01/06/2022";"08:59:00";"203";"Acidente c";"316";"BR-116/RJ";"Pista Norte";"Queda de moto";0;0;0;1;0;0;0;0;0;0;0;0;1;1;0
"01/06/2022";"12:00:00";"313";"Acidente c";"230";"BR-116/SP";"Pista Norte";"Engavetamento";2;0;1;0;0;0;0;0;0;0;2;1;0;0;0
"01/06/2022";"03:25:00";"397";"Acidente c";"146.7";"BR-116/SP";"Pista Sul";"Abalroamento longitudinal";1;0;1;0;0;0;0;0;0;0;2;1;0;0;0
"01/06/2022";"06:08:00";"509";"Acidente s";"71";"BR-116/SP";"Pista Norte";"Atropelamento de animal";1;0;0;0;0;0;0;0;0;0;2;0;0;0;0
"01/06/2022";"06:24:00";"522";"Acidente s";"207.1";"BR-116/RJ";"Pista Sul";"Abalroamento longitudinal";1;0;1;0;0;0;0;0;0;0;4;0;0;0;0
"01/06/2022";"06:44:00";"536";"Acidente c";"111";"BR-116/SP";"Pista Norte";"Engavetamento";0;0;0;2;0;1;0;0;0;0;1;2;0;0;0
"01/06/2022";"06:56:00";"543";"Acidente c";"180.3";"BR-116/RJ";"Pista Norte";"Colisão traseira";0;0;0;1;0;1;0;0;0;0;1;1;0;0;0
"01/06/2022";"07:42:00";"562";"Acidente s";"135.4";"BR-116/SP";"Pista Sul";"Colisão traseira";2;0;0;0;0;0;0;0;0;0;2;0;0;0;0
"01/06/2022";"07:51:00";"566";"Atropelame";"173";"BR-116/SP";"Pista Norte";"Atropelamento de pedestre caminhando";1;0;0;0;0;0;0;0;0;0;1;0;0;1;0
"01/06/2022";"11:00:00";"616";"Acidente s";"135.4";"BR-116/SP";"Pista Sul";"Engavetamento";0;0;1;0;0;2;0;0;0;0;3;0;0;0;0
"02/06/2022";"01:45:00";"25";"Acidente c";"73.95";"BR-116/SP";"Pista Sul";"Tombamento";0;0;1;0;0;0;0;0;0;0;0;0;1;0;0
"02/06/2022";"06:55:00";"90";"Acidente s";"227.6";"BR-116/RJ";"Pista Norte";"Engavetamento";2;0;0;0;0;1;0;0;0;0;4;0;0;0;0
"02/06/2022";"12:52:00";"340";"Acidente s";"124.1";"BR-116/SP";"Pista Sul";"Colisão traseira";1;0;1;0;0;0;0;0;0;0;2;0;0;0;0
"02/06/2022";"01:42:00";"371";"Acidente s";"230.5";"BR-116/SP";"Pista Norte";"Engavetamento";2;0;1;0;0;0;0;0;0;0;5;0;0;0;0
"02/06/2022";"09:55:00";"645";"Acidente s";"219";"BR-116/SP";"Pista Sul";"Queda de ribanceira";1;0;0;0;0;0;0;0;0;0;1;0;0;0;0
"02/06/2022";"10:25:00";"656";"Acidente c";"171.8";"BR-116/SP";"Pista Sul";"Choque em objeto na pista";1;0;0;0;0;0;0;0;0;0;0;3;0;0;0
"02/06/2022";"10:28:00";"658";"Acidente s";"187";"BR-116/SP";"Pista Norte";"Choque em objeto na pista";1;0;0;0;0;0;0;0;0;0;2;0;0;0;0
"03/06/2022";"05:45:00";"68";"Acidente s";"178.4";"BR-116/RJ";"Pista Norte";"Engavetamento";4;0;0;0;0;1;0;0;0;0;5;0;0;0;0
"03/06/2022";"06:22:00";"81";"Acidente c";"211.7";"BR-116/SP";"Pista Sul";"Colisão traseira";1;0;0;1;0;0;0;0;0;0;1;1;0;0;0
"03/06/2022";"06:53:00";"102";"Acidente c";"45.45";"BR-116/SP";"Pista Norte";"Colisão traseira";0;0;1;1;0;0;0;0;0;0;2;1;0;0;0
"03/06/2022";"09:30:00";"234";"Acidente s";"170";"BR-116/RJ";"Pista Sul";"Abalroamento longitudinal";2;0;0;0;0;0;0;0;0;0;2;0;0;0;0
"03/06/2022";"11:49:00";"347";"Acidente s";"226.9";"BR-116/RJ";"Pista Norte";"Choque em objeto fixo";1;0;0;0;0;0;0;0;0;0;1;0;0;0;0
"03/06/2022";"01:55:00";"410";"Acidente c";"242.4";"BR-116/RJ";"Pista Sul";"Choque em barreira New Jersey";1;0;0;0;0;0;0;0;0;0;0;1;0;0;0
"03/06/2022";"01:58:00";"411";"Acidente s";"174.7";"BR-116/RJ";"Pista Sul";"Choque em barreira New Jersey";1;0;0;0;0;0;0;0;0;0;1;0;0;0;0
"03/06/2022";"02:36:00";"429";"Acidente c";"230.3";"BR-116/RJ";"Pista Norte";"Choque em defensa";1;0;0;0;0;0;0;0;0;0;0;1;0;0;0
"03/06/2022";"02:58:00";"446";"Acidente s";"228";"BR-116/RJ";"Pista Norte";"Choque Talude";1;0;0;0;0;0;0;0;0;0;1;0;0;0;0
"03/06/2022";"04:17:00";"480";"Acidente s";"91.8";"BR-116/SP";"Pista Sul";"Choque em barreira New Jersey";1;0;0;0;0;0;0;0;0;0;1;0;0;0;0
"03/06/2022";"04:19:00";"483";"Acidente s";"206.6";"BR-116/SP";"Pista Norte";"Colisão traseira";0;0;2;0;0;0;0;0;0;0;2;0;0;0;0
"03/06/2022";"05:35:00";"511";"Atropelame";"141.5";"BR-116/SP";"Pista Norte";"Atropelamento de pedestre caminhando";1;1;0;0;0;0;0;0;0;0;1;0;1;0;0
"03/06/2022";"05:52:00";"518";"Acidente s";"139.4";"BR-116/SP";"Pista Sul";"Engavetamento";3;0;0;0;0;0;0;0;0;0;3;0;0;0;0
"03/06/2022";"05:53:00";"519";"Acidente s";"108.2";"BR-116/SP";"Pista Sul";"Colisão traseira";0;0;1;0;0;0;0;0;0;1;3;0;0;0;0
"03/06/2022";"06:10:00";"528";"Acidente s";"151.4";"BR-116/SP";"Pista Norte";"Colisão traseira";1;0;0;1;0;0;0;0;0;0;2;0;0;0;0
"03/06/2022";"06:39:00";"552";"Acidente s";"166.3";"BR-116/RJ";"Pista Sul";"Choque em barreira New Jersey";0;0;0;0;0;0;0;0;0;1;1;0;0;0;0
"03/06/2022";"07:11:00";"570";"Acidente s";"278";"BR-116/RJ";"Pista Sul";"Choque em objeto na pista";0;0;1;0;0;0;0;0;0;0;1;0;0;0;0
"03/06/2022";"07:28:00";"581";"Acidente c";"147.45";"BR-116/SP";"Pista Sul";"Choque em barreira New Jersey";0;0;1;0;0;0;0;0;0;0;0;1;0;0;0
"03/06/2022";"08:04:00";"604";"Acidente s";"49.5";"BR-116/SP";"Pista Norte";"Choque em objeto na pista";1;0;0;0;0;0;0;0;0;0;2;0;0;0;0
"03/06/2022";"08:08:00";"607";"Acidente s";"226.99";"BR-116/RJ";"Pista Norte";"Abalroamento longitudinal";1;0;1;0;0;0;0;0;0;0;4;0;0;0;0
"03/06/2022";"08:10:00";"608";"Acidente s";"227";"BR-116/SP";"Pista Norte";"Colisão traseira";1;0;0;0;0;1;0;0;0;0;2;0;0;0;0
"03/06/2022";"08:53:00";"629";"Acidente s";"225.3";"BR-116/SP";"Pista Norte";"Colisão traseira";1;0;0;0;0;1;0;0;0;0;2;0;0;0;0
"04/06/2022";"12:19:00";"20";"Acidente s";"185.4";"BR-116/RJ";"Pista Norte";"Choque em defensa";2;0;0;0;0;1;0;0;0;0;3;0;0;0;0
"04/06/2022";"12:43:00";"27";"Acidente s";"100.4";"BR-116/SP";"Pista Sul";"Choque em barreira New Jersey";1;0;0;0;0;1;0;0;0;0;2;0;0;0;0
"04/06/2022";"03:50:00";"60";"Acidente s";"228.5";"BR-116/RJ";"Pista Norte";"Choque em barreira New Jersey";1;0;0;0;0;0;0;0;0;0;4;0;0;0;0
"04/06/2022";"04:13:00";"64";"Acidente s";"144.8";"BR-116/SP";"Pista Norte";"Colisão traseira";2;0;0;0;0;0;0;0;0;0;2;0;0;0;0
"04/06/2022";"05:17:00";"71";"Acidente c";"235.4";"BR-116/RJ";"Pista Norte";"Choque em barreira New Jersey";0;0;2;0;0;0;0;0;0;0;1;1;0;0;0
"04/06/2022";"05:25:00";"72";"Acidente s";"218.1";"BR-116/SP";"Pista Sul";"Colisão traseira";1;0;0;0;0;1;0;0;0;0;2;0;0;0;0
"04/06/2022";"05:41:00";"74";"Acidente s";"149.85";"BR-116/SP";"Pista Norte";"Abalroamento longitudinal";1;0;0;0;0;1;0;0;0;0;2;0;0;0;0
"04/06/2022";"06:33:00";"89";"Acidente s";"235.4";"BR-116/RJ";"Pista Sul";"Choque em objeto na pista";1;0;0;0;0;0;0;0;0;0;1;0;0;0;0
"04/06/2022";"06:49:00";"98";"Acidente s";"226.3";"BR-116/SP";"Pista Sul";"Abalroamento longitudinal";2;0;0;0;0;0;0;0;0;0;5;0;0;0;0
"04/06/2022";"08:55:00";"157";"Acidente s";"226.3";"BR-116/SP";"Pista Norte";"Colisão traseira";1;0;0;1;0;0;0;0;0;0;2;0;0;0;0
"04/06/2022";"09:40:00";"181";"Acidente s";"226.9";"BR-116/RJ";"Pista Norte";"Choque em barreira New Jersey";1;0;0;0;0;0;0;0;0;0;1;0;0;0;0
"04/06/2022";"09:49:00";"186";"Acidente s";"214.9";"BR-116/SP";"Pista Sul";"Abalroamento longitudinal";1;0;0;1;0;0;0;0;0;0;2;0;0;0;0
"04/06/2022";"10:26:00";"210";"Acidente s";"226.4";"BR-116/RJ";"Pista Norte";"Choque em objeto fixo";1;0;0;0;0;0;0;0;0;0;1;0;0;0;0
"04/06/2022";"10:47:00";"227";"Acidente s";"198.9";"BR-116/SP";"Pista Norte";"Choque em barreira New Jersey";0;0;1;0;0;0;0;0;0;1;4;0;0;0;0
"04/06/2022";"11:42:00";"250";"Acidente s";"224.45";"BR-116/RJ";"Pista Sul";"Choque em objeto fixo";1;0;0;0;0;0;0;0;0;0;1;0;0;0;0
"04/06/2022";"11:43:00";"251";"Acidente s";"228.9";"BR-116/RJ";"Pista Norte";"Choque em objeto fixo";1;0;0;0;0;0;0;0;0;0;2;0;0;0;0
"04/06/2022";"11:51:00";"254";"Acidente c";"247.3";"BR-116/RJ";"Pista Norte";"Capotamento";1;0;0;0;0;0;0;0;0;0;0;2;0;0;0
"04/06/2022";"12:00:00";"262";"Acidente s";"226.4";"BR-116/RJ";"Pista Norte";"Choque em objeto fixo";1;0;0;0;0;0;0;0;0;0;1;0;0;0;0
"04/06/2022";"12:01:00";"265";"Acidente s";"219.2";"BR-116/SP";"Pista Sul";"Choque em barreira New Jersey";1;0;0;0;0;0;0;0;0;0;1;0;0;0;0
"04/06/2022";"01:22:00";"301";"Acidente s";"209.8";"BR-116/SP";"Pista Sul";"Colisão traseira";2;0;0;0;0;0;0;0;0;0;4;0;0;0;0
"04/06/2022";"04:08:00";"380";"Acidente s";"108.8";"BR-116/SP";"Pista Norte";"Choque em objeto fixo";1;0;0;0;0;1;0;0;0;0;2;0;0;0;0
"04/06/2022";"06:06:00";"432";"Atropelame";"150.55";"BR-116/SP";"Pista Sul";"Atropelamento de pedestre atravessando";0;1;0;1;0;0;0;0;0;0;0;2;0;0;0
"04/06/2022";"06:49:00";"458";"Acidente s";"267.2";"BR-116/RJ";"Pista Sul";"Capotamento";1;0;0;0;0;0;0;0;0;0;1;0;0;0;0
"04/06/2022";"06:59:00";"464";"Acidente c";"172.6";"BR-116/RJ";"Pista Sul";"Abalroamento longitudinal";2;0;0;0;0;0;0;0;0;0;1;2;0;0;0
"04/06/2022";"10:33:00";"528";"Acidente s";"223.3";"BR-116/SP";"Pista Norte";"Atropelamento de animal";1;0;0;0;0;0;0;0;0;0;2;0;0;0;0
"04/06/2022";"10:52:00";"532";"Acidente s";"98";"BR-116/SP";"Pista Norte";"Choque em objeto fixo";1;0;0;0;0;0;0;0;0;0;2;0;0;0;0
"04/06/2022";"11:39:00";"547";"Acidente c";"181.2";"BR-116/RJ";"Pista Sul";"Abalroamento longitudinal";1;0;0;0;0;0;0;0;0;1;16;1;0;0;0
"04/06/2022";"11:55:00";"556";"Acidente s";"140.1";"BR-116/SP";"Pista Sul";"Abalroamento longitudinal";1;0;1;0;0;0;0;0;0;0;3;0;0;0;0
"05/06/2022";"02:56:00";"45";"Acidente s";"298.8";"BR-116/RJ";"Pista Sul";"Colisão traseira";1;0;1;0;0;0;0;0;0;0;2;0;0;0;0
"05/06/2022";"03:32:00";"51";"Acidente s";"166.1";"BR-116/RJ";"Pista Norte";"Colisão traseira";1;0;0;0;0;1;0;0;0;0;2;0;0;0;0
"05/06/2022";"03:56:00";"54";"Acidente c";"201";"BR-116/SP";"Pista Sul";"Choque em barreira New Jersey";0;0;0;0;0;0;0;0;0;1;0;1;0;0;0
"05/06/2022";"05:22:00";"70";"Acidente c";"229.8";"BR-116/RJ";"Pista Norte";"Choque em objeto fixo";1;0;0;0;0;0;0;0;0;0;0;1;1;0;0
"05/06/2022";"06:12:00";"79";"Acidente s";"177.9";"BR-116/RJ";"Pista Sul";"Colisão traseira";2;0;0;0;0;0;0;0;0;0;2;0;0;0;0
"05/06/2022";"07:08:00";"97";"Acidente s";"106.6";"BR-116/SP";"Pista Sul";"Atropelamento de animal";1;0;0;0;0;0;0;0;0;0;1;0;0;0;0
"05/06/2022";"10:16:00";"180";"Acidente s";"222.2";"BR-116/SP";"Pista Sul";"Colisão traseira";0;1;0;0;0;0;0;0;0;1;2;0;0;0;0
"05/06/2022";"11:37:00";"208";"Acidente c";"221.5";"BR-116/SP";"Pista Sul";"Abalroamento longitudinal";1;0;0;1;0;0;0;0;0;0;1;1;0;0;0
"05/06/2022";"12:45:00";"229";"Acidente s";"0";"BR-116/SP";"Pista Sul";"Queda de ribanceira";1;0;0;0;0;0;0;0;0;0;1;0;0;0;0
"05/06/2022";"01:32:00";"249";"Acidente c";"220.7";"BR-116/SP";"Pista Sul";"Colisão traseira";3;0;0;0;0;0;0;0;0;0;0;3;0;0;0
"05/06/2022";"02:23:00";"272";"Acidente s";"202.8";"BR-116/SP";"Pista Norte";"Abalroamento longitudinal";1;0;1;0;0;0;0;0;0;0;2;0;0;0;0
"05/06/2022";"02:35:00";"277";"Acidente c";"168.6";"BR-116/RJ";"Pista Norte";"Engavetamento";3;0;0;0;0;0;0;0;0;0;0;4;0;0;0
"05/06/2022";"02:42:00";"282";"Acidente s";"170.7";"BR-116/RJ";"Pista Norte";"Colisão traseira";2;0;0;0;0;0;0;0;0;0;5;0;0;0;0
"05/06/2022";"03:50:00";"306";"Acidente c";"278";"BR-116/RJ";"Pista Norte";"Engavetamento";2;0;0;0;0;1;0;0;0;0;4;2;0;0;0
"05/06/2022";"03:52:00";"310";"Acidente s";"206.3";"BR-116/SP";"Pista Norte";"Colisão traseira";1;0;0;0;0;1;0;0;0;0;2;0;0;0;0
"05/06/2022";"05:17:00";"342";"Acidente s";"285.1";"BR-116/RJ";"Pista Norte";"Engavetamento";2;0;0;0;0;2;0;0;0;0;8;0;0;0;0
"05/06/2022";"06:17:00";"373";"Acidente c";"168.4";"BR-116/RJ";"Pista Norte";"Queda de moto";0;0;0;1;0;0;0;0;0;0;0;0;1;0;0
"05/06/2022";"07:39:00";"412";"Acidente c";"317.65";"BR-116/RJ";"Pista Norte";"Colisão traseira";2;0;0;0;0;0;0;0;0;0;1;2;0;0;0
"05/06/2022";"11:16:00";"488";"Atropelame";"233.05";"BR-116/RJ";"Pista Sul";"Atropelamento de pedestre caminhando";0;0;0;0;0;1;0;0;0;0;1;0;0;0;1
"05/06/2022";"11:58:00";"502";"Acidente s";"165.2";"BR-116/SP";"Pista Norte";"Choque em objeto na pista";1;0;0;0;0;0;0;0;0;0;2;0;0;0;0
"06/06/2022";"07:14:00";"140";"Acidente s";"138.8";"BR-116/SP";"Pista Sul";"Colisão traseira";2;0;0;0;0;0;0;0;0;0;2;0;0;0;0
"06/06/2022";"08:09:00";"179";"Acidente c";"140.1";"BR-116/SP";"Pista Norte";"Colisão traseira";2;0;0;0;0;0;0;0;0;0;1;2;0;0;0
"06/06/2022";"10:08:00";"259";"Acidente c";"181";"BR-116/RJ";"Pista Sul";"Choque em barreira New Jersey";0;0;1;0;0;0;0;0;0;0;0;1;0;0;0
"06/06/2022";"10:27:00";"275";"Acidente s";"209.9";"BR-116/SP";"Pista Sul";"Engavetamento";3;0;0;0;0;0;0;0;0;0;3;0;0;0;0
"06/06/2022";"02:49:00";"384";"Acidente s";"146";"BR-116/SP";"Pista Norte";"Engavetamento";2;0;0;0;0;1;0;0;0;0;4;0;0;0;0
"06/06/2022";"05:45:00";"485";"Acidente s";"218.5";"BR-116/SP";"Pista Sul";"Abalroamento longitudinal";1;0;0;1;0;0;0;0;0;0;2;0;0;0;0
"06/06/2022";"06:20:00";"508";"Acidente c";"147";"BR-116/SP";"Pista Norte";"Colisão traseira";1;0;0;1;0;0;0;0;0;0;3;0;1;0;0
"06/06/2022";"08:26:00";"557";"Acidente s";"35.3";"BR-116/SP";"Pista Norte";"Choque em objeto na pista";0;0;1;0;0;0;0;0;0;0;1;0;0;0;0
"07/06/2022";"12:36:00";"21";"Acidente s";"109.1";"BR-116/SP";"Pista Norte";"Choque em objeto na pista";1;0;0;0;0;0;0;0;0;0;2;0;0;0;0
"07/06/2022";"02:33:00";"45";"Acidente c";"229";"BR-116/SP";"Pista Norte";"Colisão traseira";1;0;0;1;0;0;0;0;0;0;1;1;0;0;0
"07/06/2022";"05:16:00";"69";"Acidente s";"212.2";"BR-116/SP";"Pista Sul";"Choque em objeto fixo";1;0;0;0;0;0;0;0;0;0;1;0;0;0;0
"07/06/2022";"06:11:00";"80";"Acidente c";"272.8";"BR-116/RJ";"Pista Sul";"Choque em barreira New Jersey";0;0;1;0;0;0;0;0;0;0;0;1;0;0;0
"07/06/2022";"06:14:00";"82";"Acidente c";"272.8";"BR-116/RJ";"Pista Norte";"Choque em objeto na pista";1;0;0;0;0;0;0;0;0;0;0;1;0;0;0
"07/06/2022";"06:20:00";"87";"Acidente c";"228.7";"BR-116/SP";"Pista Sul";"Abalroamento longitudinal";1;0;0;1;0;0;0;0;0;0;2;1;0;0;0
"07/06/2022";"06:45:00";"98";"Acidente s";"220.6";"BR-116/RJ";"Pista Norte";"Choque em barreira New Jersey";1;0;0;0;0;0;0;0;0;0;1;0;0;0;0
"07/06/2022";"06:53:00";"103";"Acidente s";"61.1";"BR-116/SP";"Pista Norte";"Colisão traseira";1;0;0;0;0;1;0;0;0;0;2;0;0;0;0
"07/06/2022";"07:08:00";"114";"Acidente s";"219.8";"BR-116/RJ";"Pista Norte";"Choque em defensa";0;0;1;0;0;0;0;0;0;0;1;0;0;0;0
"07/06/2022";"07:21:00";"124";"Acidente s";"224";"BR-116/SP";"Pista Sul";"Abalroamento longitudinal";1;0;0;1;0;0;0;0;0;0;2;0;0;0;0
"07/06/2022";"08:42:00";"199";"Acidente s";"329.86";"BR-116/RJ";"Pista Norte";"Choque em objeto fixo";1;0;0;0;0;0;0;0;0;0;2;0;0;0;0
"07/06/2022";"08:51:00";"210";"Acidente s";"156";"BR-116/SP";"Pista Norte";"Abalroamento longitudinal";1;0;1;0;0;0;0;0;0;0;2;0;0;0;0
"07/06/2022";"08:54:00";"215";"Acidente c";"228";"BR-116/SP";"Pista Sul";"Queda de moto";0;0;0;1;0;0;0;0;0;0;0;1;0;0;0
"07/06/2022";"10:03:00";"258";"Acidente s";"34.5";"BR-116/SP";"Pista Norte";"Abalroamento longitudinal";0;0;2;0;0;0;0;0;0;0;2;0;0;0;0
"07/06/2022";"01:01:00";"345";"Acidente s";"268.6";"BR-116/RJ";"Pista Norte";"Colisão traseira";2;0;0;0;0;0;0;0;0;0;3;0;0;0;0
"07/06/2022";"02:06:00";"374";"Acidente c";"167.2";"BR-116/SP";"Pista Sul";"Colisão traseira";0;0;2;0;0;0;0;0;0;0;1;1;0;0;0
"07/06/2022";"02:25:00";"388";"Acidente s";"167.3";"BR-116/SP";"Pista Norte";"Colisão traseira";0;0;1;0;1;0;0;0;0;0;10;0;0;0;0
"07/06/2022";"04:31:00";"453";"Atropelame";"169";"BR-116/SP";"Pista Norte";"Atropelamento de pedestre atravessando";0;0;0;1;0;0;0;0;0;0;0;1;1;0;0
"07/06/2022";"06:00:00";"506";"Acidente s";"150";"BR-116/SP";"Pista Norte";"Colisão traseira";0;0;0;0;1;1;0;0;0;0;30;0;0;0;0
"07/06/2022";"06:16:00";"515";"Acidente s";"152.8";"BR-116/SP";"Pista Sul";"Colisão traseira";2;0;0;0;0;0;0;0;0;0;2;0;0;0;0
"07/06/2022";"07:33:00";"558";"Acidente s";"147";"BR-116/SP";"Pista Sul";"Abalroamento longitudinal";1;0;1;0;0;0;0;0;0;0;3;0;0;0;0
"07/06/2022";"08:26:00";"591";"Acidente c";"145";"BR-116/SP";"Pista Norte";"Engavetamento";2;0;0;0;0;0;0;0;0;1;3;1;0;0;0
"07/06/2022";"09:23:00";"608";"Acidente c";"201";"BR-116/SP";"Pista Sul";"Colisão traseira";2;0;0;0;0;1;0;0;0;0;2;2;0;0;0
"07/06/2022";"09:32:00";"612";"Acidente s";"228.1";"BR-116/SP";"Pista Sul";"Choque em defensa";1;0;0;0;0;0;0;0;0;0;1;0;0;0;0
"07/06/2022";"09:49:00";"617";"Acidente c";"30";"BR-116/SP";"Pista Norte";"Capotamento";1;0;0;0;0;0;0;0;0;0;0;1;0;0;0
"07/06/2022";"10:20:00";"627";"Atropelame";"164.5";"BR-116/SP";"Pista Sul";"Atropelamento de pedestre caminhando";0;0;1;0;0;0;0;0;0;0;1;0;0;0;1
"07/06/2022";"11:56:00";"638";"Acidente s";"216";"BR-116/SP";"Pista Norte";"Colisão traseira";2;0;0;0;0;0;0;0;0;0;2;0;0;0;0
"08/06/2022";"04:38:00";"51";"Acidente s";"214";"BR-116/SP";"Pista Sul";"Choque em defensa";1;0;0;0;0;0;0;0;0;0;1;0;0;0;0
"08/06/2022";"06:19:00";"79";"Acidente c";"222.6";"BR-116/SP";"Pista Norte";"Colisão traseira";1;0;0;0;0;1;0;0;0;0;2;1;0;0;0
"08/06/2022";"06:43:00";"90";"Acidente c";"220.2";"BR-116/SP";"Pista Sul";"Abalroamento longitudinal";1;0;0;1;0;0;0;0;0;0;1;0;1;0;0
"08/06/2022";"08:46:00";"203";"Acidente s";"193.7";"BR-116/SP";"Pista Norte";"Tombamento";0;0;1;0;0;0;0;0;0;0;2;0;0;0;0
"08/06/2022";"08:49:00";"207";"Acidente s";"139.7";"BR-116/SP";"Pista Sul";"Colisão traseira";1;0;0;0;0;0;0;0;0;1;4;0;0;0;0
"08/06/2022";"02:13:00";"394";"Acidente c";"180.18";"BR-116/RJ";"Pista Sul";"Queda de moto";0;0;1;1;0;0;0;0;0;0;1;0;0;2;0
"08/06/2022";"05:00:00";"472";"Acidente s";"311.1";"BR-116/RJ";"Pista Norte";"Choque em defensa";1;0;0;0;0;0;0;0;0;0;1;0;0;0;0
"08/06/2022";"05:20:00";"485";"Acidente c";"208.1";"BR-116/RJ";"Pista Norte";"Abalroamento longitudinal";1;0;0;1;0;0;0;0;0;0;1;0;1;0;0
"08/06/2022";"05:36:00";"493";"Acidente s";"61.3";"BR-116/SP";"Pista Norte";"Choque em objeto fixo";1;0;1;0;0;0;0;0;0;0;3;0;0;0;0
"08/06/2022";"09:52:00";"621";"Acidente s";"210";"BR-116/SP";"Pista Sul";"Abalroamento longitudinal";1;0;0;0;0;1;0;0;0;0;3;0;0;0;0
"09/06/2022";"04:50:00";"64";"Acidente s";"279";"BR-116/RJ";"Pista Sul";"Colisão traseira";0;0;2;0;0;0;0;0;0;0;2;0;0;0;0
"09/06/2022";"06:08:00";"77";"Acidente s";"114.71";"BR-116/SP";"Pista Sul";"Abalroamento longitudinal";1;0;1;0;0;0;0;0;0;0;2;0;0;0;0
"09/06/2022";"06:58:00";"101";"Acidente c";"114.4";"BR-116/SP";"Pista Sul";"Engavetamento";3;0;1;0;0;1;0;0;0;0;7;0;1;0;0
"09/06/2022";"07:33:00";"134";"Acidente s";"226.45";"BR-116/RJ";"Pista Norte";"Choque em objeto fixo";1;0;0;0;0;0;0;0;0;0;1;0;0;0;0
"09/06/2022";"07:34:00";"137";"Acidente c";"165.6";"BR-116/RJ";"Pista Norte";"Colisão traseira";1;0;0;1;0;0;0;0;0;0;1;0;1;0;0
"09/06/2022";"08:50:00";"205";"Acidente c";"188.3";"BR-116/SP";"Pista Sul";"Choque em defensa";0;0;1;0;0;0;0;0;0;0;0;0;1;0;0
"09/06/2022";"10:21:00";"284";"Acidente s";"297.4";"BR-116/RJ";"Pista Norte";"Choque em objeto na pista";1;0;0;0;0;0;0;0;0;0;1;0;0;0;0
"09/06/2022";"10:22:00";"285";"Acidente s";"297.4";"BR-116/RJ";"Pista Norte";"Choque em objeto na pista";1;0;0;0;0;0;0;0;0;0;1;0;0;0;0
"09/06/2022";"10:28:00";"287";"Acidente c";"305";"BR-116/RJ";"Pista Sul";"Abalroamento longitudinal";1;0;0;1;0;0;0;0;0;0;2;2;0;0;0