data;horario;n_da_ocorrencia;tipo_de_ocorrencia;km;trecho;sentido;tipo_de_acidente;automovel;bicicleta;caminhao;moto;onibus;outros;tracao_animal;transporte_de_cargas_especiais;trator_maquinas;utilitarios;ilesos;levemente_feridos;moderadamente_feridos;gravemente_feridos;mortos
"19/07/2022";"07:31:00";"609";"Acidente c";"122.1";"BR-116/SP";"Pista Norte";"Colisão traseira";1;0;0;0;0;1;0;0;0;0;3;1;0;0;0
"19/07/2022";"10:20:00";"673";"Acidente s";"210.8";"BR-116/RJ";"Pista Norte";"Choque em objeto na pista";1;0;0;0;0;0;0;0;0;0;2;0;0;0;0
"19/07/2022";"10:37:00";"676";"Acidente s";"163.6";"BR-116/RJ";"Pista Norte";"Colisão traseira";1;0;1;0;0;0;0;0;0;0;3;0;0;0;0
"19/07/2022";"11:08:00";"689";"Acidente s";"287.3";"BR-116/RJ";"Pista Norte";"Choque em objeto na pista";0;0;1;0;0;0;0;0;0;0;1;0;0;0;0
"20/07/2022";"02:05:00";"30";"Acidente c";"311.4";"BR-116/RJ";"Pista Norte";"Abalroamento longitudinal";1;0;1;0;0;0;0;0;0;0;3;1;0;0;0
"20/07/2022";"04:25:00";"52";"Acidente s";"227";"BR-116/RJ";"Pista Sul";"Choque em objeto fixo";1;0;0;0;0;0;0;0;0;0;1;0;0;0;0
"20/07/2022";"05:05:00";"59";"Acidente c";"146.38";"BR-116/SP";"Pista Sul";"Colisão traseira";0;0;1;0;1;0;0;0;0;0;43;1;0;0;0
"20/07/2022";"05:47:00";"63";"Acidente s";"146.38";"BR-116/SP";"Pista Sul";"Colisão traseira";1;0;1;0;0;0;0;0;0;0;3;0;0;0;0
"20/07/2022";"07:53:00";"167";"Acidente s";"190";"BR-116/SP";"Pista Norte";"Abalroamento longitudinal";1;0;0;0;0;0;0;0;0;1;3;0;0;0;0
"20/07/2022";"10:31:00";"290";"Acidente c";"221.7";"BR-116/SP";"Pista Sul";"Abalroamento longitudinal";0;0;1;1;0;0;0;0;0;0;1;1;0;0;0
"20/07/2022";"12:18:00";"351";"Acidente c";"210";"BR-116/SP";"Pista Sul";"Engavetamento";3;0;1;0;0;0;0;0;0;0;8;2;0;0;0
"20/07/2022";"12:38:00";"360";"Acidente s";"209.9";"BR-116/SP";"Pista Sul";"Colisão traseira";1;0;1;0;0;0;0;0;0;0;2;0;0;0;0
"20/07/2022";"03:41:00";"447";"Acidente c";"166.1";"BR-116/RJ";"Pista Sul";"Abalroamento longitudinal";1;0;0;1;0;0;0;0;0;0;1;1;0;0;0
"20/07/2022";"04:03:00";"461";"Acidente s";"176.1";"BR-116/RJ";"Pista Sul";"Abalroamento longitudinal";1;0;1;0;0;0;0;0;0;0;2;0;0;0;0
"20/07/2022";"05:28:00";"499";"Acidente s";"107";"BR-116/SP";"Pista Norte";"Abalroamento longitudinal";1;0;1;0;0;0;0;0;0;0;2;0;0;0;0
"20/07/2022";"06:25:00";"534";"Acidente s";"224";"BR-116/RJ";"Pista Norte";"Choque Talude";0;0;1;0;0;0;0;0;0;0;1;0;0;0;0
"20/07/2022";"09:14:00";"594";"Acidente c";"214.9";"BR-116/SP";"Pista Sul";"Choque em barreira New Jersey";0;0;1;0;0;0;0;0;0;0;0;1;0;0;0
"20/07/2022";"09:57:00";"605";"Acidente s";"211";"BR-116/SP";"Pista Sul";"Engavetamento";2;0;2;0;0;0;0;0;0;0;4;0;0;0;0
"20/07/2022";"10:41:00";"624";"Acidente s";"214.9";"BR-116/SP";"Pista Sul";"Abalroamento longitudinal";1;0;0;0;0;1;0;0;0;0;3;0;0;0;0
"21/07/2022";"12:33:00";"22";"Acidente s";"117";"BR-116/SP";"Pista Norte";"Colisão traseira";0;0;1;0;0;1;0;0;0;0;2;0;0;0;0
"21/07/2022";"04:14:00";"59";"Acidente c";"101";"BR-116/SP";"Pista Sul";"Engavetamento";1;0;1;0;0;0;0;0;0;1;4;1;0;0;0
"21/07/2022";"05:27:00";"68";"Acidente s";"71";"BR-116/SP";"Pista Norte";"Colisão traseira";0;0;1;0;0;0;0;0;0;1;2;0;0;0;0
"21/07/2022";"06:12:00";"82";"Acidente s";"241.1";"BR-116/RJ";"Pista Sul";"Choque em objeto na pista";1;0;0;0;0;0;0;0;0;0;1;0;0;0;0
"21/07/2022";"06:36:00";"96";"Acidente s";"290";"BR-116/RJ";"Pista Sul";"Choque em objeto na pista";1;0;0;0;0;0;0;0;0;0;1;0;0;0;0
"21/07/2022";"07:25:00";"145";"Acidente s";"166.8";"BR-116/RJ";"Pista Norte";"Abalroamento longitudinal";2;0;0;0;0;0;0;0;0;0;2;0;0;0;0
"21/07/2022";"08:17:00";"192";"Acidente s";"233.4";"BR-116/RJ";"Pista Sul";"Colisão traseira";2;0;0;0;0;0;0;0;0;0;2;0;0;0;0
"21/07/2022";"08:37:00";"209";"Acidente c";"98.85";"BR-116/SP";"Pista Norte";"Queda de moto";0;0;0;1;0;0;0;0;0;0;0;1;0;0;0
"21/07/2022";"08:44:00";"211";"Acidente s";"223.25";"BR-116/RJ";"Pista Norte";"Choque em objeto fixo";1;0;0;0;0;0;0;0;0;0;1;0;0;0;0
"21/07/2022";"12:38:00";"356";"Acidente s";"175.3";"BR-116/RJ";"Pista Sul";"Colisão traseira";1;0;0;0;0;1;0;0;0;0;2;0;0;0;0
"21/07/2022";"02:20:00";"414";"Acidente c";"121.2";"BR-116/SP";"Pista Sul";"Colisão traseira";0;0;2;0;0;0;0;0;0;0;1;1;0;0;0
"21/07/2022";"02:45:00";"426";"Acidente s";"165.6";"BR-116/SP";"Pista Sul";"Abalroamento longitudinal";1;0;1;0;0;0;0;0;0;0;2;0;0;0;0
"21/07/2022";"03:32:00";"448";"Acidente s";"174.5";"BR-116/RJ";"Pista Norte";"Engavetamento";2;0;0;0;0;0;0;0;0;1;3;0;0;0;0
"21/07/2022";"03:49:00";"460";"Acidente c";"220.1";"BR-116/SP";"Pista Sul";"Abalroamento longitudinal";1;0;0;1;0;0;0;0;0;0;1;0;1;0;0
"21/07/2022";"04:11:00";"478";"Acidente s";"142.2";"BR-116/SP";"Pista Norte";"Colisão traseira";1;0;0;0;0;1;0;0;0;0;4;0;0;0;0
"21/07/2022";"04:14:00";"481";"Acidente c";"142.2";"BR-116/SP";"Pista Norte";"Engavetamento";4;0;0;0;0;0;0;0;0;0;5;1;0;0;0
"21/07/2022";"05:02:00";"511";"Acidente c";"210";"BR-116/SP";"Pista Norte";"Choque em defensa";1;0;0;0;0;0;0;0;0;0;0;1;0;0;0
"21/07/2022";"05:28:00";"520";"Acidente s";"58.5";"BR-116/SP";"Pista Norte";"Colisão traseira";1;0;0;0;0;0;0;0;0;1;6;0;0;0;0
"21/07/2022";"05:52:00";"537";"Acidente s";"223.4";"BR-116/SP";"Pista Norte";"Choque em objeto fixo";1;0;0;0;0;0;0;0;0;0;1;0;0;0;0
"21/07/2022";"06:07:00";"544";"Acidente s";"150";"BR-116/SP";"Pista Norte";"Colisão traseira";2;0;0;0;0;0;0;0;0;0;4;0;0;0;0
"21/07/2022";"06:08:00";"545";"Acidente s";"132.3";"BR-116/SP";"Pista Sul";"Colisão traseira";2;0;0;0;0;0;0;0;0;0;2;0;0;0;0
"21/07/2022";"06:30:00";"559";"Acidente s";"166.3";"BR-116/RJ";"Pista Sul";"Engavetamento";3;0;0;0;0;0;0;0;0;0;3;0;0;0;0
"21/07/2022";"06:31:00";"562";"Acidente s";"213.1";"BR-116/RJ";"Pista Sul";"Abalroamento longitudinal";1;0;1;0;0;0;0;0;0;0;2;0;0;0;0
"21/07/2022";"07:13:00";"587";"Atropelame";"148.7";"BR-116/SP";"Pista Sul";"Atropelamento de pedestre caminhando";1;0;0;0;0;0;0;0;0;0;1;0;0;0;1
"21/07/2022";"07:48:00";"603";"Acidente s";"218.5";"BR-116/SP";"Pista Norte";"Colisão traseira";2;0;0;0;0;0;0;0;0;0;2;0;0;0;0
"22/07/2022";"12:06:00";"14";"Acidente s";"219";"BR-116/SP";"Pista Sul";"Abalroamento longitudinal";1;0;1;0;0;0;0;0;0;0;2;0;0;0;0
"22/07/2022";"12:15:00";"15";"Acidente c";"168";"BR-116/SP";"Pista Sul";"Queda de moto";0;0;0;1;0;0;0;0;0;0;0;0;1;0;0
"22/07/2022";"12:50:00";"25";"Acidente c";"207";"BR-116/SP";"Pista Norte";"Choque em barreira New Jersey";2;0;0;0;0;1;0;0;0;0;1;2;0;0;0
"22/07/2022";"04:43:00";"57";"Acidente s";"275.5";"BR-116/RJ";"Pista Sul";"Choque em objeto na pista";0;0;0;0;0;0;0;0;0;1;1;0;0;0;0
"22/07/2022";"06:40:00";"93";"Acidente s";"279";"BR-116/RJ";"Pista Sul";"Choque em barreira New Jersey";1;0;0;0;0;0;0;0;0;0;1;0;0;0;0
"22/07/2022";"09:07:00";"240";"Acidente s";"107.7";"BR-116/SP";"Pista Norte";"Abalroamento longitudinal";1;0;1;0;0;0;0;0;0;0;4;0;0;0;0
"22/07/2022";"09:41:00";"271";"Acidente s";"172.9";"BR-116/SP";"Pista Norte";"Choque em objeto na pista";1;0;0;0;0;0;0;0;0;0;1;0;0;0;0
"22/07/2022";"11:11:00";"329";"Acidente s";"74.1";"BR-116/SP";"Pista Sul";"Colisão traseira";0;0;2;0;0;0;0;0;0;0;3;0;0;0;0
"22/07/2022";"12:03:00";"352";"Acidente c";"309.15";"BR-116/RJ";"Pista Norte";"Choque em veículo parado na pista";2;0;0;0;0;0;0;0;0;0;0;4;2;0;0
"22/07/2022";"12:28:00";"367";"Atropelame";"309.2";"BR-116/RJ";"Pista Sul";"Atropelamento de pedestre atravessando";1;0;0;0;0;0;0;0;0;0;1;0;0;1;0
"22/07/2022";"12:28:00";"368";"Acidente c";"229.65";"BR-116/SP";"Pista Sul";"Abalroamento longitudinal";0;0;0;2;0;0;0;0;0;0;1;1;1;0;0
"22/07/2022";"12:45:00";"374";"Atropelame";"70.6";"BR-116/SP";"Pista Sul";"Atropelamento de pedestre atravessando";0;1;0;0;0;1;0;0;0;0;1;0;0;0;1
"22/07/2022";"12:48:00";"377";"Acidente s";"108.05";"BR-116/SP";"Pista Sul";"Engavetamento";2;0;0;0;0;1;0;0;0;0;9;0;0;0;0
"22/07/2022";"01:20:00";"397";"Acidente s";"105.4";"BR-116/SP";"Pista Sul";"Colisão traseira";0;0;0;1;0;1;0;0;0;0;2;0;0;0;0
"22/07/2022";"02:26:00";"422";"Acidente s";"143";"BR-116/SP";"Pista Norte";"Engavetamento";1;0;0;0;0;3;0;0;0;0;5;0;0;0;0
"22/07/2022";"02:27:00";"425";"Acidente s";"197";"BR-116/RJ";"Pista Norte";"Choque em objeto fixo";1;0;0;0;0;0;0;0;0;0;2;0;0;0;0
"22/07/2022";"02:54:00";"444";"Acidente s";"285";"BR-116/RJ";"Pista Sul";"Engavetamento";1;0;0;0;0;0;0;0;0;2;5;0;0;0;0
"22/07/2022";"03:06:00";"453";"Acidente s";"227";"BR-116/SP";"Pista Sul";"Choque em objeto na pista";1;0;0;0;0;0;0;0;0;0;1;0;0;0;0
"22/07/2022";"03:32:00";"475";"Acidente s";"228.5";"BR-116/RJ";"Pista Norte";"Colisão traseira";1;0;0;0;0;1;0;0;0;0;2;0;0;0;0
"22/07/2022";"04:04:00";"501";"Acidente s";"289.1";"BR-116/RJ";"Pista Norte";"Colisão traseira";2;0;0;0;0;0;0;0;0;0;2;0;0;0;0
"22/07/2022";"04:31:00";"518";"Acidente s";"174.8";"BR-116/RJ";"Pista Sul";"Colisão traseira";1;0;0;0;0;1;0;0;0;0;5;0;0;0;0
"22/07/2022";"04:53:00";"532";"Acidente c";"180.8";"BR-116/SP";"Pista Sul";"Colisão traseira";1;0;1;0;0;0;0;0;0;0;4;1;0;0;0
"22/07/2022";"05:18:00";"546";"Acidente c";"101.55";"BR-116/SP";"Pista Sul";"Abalroamento longitudinal";1;0;1;1;0;0;0;0;0;0;3;1;0;0;0
"22/07/2022";"05:23:00";"549";"Acidente c";"285";"BR-116/RJ";"Pista Sul";"Engavetamento";2;0;0;0;0;4;0;0;0;0;5;1;0;0;0
"22/07/2022";"06:32:00";"587";"Acidente s";"207";"BR-116/SP";"Pista Sul";"Engavetamento";2;0;0;0;0;0;0;0;0;1;4;0;0;0;0
"22/07/2022";"06:38:00";"589";"Acidente s";"275.1";"BR-116/RJ";"Pista Norte";"Abalroamento longitudinal";1;0;1;0;0;0;0;0;0;0;2;0;0;0;0
"22/07/2022";"06:54:00";"607";"Acidente s";"148";"BR-116/SP";"Pista Norte";"Colisão traseira";1;0;0;0;0;1;0;0;0;0;2;0;0;0;0
"22/07/2022";"07:40:00";"634";"Acidente c";"226.3";"BR-116/RJ";"Pista Norte";"Capotamento";1;0;0;0;0;0;0;0;0;0;0;2;0;0;0
"22/07/2022";"07:48:00";"635";"Acidente s";"156.7";"BR-116/SP";"Pista Sul";"Abalroamento longitudinal";1;0;0;0;0;0;0;0;0;1;4;0;0;0;0
"22/07/2022";"08:43:00";"661";"Acidente s";"185";"BR-116/RJ";"Pista Norte";"Colisão traseira";2;0;0;0;0;0;0;0;0;0;2;0;0;0;0
"22/07/2022";"09:26:00";"678";"Acidente s";"213.6";"BR-116/SP";"Pista Norte";"Colisão traseira";1;0;0;0;0;1;0;0;0;0;5;0;0;0;0
"22/07/2022";"10:19:00";"698";"Acidente c";"98.7";"BR-116/SP";"Pista Sul";"Atropelamento de animal";1;0;0;0;0;0;0;0;0;0;0;2;0;0;0
"22/07/2022";"11:20:00";"716";"Acidente s";"253.65";"BR-116/RJ";"Pista Norte";"Choque em barreira New Jersey";1;0;0;0;0;0;0;0;0;0;1;0;0;0;0
"23/07/2022";"12:39:00";"24";"Atropelame";"81";"BR-116/SP";"Pista Sul";"Atropelamento de pedestre atravessando";0;0;0;0;0;1;0;0;0;0;1;0;0;1;0
"23/07/2022";"01:30:00";"33";"Acidente s";"223.7";"BR-116/SP";"Pista Norte";"Abalroamento longitudinal";1;0;1;0;0;0;0;0;0;0;5;0;0;0;0
"23/07/2022";"06:19:00";"72";"Acidente c";"174.8";"BR-116/RJ";"Pista Sul";"Choque em barreira New Jersey";1;0;0;0;0;0;0;0;0;0;0;1;0;0;0
"23/07/2022";"06:43:00";"84";"Acidente s";"281";"BR-116/RJ";"Pista Sul";"Choque em barreira New Jersey";0;0;1;0;0;0;0;0;0;0;1;0;0;0;0
"23/07/2022";"07:16:00";"101";"Acidente s";"223.3";"BR-116/RJ";"Pista Norte";"Choque em objeto fixo";0;0;1;0;0;0;0;0;0;0;1;0;0;0;0
"23/07/2022";"07:28:00";"108";"Acidente c";"147.2";"BR-116/SP";"Pista Norte";"Colisão traseira";1;0;1;0;0;0;0;0;0;0;1;1;2;0;0
"23/07/2022";"08:07:00";"136";"Acidente s";"151.55";"BR-116/SP";"Pista Norte";"Engavetamento";3;0;0;0;0;0;0;0;0;0;10;0;0;0;0
"23/07/2022";"08:35:00";"146";"Acidente s";"28.8";"BR-116/SP";"Pista Sul";"Abalroamento longitudinal";1;0;1;0;0;0;0;0;0;0;2;0;0;0;0
"23/07/2022";"08:59:00";"160";"Acidente s";"36.25";"BR-116/SP";"Pista Norte";"Abalroamento longitudinal";1;0;1;0;0;0;0;0;0;0;2;0;0;0;0
"23/07/2022";"09:51:00";"186";"Acidente s";"142.5";"BR-116/SP";"Pista Norte";"Engavetamento";3;0;0;0;0;1;0;0;0;0;4;0;0;0;0
"23/07/2022";"11:04:00";"214";"Acidente s";"145.5";"BR-116/SP";"Pista Sul";"Engavetamento";2;0;1;0;0;0;0;0;0;0;5;0;0;0;0
"23/07/2022";"11:11:00";"218";"Acidente s";"145.4";"BR-116/SP";"Pista Norte";"Abalroamento longitudinal";1;0;1;0;0;0;0;0;0;0;2;0;0;0;0
"23/07/2022";"12:24:00";"247";"Acidente c";"192.9";"BR-116/RJ";"Pista Sul";"Choque em defensa";1;0;0;0;0;0;0;0;0;0;2;1;0;0;0
"23/07/2022";"12:33:00";"250";"Acidente s";"145.3";"BR-116/SP";"Pista Sul";"Engavetamento";2;0;0;0;0;1;0;0;0;0;6;0;0;0;0
"23/07/2022";"12:52:00";"258";"Acidente c";"166.5";"BR-116/RJ";"Pista Norte";"Colisão traseira";1;0;1;0;0;0;0;0;0;0;1;1;0;0;0
"23/07/2022";"02:01:00";"293";"Acidente s";"230.4";"BR-116/SP";"Pista Sul";"Engavetamento";3;0;0;0;0;0;0;0;0;0;7;0;0;0;0
"23/07/2022";"02:02:00";"294";"Acidente s";"178";"BR-116/RJ";"Pista Norte";"Abalroamento longitudinal";1;0;0;0;0;1;0;0;0;0;2;0;0;0;0
"23/07/2022";"02:07:00";"296";"Acidente s";"22.63";"BR-116/SP";"Pista Sul";"Choque em objeto na pista";1;0;0;0;0;0;0;0;0;0;3;0;0;0;0
"23/07/2022";"02:26:00";"308";"Acidente c";"189.95";"BR-116/RJ";"Pista Sul";"Choque em barreira New Jersey";1;0;0;0;0;0;0;0;0;0;0;1;0;0;0
"23/07/2022";"02:32:00";"310";"Acidente s";"320.4";"BR-116/RJ";"Pista Sul";"Abalroamento longitudinal";0;0;2;0;0;0;0;0;0;0;2;0;0;0;0
"23/07/2022";"03:24:00";"340";"Acidente c";"317.3";"BR-116/RJ";"Pista Sul";"Abalroamento longitudinal";1;0;0;1;0;0;0;0;0;0;1;2;1;0;0
"23/07/2022";"04:10:00";"363";"Acidente c";"224.5";"BR-116/SP";"Pista Sul";"Queda de moto";0;0;0;1;0;0;0;0;0;0;0;1;0;0;0
"23/07/2022";"06:23:00";"421";"Acidente c";"209";"BR-116/RJ";"Pista Norte";"Queda de moto";0;0;0;1;0;0;0;0;0;0;0;0;1;0;0
"23/07/2022";"06:30:00";"425";"Acidente s";"230.38";"BR-116/SP";"Pista Sul";"Colisão traseira";1;0;0;0;0;0;0;0;0;1;3;0;0;0;0
"23/07/2022";"06:36:00";"428";"Acidente s";"265";"BR-116/RJ";"Pista Norte";"Choque em objeto fixo";1;0;0;0;0;0;0;0;0;0;1;0;0;0;0
"23/07/2022";"08:33:00";"477";"Atropelame";"148.6";"BR-116/SP";"Pista Sul";"Atropelamento de pedestre caminhando";2;0;0;0;0;0;0;0;0;0;8;1;0;1;0
"23/07/2022";"09:00:00";"485";"Acidente c";"141.25";"BR-116/SP";"Pista Norte";"Choque em objeto fixo";1;0;0;0;0;0;0;0;0;0;1;1;0;0;0
"23/07/2022";"09:12:00";"489";"Acidente c";"189.55";"BR-116/RJ";"Pista Sul";"Choque em defensa";1;0;0;0;0;0;0;0;0;0;0;0;2;0;0
"23/07/2022";"10:34:00";"506";"Acidente s";"139.4";"BR-116/SP";"Pista Norte";"Choque em objeto fixo";1;0;0;0;0;0;0;0;0;0;1;0;0;0;0
"23/07/2022";"11:08:00";"514";"Acidente c";"171.005";"BR-116/RJ";"Pista Norte";"Engavetamento";3;0;0;0;0;0;0;0;0;0;0;3;0;0;0
"24/07/2022";"02:17:00";"43";"Acidente s";"316.35";"BR-116/RJ";"Pista Sul";"Choque em objeto fixo";1;0;0;0;0;0;0;0;0;0;1;0;0;0;0
"24/07/2022";"03:24:00";"48";"Atropelame";"177.75";"BR-116/RJ";"Pista Sul";"Atropelamento de pedestre atravessando";1;0;0;0;0;0;0;0;0;0;1;0;0;0;1
"24/07/2022";"04:18:00";"55";"Acidente c";"216.7";"BR-116/SP";"Pista Norte";"Choque em barreira New Jersey";1;0;0;0;0;0;0;0;0;0;0;0;1;0;0
"24/07/2022";"05:38:00";"60";"Acidente s";"224.65";"BR-116/SP";"Pista Norte";"Choque em defensa";1;0;0;0;0;0;0;0;0;0;3;0;0;0;0
"24/07/2022";"05:53:00";"62";"Acidente c";"206.1";"BR-116/SP";"Pista Norte";"Choque em veículo parado na pista";2;0;0;0;0;0;0;0;0;0;1;2;0;0;0
"24/07/2022";"06:18:00";"67";"Acidente c";"222.8";"BR-116/SP";"Pista Sul";"Capotamento";1;0;0;0;0;0;0;0;0;0;0;1;0;0;0
"24/07/2022";"06:31:00";"71";"Acidente s";"38";"BR-116/SP";"Pista Sul";"Choque em objeto na pista";1;0;0;0;0;0;0;0;0;0;1;0;0;0;0
"24/07/2022";"07:40:00";"101";"Acidente s";"146.1";"BR-116/SP";"Pista Sul";"Capotamento";1;0;0;0;0;0;0;0;0;0;1;0;0;0;0
"24/07/2022";"08:25:00";"112";"Acidente s";"178";"BR-116/SP";"Pista Norte";"Choque em objeto na pista";1;0;0;0;0;0;0;0;0;0;1;0;0;0;0
"24/07/2022";"09:37:00";"152";"Acidente c";"157";"BR-116/SP";"Pista Norte";"Colisão traseira";1;0;0;1;0;0;0;0;0;0;1;1;0;0;0
"24/07/2022";"10:36:00";"172";"Acidente s";"184";"BR-116/RJ";"Pista Sul";"Capotamento";1;0;0;0;0;0;0;0;0;0;1;0;0;0;0
"24/07/2022";"11:12:00";"187";"Acidente c";"228.35";"BR-116/SP";"Pista Norte";"Engavetamento";3;0;0;0;0;1;0;0;0;0;12;1;0;0;0
"24/07/2022";"11:16:00";"189";"Acidente c";"228.2";"BR-116/RJ";"Pista Norte";"Queda de moto";0;0;0;1;0;0;0;0;0;0;0;0;0;1;0
"24/07/2022";"11:37:00";"196";"Acidente s";"50.3";"BR-116/SP";"Pista Norte";"Colisão traseira";2;0;0;0;0;0;0;0;0;0;10;0;0;0;0
"24/07/2022";"03:06:00";"291";"Acidente c";"285";"BR-116/RJ";"Pista Norte";"Engavetamento";3;0;0;0;0;0;0;0;0;0;4;2;0;0;0
"24/07/2022";"03:20:00";"304";"Acidente c";"108.9";"BR-116/SP";"Pista Sul";"Colisão traseira";1;0;0;1;0;0;0;0;0;0;1;1;0;0;0
"24/07/2022";"04:55:00";"362";"Acidente c";"76.55";"BR-116/SP";"Pista Sul";"Engavetamento";4;0;0;0;0;0;0;0;0;0;10;1;0;0;0
"24/07/2022";"05:38:00";"385";"Acidente s";"174.5";"BR-116/RJ";"Pista Norte";"Abalroamento longitudinal";1;0;0;1;0;0;0;0;0;0;2;0;0;0;0
"24/07/2022";"07:07:00";"422";"Acidente s";"229.6";"BR-116/SP";"Pista Norte";"Colisão traseira";1;0;0;0;0;1;0;0;0;0;2;0;0;0;0
"24/07/2022";"07:28:00";"437";"Acidente s";"71.5";"BR-116/SP";"Pista Norte";"Colisão frontal";2;0;0;0;0;0;0;0;0;0;3;0;0;0;0
"24/07/2022";"08:16:00";"456";"Acidente c";"214.9";"BR-116/SP";"Pista Sul";"Engavetamento";3;0;0;0;0;1;0;0;0;0;9;1;0;0;0
"24/07/2022";"08:35:00";"462";"Acidente s";"163";"BR-116/RJ";"Pista Sul";"Choque em objeto fixo";1;0;0;0;0;0;0;0;0;0;2;0;0;0;0
"24/07/2022";"08:44:00";"465";"Acidente s";"55";"BR-116/SP";"Pista Norte";"Choque em objeto fixo";1;0;0;0;0;0;0;0;0;0;1;0;0;0;0
"24/07/2022";"08:59:00";"469";"Acidente c";"53.2";"BR-116/SP";"Pista Sul";"Colisão traseira";1;0;0;1;0;0;0;0;0;0;2;1;0;0;0
"25/07/2022";"01:51:00";"29";"Acidente c";"180.8";"BR-116/SP";"Pista Norte";"Choque em barreira New Jersey";1;0;0;0;0;0;0;0;0;0;0;1;0;0;0
"25/07/2022";"06:28:00";"92";"Acidente c";"167";"BR-116/RJ";"Pista Norte";"Queda de moto";0;0;0;1;0;0;0;0;0;0;0;1;0;0;0
"25/07/2022";"07:19:00";"131";"Acidente c";"169.3";"BR-116/RJ";"Pista Norte";"Abalroamento longitudinal";1;0;0;1;0;0;0;0;0;0;1;1;0;0;0
"25/07/2022";"07:29:00";"138";"Acidente s";"146";"BR-116/SP";"Pista Sul";"Colisão traseira";2;0;0;0;0;0;0;0;0;0;2;0;0;0;0
"25/07/2022";"07:56:00";"171";"Acidente s";"135.8";"BR-116/SP";"Pista Sul";"Colisão traseira";1;0;0;0;0;1;0;0;0;0;3;0;0;0;0
"25/07/2022";"08:30:00";"204";"Acidente s";"143";"BR-116/SP";"Pista Sul";"Colisão traseira";1;0;0;0;0;0;0;0;0;0;2;0;0;0;0
"25/07/2022";"10:00:00";"277";"Acidente s";"315.9";"BR-116/RJ";"Pista Norte";"Atropelamento de animal";1;0;0;0;0;0;0;0;0;0;4;0;0;0;0
"25/07/2022";"11:25:00";"333";"Acidente s";"278.5";"BR-116/RJ";"Pista Norte";"Colisão traseira";2;0;0;0;0;0;0;0;0;0;7;0;0;0;0
"25/07/2022";"11:41:00";"340";"Acidente c";"124.15";"BR-116/SP";"Pista Norte";"Colisão traseira";2;0;1;0;0;1;0;0;0;0;7;1;0;0;0
"25/07/2022";"12:40:00";"362";"Acidente c";"210";"BR-116/SP";"Pista Norte";"Abalroamento longitudinal";1;0;0;1;0;0;0;0;0;0;1;1;0;0;0
"25/07/2022";"12:48:00";"364";"Acidente s";"175.8";"BR-116/RJ";"Pista Sul";"Colisão traseira";2;0;0;0;0;0;0;0;0;0;2;0;0;0;0
"25/07/2022";"01:39:00";"404";"Acidente s";"281.5";"BR-116/RJ";"Pista Norte";"Engavetamento";3;0;0;0;0;0;0;0;0;0;3;0;0;0;0
"25/07/2022";"02:05:00";"419";"Acidente s";"311";"BR-116/RJ";"Pista Norte";"Abalroamento longitudinal";1;0;0;0;0;1;0;0;0;0;2;0;0;0;0
"25/07/2022";"04:17:00";"487";"Acidente c";"168.5";"BR-116/RJ";"Pista Sul";"Colisão traseira";1;0;0;1;0;0;0;0;0;0;1;0;1;0;0
"25/07/2022";"05:10:00";"515";"Acidente s";"222.5";"BR-116/RJ";"Pista Sul";"Choque em defensa";0;0;1;0;0;0;0;0;0;0;1;0;0;0;0
"25/07/2022";"05:59:00";"544";"Acidente s";"142";"BR-116/SP";"Pista Norte";"Colisão traseira";2;0;0;0;0;0;0;0;0;0;2;0;0;0;0
"25/07/2022";"06:15:00";"559";"Acidente c";"210.5";"BR-116/SP";"Pista Sul";"Outros";0;0;0;0;0;0;0;0;0;0;0;0;1;0;0
"25/07/2022";"06:24:00";"566";"Acidente s";"318.9";"BR-116/RJ";"Pista Norte";"Atropelamento de animal";1;0;0;0;0;0;0;0;0;0;1;0;0;0;0
"25/07/2022";"07:01:00";"588";"Acidente s";"165.6";"BR-116/RJ";"Pista Sul";"Colisão traseira";2;0;0;0;0;0;0;0;0;0;7;0;0;0;0
"25/07/2022";"07:36:00";"603";"Acidente s";"331";"BR-116/RJ";"Pista Norte";"Choque em objeto na pista";1;0;0;0;0;0;0;0;0;0;2;0;0;0;0
"25/07/2022";"07:49:00";"605";"Acidente s";"137";"BR-116/SP";"Pista Sul";"Engavetamento";3;0;0;0;0;0;0;0;0;0;4;0;0;0;0
"25/07/2022";"08:41:00";"620";"Acidente s";"251.6";"BR-116/RJ";"Pista Norte";"Choque em barreira New Jersey";1;0;0;0;0;0;0;0;0;0;1;0;0;0;0
"26/07/2022";"12:07:00";"14";"Acidente c";"46.6";"BR-116/SP";"Pista Norte";"Colisão traseira";0;0;2;0;0;0;0;0;0;0;1;2;0;0;0
"26/07/2022";"02:00:00";"26";"Acidente s";"145.35";"BR-116/SP";"Pista Norte";"Capotamento";1;0;0;0;0;1;0;0;0;0;2;0;0;0;0
"26/07/2022";"05:20:00";"55";"Acidente c";"175.75";"BR-116/RJ";"Pista Norte";"Engavetamento";3;0;0;0;0;0;0;0;0;0;4;1;0;0;0
"26/07/2022";"06:20:00";"67";"Acidente s";"197";"BR-116/SP";"Pista Norte";"Choque em objeto na pista";1;0;0;0;0;0;0;0;0;0;1;0;0;0;0
"26/07/2022";"08:00:00";"153";"Acidente s";"107.95";"BR-116/SP";"Pista Sul";"Colisão traseira";0;0;2;0;0;0;0;0;0;0;2;0;0;0;0