data;horario;n_da_ocorrencia;tipo_de_ocorrencia;km;trecho;sentido;tipo_de_acidente;automovel;bicicleta;caminhao;moto;onibus;outros;tracao_animal;transporte_de_cargas_especiais;trator_maquinas;utilitarios;ilesos;levemente_feridos;moderadamente_feridos;gravemente_feridos;mortos
"11/08/2022";"10:39:00";"329";"Acidente s";"229.7";"BR-116/SP";"Pista Sul";"Engavetamento";1;0;2;0;0;0;0;0;0;0;3;0;0;0;0
"11/08/2022";"11:06:00";"340";"Acidente s";"210.5";"BR-116/SP";"Pista Sul";"Queda de moto";0;0;0;1;0;0;0;0;0;0;1;0;0;0;0
"11/08/2022";"11:11:00";"346";"Acidente c";"221.5";"BR-116/SP";"Pista Sul";"Colisão traseira";0;0;1;1;0;0;0;0;0;0;2;0;1;0;0
"11/08/2022";"11:34:00";"362";"Acidente s";"204.5";"BR-116/SP";"Pista Sul";"Colisão traseira";0;0;2;0;0;0;0;0;0;0;2;0;0;0;0
"11/08/2022";"11:47:00";"377";"Acidente s";"332.71";"BR-116/RJ";"Pista Sul";"Capotamento";1;0;0;0;0;0;0;0;0;0;1;0;0;0;0
"11/08/2022";"01:01:00";"424";"Acidente c";"227.2";"BR-116/RJ";"Pista Norte";"Tombamento";0;0;1;0;0;0;0;0;0;0;0;0;1;0;0
"11/08/2022";"01:57:00";"452";"Acidente s";"212.15";"BR-116/SP";"Pista Sul";"Colisão traseira";2;0;0;0;0;0;0;0;0;0;3;0;0;0;0
"11/08/2022";"03:11:00";"494";"Acidente s";"131.3";"BR-116/SP";"Pista Sul";"Colisão traseira";1;0;1;0;0;0;0;0;0;0;2;0;0;0;0
"11/08/2022";"04:18:00";"542";"Acidente s";"230.1";"BR-116/RJ";"Pista Sul";"Colisão traseira";0;0;1;0;1;0;0;0;0;0;25;0;0;0;0
"11/08/2022";"05:28:00";"585";"Acidente c";"113.2";"BR-116/SP";"Pista Sul";"Queda de moto";0;0;0;1;0;0;0;0;0;0;1;1;0;0;0
"11/08/2022";"06:32:00";"625";"Acidente c";"181.4";"BR-116/RJ";"Pista Norte";"Abalroamento longitudinal";1;0;0;1;0;0;0;0;0;0;2;1;0;0;0
"11/08/2022";"06:37:00";"628";"Acidente s";"141";"BR-116/SP";"Pista Sul";"Colisão traseira";1;0;0;0;0;1;0;0;0;0;6;0;0;0;0
"11/08/2022";"07:09:00";"643";"Acidente s";"185.6";"BR-116/RJ";"Pista Norte";"Colisão traseira";2;0;0;0;0;0;0;0;0;0;2;0;0;0;0
"11/08/2022";"07:47:00";"652";"Acidente c";"174.8";"BR-116/RJ";"Pista Sul";"Queda de moto";0;0;0;1;0;0;0;0;0;0;0;1;0;0;0
"11/08/2022";"09:45:00";"685";"Acidente s";"112.6";"BR-116/SP";"Pista Norte";"Abalroamento longitudinal";1;0;1;0;0;0;0;0;0;0;2;0;0;0;0
"12/08/2022";"02:25:00";"43";"Atropelame";"116.95";"BR-116/SP";"Pista Norte";"Atropelamento de pedestre atravessando";0;0;0;0;0;1;0;0;0;0;1;0;0;0;1
"12/08/2022";"06:31:00";"97";"Acidente c";"222.7";"BR-116/SP";"Pista Sul";"Colisão traseira";0;0;0;1;0;1;0;0;0;0;1;1;0;0;0
"12/08/2022";"08:09:00";"209";"Acidente c";"227.3";"BR-116/SP";"Pista Sul";"Abalroamento longitudinal";0;0;0;2;0;0;0;0;0;0;0;2;0;0;0
"12/08/2022";"10:34:00";"342";"Acidente s";"218.6";"BR-116/SP";"Pista Norte";"Choque em barreira New Jersey";1;0;0;0;0;0;0;0;0;0;2;0;0;0;0
"12/08/2022";"10:41:00";"348";"Acidente c";"229";"BR-116/SP";"Pista Norte";"Colisão traseira";4;0;0;0;0;2;0;0;0;0;7;1;0;0;0
"12/08/2022";"11:23:00";"381";"Acidente c";"176";"BR-116/RJ";"Pista Sul";"Colisão traseira";1;0;0;1;0;0;0;0;0;0;1;1;0;0;0
"12/08/2022";"11:31:00";"387";"Acidente s";"45";"BR-116/SP";"Pista Sul";"Choque em barreira New Jersey";0;0;1;0;0;0;0;0;0;0;1;0;0;0;0
"12/08/2022";"11:41:00";"391";"Acidente c";"238.1";"BR-116/RJ";"Pista Norte";"Choque em barreira New Jersey";1;0;0;0;0;0;0;0;0;0;4;1;0;0;0
"12/08/2022";"11:50:00";"393";"Acidente c";"229";"BR-116/SP";"Pista Sul";"Queda de moto";0;0;0;1;0;0;0;0;0;0;0;1;0;0;0
"12/08/2022";"02:28:00";"471";"Acidente s";"179";"BR-116/RJ";"Pista Norte";"Colisão traseira";0;0;2;0;0;0;0;0;0;0;2;0;0;0;0
"12/08/2022";"03:19:00";"504";"Acidente c";"146.5";"BR-116/SP";"Pista Sul";"Colisão traseira";1;0;0;1;0;0;0;0;0;0;1;1;0;0;0
"12/08/2022";"03:33:00";"511";"Acidente s";"149.1";"BR-116/SP";"Pista Norte";"Choque em objeto fixo";1;0;0;0;0;0;0;0;0;0;1;0;0;0;0
"12/08/2022";"05:34:00";"605";"Acidente c";"102";"BR-116/SP";"Pista Norte";"Queda de moto";0;0;0;1;0;0;0;0;0;0;0;1;0;0;0
"12/08/2022";"05:53:00";"623";"Acidente s";"122.3";"BR-116/SP";"Pista Norte";"Engavetamento";3;0;1;0;0;0;0;0;0;0;4;0;0;0;0
"12/08/2022";"05:54:00";"624";"Acidente c";"226";"BR-116/SP";"Pista Norte";"Abalroamento longitudinal";1;0;0;1;0;0;0;0;0;0;1;1;0;0;0
"12/08/2022";"06:11:00";"638";"Acidente c";"106.9";"BR-116/SP";"Pista Sul";"Capotamento";3;0;0;0;0;0;0;0;0;0;2;1;0;0;0
"12/08/2022";"06:21:00";"641";"Acidente s";"116.28";"BR-116/SP";"Pista Norte";"Queda de moto";0;0;0;1;0;0;0;0;0;0;1;0;0;0;0
"12/08/2022";"07:01:00";"668";"Acidente s";"267";"BR-116/RJ";"Pista Sul";"Choque em objeto na pista";1;0;0;0;0;0;0;0;0;0;3;0;0;0;0
"12/08/2022";"07:30:00";"683";"Acidente s";"320.84";"BR-116/RJ";"Pista Norte";"Choque Talude";1;0;0;0;0;0;0;0;0;0;1;0;0;0;0
"12/08/2022";"08:19:00";"711";"Acidente c";"62.3";"BR-116/SP";"Pista Sul";"Choque em barreira New Jersey";0;0;0;1;0;0;0;0;0;0;0;1;0;0;0
"12/08/2022";"08:53:00";"730";"Acidente c";"226";"BR-116/SP";"Pista Norte";"Colisão traseira";1;0;0;1;0;0;0;0;0;0;1;0;1;0;0
"12/08/2022";"09:14:00";"740";"Acidente s";"168.9";"BR-116/SP";"Pista Norte";"Colisão traseira";1;0;1;0;0;0;0;0;0;0;3;0;0;0;0
"12/08/2022";"09:58:00";"754";"Acidente s";"210.6";"BR-116/SP";"Pista Norte";"Engavetamento";2;0;0;0;0;2;0;0;0;0;4;0;0;0;0
"12/08/2022";"10:11:00";"758";"Acidente c";"178.5";"BR-116/SP";"Pista Norte";"Choque em objeto na pista";4;0;0;1;0;0;0;0;0;0;4;1;0;0;0
"12/08/2022";"10:36:00";"768";"Acidente s";"211";"BR-116/SP";"Pista Sul";"Colisão traseira";1;0;0;0;0;1;0;0;0;0;2;0;0;0;0
"12/08/2022";"11:08:00";"776";"Acidente s";"298.8";"BR-116/RJ";"Pista Norte";"Choque em objeto fixo";1;0;0;0;0;0;0;0;0;0;1;0;0;0;0
"12/08/2022";"11:37:00";"780";"Acidente s";"37.4";"BR-116/SP";"Pista Norte";"Choque em barreira New Jersey";1;0;0;0;0;0;0;0;0;0;1;0;0;0;0
"13/08/2022";"02:50:00";"48";"Acidente s";"239.8";"BR-116/RJ";"Pista Sul";"Choque em defensa";1;0;0;0;0;0;0;0;0;0;1;0;0;0;0
"13/08/2022";"04:39:00";"59";"Acidente s";"224.8";"BR-116/SP";"Pista Sul";"Choque em defensa";1;0;0;0;0;0;0;0;0;0;1;0;0;0;0
"13/08/2022";"04:56:00";"63";"Acidente c";"217.2";"BR-116/SP";"Pista Norte";"Colisão traseira";0;0;0;1;0;1;0;0;0;0;1;1;0;0;0
"13/08/2022";"06:10:00";"75";"Acidente s";"156.5";"BR-116/SP";"Pista Sul";"Tombamento";0;0;1;0;0;0;0;0;0;0;1;0;0;0;0
"13/08/2022";"06:54:00";"93";"Acidente c";"174.4";"BR-116/RJ";"Pista Sul";"Colisão traseira";1;0;0;1;0;0;0;0;0;0;2;1;0;0;0
"13/08/2022";"08:07:00";"138";"Acidente s";"38.6";"BR-116/SP";"Pista Norte";"Choque em objeto fixo";1;0;0;0;0;0;0;0;0;0;1;0;0;0;0
"13/08/2022";"08:55:00";"169";"Acidente s";"142.3";"BR-116/SP";"Pista Norte";"Engavetamento";3;0;0;0;0;0;0;0;0;0;5;0;0;0;0
"13/08/2022";"09:10:00";"179";"Acidente s";"146.65";"BR-116/SP";"Pista Norte";"Colisão traseira";1;0;0;1;0;0;0;0;0;0;2;0;0;0;0
"13/08/2022";"12:16:00";"274";"Acidente s";"23.8";"BR-116/SP";"Pista Norte";"Choque em objeto na pista";1;0;0;0;0;0;0;0;0;0;5;0;0;0;0
"13/08/2022";"02:05:00";"325";"Acidente s";"129";"BR-116/SP";"Pista Norte";"Queda de moto";0;0;0;1;0;0;0;0;0;0;1;0;0;0;0
"13/08/2022";"02:19:00";"331";"Atropelame";"69.65";"BR-116/SP";"Pista Norte";"Atropelamento de pedestre atravessando";0;0;1;0;0;0;0;0;0;0;1;0;1;0;0
"13/08/2022";"06:08:00";"432";"Acidente s";"6.6";"BR-116/SP";"Pista Norte";"Choque em objeto na pista";1;0;0;0;0;0;0;0;0;0;1;0;0;0;0
"13/08/2022";"06:29:00";"436";"Acidente c";"156";"BR-116/SP";"Pista Norte";"Colisão traseira";1;0;0;1;0;0;0;0;0;0;5;1;0;0;0
"13/08/2022";"06:53:00";"449";"Acidente s";"156.3";"BR-116/SP";"Pista Norte";"Colisão traseira";1;0;0;0;0;1;0;0;0;0;2;0;0;0;0
"13/08/2022";"08:14:00";"479";"Acidente s";"298.6";"BR-116/RJ";"Pista Sul";"Colisão traseira";0;0;2;0;0;0;0;0;0;0;2;0;0;0;0
"13/08/2022";"08:21:00";"483";"Acidente c";"167.5";"BR-116/RJ";"Pista Norte";"Engavetamento";2;0;0;0;0;1;0;0;0;0;2;2;0;0;0
"13/08/2022";"08:29:00";"488";"Acidente s";"222";"BR-116/RJ";"Pista Norte";"Choque em objeto na pista";1;0;0;0;0;0;0;0;0;0;2;0;0;0;0
"13/08/2022";"09:23:00";"499";"Acidente s";"258.6";"BR-116/RJ";"Pista Sul";"Atropelamento de animal";1;0;0;0;0;0;0;0;0;0;1;0;0;0;0
"13/08/2022";"11:26:00";"528";"Acidente c";"170.4";"BR-116/RJ";"Pista Sul";"Choque em objeto na pista";1;0;0;1;0;0;0;0;0;0;1;1;0;0;0
"13/08/2022";"11:43:00";"533";"Acidente s";"219";"BR-116/SP";"Pista Sul";"Abalroamento longitudinal";1;0;0;0;1;0;0;0;0;0;3;0;0;0;0
"14/08/2022";"01:09:00";"21";"Acidente s";"202.4";"BR-116/RJ";"Pista Sul";"Choque em defensa";1;0;0;0;0;0;0;0;0;0;1;0;0;0;0
"14/08/2022";"01:33:00";"23";"Acidente c";"174.1";"BR-116/RJ";"Pista Norte";"Atropelamento de animal";2;0;0;0;0;0;0;0;0;0;1;2;0;0;0
"14/08/2022";"02:12:00";"28";"Acidente c";"71.6";"BR-116/SP";"Pista Sul";"Colisão frontal";2;0;0;0;0;0;0;0;0;0;0;1;2;0;0
"14/08/2022";"02:15:00";"29";"Acidente s";"260.7";"BR-116/RJ";"Pista Norte";"Atropelamento de animal";3;0;0;0;1;0;0;0;0;0;43;0;0;0;0
"14/08/2022";"04:07:00";"44";"Acidente c";"146.6";"BR-116/SP";"Pista Sul";"Engavetamento";4;0;0;0;0;0;0;0;0;0;3;1;0;0;0
"14/08/2022";"04:20:00";"45";"Acidente c";"43.5";"BR-116/SP";"Pista Sul";"Colisão traseira";1;0;0;0;1;0;0;0;0;0;1;3;1;0;0
"14/08/2022";"04:32:00";"46";"Acidente c";"185";"BR-116/RJ";"Pista Sul";"Choque em defensa";3;0;0;0;0;0;0;0;0;0;7;2;0;0;0
"14/08/2022";"06:30:00";"61";"Acidente c";"228.5";"BR-116/SP";"Pista Norte";"Choque em defensa";1;0;0;0;0;0;0;0;0;0;0;1;0;0;0
"14/08/2022";"06:55:00";"65";"Acidente s";"170.4";"BR-116/SP";"Pista Sul";"Abalroamento longitudinal";1;0;1;0;0;0;0;0;0;0;2;0;0;0;0
"14/08/2022";"07:59:00";"91";"Acidente s";"166.3";"BR-116/SP";"Pista Norte";"Choque em objeto fixo";1;0;0;0;0;0;0;0;0;0;1;0;0;0;0
"14/08/2022";"08:18:00";"93";"Acidente s";"124.8";"BR-116/SP";"Pista Norte";"Choque em objeto fixo";1;0;0;0;0;0;0;0;0;0;4;0;0;0;0
"14/08/2022";"08:31:00";"100";"Acidente s";"31.7";"BR-116/SP";"Pista Norte";"Choque em barreira New Jersey";1;0;0;0;0;0;0;0;0;0;4;0;0;0;0
"14/08/2022";"10:25:00";"130";"Acidente s";"267";"BR-116/RJ";"Pista Sul";"Choque em barreira New Jersey";1;0;0;0;0;0;0;0;0;0;1;0;0;0;0
"14/08/2022";"12:31:00";"178";"Acidente s";"168.5";"BR-116/RJ";"Pista Norte";"Engavetamento";5;0;0;0;0;0;0;0;0;0;7;0;0;0;0
"14/08/2022";"12:58:00";"192";"Acidente c";"229";"BR-116/SP";"Pista Sul";"Colisão traseira";1;0;0;1;0;0;0;0;0;0;1;1;0;0;0
"14/08/2022";"01:15:00";"201";"Acidente c";"275.6";"BR-116/RJ";"Pista Sul";"Capotamento";1;0;0;0;0;0;0;0;0;0;0;1;0;0;0
"14/08/2022";"01:29:00";"207";"Acidente s";"178.9";"BR-116/RJ";"Pista Norte";"Colisão traseira";1;0;0;0;0;1;0;0;0;0;2;0;0;0;0
"14/08/2022";"04:11:00";"271";"Acidente s";"185.4";"BR-116/SP";"Pista Norte";"Choque em defensa";1;0;0;0;0;0;0;0;0;0;1;0;0;0;0
"14/08/2022";"05:15:00";"301";"Acidente s";"212.9";"BR-116/SP";"Pista Sul";"Choque em barreira New Jersey";1;0;0;0;0;0;0;0;0;0;2;0;0;0;0
"14/08/2022";"06:23:00";"339";"Atropelame";"221";"BR-116/SP";"Pista Sul";"Atropelamento de pedestre caminhando";1;0;0;0;0;0;0;0;0;0;1;0;0;1;0
"14/08/2022";"06:44:00";"350";"Acidente c";"168.6";"BR-116/RJ";"Pista Norte";"Engavetamento";1;0;0;0;0;3;0;0;0;0;7;0;1;0;0
"14/08/2022";"06:59:00";"359";"Acidente s";"216.9";"BR-116/SP";"Pista Norte";"Choque em barreira New Jersey";1;0;0;0;0;0;0;0;0;0;1;0;0;0;0
"14/08/2022";"07:49:00";"393";"Acidente c";"227.2";"BR-116/SP";"Pista Norte";"Capotamento";1;0;0;0;0;0;0;0;0;0;0;0;2;0;0
"14/08/2022";"10:00:00";"429";"Acidente s";"195";"BR-116/SP";"Pista Sul";"Engavetamento";2;0;0;0;0;1;0;0;0;0;3;0;0;0;0
"15/08/2022";"12:08:00";"16";"Acidente c";"315.2";"BR-116/RJ";"Pista Norte";"Queda de moto";0;0;0;1;0;0;0;0;0;0;0;0;1;0;0
"15/08/2022";"01:16:00";"30";"Acidente s";"136";"BR-116/SP";"Pista Sul";"Choque em objeto na pista";1;0;0;0;0;0;0;0;0;0;4;0;0;0;0
"15/08/2022";"02:14:00";"37";"Acidente c";"214.8";"BR-116/SP";"Pista Sul";"Capotamento";1;0;0;0;0;0;0;0;0;0;0;1;0;0;0
"15/08/2022";"04:40:00";"54";"Acidente s";"226.2";"BR-116/SP";"Pista Norte";"Abalroamento longitudinal";1;0;1;0;0;0;0;0;0;0;2;0;0;0;0
"15/08/2022";"06:49:00";"96";"Acidente s";"225.4";"BR-116/SP";"Pista Sul";"Engavetamento";3;0;0;0;0;0;0;0;0;0;4;0;0;0;0
"15/08/2022";"08:11:00";"202";"Acidente c";"209.3";"BR-116/SP";"Pista Sul";"Colisão traseira";1;0;0;1;0;0;0;0;0;0;1;1;0;0;0
"15/08/2022";"09:56:00";"296";"Acidente s";"180";"BR-116/RJ";"Pista Norte";"Engavetamento";1;0;0;0;0;2;0;0;0;0;3;0;0;0;0
"15/08/2022";"11:22:00";"364";"Acidente s";"134.4";"BR-116/SP";"Pista Sul";"Colisão traseira";2;0;0;0;0;0;0;0;0;0;4;0;0;0;0
"15/08/2022";"02:37:00";"486";"Acidente s";"225.7";"BR-116/SP";"Pista Sul";"Choque em objeto na pista";0;0;0;0;0;0;0;0;0;1;1;0;0;0;0
"15/08/2022";"02:53:00";"495";"Acidente c";"141.1";"BR-116/SP";"Pista Sul";"Queda de moto";0;0;0;1;0;0;0;0;0;0;0;1;0;0;0
"15/08/2022";"03:01:00";"501";"Acidente s";"224";"BR-116/SP";"Pista Sul";"Choque em objeto na pista";1;0;0;0;0;0;0;0;0;0;3;0;0;0;0
"15/08/2022";"03:16:00";"514";"Acidente c";"106.8";"BR-116/SP";"Pista Norte";"Engavetamento";3;0;0;0;0;0;0;0;0;1;3;2;0;0;0
"15/08/2022";"04:34:00";"557";"Acidente s";"174.8";"BR-116/RJ";"Pista Sul";"Colisão traseira";2;0;0;0;0;0;0;0;0;0;2;0;0;0;0
"15/08/2022";"06:23:00";"626";"Acidente c";"223.6";"BR-116/SP";"Pista Sul";"Colisão traseira";1;0;0;1;0;0;0;0;0;0;1;1;0;0;0
"15/08/2022";"07:02:00";"646";"Acidente s";"284";"BR-116/RJ";"Pista Norte";"Choque em objeto na pista";1;0;0;0;0;0;0;0;0;0;1;0;0;0;0
"15/08/2022";"07:15:00";"651";"Acidente s";"156.3";"BR-116/SP";"Pista Norte";"Engavetamento";5;0;0;0;0;0;0;0;0;0;6;0;0;0;0
"16/08/2022";"05:35:00";"74";"Acidente s";"223";"BR-116/SP";"Pista Sul";"Choque em objeto na pista";1;0;0;0;0;0;0;0;0;0;1;0;0;0;0
"16/08/2022";"06:38:00";"106";"Acidente c";"174.3";"BR-116/RJ";"Pista Norte";"Queda de moto";0;0;0;1;0;0;0;0;0;0;0;1;0;0;0
"16/08/2022";"06:56:00";"133";"Acidente s";"222.15";"BR-116/SP";"Pista Norte";"Engavetamento";3;0;0;0;0;0;0;0;0;0;3;0;0;0;0
"16/08/2022";"07:38:00";"193";"Acidente s";"213.1";"BR-116/SP";"Pista Sul";"Abalroamento longitudinal";1;0;1;0;0;0;0;0;0;0;2;0;0;0;0
"16/08/2022";"07:53:00";"207";"Acidente s";"206.1";"BR-116/SP";"Pista Sul";"Colisão traseira";0;0;2;0;0;0;0;0;0;0;8;0;0;0;0
"16/08/2022";"08:40:00";"260";"Acidente s";"46.6";"BR-116/SP";"Pista Norte";"Abalroamento longitudinal";1;0;1;0;0;0;0;0;0;0;2;0;0;0;0
"16/08/2022";"11:36:00";"398";"Acidente s";"179.6";"BR-116/RJ";"Pista Norte";"Colisão traseira";1;0;0;0;0;1;0;0;0;0;2;0;0;0;0
"16/08/2022";"11:38:00";"400";"Acidente s";"89.4";"BR-116/SP";"Pista Sul";"Colisão traseira";1;0;0;0;0;1;0;0;0;0;2;0;0;0;0
"16/08/2022";"03:01:00";"521";"Acidente c";"168.6";"BR-116/RJ";"Pista Sul";"Queda de moto";0;0;0;1;0;0;0;0;0;0;0;0;1;0;0
"16/08/2022";"03:18:00";"538";"Acidente c";"217.2";"BR-116/SP";"Pista Norte";"Abalroamento longitudinal";0;0;1;1;0;0;0;0;0;0;1;1;0;0;0
"16/08/2022";"06:29:00";"642";"Acidente c";"108.8";"BR-116/SP";"Pista Sul";"Colisão traseira";2;0;0;0;0;0;0;0;0;0;1;1;0;0;0
"16/08/2022";"06:37:00";"649";"Acidente s";"218";"BR-116/SP";"Pista Sul";"Colisão traseira";2;0;0;0;0;0;0;0;0;0;2;0;0;0;0
"16/08/2022";"07:11:00";"662";"Acidente s";"155.7";"BR-116/SP";"Pista Norte";"Colisão traseira";1;0;0;0;0;0;0;0;0;1;5;0;0;0;0
"16/08/2022";"07:45:00";"687";"Acidente c";"199.3";"BR-116/SP";"Pista Norte";"Capotamento";1;0;0;0;0;0;0;0;0;0;0;2;0;0;0
"16/08/2022";"09:43:00";"724";"Acidente s";"205.6";"BR-116/RJ";"Pista Norte";"Atropelamento de animal";1;0;0;0;0;0;0;0;0;0;2;0;0;0;0
"16/08/2022";"11:23:00";"744";"Atropelame";"172.6";"BR-116/RJ";"Pista Norte";"Atropelamento de pedestre caminhando";0;0;0;0;0;1;0;0;0;0;1;0;1;0;0
"17/08/2022";"06:00:00";"85";"Acidente s";"306.7";"BR-116/RJ";"Pista Norte";"Choque em barreira New Jersey";1;0;0;0;0;0;0;0;0;0;1;0;0;0;0
"17/08/2022";"07:22:00";"171";"Acidente c";"156.8";"BR-116/SP";"Pista Norte";"Abalroamento longitudinal";1;0;1;0;0;0;0;0;0;0;1;1;0;0;0
"17/08/2022";"11:27:00";"406";"Acidente c";"182.8";"BR-116/RJ";"Pista Norte";"Queda de moto";0;0;0;1;0;0;0;0;0;0;0;1;0;0;0
"17/08/2022";"11:33:00";"415";"Acidente c";"170.45";"BR-116/RJ";"Pista Sul";"Abalroamento longitudinal";2;0;0;0;0;0;0;0;0;0;2;4;0;0;0
"17/08/2022";"01:53:00";"480";"Acidente s";"165.8";"BR-116/SP";"Pista Norte";"Colisão traseira";1;0;0;0;0;1;0;0;0;0;2;0;0;0;0
"17/08/2022";"02:40:00";"504";"Acidente c";"172";"BR-116/RJ";"Pista Sul";"Engavetamento";3;0;0;0;0;0;0;0;0;0;1;2;0;0;0
"17/08/2022";"05:52:00";"627";"Acidente s";"149.3";"BR-116/SP";"Pista Sul";"Engavetamento";3;0;0;0;0;0;0;0;0;0;8;0;0;0;0
"17/08/2022";"06:26:00";"652";"Acidente s";"94.2";"BR-116/SP";"Pista Sul";"Choque em objeto na pista";1;0;0;0;0;0;0;0;0;0;1;0;0;0;0
"18/08/2022";"12:45:00";"25";"Acidente c";"217.3";"BR-116/SP";"Pista Norte";"Abalroamento longitudinal";2;0;0;0;0;0;0;0;0;0;0;3;0;0;0
"18/08/2022";"03:32:00";"54";"Acidente s";"60.15";"BR-116/SP";"Pista Norte";"Choque em defensa";0;0;1;0;0;0;0;0;0;0;1;0;0;0;0
"18/08/2022";"07:08:00";"142";"Acidente c";"230.6";"BR-116/SP";"Pista Sul";"Engavetamento";1;0;0;3;0;0;0;0;0;0;1;3;0;0;0
"18/08/2022";"07:10:00";"146";"Acidente s";"265.55";"BR-116/RJ";"Pista Norte";"Abalroamento longitudinal";1;0;1;0;0;0;0;0;0;0;3;0;0;0;0
"18/08/2022";"09:22:00";"292";"Acidente c";"170";"BR-116/RJ";"Pista Norte";"Abalroamento longitudinal";1;0;0;1;0;0;0;0;0;0;1;0;1;0;0
"18/08/2022";"10:04:00";"332";"Acidente s";"137";"BR-116/SP";"Pista Norte";"Colisão traseira";1;0;0;0;0;0;0;0;0;1;3;0;0;0;0
"18/08/2022";"10:34:00";"359";"Acidente s";"53.6";"BR-116/SP";"Pista Sul";"Abalroamento longitudinal";0;0;2;0;0;0;0;0;0;0;2;0;0;0;0
"18/08/2022";"10:59:00";"383";"Acidente c";"228";"BR-116/SP";"Pista Sul";"Colisão traseira";1;0;0;1;0;0;0;0;0;0;1;1;0;0;0
"18/08/2022";"11:46:00";"413";"Acidente c";"201.1";"BR-116/SP";"Pista Norte";"Queda de moto";0;0;0;1;0;0;0;0;0;0;0;2;0;0;0
"18/08/2022";"12:20:00";"431";"Acidente s";"149.8";"BR-116/SP";"Pista Sul";"Engavetamento";3;0;0;0;0;0;0;0;0;0;6;0;0;0;0
"18/08/2022";"12:46:00";"445";"Acidente c";"149.4";"BR-116/SP";"Pista Norte";"Abalroamento longitudinal";1;1;0;0;0;0;0;0;0;0;1;0;0;1;0
"18/08/2022";"01:16:00";"454";"Acidente c";"188.65";"BR-116/RJ";"Pista Sul";"Choque em objeto fixo";1;0;0;0;0;0;0;0;0;0;0;1;0;0;0
"18/08/2022";"01:48:00";"474";"Acidente c";"213.1";"BR-116/SP";"Pista Norte";"Colisão traseira";1;0;0;1;0;1;0;0;0;0;0;2;1;0;0
"18/08/2022";"02:10:00";"486";"Acidente s";"166";"BR-116/RJ";"Pista Norte";"Abalroamento longitudinal";1;0;0;1;0;0;0;0;0;0;2;0;0;0;0
"18/08/2022";"03:50:00";"546";"Acidente s";"199.1";"BR-116/RJ";"Pista Norte";"Colisão traseira";2;0;0;0;0;0;0;0;0;0;2;0;0;0;0
"18/08/2022";"05:01:00";"580";"Acidente s";"158";"BR-116/SP";"Pista Norte";"Colisão traseira";1;0;1;0;0;0;0;0;0;0;2;0;0;0;0
"18/08/2022";"06:03:00";"619";"Acidente c";"208";"BR-116/SP";"Pista Norte";"Abalroamento longitudinal";0;0;1;1;0;0;0;0;0;0;1;0;1;0;0
"18/08/2022";"06:55:00";"653";"Acidente s";"195";"BR-116/RJ";"Pista Norte";"Atropelamento de animal";1;0;1;0;0;0;0;0;0;0;2;0;0;0;0
"18/08/2022";"07:35:00";"672";"Acidente s";"100";"BR-116/SP";"Pista Norte";"Queda de moto";0;0;0;1;0;0;0;0;0;0;1;0;0;0;0
"18/08/2022";"08:10:00";"690";"Acidente c";"30.5";"BR-116/SP";"Pista Sul";"Colisão traseira";1;0;1;0;0;0;0;0;0;0;1;1;0;0;0
"18/08/2022";"08:49:00";"708";"Acidente c";"146.4";"BR-116/SP";"Pista Norte";"Engavetamento";4;0;0;0;0;0;0;0;0;0;7;2;0;0;0
"18/08/2022";"09:30:00";"720";"Acidente c";"84.9";"BR-116/SP";"Pista Sul";"Queda de moto";0;0;0;1;0;0;0;0;0;0;0;1;0;0;0
"18/08/2022";"11:03:00";"745";"Acidente c";"293.15";"BR-116/RJ";"Pista Norte";"Colisão traseira";0;0;1;0;1;0;0;0;0;0;1;26;6;1;0
"18/08/2022";"11:51:00";"757";"Acidente c";"294.2";"BR-116/RJ";"Pista Norte";"Colisão traseira";1;0;1;0;0;0;0;0;0;0;1;2;1;0;0
"19/08/2022";"03:19:00";"41";"Acidente s";"199";"BR-116/SP";"Pista Sul";"Abalroamento longitudinal";1;0;1;0;0;0;0;0;0;0;2;0;0;0;0
"19/08/2022";"03:39:00";"44";"Acidente c";"216";"BR-116/SP";"Pista Sul";"Colisão traseira";0;0;0;1;0;1;0;0;0;0;1;1;0;0;0
"19/08/2022";"05:48:00";"72";"Acidente c";"5.3";"BR-116/SP";"Pista Norte";"Tombamento";0;0;1;0;0;0;0;0;0;0;1;1;0;0;0
"19/08/2022";"07:07:00";"125";"Acidente s";"200.4";"BR-116/SP";"Pista Norte";"Choque em objeto na pista";0;0;1;0;0;0;0;0;0;0;1;0;0;0;0
"19/08/2022";"07:48:00";"184";"Acidente s";"170.7";"BR-116/RJ";"Pista Norte";"Colisão traseira";1;0;0;1;0;0;0;0;0;0;3;0;0;0;0
"19/08/2022";"07:53:00";"189";"Acidente c";"288.1";"BR-116/RJ";"Pista Sul";"Capotamento";1;0;0;0;0;0;0;0;0;0;0;1;0;0;0
"19/08/2022";"09:39:00";"298";"Acidente s";"20";"BR-116/SP";"Pista Norte";"Choque em barreira New Jersey";1;0;0;0;0;0;0;0;0;0;1;0;0;0;0
"19/08/2022";"10:11:00";"319";"Acidente c";"318.3";"BR-116/RJ";"Pista Norte";"Choque em barreira New Jersey";1;0;0;0;0;0;0;0;0;0;0;2;0;0;0
"19/08/2022";"10:56:00";"343";"Acidente s";"218";"BR-116/SP";"Pista Sul";"Engavetamento";2;0;1;0;0;0;0;0;0;0;3;0;0;0;0