data;horario;n_da_ocorrencia;tipo_de_ocorrencia;km;trecho;sentido;tipo_de_acidente;automovel;bicicleta;caminhao;moto;onibus;outros;tracao_animal;transporte_de_cargas_especiais;trator_maquinas;utilitarios;ilesos;levemente_feridos;moderadamente_feridos;gravemente_feridos;mortos
"26/08/2022";"09:12:00";"657";"Acidente s";"206.7";"BR-116/SP";"Pista Sul";"Choque em objeto na pista";1;0;1;0;0;0;0;0;0;0;2;0;0;0;0
"26/08/2022";"09:20:00";"659";"Acidente s";"225.5";"BR-116/SP";"Pista Sul";"Engavetamento";2;0;1;0;0;0;0;0;0;0;3;0;0;0;0
"26/08/2022";"10:28:00";"680";"Acidente c";"269.2";"BR-116/RJ";"Pista Sul";"Abalroamento longitudinal";1;0;0;1;0;0;0;0;0;0;1;1;0;0;0
"27/08/2022";"01:30:00";"38";"Acidente c";"6";"BR-116/SP";"Pista Sul";"Capotamento";1;0;0;0;0;0;0;0;0;0;0;0;1;0;0
"27/08/2022";"03:20:00";"54";"Acidente c";"56.4";"BR-116/SP";"Pista Norte";"Abalroamento longitudinal";1;0;0;0;0;0;0;0;0;1;1;0;0;0;1
"27/08/2022";"03:54:00";"60";"Acidente s";"285.69";"BR-116/RJ";"Pista Norte";"Choque em objeto na pista";0;0;0;0;0;0;0;0;0;1;1;0;0;0;0
"27/08/2022";"04:09:00";"63";"Acidente s";"59";"BR-116/SP";"Pista Sul";"Colisão traseira";2;0;0;0;0;0;0;0;0;0;2;0;0;0;0
"27/08/2022";"05:28:00";"77";"Acidente s";"270";"BR-116/RJ";"Pista Sul";"Choque em objeto fixo";1;0;0;0;0;0;0;0;0;0;1;0;0;0;0
"27/08/2022";"06:21:00";"93";"Acidente c";"186.4";"BR-116/RJ";"Pista Sul";"Colisão traseira";2;0;0;0;0;0;0;0;0;0;3;1;0;0;0
"27/08/2022";"08:28:00";"180";"Acidente s";"83.75";"BR-116/SP";"Pista Norte";"Colisão traseira";2;0;0;0;0;0;0;0;0;0;6;0;0;0;0
"27/08/2022";"08:36:00";"183";"Acidente c";"83.32";"BR-116/SP";"Pista Norte";"Engavetamento";2;0;0;0;0;1;0;0;0;0;9;2;0;0;0
"27/08/2022";"09:35:00";"223";"Acidente s";"84.8";"BR-116/SP";"Pista Norte";"Engavetamento";3;0;0;0;0;0;0;0;0;0;8;0;0;0;0
"27/08/2022";"10:40:00";"249";"Acidente c";"201.35";"BR-116/SP";"Pista Norte";"Queda de moto";0;0;0;1;0;0;0;0;0;0;0;2;0;0;0
"27/08/2022";"01:50:00";"347";"Acidente s";"168.4";"BR-116/RJ";"Pista Norte";"Engavetamento";5;0;0;0;0;0;0;0;0;0;7;0;0;0;0
"27/08/2022";"03:51:00";"412";"Acidente c";"75.31";"BR-116/SP";"Pista Norte";"Choque em objeto fixo";1;0;0;0;0;0;0;0;0;0;1;1;0;0;0
"27/08/2022";"06:42:00";"489";"Acidente s";"35";"BR-116/SP";"Pista Sul";"Choque em objeto na pista";1;0;0;0;0;0;0;0;0;0;2;0;0;0;0
"27/08/2022";"09:06:00";"543";"Acidente s";"64.2";"BR-116/SP";"Pista Sul";"Choque em objeto na pista";1;0;0;0;0;0;0;0;0;0;4;0;0;0;0
"27/08/2022";"09:41:00";"553";"Acidente c";"206.8";"BR-116/SP";"Pista Sul";"Queda de moto";0;0;0;1;0;0;0;0;0;0;0;1;0;0;0
"27/08/2022";"09:57:00";"557";"Acidente c";"222";"BR-116/SP";"Pista Norte";"Capotamento";1;0;0;0;0;0;0;0;0;0;0;1;1;0;0
"27/08/2022";"10:01:00";"558";"Acidente c";"115.6";"BR-116/SP";"Pista Sul";"Choque em barreira New Jersey";1;0;0;0;0;0;0;0;0;0;0;1;0;0;0
"27/08/2022";"11:35:00";"579";"Atropelame";"183.5";"BR-116/RJ";"Pista Sul";"Atropelamento de pedestre atravessando";1;1;0;0;0;0;0;0;0;0;1;0;0;1;0
"28/08/2022";"01:28:00";"21";"Acidente c";"139.7";"BR-116/SP";"Pista Sul";"Colisão traseira";1;0;0;0;0;2;0;0;0;0;3;1;0;0;0
"28/08/2022";"02:47:00";"36";"Acidente c";"106.1";"BR-116/SP";"Pista Sul";"Colisão traseira";1;0;0;1;0;0;0;0;0;0;3;1;1;0;0
"28/08/2022";"07:22:00";"80";"Acidente c";"204.5";"BR-116/SP";"Pista Norte";"Queda de moto";0;0;0;1;0;0;0;0;0;0;0;2;0;0;0
"28/08/2022";"11:18:00";"172";"Acidente s";"92.3";"BR-116/SP";"Pista Sul";"Choque em objeto fixo";1;0;0;0;0;0;0;0;0;0;3;0;0;0;0
"28/08/2022";"11:20:00";"174";"Acidente s";"128.35";"BR-116/SP";"Pista Sul";"Choque em barreira New Jersey";1;0;1;0;0;0;0;0;0;0;5;0;0;0;0
"28/08/2022";"01:57:00";"232";"Acidente s";"228.8";"BR-116/SP";"Pista Norte";"Colisão traseira";2;0;0;0;0;0;0;0;0;0;2;0;0;0;0
"28/08/2022";"03:03:00";"264";"Acidente c";"219";"BR-116/SP";"Pista Norte";"Abalroamento longitudinal";1;0;0;1;0;0;0;0;0;0;3;1;0;0;0
"28/08/2022";"03:10:00";"269";"Acidente s";"321.13";"BR-116/RJ";"Pista Sul";"Choque em barreira New Jersey";1;0;0;0;0;0;0;0;0;0;1;0;0;0;0
"28/08/2022";"04:23:00";"305";"Acidente s";"287.3";"BR-116/RJ";"Pista Norte";"Colisão traseira";2;0;0;0;0;0;0;0;0;0;2;0;0;0;0
"28/08/2022";"04:53:00";"328";"Acidente s";"286.7";"BR-116/RJ";"Pista Norte";"Engavetamento";3;0;0;0;0;0;0;0;0;0;4;0;0;0;0
"28/08/2022";"05:03:00";"333";"Acidente c";"189.5";"BR-116/SP";"Pista Sul";"Colisão traseira";1;0;0;0;1;0;0;0;0;0;34;2;0;0;0
"28/08/2022";"05:48:00";"360";"Acidente s";"155.3";"BR-116/SP";"Pista Sul";"Abalroamento longitudinal";1;0;1;0;0;0;0;0;0;0;2;0;0;0;0
"28/08/2022";"06:46:00";"391";"Acidente s";"156.2";"BR-116/SP";"Pista Sul";"Engavetamento";1;0;0;0;0;2;0;0;0;0;6;0;0;0;0
"28/08/2022";"08:11:00";"424";"Acidente c";"179.9";"BR-116/RJ";"Pista Norte";"Queda de moto";0;0;0;1;0;0;0;0;0;0;0;0;1;0;0
"28/08/2022";"08:58:00";"437";"Acidente s";"206.5";"BR-116/SP";"Pista Sul";"Engavetamento";3;0;0;0;0;0;0;0;0;0;7;0;0;0;0
"28/08/2022";"11:04:00";"478";"Acidente c";"178.1";"BR-116/RJ";"Pista Norte";"Queda de moto";0;0;0;1;0;0;0;0;0;0;0;1;0;0;0
"29/08/2022";"01:23:00";"27";"Acidente s";"65.9";"BR-116/SP";"Pista Sul";"Choque em barreira New Jersey";1;0;0;0;0;0;0;0;0;0;1;0;0;0;0
"29/08/2022";"01:30:00";"28";"Acidente c";"100.5";"BR-116/SP";"Pista Sul";"Colisão traseira";1;0;1;0;0;0;0;0;0;0;2;2;0;0;0
"29/08/2022";"02:11:00";"41";"Acidente c";"207";"BR-116/RJ";"Pista Norte";"Queda de moto";0;0;0;1;0;0;0;0;0;0;1;0;1;0;0
"29/08/2022";"03:09:00";"49";"Acidente s";"198.5";"BR-116/RJ";"Pista Norte";"Choque em barreira New Jersey";1;0;0;0;0;0;0;0;0;0;1;0;0;0;0
"29/08/2022";"05:03:00";"75";"Acidente s";"196.8";"BR-116/RJ";"Pista Sul";"Capotamento";1;0;0;0;0;0;0;0;0;0;1;0;0;0;0
"29/08/2022";"06:20:00";"94";"Acidente c";"175.7";"BR-116/RJ";"Pista Norte";"Queda de Carga";0;0;0;1;0;0;0;0;0;0;0;1;0;0;0
"29/08/2022";"06:33:00";"100";"Acidente s";"229.8";"BR-116/RJ";"Pista Norte";"Colisão traseira";0;0;2;0;0;0;0;0;0;0;2;0;0;0;0
"29/08/2022";"07:59:00";"202";"Acidente s";"223.3";"BR-116/RJ";"Pista Norte";"Choque Talude";0;0;1;0;0;1;0;0;0;0;2;0;0;0;0
"29/08/2022";"10:55:00";"374";"Acidente s";"119.6";"BR-116/SP";"Pista Norte";"Colisão traseira";2;0;0;0;0;1;0;0;0;0;3;0;0;0;0
"29/08/2022";"04:40:00";"557";"Acidente s";"228.9";"BR-116/SP";"Pista Sul";"Colisão traseira";0;0;1;0;0;1;0;0;0;0;2;0;0;0;0
"29/08/2022";"06:01:00";"594";"Acidente c";"138";"BR-116/SP";"Pista Sul";"Queda de moto";0;0;0;1;0;0;0;0;0;0;0;0;1;0;0
"29/08/2022";"06:11:00";"603";"Acidente s";"320";"BR-116/RJ";"Pista Sul";"Choque em objeto na pista";0;0;0;1;0;0;0;0;0;0;1;0;0;0;0
"29/08/2022";"06:47:00";"625";"Acidente c";"218.1";"BR-116/SP";"Pista Sul";"Abalroamento longitudinal";1;0;0;1;0;0;0;0;0;0;1;1;0;0;0
"29/08/2022";"07:06:00";"637";"Acidente c";"139.7";"BR-116/SP";"Pista Norte";"Colisão traseira";1;0;0;1;0;0;0;0;0;0;1;1;0;1;0
"29/08/2022";"07:08:00";"638";"Acidente c";"167.8";"BR-116/RJ";"Pista Norte";"Colisão traseira";0;0;0;1;0;1;0;0;0;0;1;1;0;0;0
"29/08/2022";"07:55:00";"656";"Acidente s";"145";"BR-116/SP";"Pista Norte";"Abalroamento longitudinal";0;0;0;1;0;1;0;0;0;0;2;0;0;0;0
"29/08/2022";"08:07:00";"662";"Acidente s";"145.3";"BR-116/SP";"Pista Norte";"Engavetamento";2;0;1;0;0;0;0;0;0;0;5;0;0;0;0
"29/08/2022";"08:38:00";"672";"Acidente s";"193.3";"BR-116/RJ";"Pista Norte";"Choque em objeto na pista";1;0;0;0;0;0;0;0;0;0;1;0;0;0;0
"29/08/2022";"08:44:00";"675";"Acidente c";"184.4";"BR-116/RJ";"Pista Sul";"Queda de moto";0;0;0;0;0;1;0;0;0;0;1;0;0;0;1
"30/08/2022";"12:49:00";"25";"Acidente s";"225";"BR-116/SP";"Pista Sul";"Choque em objeto na pista";1;0;0;0;0;0;0;0;0;0;3;0;0;0;0
"30/08/2022";"02:53:00";"40";"Acidente c";"195.4";"BR-116/RJ";"Pista Sul";"Atropelamento de animal";1;0;0;0;0;0;0;0;0;0;3;1;0;0;0
"30/08/2022";"06:16:00";"78";"Acidente s";"60";"BR-116/SP";"Pista Sul";"Abalroamento longitudinal";0;0;2;0;0;0;0;0;0;0;2;0;0;0;0
"30/08/2022";"06:22:00";"84";"Atropelame";"220.7";"BR-116/SP";"Pista Norte";"Atropelamento de pedestre caminhando";0;0;0;0;1;0;0;0;0;0;2;1;0;0;0
"30/08/2022";"06:28:00";"86";"Acidente c";"179.6";"BR-116/RJ";"Pista Norte";"Queda de Carga";0;0;0;1;0;0;0;0;0;0;0;1;0;0;0
"30/08/2022";"06:52:00";"109";"Acidente c";"166.5";"BR-116/RJ";"Pista Norte";"Queda de moto";0;0;0;1;0;0;0;0;0;0;0;2;0;0;0
"30/08/2022";"07:01:00";"121";"Acidente c";"219.3";"BR-116/SP";"Pista Sul";"Abalroamento longitudinal";0;0;1;1;0;0;0;0;0;0;2;2;0;0;0
"30/08/2022";"08:52:00";"252";"Acidente s";"136.9";"BR-116/SP";"Pista Sul";"Colisão traseira";2;0;0;0;0;0;0;0;0;0;4;0;0;0;0
"30/08/2022";"08:57:00";"261";"Acidente s";"224.1";"BR-116/RJ";"Pista Norte";"Abalroamento longitudinal";1;0;1;0;0;0;0;0;0;0;2;0;0;0;0
"30/08/2022";"09:03:00";"267";"Acidente s";"228.2";"BR-116/RJ";"Pista Norte";"Choque em barreira New Jersey";1;0;0;0;0;0;0;0;0;0;1;0;0;0;0
"30/08/2022";"09:53:00";"308";"Acidente c";"181.75";"BR-116/RJ";"Pista Norte";"Engavetamento";3;0;0;0;0;0;0;0;0;1;6;4;1;0;0
"30/08/2022";"10:18:00";"327";"Acidente c";"219.2";"BR-116/SP";"Pista Norte";"Queda de moto";0;0;0;1;0;0;0;0;0;0;0;2;0;0;0
"30/08/2022";"10:32:00";"337";"Acidente s";"251.9";"BR-116/RJ";"Pista Norte";"Choque em barreira New Jersey";0;0;0;0;0;0;0;0;0;1;1;0;0;0;0
"30/08/2022";"10:41:00";"343";"Acidente s";"128.6";"BR-116/SP";"Pista Norte";"Engavetamento";0;0;0;0;1;0;0;0;0;2;18;0;0;0;0
"30/08/2022";"10:53:00";"355";"Acidente c";"268.9";"BR-116/RJ";"Pista Sul";"Queda de moto";0;0;0;1;0;0;0;0;0;0;0;1;0;0;0
"30/08/2022";"11:04:00";"360";"Acidente s";"260.85";"BR-116/RJ";"Pista Norte";"Colisão traseira";0;0;2;0;0;0;0;0;0;0;2;0;0;0;0
"30/08/2022";"01:17:00";"419";"Acidente s";"204.5";"BR-116/SP";"Pista Norte";"Colisão traseira";1;0;1;0;0;0;0;0;0;0;2;0;0;0;0
"30/08/2022";"04:07:00";"502";"Acidente s";"221.8";"BR-116/RJ";"Pista Norte";"Abalroamento longitudinal";1;0;0;0;0;1;0;0;0;0;2;0;0;0;0
"30/08/2022";"04:50:00";"527";"Acidente c";"33.6";"BR-116/SP";"Pista Norte";"Abalroamento longitudinal";1;0;1;0;0;0;0;0;0;0;1;1;0;0;0
"30/08/2022";"05:45:00";"546";"Acidente c";"170.3";"BR-116/RJ";"Pista Sul";"Queda de moto";0;0;0;1;0;1;0;0;0;0;1;1;0;0;0
"30/08/2022";"05:48:00";"548";"Acidente c";"227";"BR-116/SP";"Pista Sul";"Abalroamento longitudinal";0;0;0;2;0;0;0;0;0;0;0;2;0;0;0
"30/08/2022";"06:09:00";"565";"Acidente s";"240.2";"BR-116/RJ";"Pista Sul";"Colisão traseira";1;0;0;0;0;0;0;0;0;1;5;0;0;0;0
"30/08/2022";"07:24:00";"593";"Acidente c";"109.89";"BR-116/SP";"Pista Sul";"Abalroamento longitudinal";1;0;0;0;0;1;0;0;0;0;1;1;0;0;0
"30/08/2022";"08:19:00";"612";"Acidente s";"260";"BR-116/RJ";"Pista Sul";"Outros";1;0;0;0;0;1;0;0;0;0;5;0;0;0;0
"30/08/2022";"08:28:00";"616";"Acidente s";"103.85";"BR-116/SP";"Pista Sul";"Abalroamento longitudinal";1;0;0;0;0;1;0;0;0;0;2;0;0;0;0
"30/08/2022";"10:32:00";"637";"Acidente c";"46.6";"BR-116/SP";"Pista Sul";"Atropelamento de animal";1;0;1;0;0;0;0;0;0;0;1;0;1;0;0
"31/08/2022";"03:53:00";"69";"Acidente c";"190";"BR-116/RJ";"Pista Norte";"Colisão traseira";1;0;1;0;0;0;0;0;0;0;1;2;0;0;0
"31/08/2022";"07:10:00";"153";"Acidente c";"179.8";"BR-116/RJ";"Pista Norte";"Abalroamento longitudinal";0;0;0;1;0;1;0;0;0;0;1;1;0;0;0
"31/08/2022";"07:25:00";"186";"Acidente s";"63.95";"BR-116/SP";"Pista Sul";"Outros";1;0;0;0;0;0;0;0;0;0;1;0;0;0;0
"31/08/2022";"08:06:00";"231";"Acidente s";"148";"BR-116/SP";"Pista Norte";"Colisão traseira";1;0;1;0;0;0;0;0;0;1;3;0;0;0;0
"31/08/2022";"08:48:00";"276";"Acidente s";"212";"BR-116/SP";"Pista Sul";"Engavetamento";3;0;0;0;0;0;0;0;0;0;4;0;0;0;0
"31/08/2022";"12:37:00";"414";"Acidente s";"178";"BR-116/RJ";"Pista Norte";"Colisão traseira";1;0;0;0;0;1;0;0;0;0;3;0;0;0;0
"31/08/2022";"01:44:00";"449";"Acidente s";"142.9";"BR-116/SP";"Pista Sul";"Colisão traseira";1;0;1;0;0;0;0;0;0;0;2;0;0;0;0
"31/08/2022";"03:17:00";"492";"Acidente s";"169";"BR-116/RJ";"Pista Norte";"Engavetamento";4;0;0;0;0;0;0;0;0;0;4;0;0;0;0
"31/08/2022";"07:50:00";"647";"Acidente c";"175.2";"BR-116/RJ";"Pista Sul";"Abalroamento longitudinal";1;0;0;1;1;0;0;0;0;0;2;2;0;0;0
"31/08/2022";"08:26:00";"662";"Acidente s";"30.9";"BR-116/SP";"Pista Sul";"Colisão traseira";0;0;2;0;0;0;0;0;0;0;2;0;0;0;0
"31/08/2022";"09:04:00";"679";"Acidente c";"255.9";"BR-116/RJ";"Pista Norte";"Colisão traseira";2;0;0;0;0;0;0;0;0;0;0;2;2;0;0
"31/08/2022";"10:54:00";"717";"Atropelame";"152.5";"BR-116/SP";"Pista Sul";"Atropelamento de pedestre atravessando";0;0;0;0;0;0;0;0;0;1;3;0;1;0;0
"01/09/2022";"03:23:00";"55";"Acidente c";"168.5";"BR-116/RJ";"Pista Sul";"Capotamento";1;0;0;0;0;0;0;0;0;0;0;0;1;0;0
"01/09/2022";"04:33:00";"71";"Acidente s";"209.5";"BR-116/SP";"Pista Norte";"Choque em objeto fixo";1;0;0;0;0;1;0;0;0;0;2;0;0;0;0
"01/09/2022";"05:44:00";"84";"Acidente s";"286.4";"BR-116/RJ";"Pista Sul";"Choque em barreira New Jersey";1;0;0;0;0;0;0;0;0;0;1;0;0;0;0
"01/09/2022";"06:49:00";"119";"Acidente c";"209.9";"BR-116/SP";"Pista Sul";"Colisão traseira";0;0;0;1;0;0;0;0;0;1;1;1;0;0;0
"01/09/2022";"07:05:00";"136";"Acidente s";"144";"BR-116/SP";"Pista Sul";"Abalroamento longitudinal";0;0;1;0;0;1;0;0;0;0;2;0;0;0;0
"01/09/2022";"07:25:00";"177";"Acidente c";"228.2";"BR-116/SP";"Pista Sul";"Colisão traseira";1;0;0;1;0;0;0;0;0;0;1;1;0;0;0
"01/09/2022";"08:03:00";"223";"Acidente s";"154.2";"BR-116/SP";"Pista Norte";"Colisão traseira";2;0;0;0;0;0;0;0;0;0;3;0;0;0;0
"01/09/2022";"08:03:00";"225";"Acidente c";"156.2";"BR-116/SP";"Pista Norte";"Colisão traseira";2;0;0;1;0;0;0;0;0;0;4;1;0;0;0
"01/09/2022";"08:41:00";"257";"Acidente s";"207.5";"BR-116/SP";"Pista Sul";"Colisão traseira";0;0;0;0;0;1;0;0;0;1;2;0;0;0;0
"01/09/2022";"08:54:00";"261";"Acidente c";"140";"BR-116/SP";"Pista Sul";"Colisão traseira";0;0;1;1;0;0;0;0;0;0;1;1;0;0;0
"01/09/2022";"10:17:00";"332";"Acidente s";"107.8";"BR-116/SP";"Pista Sul";"Engavetamento";1;0;2;0;0;0;0;0;0;0;4;0;0;0;0
"01/09/2022";"11:11:00";"365";"Acidente s";"217.8";"BR-116/RJ";"Pista Sul";"Colisão traseira";1;0;1;0;0;0;0;0;0;0;2;0;0;0;0
"01/09/2022";"11:22:00";"372";"Acidente c";"257.6";"BR-116/RJ";"Pista Norte";"Queda de Carga";0;0;0;1;0;0;0;0;0;0;0;0;1;0;0
"01/09/2022";"02:42:00";"498";"Acidente s";"203";"BR-116/SP";"Pista Sul";"Queda de moto";0;0;0;1;0;0;0;0;0;0;1;0;0;0;0
"01/09/2022";"03:44:00";"546";"Acidente c";"142";"BR-116/SP";"Pista Norte";"Engavetamento";3;0;0;0;0;0;0;0;0;0;3;1;0;0;0
"01/09/2022";"04:50:00";"601";"Acidente c";"278.1";"BR-116/RJ";"Pista Norte";"Colisão traseira";0;0;1;1;0;0;0;0;0;0;1;0;1;0;0
"01/09/2022";"05:38:00";"622";"Acidente s";"199";"BR-116/SP";"Pista Sul";"Atropelamento de pedestre caminhando";0;0;1;0;0;0;0;0;0;0;2;0;0;0;0
"01/09/2022";"05:38:00";"624";"Acidente s";"199.05";"BR-116/SP";"Pista Sul";"Colisão traseira";1;0;0;1;0;0;0;0;0;0;2;0;0;0;0
"01/09/2022";"05:58:00";"634";"Acidente s";"219";"BR-116/RJ";"Pista Sul";"Abalroamento longitudinal";2;0;0;0;0;0;0;0;0;0;2;0;0;0;0
"01/09/2022";"07:10:00";"692";"Acidente s";"165.3";"BR-116/RJ";"Pista Sul";"Colisão traseira";2;0;0;0;0;0;0;0;0;0;6;0;0;0;0
"01/09/2022";"08:07:00";"721";"Acidente c";"142.7";"BR-116/SP";"Pista Norte";"Colisão traseira";1;0;0;1;0;0;0;0;0;0;1;0;1;0;0
"01/09/2022";"08:38:00";"729";"Acidente s";"231.5";"BR-116/RJ";"Pista Sul";"Choque em objeto na pista";1;0;0;0;0;0;0;0;0;0;1;0;0;0;0
"01/09/2022";"08:53:00";"734";"Acidente s";"176.5";"BR-116/RJ";"Pista Sul";"Abalroamento longitudinal";1;0;0;0;0;1;0;0;0;0;2;0;0;0;0
"01/09/2022";"10:55:00";"778";"Acidente s";"213";"BR-116/SP";"Pista Norte";"Choque em objeto na pista";1;0;0;0;0;0;0;0;0;0;1;0;0;0;0
"01/09/2022";"11:57:00";"799";"Acidente s";"197.45";"BR-116/SP";"Pista Sul";"Choque em veículo parado na pista";0;0;2;0;0;0;0;0;0;0;2;0;0;0;0
"02/09/2022";"01:20:00";"28";"Acidente s";"224.3";"BR-116/RJ";"Pista Norte";"Tombamento";0;0;1;0;0;0;0;0;0;0;1;0;0;0;0
"02/09/2022";"05:06:00";"76";"Acidente c";"171.2";"BR-116/RJ";"Pista Norte";"Capotamento";1;0;0;0;0;0;0;0;0;0;0;1;0;0;0
"02/09/2022";"05:13:00";"79";"Acidente s";"171.2";"BR-116/RJ";"Pista Norte";"Choque em objeto na pista";1;0;0;0;0;0;0;0;0;0;1;0;0;0;0
"02/09/2022";"05:14:00";"80";"Acidente s";"229.5";"BR-116/RJ";"Pista Norte";"Abalroamento longitudinal";0;0;2;0;0;0;0;0;0;0;2;0;0;0;0
"02/09/2022";"05:48:00";"88";"Acidente s";"449";"BR-101/RJ";"Pista Norte";"Capotamento";1;0;0;0;0;0;0;0;0;0;1;0;0;0;0
"02/09/2022";"06:45:00";"117";"Acidente c";"387";"BR-101/RJ";"Pista Norte";"Queda de moto";0;0;0;1;0;0;0;0;0;0;0;1;0;0;0
"02/09/2022";"08:26:00";"263";"Acidente c";"207.2";"BR-116/SP";"Pista Sul";"Engavetamento";3;0;1;0;0;0;0;0;0;2;7;1;0;0;0
"02/09/2022";"09:53:00";"326";"Acidente c";"39";"BR-116/SP";"Pista Norte";"Capotamento";0;0;0;0;0;0;0;0;0;1;0;1;0;0;0
"02/09/2022";"09:58:00";"329";"Acidente s";"222.9";"BR-116/SP";"Pista Sul";"Engavetamento";1;0;1;1;0;0;0;0;0;0;3;0;0;0;0
"02/09/2022";"11:12:00";"378";"Acidente s";"202.3";"BR-116/SP";"Pista Sul";"Abalroamento longitudinal";1;0;1;0;0;0;0;0;0;0;3;0;0;0;0
"02/09/2022";"11:19:00";"389";"Acidente s";"169.5";"BR-116/RJ";"Pista Norte";"Abalroamento longitudinal";1;0;0;0;0;1;0;0;0;0;2;0;0;0;0
"02/09/2022";"11:47:00";"411";"Acidente s";"419";"BR-101/RJ";"Pista Norte";"Engavetamento";3;0;0;0;0;0;0;0;0;0;3;0;0;0;0
"02/09/2022";"11:52:00";"414";"Atropelame";"405";"BR-101/RJ";"Pista Norte";"Atropelamento de pedestre atravessando";1;0;0;0;0;0;0;0;0;0;1;1;0;0;0
"02/09/2022";"12:44:00";"452";"Acidente s";"484";"BR-101/RJ";"Pista Sul";"Abalroamento longitudinal";0;0;1;0;0;0;0;0;0;1;2;0;0;0;0
"02/09/2022";"01:20:00";"475";"Acidente c";"216.5";"BR-116/SP";"Pista Norte";"Colisão traseira";0;0;0;1;0;1;0;0;0;0;1;1;0;0;0
"02/09/2022";"01:46:00";"493";"Acidente c";"167.3";"BR-116/RJ";"Pista Norte";"Queda de moto";0;0;0;1;0;0;0;0;0;0;0;2;0;0;0
"02/09/2022";"01:55:00";"498";"Acidente s";"64";"BR-116/SP";"Pista Norte";"Engavetamento";6;0;0;0;0;0;0;0;0;0;6;0;0;0;0
"02/09/2022";"03:03:00";"541";"Acidente c";"167.3";"BR-116/RJ";"Pista Norte";"Engavetamento";4;0;0;0;0;0;0;0;0;0;5;2;0;0;0
"02/09/2022";"03:18:00";"550";"Acidente s";"180.3";"BR-116/RJ";"Pista Norte";"Queda de moto";0;0;0;1;0;0;0;0;0;0;1;0;0;0;0
"02/09/2022";"05:28:00";"653";"Acidente s";"300";"BR-116/RJ";"Pista Sul";"Choque em defensa";1;0;0;0;0;0;0;0;0;0;1;0;0;0;0
"02/09/2022";"05:43:00";"658";"Acidente s";"161.6";"BR-116/SP";"Pista Norte";"Abalroamento longitudinal";1;0;1;0;0;0;0;0;0;0;3;0;0;0;0
"02/09/2022";"06:21:00";"691";"Acidente c";"485";"BR-101/RJ";"Pista Sul";"Abalroamento longitudinal";0;0;1;1;0;0;0;0;0;0;1;1;0;0;0
"02/09/2022";"06:22:00";"692";"Atropelame";"207.3";"BR-116/SP";"Pista Sul";"Atropelamento de pedestre atravessando";0;0;0;1;0;0;0;0;0;0;1;0;1;0;0
"02/09/2022";"06:29:00";"697";"Acidente s";"114.4";"BR-116/SP";"Pista Sul";"Colisão traseira";2;0;0;0;0;0;0;0;0;0;7;0;0;0;0
"02/09/2022";"07:01:00";"721";"Acidente s";"153.4";"BR-116/SP";"Pista Sul";"Engavetamento";2;0;0;0;0;1;0;0;0;0;3;0;0;0;0
"02/09/2022";"08:26:00";"763";"Acidente c";"487";"BR-101/RJ";"Pista Sul";"Abalroamento longitudinal";2;0;0;0;0;0;0;0;0;0;2;0;1;0;0
"02/09/2022";"08:49:00";"777";"Acidente s";"66.2";"BR-116/SP";"Pista Sul";"Choque em barreira New Jersey";1;0;0;0;0;1;0;0;0;0;2;0;0;0;0
"02/09/2022";"10:37:00";"813";"Acidente c";"223";"BR-116/SP";"Pista Norte";"Choque em barreira New Jersey";1;0;0;0;0;0;0;0;0;0;0;1;0;0;0
"03/09/2022";"12:38:00";"26";"Acidente s";"222.9";"BR-116/SP";"Pista Norte";"Colisão traseira";2;0;0;0;0;0;0;0;0;0;2;0;0;0;0
"03/09/2022";"12:49:00";"33";"Acidente s";"58";"BR-116/SP";"Pista Norte";"Abalroamento longitudinal";1;0;1;0;0;0;0;0;0;0;2;0;0;0;0
"03/09/2022";"04:14:00";"87";"Acidente s";"395";"BR-101/RJ";"Pista Norte";"Choque em barreira New Jersey";1;0;0;0;0;0;0;0;0;0;1;0;0;0;0
"03/09/2022";"06:44:00";"134";"Acidente c";"100";"BR-116/SP";"Pista Norte";"Queda de moto";0;0;0;1;0;0;0;0;0;0;1;1;0;0;0
"03/09/2022";"08:11:00";"207";"Acidente s";"174.3";"BR-116/RJ";"Pista Sul";"Colisão traseira";2;0;0;0;0;0;0;0;0;0;2;0;0;0;0
"03/09/2022";"09:25:00";"252";"Acidente c";"122.6";"BR-116/SP";"Pista Norte";"Engavetamento";3;0;0;0;0;0;0;0;0;0;5;1;0;0;0
"03/09/2022";"09:46:00";"262";"Acidente s";"219.1";"BR-116/SP";"Pista Norte";"Abalroamento longitudinal";0;0;1;0;0;1;0;0;0;0;2;0;0;0;0
"03/09/2022";"09:55:00";"268";"Acidente s";"126";"BR-116/SP";"Pista Norte";"Engavetamento";5;0;0;0;0;0;0;0;0;0;14;0;0;0;0
"03/09/2022";"10:02:00";"275";"Acidente c";"275.3";"BR-116/RJ";"Pista Sul";"Capotamento";1;0;0;0;0;0;0;0;0;0;0;1;0;0;0
"03/09/2022";"10:23:00";"296";"Acidente s";"132.9";"BR-116/SP";"Pista Norte";"Colisão traseira";2;0;0;0;0;0;0;0;0;0;5;0;0;0;0
"03/09/2022";"12:56:00";"374";"Acidente c";"181.5";"BR-116/RJ";"Pista Norte";"Colisão traseira";0;0;1;0;0;0;0;0;0;1;1;0;1;0;0
"03/09/2022";"12:58:00";"377";"Acidente s";"225";"BR-116/SP";"Pista Norte";"Abalroamento longitudinal";2;0;0;0;0;0;0;0;0;0;4;0;0;0;0