data;horario;n_da_ocorrencia;tipo_de_ocorrencia;km;trecho;sentido;tipo_de_acidente;automovel;bicicleta;caminhao;moto;onibus;outros;tracao_animal;transporte_de_cargas_especiais;trator_maquinas;utilitarios;ilesos;levemente_feridos;moderadamente_feridos;gravemente_feridos;mortos
"03/10/2022";"03:23:00";"542";"Acidente s";"222.3";"BR-116/RJ";"Pista Norte";"Choque em objeto fixo";1;0;0;0;0;0;0;0;0;0;1;0;0;0;0
"03/10/2022";"03:29:00";"549";"Acidente s";"575";"BR-101/RJ";"Pista Sul";"Colisão traseira";2;0;0;0;0;0;0;0;0;0;2;0;0;0;0
"03/10/2022";"03:47:00";"559";"Acidente s";"64";"BR-116/SP";"Pista Norte";"Choque em barreira New Jersey";1;0;0;0;0;0;0;0;0;0;1;0;0;0;0
"03/10/2022";"04:32:00";"582";"Acidente s";"483";"BR-101/RJ";"Pista Sul";"Choque em objeto fixo";1;0;0;0;0;0;0;0;0;0;1;0;0;0;0
"03/10/2022";"04:46:00";"590";"Acidente c";"171.9";"BR-116/RJ";"Pista Sul";"Colisão traseira";2;0;0;0;0;0;0;0;0;0;1;1;0;0;0
"03/10/2022";"04:56:00";"593";"Acidente s";"228";"BR-116/RJ";"Pista Norte";"Abalroamento longitudinal";1;0;1;0;0;0;0;0;0;0;2;0;0;0;0
"03/10/2022";"05:24:00";"605";"Acidente s";"222.4";"BR-116/SP";"Pista Norte";"Abalroamento longitudinal";1;0;1;0;0;0;0;0;0;0;2;0;0;0;0
"03/10/2022";"06:48:00";"649";"Acidente c";"170.15";"BR-116/SP";"Pista Sul";"Capotamento";1;0;0;0;0;1;0;0;0;0;1;2;0;0;0
"03/10/2022";"07:04:00";"660";"Acidente s";"210.9";"BR-116/RJ";"Pista Norte";"Atropelamento de animal";2;0;0;0;0;0;0;0;0;0;2;0;0;0;0
"03/10/2022";"07:13:00";"666";"Acidente c";"387.7";"BR-101/RJ";"Pista Sul";"Colisão traseira";3;0;0;0;0;1;0;0;0;0;3;0;0;0;1
"03/10/2022";"08:05:00";"683";"Acidente s";"386";"BR-101/RJ";"Pista Sul";"Colisão traseira";2;0;0;0;0;0;0;0;0;0;2;0;0;0;0
"03/10/2022";"08:09:00";"685";"Acidente s";"225.3";"BR-116/SP";"Pista Norte";"Engavetamento";2;0;1;0;0;0;0;0;0;0;3;0;0;0;0
"03/10/2022";"09:26:00";"718";"Acidente s";"496";"BR-101/RJ";"Pista Sul";"Capotamento";1;0;0;0;0;0;0;0;0;0;1;0;0;0;0
"03/10/2022";"10:43:00";"735";"Acidente s";"214.5";"BR-116/SP";"Pista Sul";"Choque em barreira New Jersey";1;0;0;0;0;0;0;0;0;0;1;0;0;0;0
"03/10/2022";"11:01:00";"740";"Atropelame";"52.4";"BR-116/SP";"Pista Norte";"Atropelamento de pedestre atravessando";0;1;0;0;1;0;0;0;0;0;1;0;1;0;0
"03/10/2022";"11:19:00";"744";"Acidente s";"448";"BR-101/RJ";"Pista Norte";"Choque em objeto fixo";1;0;0;0;0;0;0;0;0;0;1;0;0;0;0
"03/10/2022";"11:44:00";"748";"Acidente c";"169";"BR-116/RJ";"Pista Sul";"Engavetamento";2;0;0;1;0;0;0;0;0;0;2;1;0;0;0
"04/10/2022";"04:52:00";"55";"Acidente s";"193.1";"BR-116/SP";"Pista Norte";"Choque em defensa";0;0;1;0;0;0;0;0;0;0;3;0;0;0;0
"04/10/2022";"05:52:00";"68";"Acidente c";"224.5";"BR-116/SP";"Pista Sul";"Colisão traseira";0;0;0;1;1;0;0;0;0;0;1;1;0;0;0
"04/10/2022";"05:54:00";"69";"Acidente c";"187.65";"BR-116/RJ";"Pista Norte";"Tombamento";0;0;1;0;0;0;0;0;0;0;0;0;1;0;0
"04/10/2022";"06:20:00";"78";"Acidente s";"139";"BR-116/SP";"Pista Sul";"Colisão traseira";0;0;0;0;0;2;0;0;0;1;3;0;0;0;0
"04/10/2022";"08:09:00";"199";"Acidente s";"168";"BR-116/RJ";"Pista Norte";"Colisão traseira";2;0;0;0;0;0;0;0;0;0;4;0;0;0;0
"04/10/2022";"09:06:00";"270";"Acidente c";"184";"BR-116/RJ";"Pista Norte";"Engavetamento";1;0;0;1;0;1;0;0;0;0;1;2;0;0;0
"04/10/2022";"09:12:00";"276";"Acidente s";"218";"BR-116/RJ";"Pista Norte";"Colisão traseira";0;0;2;0;0;0;0;0;0;0;2;0;0;0;0
"04/10/2022";"09:48:00";"303";"Acidente c";"515";"BR-101/RJ";"Pista Sul";"Queda de moto";0;0;0;1;0;0;0;0;0;0;0;1;0;0;0
"04/10/2022";"10:45:00";"338";"Acidente s";"174";"BR-116/RJ";"Pista Norte";"Queda de moto";0;0;0;1;0;0;0;0;0;0;2;0;0;0;0
"04/10/2022";"12:12:00";"400";"Acidente s";"182.3";"BR-116/SP";"Pista Norte";"Colisão traseira";0;0;2;0;0;0;0;0;0;0;3;0;0;0;0
"04/10/2022";"02:20:00";"467";"Acidente s";"416";"BR-101/RJ";"Pista Norte";"Choque em objeto fixo";1;0;0;0;0;0;0;0;0;0;1;0;0;0;0
"04/10/2022";"04:27:00";"536";"Acidente s";"118.9";"BR-116/SP";"Pista Sul";"Abalroamento longitudinal";1;0;1;0;0;0;0;0;0;0;6;0;0;0;0
"04/10/2022";"04:27:00";"535";"Acidente s";"43.9";"BR-101/SP";"Pista Sul";"Abalroamento longitudinal";2;0;0;0;0;0;0;0;0;0;2;0;0;0;0
"04/10/2022";"06:37:00";"625";"Acidente c";"225.8";"BR-116/SP";"Pista Norte";"Choque em objeto na pista";0;0;1;1;0;0;0;0;0;0;1;1;0;0;0
"04/10/2022";"07:12:00";"638";"Acidente s";"451";"BR-101/RJ";"Pista Norte";"Choque em objeto fixo";0;0;0;0;0;0;0;0;0;1;1;0;0;0;0
"04/10/2022";"07:13:00";"639";"Acidente s";"210.3";"BR-116/SP";"Pista Norte";"Abalroamento longitudinal";1;0;1;0;0;0;0;0;0;0;2;0;0;0;0
"04/10/2022";"07:38:00";"648";"Acidente c";"168";"BR-116/RJ";"Pista Sul";"Abalroamento longitudinal";0;0;0;1;1;0;0;0;0;0;50;1;0;0;0
"04/10/2022";"07:59:00";"655";"Acidente s";"310";"BR-116/RJ";"Pista Sul";"Queda de ribanceira";1;0;0;0;0;0;0;0;0;0;1;0;0;0;0
"04/10/2022";"09:42:00";"695";"Acidente s";"177.5";"BR-116/RJ";"Pista Norte";"Colisão traseira";2;0;0;0;0;0;0;0;0;0;2;0;0;0;0
"04/10/2022";"10:54:00";"715";"Acidente c";"37.3";"BR-116/SP";"Pista Sul";"Colisão traseira";0;0;2;0;0;0;0;0;0;0;1;1;0;0;0
"05/10/2022";"01:44:00";"36";"Acidente c";"333.2";"BR-116/RJ";"Pista Norte";"Colisão traseira";0;0;2;0;0;0;0;0;0;0;1;0;1;0;0
"05/10/2022";"02:54:00";"47";"Acidente s";"74.5";"BR-116/SP";"Pista Norte";"Choque em objeto fixo";1;0;0;0;0;0;0;0;0;0;1;0;0;0;0
"05/10/2022";"03:03:00";"49";"Acidente s";"24";"BR-116/SP";"Pista Norte";"Choque em objeto fixo";0;0;1;0;0;0;0;0;0;0;1;0;0;0;0
"05/10/2022";"03:08:00";"50";"Acidente s";"119.7";"BR-116/SP";"Pista Norte";"Atropelamento de animal";0;0;1;0;0;0;0;0;0;0;1;0;0;0;0
"05/10/2022";"06:49:00";"124";"Acidente s";"214.65";"BR-116/SP";"Pista Norte";"Engavetamento";1;0;0;0;0;1;0;0;0;1;4;0;0;0;0
"05/10/2022";"08:19:00";"239";"Acidente s";"299";"BR-116/RJ";"Pista Norte";"Colisão traseira";1;0;1;0;0;0;0;0;0;0;2;0;0;0;0
"05/10/2022";"09:03:00";"287";"Acidente s";"151.6";"BR-116/SP";"Pista Norte";"Choque em objeto na pista";1;0;0;0;0;0;0;0;0;0;1;0;0;0;0
"05/10/2022";"09:17:00";"300";"Acidente c";"221";"BR-116/SP";"Pista Norte";"Abalroamento longitudinal";0;0;0;1;0;1;0;0;0;0;1;1;0;0;0
"05/10/2022";"09:17:00";"301";"Acidente s";"165";"BR-116/RJ";"Pista Sul";"Colisão traseira";2;0;0;0;0;0;0;0;0;0;2;0;0;0;0
"05/10/2022";"09:46:00";"336";"Acidente c";"207.3";"BR-116/SP";"Pista Sul";"Abalroamento longitudinal";0;0;0;1;0;1;0;0;0;0;1;1;0;0;0
"05/10/2022";"10:50:00";"379";"Acidente s";"226.6";"BR-116/SP";"Pista Sul";"Abalroamento longitudinal";1;0;0;0;0;1;0;0;0;0;3;0;0;0;0
"05/10/2022";"10:53:00";"382";"Acidente s";"227.1";"BR-116/SP";"Pista Sul";"Colisão traseira";2;0;0;0;0;0;0;0;0;0;2;0;0;0;0
"05/10/2022";"12:12:00";"441";"Acidente c";"49.7";"BR-101/SP";"Pista Norte";"Colisão traseira";1;0;0;1;0;0;0;0;0;0;1;1;0;0;0
"05/10/2022";"03:23:00";"538";"Acidente s";"228.9";"BR-116/RJ";"Pista Sul";"Choque em objeto na pista";1;0;0;0;0;0;0;0;0;0;1;0;0;0;0
"05/10/2022";"06:08:00";"662";"Acidente s";"146.6";"BR-116/SP";"Pista Norte";"Abalroamento longitudinal";1;0;0;0;0;1;0;0;0;0;2;0;0;0;0
"05/10/2022";"06:46:00";"674";"Acidente c";"52.3";"BR-116/SP";"Pista Sul";"Engavetamento";0;0;1;1;0;1;0;0;0;0;2;1;0;0;0
"05/10/2022";"08:12:00";"703";"Acidente c";"156.8";"BR-116/SP";"Pista Sul";"Choque em defensa";0;0;0;1;0;0;0;0;0;0;0;1;0;0;0
"05/10/2022";"08:27:00";"710";"Acidente c";"224.1";"BR-116/SP";"Pista Sul";"Choque em objeto na pista";1;0;0;0;0;5;0;0;0;0;5;1;0;0;0
"05/10/2022";"09:02:00";"725";"Acidente c";"145.9";"BR-116/SP";"Pista Norte";"Choque em veículo parado na pista";2;0;0;0;0;0;0;0;0;0;0;5;0;0;0
"05/10/2022";"09:36:00";"738";"Acidente c";"213";"BR-116/SP";"Pista Norte";"Abalroamento longitudinal";0;0;0;1;0;1;0;0;0;0;1;0;0;1;0
"05/10/2022";"10:26:00";"746";"Acidente c";"212.5";"BR-116/SP";"Pista Norte";"Queda de moto";0;0;0;1;0;1;0;0;0;0;1;1;0;0;0
"05/10/2022";"10:27:00";"747";"Acidente s";"291.7";"BR-116/RJ";"Pista Sul";"Choque em objeto na pista";0;0;0;0;1;0;0;0;0;0;41;0;0;0;0
"05/10/2022";"10:55:00";"752";"Acidente s";"204.5";"BR-116/SP";"Pista Sul";"Atropelamento de animal";1;0;0;0;0;0;0;0;0;0;1;0;0;0;0
"06/10/2022";"01:06:00";"20";"Acidente s";"218.5";"BR-116/RJ";"Pista Norte";"Tombamento";0;0;1;0;0;0;0;0;0;0;1;0;0;0;0
"06/10/2022";"03:31:00";"51";"Acidente c";"485";"BR-101/RJ";"Pista Sul";"Colisão frontal";1;0;1;0;0;0;0;0;0;0;1;0;0;0;1
"06/10/2022";"03:35:00";"53";"Acidente c";"111.5";"BR-116/SP";"Pista Norte";"Colisão traseira";0;0;2;0;0;0;0;0;0;0;1;1;0;0;0
"06/10/2022";"05:43:00";"67";"Acidente s";"247.5";"BR-116/RJ";"Pista Norte";"Choque em objeto fixo";0;0;1;0;0;0;0;0;0;0;1;0;0;0;0
"06/10/2022";"06:42:00";"114";"Acidente s";"26.7";"BR-116/SP";"Pista Norte";"Choque em defensa";0;0;1;0;0;0;0;0;0;0;1;0;0;0;0
"06/10/2022";"06:43:00";"117";"Acidente s";"186.5";"BR-116/RJ";"Pista Norte";"Colisão traseira";1;0;0;0;0;0;0;0;0;1;2;0;0;0;0
"06/10/2022";"06:49:00";"130";"Acidente s";"221.3";"BR-116/RJ";"Pista Norte";"Colisão traseira";0;0;1;0;0;1;0;0;0;0;2;0;0;0;0
"06/10/2022";"07:39:00";"213";"Acidente c";"145.1";"BR-116/SP";"Pista Sul";"Abalroamento longitudinal";1;0;0;1;0;0;0;0;0;0;1;1;0;0;0
"06/10/2022";"08:06:00";"244";"Acidente s";"223.8";"BR-116/SP";"Pista Sul";"Abalroamento longitudinal";1;0;1;0;0;0;0;0;0;0;2;0;0;0;0
"06/10/2022";"09:04:00";"306";"Acidente s";"154.41";"BR-116/SP";"Pista Norte";"Colisão traseira";2;0;0;0;0;0;0;0;0;0;2;0;0;0;0
"06/10/2022";"10:52:00";"421";"Acidente s";"176.3";"BR-116/RJ";"Pista Sul";"Colisão traseira";2;0;0;0;0;0;0;0;0;0;2;0;0;0;0
"06/10/2022";"12:29:00";"491";"Acidente s";"167";"BR-116/RJ";"Pista Norte";"Engavetamento";1;0;0;0;0;2;0;0;0;0;3;0;0;0;0
"06/10/2022";"12:54:00";"507";"Acidente s";"226.8";"BR-116/SP";"Pista Sul";"Abalroamento longitudinal";1;0;0;0;0;1;0;0;0;0;2;0;0;0;0
"06/10/2022";"02:17:00";"561";"Acidente s";"152.2";"BR-116/SP";"Pista Norte";"Choque em objeto na pista";0;0;0;1;0;0;0;0;0;0;1;0;0;0;0
"06/10/2022";"03:31:00";"617";"Acidente s";"210";"BR-116/SP";"Pista Sul";"Colisão traseira";1;0;0;0;0;1;0;0;0;0;2;0;0;0;0
"06/10/2022";"04:21:00";"654";"Acidente c";"175.7";"BR-116/SP";"Pista Norte";"Colisão traseira";1;0;1;0;0;0;0;0;0;0;1;1;0;0;0
"06/10/2022";"05:08:00";"689";"Acidente c";"50";"BR-101/SP";"Pista Sul";"Colisão traseira";1;0;0;1;0;0;0;0;0;0;1;1;0;0;0
"06/10/2022";"07:05:00";"783";"Acidente s";"147.7";"BR-116/SP";"Pista Norte";"Engavetamento";3;0;0;0;0;0;0;0;0;0;4;0;0;0;0
"06/10/2022";"07:33:00";"801";"Acidente s";"184.1";"BR-116/RJ";"Pista Sul";"Abalroamento longitudinal";2;0;1;0;0;0;0;0;0;0;3;0;0;0;0
"06/10/2022";"08:26:00";"839";"Acidente s";"504";"BR-101/RJ";"Pista Sul";"Colisão traseira";2;0;0;0;0;0;0;0;0;0;2;0;0;0;0
"06/10/2022";"09:02:00";"855";"Acidente s";"104.5";"BR-116/SP";"Pista Sul";"Queda de moto";0;0;0;1;0;0;0;0;0;0;1;0;0;0;0
"06/10/2022";"09:24:00";"867";"Atropelame";"212.7";"BR-116/SP";"Pista Sul";"Atropelamento de pedestre atravessando";0;1;0;0;0;1;0;0;0;0;1;0;1;0;0
"06/10/2022";"10:21:00";"889";"Acidente s";"280";"BR-116/RJ";"Pista Norte";"Choque em barreira New Jersey";1;0;0;0;0;0;0;0;0;0;1;0;0;0;0
"06/10/2022";"10:45:00";"899";"Acidente c";"136.6";"BR-116/SP";"Pista Sul";"Engavetamento";3;0;0;0;0;0;0;0;0;0;2;0;1;0;0
"07/10/2022";"03:34:00";"69";"Acidente s";"157.9";"BR-116/SP";"Pista Sul";"Choque em barreira New Jersey";1;0;0;0;0;0;0;0;0;0;1;0;0;0;0
"07/10/2022";"05:19:00";"85";"Acidente s";"215.1";"BR-116/SP";"Pista Sul";"Choque em objeto na pista";3;0;0;0;0;0;0;0;0;1;7;0;0;0;0
"07/10/2022";"07:11:00";"166";"Acidente s";"190";"BR-116/RJ";"Pista Norte";"Colisão traseira";1;0;0;0;0;1;0;0;0;0;2;0;0;0;0
"07/10/2022";"07:37:00";"214";"Acidente c";"181.6";"BR-116/RJ";"Pista Norte";"Colisão traseira";1;0;0;1;0;0;0;0;0;0;1;1;0;0;0
"07/10/2022";"08:03:00";"244";"Acidente s";"394";"BR-101/RJ";"Pista Sul";"Colisão traseira";2;0;0;0;0;2;0;0;0;0;4;0;0;0;0
"07/10/2022";"08:05:00";"246";"Atropelame";"227";"BR-116/SP";"Pista Sul";"Atropelamento de pedestre atravessando";0;0;0;1;0;0;0;0;0;0;0;1;1;0;0
"07/10/2022";"08:06:00";"247";"Acidente s";"145.5";"BR-116/SP";"Pista Norte";"Colisão traseira";2;0;0;0;0;0;0;0;0;0;2;0;0;0;0
"07/10/2022";"09:22:00";"315";"Acidente c";"264.6";"BR-116/RJ";"Pista Sul";"Choque em barreira New Jersey";0;0;1;0;0;0;0;0;0;0;0;1;0;0;0
"07/10/2022";"09:28:00";"319";"Acidente c";"217.8";"BR-116/SP";"Pista Norte";"Abalroamento longitudinal";1;0;0;0;0;0;0;0;0;1;1;2;0;0;0
"07/10/2022";"10:53:00";"381";"Acidente c";"285";"BR-116/RJ";"Pista Sul";"Capotamento";1;0;0;0;0;0;0;0;0;0;2;1;0;0;0
"07/10/2022";"11:11:00";"400";"Acidente s";"338";"BR-116/RJ";"Pista Norte";"Colisão traseira";2;0;0;0;0;0;0;0;0;0;9;0;0;0;0
"07/10/2022";"12:01:00";"435";"Acidente s";"58.25";"BR-116/SP";"Pista Norte";"Capotamento";0;0;1;0;0;0;0;0;0;0;1;0;0;0;0
"07/10/2022";"12:21:00";"450";"Acidente s";"117.15";"BR-116/SP";"Pista Norte";"Choque em objeto fixo";1;0;0;0;0;0;0;0;0;0;1;0;0;0;0
"07/10/2022";"12:24:00";"452";"Acidente s";"197.1";"BR-116/SP";"Pista Sul";"Colisão traseira";0;0;2;0;0;0;0;0;0;0;2;0;0;0;0
"07/10/2022";"12:37:00";"458";"Acidente c";"175.3";"BR-116/RJ";"Pista Sul";"Queda de moto";0;0;0;1;0;0;0;0;0;0;0;1;0;0;0
"07/10/2022";"12:41:00";"462";"Acidente c";"101.6";"BR-116/SP";"Pista Norte";"Engavetamento";2;0;0;0;0;0;0;0;0;1;6;1;0;0;0
"07/10/2022";"02:26:00";"531";"Acidente s";"305.95";"BR-116/RJ";"Pista Sul";"Engavetamento";0;0;3;0;0;0;0;0;0;0;3;0;0;0;0
"07/10/2022";"02:33:00";"536";"Acidente s";"170.8";"BR-116/RJ";"Pista Sul";"Engavetamento";1;0;0;0;0;2;0;0;0;0;3;0;0;0;0
"07/10/2022";"03:11:00";"563";"Acidente c";"298";"BR-116/RJ";"Pista Sul";"Engavetamento";0;0;1;0;0;0;0;0;0;2;2;0;1;0;0
"07/10/2022";"03:55:00";"597";"Acidente s";"102.25";"BR-116/SP";"Pista Norte";"Engavetamento";3;0;0;0;0;0;0;0;0;0;7;0;0;0;0
"07/10/2022";"04:26:00";"627";"Acidente s";"60.5";"BR-116/SP";"Pista Sul";"Colisão traseira";2;0;0;0;0;0;0;0;0;0;4;0;0;0;0
"07/10/2022";"04:28:00";"630";"Acidente s";"224.8";"BR-116/SP";"Pista Norte";"Abalroamento longitudinal";1;0;0;1;0;0;0;0;0;0;2;0;0;0;0
"07/10/2022";"05:11:00";"652";"Acidente s";"226.2";"BR-116/SP";"Pista Sul";"Colisão traseira";2;0;0;0;0;0;0;0;0;0;2;0;0;0;0
"07/10/2022";"05:19:00";"657";"Acidente s";"203.8";"BR-116/SP";"Pista Norte";"Colisão traseira";1;0;1;0;0;0;0;0;0;0;2;0;0;0;0
"07/10/2022";"05:41:00";"667";"Acidente s";"433";"BR-101/RJ";"Pista Norte";"Choque em objeto na pista";1;0;0;0;0;0;0;0;0;0;1;0;0;0;0
"07/10/2022";"06:15:00";"700";"Acidente s";"106";"BR-116/SP";"Pista Sul";"Abalroamento longitudinal";1;0;0;0;0;2;0;0;0;0;3;0;0;0;0
"07/10/2022";"06:28:00";"706";"Acidente s";"203.4";"BR-116/SP";"Pista Norte";"Colisão traseira";0;0;1;0;0;0;0;0;0;1;4;0;0;0;0
"07/10/2022";"06:31:00";"708";"Acidente c";"116";"BR-116/SP";"Pista Norte";"Queda de moto";0;0;0;1;0;1;0;0;0;0;1;0;1;0;0
"07/10/2022";"07:02:00";"729";"Acidente c";"493";"BR-101/RJ";"Pista Norte";"Colisão frontal";1;0;0;1;0;0;0;0;0;0;1;1;0;0;0
"07/10/2022";"07:38:00";"745";"Acidente c";"201.7";"BR-116/SP";"Pista Norte";"Abalroamento longitudinal";1;0;0;1;0;0;0;0;0;0;2;1;0;0;0
"07/10/2022";"07:57:00";"760";"Atropelame";"170.3";"BR-116/RJ";"Pista Norte";"Atropelamento de pedestre atravessando";1;0;0;0;0;0;0;0;0;0;1;0;0;0;1
"07/10/2022";"07:57:00";"759";"Acidente c";"173.8";"BR-116/RJ";"Pista Sul";"Colisão traseira";1;0;0;1;0;0;0;0;0;0;1;1;0;0;0
"07/10/2022";"08:08:00";"768";"Acidente s";"315.9";"BR-116/RJ";"Pista Sul";"Choque em objeto fixo";1;0;0;0;0;0;0;0;0;0;1;0;0;0;0
"07/10/2022";"09:22:00";"800";"Acidente s";"214";"BR-116/SP";"Pista Sul";"Colisão traseira";1;0;0;0;0;1;0;0;0;0;2;0;0;0;0
"07/10/2022";"10:33:00";"837";"Acidente s";"204.5";"BR-116/SP";"Pista Norte";"Colisão traseira";2;0;0;0;0;0;0;0;0;0;5;0;0;0;0
"07/10/2022";"10:52:00";"845";"Atropelame";"157.4";"BR-116/SP";"Pista Norte";"Atropelamento de pedestre atravessando";1;1;0;0;0;0;0;0;0;0;1;1;0;0;0
"07/10/2022";"11:37:00";"868";"Acidente s";"151.5";"BR-116/SP";"Pista Sul";"Choque em objeto na pista";1;0;0;0;0;0;0;0;0;0;1;0;0;0;0
"08/10/2022";"12:05:00";"18";"Acidente s";"171.5";"BR-116/RJ";"Pista Norte";"Choque em barreira New Jersey";1;0;0;0;0;0;0;0;0;0;1;0;0;0;0
"08/10/2022";"01:52:00";"41";"Acidente c";"170.3";"BR-116/RJ";"Pista Sul";"Choque em barreira New Jersey";1;0;0;0;0;0;0;0;0;0;0;1;0;0;0
"08/10/2022";"02:56:00";"57";"Acidente s";"199";"BR-116/RJ";"Pista Norte";"Outros";0;0;1;0;0;0;0;0;0;0;1;0;0;0;0
"08/10/2022";"04:32:00";"75";"Acidente s";"280";"BR-116/RJ";"Pista Norte";"Choque em defensa";1;0;0;0;0;0;0;0;0;0;4;0;0;0;0
"08/10/2022";"06:46:00";"111";"Acidente s";"287";"BR-116/RJ";"Pista Norte";"Choque em objeto fixo";1;0;0;0;0;1;0;0;0;0;2;0;0;0;0
"08/10/2022";"07:36:00";"152";"Acidente c";"101.95";"BR-116/SP";"Pista Norte";"Colisão traseira";1;0;0;1;0;0;0;0;0;0;1;0;1;1;0
"08/10/2022";"08:44:00";"219";"Acidente c";"154.8";"BR-116/SP";"Pista Sul";"Abalroamento longitudinal";1;0;2;0;0;0;0;0;0;0;3;1;0;0;0
"08/10/2022";"08:54:00";"232";"Acidente s";"210.3";"BR-116/SP";"Pista Sul";"Colisão traseira";1;0;0;0;0;1;0;0;0;0;3;0;0;0;0
"08/10/2022";"09:00:00";"235";"Acidente c";"155.2";"BR-116/SP";"Pista Norte";"Abalroamento longitudinal";0;0;0;1;0;1;0;0;0;0;1;1;0;0;0
"08/10/2022";"09:03:00";"237";"Acidente s";"135";"BR-116/SP";"Pista Sul";"Colisão traseira";2;0;0;0;0;0;0;0;0;0;2;0;0;0;0
"08/10/2022";"09:12:00";"244";"Acidente s";"131";"BR-116/SP";"Pista Norte";"Engavetamento";3;0;0;0;0;0;0;0;0;0;12;0;0;0;0
"08/10/2022";"09:18:00";"254";"Acidente c";"131.4";"BR-116/SP";"Pista Norte";"Colisão traseira";1;0;0;1;0;0;0;0;0;0;3;1;0;0;0
"08/10/2022";"09:49:00";"280";"Acidente s";"146.6";"BR-116/SP";"Pista Norte";"Colisão traseira";2;0;0;0;0;0;0;0;0;0;2;0;0;0;0
"08/10/2022";"10:22:00";"300";"Acidente s";"389";"BR-101/RJ";"Pista Sul";"Colisão traseira";2;0;0;0;0;0;0;0;0;0;2;0;0;0;0
"08/10/2022";"10:27:00";"305";"Acidente s";"110.7";"BR-116/SP";"Pista Norte";"Colisão traseira";1;0;1;0;0;0;0;0;0;0;2;0;0;0;0
"08/10/2022";"10:36:00";"311";"Acidente s";"413";"BR-101/RJ";"Pista Norte";"Choque em objeto fixo";1;0;0;0;0;0;0;0;0;0;1;0;0;0;0
"08/10/2022";"10:45:00";"319";"Acidente s";"114";"BR-116/SP";"Pista Norte";"Colisão traseira";1;0;0;0;0;1;0;0;0;0;3;0;0;0;0
"08/10/2022";"11:49:00";"349";"Acidente s";"159.3";"BR-116/SP";"Pista Norte";"Abalroamento longitudinal";1;0;1;0;0;0;0;0;0;0;2;0;0;0;0
"08/10/2022";"12:13:00";"359";"Acidente c";"203";"BR-116/SP";"Pista Norte";"Colisão traseira";2;0;0;0;0;0;0;0;0;0;6;1;0;0;0
"08/10/2022";"03:03:00";"452";"Acidente s";"189.85";"BR-116/RJ";"Pista Sul";"Capotamento";0;0;0;0;0;0;0;0;0;1;2;0;0;0;0
"08/10/2022";"03:43:00";"476";"Acidente s";"298";"BR-116/RJ";"Pista Sul";"Abalroamento longitudinal";0;0;0;0;1;1;0;0;0;0;2;0;0;0;0
"08/10/2022";"04:33:00";"510";"Acidente s";"224.6";"BR-116/SP";"Pista Norte";"Choque em barreira New Jersey";1;0;0;0;0;0;0;0;0;0;1;0;0;0;0
"08/10/2022";"04:50:00";"517";"Atropelame";"551";"BR-101/RJ";"Pista Norte";"Atropelamento de pedestre atravessando";0;1;0;1;0;0;0;0;0;0;0;2;0;0;0
"08/10/2022";"05:18:00";"535";"Acidente c";"98.4";"BR-116/SP";"Pista Norte";"Colisão traseira";1;0;0;1;0;0;0;0;0;0;1;1;0;0;0
"08/10/2022";"06:19:00";"570";"Acidente s";"106.8";"BR-116/SP";"Pista Sul";"Colisão traseira";2;0;0;0;0;0;0;0;0;0;2;0;0;0;0
"08/10/2022";"06:27:00";"577";"Acidente c";"573";"BR-101/RJ";"Pista Norte";"Engavetamento";2;0;1;0;0;0;0;0;0;0;3;1;0;0;0
"08/10/2022";"06:37:00";"582";"Acidente s";"255";"BR-116/RJ";"Pista Sul";"Abalroamento longitudinal";1;0;0;0;0;1;0;0;0;0;2;0;0;0;0
"08/10/2022";"07:34:00";"608";"Acidente s";"230";"BR-116/SP";"Pista Sul";"Choque em objeto fixo";1;0;0;0;0;0;0;0;0;0;2;0;0;0;0
"08/10/2022";"07:55:00";"616";"Acidente c";"39.8";"BR-101/SP";"Pista Sul";"Colisão frontal";1;0;0;1;0;0;0;0;0;0;1;0;0;1;0
"08/10/2022";"08:22:00";"629";"Atropelame";"315.3";"BR-116/RJ";"Pista Norte";"Atropelamento de pedestre atravessando";0;1;0;0;0;1;0;0;0;0;1;0;0;1;0
"08/10/2022";"09:16:00";"646";"Acidente c";"167.5";"BR-116/RJ";"Pista Sul";"Colisão traseira";1;0;0;1;0;0;0;0;0;0;1;1;0;0;0
"08/10/2022";"09:20:00";"650";"Acidente c";"154.4";"BR-116/SP";"Pista Norte";"Engavetamento";3;0;0;0;0;0;0;0;0;0;7;1;0;0;0
"08/10/2022";"11:29:00";"684";"Acidente s";"295";"BR-116/RJ";"Pista Sul";"Choque em objeto na pista";1;0;0;0;0;0;0;0;0;0;4;0;0;0;0
"09/10/2022";"12:14:00";"16";"Acidente c";"206";"BR-116/RJ";"Pista Norte";"Choque em objeto fixo";1;0;0;0;0;0;0;0;0;0;0;0;1;0;0
"09/10/2022";"03:13:00";"60";"Acidente s";"168.2";"BR-116/RJ";"Pista Norte";"Colisão traseira";1;0;0;0;0;0;0;0;0;0;1;0;0;0;0
"09/10/2022";"04:52:00";"84";"Acidente s";"485";"BR-101/RJ";"Pista Norte";"Choque em objeto fixo";1;0;0;0;0;0;0;0;0;0;1;0;0;0;0
"09/10/2022";"05:11:00";"85";"Acidente c";"228.3";"BR-116/SP";"Pista Sul";"Capotamento";1;0;0;0;0;0;0;0;0;0;5;1;0;0;0
"09/10/2022";"05:13:00";"86";"Acidente s";"147.9";"BR-116/SP";"Pista Sul";"Colisão traseira";1;0;0;0;0;1;0;0;0;0;2;0;0;0;0