data;horario;n_da_ocorrencia;tipo_de_ocorrencia;km;trecho;sentido;tipo_de_acidente;automovel;bicicleta;caminhao;moto;onibus;outros;tracao_animal;transporte_de_cargas_especiais;trator_maquinas;utilitarios;ilesos;levemente_feridos;moderadamente_feridos;gravemente_feridos;mortos
"09/10/2022";"05:59:00";"94";"Acidente s";"173";"BR-116/RJ";"Pista Sul";"Choque em barreira New Jersey";1;0;0;0;0;0;0;0;0;0;1;0;0;0;0
"09/10/2022";"07:13:00";"137";"Acidente s";"58.65";"BR-116/SP";"Pista Sul";"Choque em objeto na pista";1;0;0;0;0;0;0;0;0;0;1;0;0;0;0
"09/10/2022";"07:27:00";"147";"Acidente s";"123";"BR-116/SP";"Pista Norte";"Choque em objeto na pista";1;0;0;0;0;0;0;0;0;0;5;0;0;0;0
"09/10/2022";"07:29:00";"149";"Atropelame";"108.1";"BR-116/SP";"Pista Norte";"Atropelamento de pedestre atravessando";1;1;0;0;0;0;0;0;0;0;3;1;0;0;0
"09/10/2022";"07:30:00";"151";"Acidente s";"63";"BR-116/SP";"Pista Sul";"Choque em objeto na pista";1;0;0;0;0;0;0;0;0;0;2;0;0;0;0
"09/10/2022";"07:40:00";"160";"Acidente c";"225.8";"BR-116/SP";"Pista Norte";"Queda de moto";0;0;0;1;0;0;0;0;0;0;0;1;1;0;0
"09/10/2022";"09:28:00";"217";"Acidente s";"103.3";"BR-116/SP";"Pista Norte";"Colisão traseira";1;0;0;0;0;1;0;0;0;0;6;0;0;0;0
"09/10/2022";"09:59:00";"241";"Acidente s";"85.8";"BR-116/SP";"Pista Norte";"Engavetamento";5;0;0;0;0;0;0;0;0;0;13;0;0;0;0
"09/10/2022";"11:02:00";"265";"Acidente s";"115.8";"BR-116/SP";"Pista Norte";"Engavetamento";2;0;0;1;0;0;0;0;0;0;7;0;0;0;0
"09/10/2022";"11:26:00";"275";"Acidente s";"82.8";"BR-116/SP";"Pista Norte";"Engavetamento";3;0;0;0;0;1;0;0;0;0;7;0;0;0;0
"09/10/2022";"12:26:00";"305";"Acidente s";"410";"BR-101/RJ";"Pista Sul";"Queda de ribanceira";1;0;0;0;0;0;0;0;0;0;1;0;0;0;0
"09/10/2022";"12:36:00";"312";"Acidente c";"125.5";"BR-116/SP";"Pista Sul";"Engavetamento";6;0;0;0;0;0;0;0;0;0;19;1;0;0;0
"09/10/2022";"01:34:00";"336";"Acidente s";"214.6";"BR-116/SP";"Pista Sul";"Choque em barreira New Jersey";1;0;0;0;0;0;0;0;0;0;1;0;0;0;0
"09/10/2022";"03:00:00";"382";"Acidente c";"578";"BR-101/RJ";"Pista Sul";"Choque em objeto fixo";1;0;0;0;0;0;0;0;0;0;0;1;0;0;0
"09/10/2022";"03:19:00";"394";"Atropelame";"203.3";"BR-116/SP";"Pista Norte";"Atropelamento de pedestre atravessando";0;0;0;0;0;1;0;0;0;0;1;1;0;1;0
"09/10/2022";"03:41:00";"405";"Acidente s";"218.5";"BR-116/SP";"Pista Sul";"Choque em barreira New Jersey";1;0;0;0;0;0;0;0;0;0;1;0;0;0;0
"09/10/2022";"03:46:00";"407";"Acidente s";"286";"BR-116/RJ";"Pista Norte";"Choque em barreira New Jersey";1;0;0;0;0;0;0;0;0;0;1;0;0;0;0
"09/10/2022";"04:07:00";"421";"Acidente c";"284.9";"BR-116/RJ";"Pista Sul";"Choque em objeto fixo";1;0;0;0;0;0;0;0;0;0;0;1;0;0;0
"09/10/2022";"04:36:00";"440";"Acidente s";"29.7";"BR-116/SP";"Pista Norte";"Choque em barreira New Jersey";1;0;0;0;0;0;0;0;0;0;1;0;0;0;0
"09/10/2022";"04:57:00";"457";"Acidente s";"218";"BR-116/RJ";"Pista Norte";"Choque em barreira New Jersey";1;0;0;0;0;0;0;0;0;0;1;0;0;0;0
"09/10/2022";"05:14:00";"463";"Acidente s";"96";"BR-116/SP";"Pista Sul";"Engavetamento";3;0;0;0;0;0;0;0;0;0;9;0;0;0;0
"09/10/2022";"05:25:00";"469";"Acidente s";"424.9";"BR-101/RJ";"Pista Norte";"Engavetamento";1;0;0;0;0;1;0;0;0;1;6;0;0;0;0
"09/10/2022";"05:39:00";"474";"Acidente s";"279.2";"BR-116/RJ";"Pista Sul";"Choque em barreira New Jersey";1;0;0;0;0;0;0;0;0;0;1;0;0;0;0
"09/10/2022";"06:27:00";"505";"Acidente s";"232";"BR-116/RJ";"Pista Norte";"Choque em barreira New Jersey";1;0;0;0;0;0;0;0;0;0;1;0;0;0;0
"09/10/2022";"06:42:00";"513";"Acidente s";"501";"BR-101/RJ";"Pista Norte";"Colisão frontal";2;0;0;0;0;0;0;0;0;0;2;0;0;0;0
"09/10/2022";"06:51:00";"520";"Acidente c";"147";"BR-116/SP";"Pista Norte";"Colisão traseira";1;0;0;1;0;0;0;0;0;0;2;0;2;0;0
"09/10/2022";"07:22:00";"541";"Acidente s";"172";"BR-116/RJ";"Pista Sul";"Choque em barreira New Jersey";1;0;0;0;0;0;0;0;0;0;1;0;0;0;0
"09/10/2022";"07:24:00";"543";"Acidente s";"401";"BR-101/RJ";"Pista Norte";"Outros";1;0;0;0;0;0;0;0;0;0;1;0;0;0;0
"09/10/2022";"07:40:00";"546";"Acidente s";"219";"BR-116/SP";"Pista Norte";"Colisão traseira";1;0;0;0;0;1;0;0;0;0;6;0;0;0;0
"09/10/2022";"08:56:00";"587";"Acidente s";"38";"BR-116/SP";"Pista Sul";"Colisão traseira";1;0;1;0;0;0;0;0;0;0;2;0;0;0;0
"09/10/2022";"08:58:00";"589";"Acidente s";"212";"BR-116/RJ";"Pista Norte";"Choque em barreira New Jersey";1;0;0;0;0;0;0;0;0;0;1;0;0;0;0
"09/10/2022";"09:23:00";"604";"Acidente s";"403";"BR-101/RJ";"Pista Sul";"Choque em objeto fixo";1;0;0;0;0;0;0;0;0;0;1;0;0;0;0
"09/10/2022";"09:34:00";"608";"Acidente s";"228.4";"BR-116/SP";"Pista Norte";"Abalroamento longitudinal";1;0;0;0;0;1;0;0;0;0;2;0;0;0;0
"09/10/2022";"10:33:00";"631";"Acidente s";"18";"BR-116/SP";"Pista Sul";"Choque em objeto na pista";0;0;1;0;0;0;0;0;0;0;1;0;0;0;0
"09/10/2022";"11:51:00";"658";"Atropelame";"135.45";"BR-116/SP";"Pista Norte";"Atropelamento de pedestre atravessando";0;0;0;0;0;1;0;0;0;0;1;0;1;0;0
"10/10/2022";"01:04:00";"28";"Acidente c";"224";"BR-116/SP";"Pista Sul";"Choque em barreira New Jersey";1;0;0;0;0;0;0;0;0;0;0;2;0;1;0
"10/10/2022";"01:18:00";"32";"Acidente s";"21.2";"BR-116/SP";"Pista Norte";"Engavetamento";0;0;3;0;0;0;0;0;0;0;3;0;0;0;0
"10/10/2022";"02:08:00";"42";"Acidente s";"94.2";"BR-116/SP";"Pista Sul";"Atropelamento de animal";0;0;0;0;0;1;0;0;0;0;1;0;0;0;0
"10/10/2022";"05:57:00";"89";"Acidente c";"76.2";"BR-116/SP";"Pista Sul";"Choque em barreira New Jersey";1;0;0;0;0;0;0;0;0;0;3;1;0;0;0
"10/10/2022";"06:30:00";"106";"Acidente s";"22.3";"BR-116/SP";"Pista Norte";"Choque em barreira New Jersey";1;0;0;0;0;0;0;0;0;0;1;0;0;0;0
"10/10/2022";"06:43:00";"114";"Acidente s";"231.5";"BR-116/SP";"Pista Sul";"Colisão traseira";2;0;0;0;0;0;0;0;0;0;2;0;0;0;0
"10/10/2022";"07:28:00";"194";"Acidente s";"139.2";"BR-116/SP";"Pista Sul";"Colisão traseira";2;0;0;0;0;0;0;0;0;0;2;0;0;0;0
"10/10/2022";"07:44:00";"226";"Acidente s";"223.8";"BR-116/SP";"Pista Sul";"Choque em barreira New Jersey";1;0;0;0;0;0;0;0;0;0;1;0;0;0;0
"10/10/2022";"08:16:00";"259";"Acidente s";"229.6";"BR-116/RJ";"Pista Norte";"Choque em objeto fixo";1;0;0;0;0;0;0;0;0;0;1;0;0;0;0
"10/10/2022";"08:23:00";"271";"Acidente s";"51";"BR-116/SP";"Pista Sul";"Choque em barreira New Jersey";0;0;1;0;0;0;0;0;0;0;2;0;0;0;0
"10/10/2022";"08:30:00";"277";"Acidente c";"226.6";"BR-116/RJ";"Pista Sul";"Colisão traseira";1;0;1;0;0;0;0;0;0;0;1;1;0;0;0
"10/10/2022";"08:55:00";"297";"Acidente c";"179.5";"BR-116/RJ";"Pista Sul";"Colisão traseira";1;0;0;1;0;0;0;0;0;0;1;1;0;0;0
"10/10/2022";"09:08:00";"313";"Acidente s";"139.5";"BR-116/SP";"Pista Sul";"Engavetamento";4;0;0;0;0;0;0;0;0;0;4;0;0;0;0
"10/10/2022";"10:13:00";"368";"Acidente s";"459";"BR-101/RJ";"Pista Norte";"Choque em objeto fixo";1;0;0;0;0;0;0;0;0;0;3;0;0;0;0
"10/10/2022";"12:16:00";"445";"Acidente s";"213.2";"BR-116/SP";"Pista Norte";"Abalroamento longitudinal";0;0;2;0;0;0;0;0;0;0;3;0;0;0;0
"10/10/2022";"12:36:00";"460";"Acidente c";"217.5";"BR-116/SP";"Pista Norte";"Capotamento";1;0;0;0;0;0;0;0;0;0;0;2;0;0;0
"10/10/2022";"01:05:00";"479";"Acidente s";"194.5";"BR-116/RJ";"Pista Sul";"Choque em defensa";1;0;0;0;0;0;0;0;0;0;1;0;0;0;0
"10/10/2022";"01:12:00";"483";"Acidente s";"217.1";"BR-116/SP";"Pista Norte";"Engavetamento";1;0;0;2;0;0;0;0;0;0;3;0;0;0;0
"10/10/2022";"02:41:00";"529";"Acidente s";"493";"BR-101/RJ";"Pista Sul";"Colisão traseira";2;0;0;0;0;0;0;0;0;0;2;0;0;0;0
"10/10/2022";"02:53:00";"538";"Acidente s";"268.4";"BR-116/RJ";"Pista Norte";"Abalroamento longitudinal";1;0;1;0;0;0;0;0;0;0;3;0;0;0;0
"10/10/2022";"03:06:00";"544";"Acidente s";"219.2";"BR-116/SP";"Pista Sul";"Colisão traseira";1;0;1;0;0;0;0;0;0;0;2;0;0;0;0
"10/10/2022";"04:26:00";"579";"Acidente c";"145.8";"BR-116/SP";"Pista Sul";"Colisão traseira";1;0;0;1;0;0;0;0;0;0;1;1;0;0;0
"10/10/2022";"04:36:00";"588";"Acidente s";"211.9";"BR-116/SP";"Pista Norte";"Engavetamento";0;0;2;0;0;2;0;0;0;0;4;0;0;0;0
"10/10/2022";"05:21:00";"618";"Acidente s";"216.8";"BR-116/SP";"Pista Norte";"Abalroamento longitudinal";1;0;0;0;0;1;0;0;0;0;2;0;0;0;0
"10/10/2022";"06:03:00";"643";"Acidente c";"175";"BR-116/RJ";"Pista Sul";"Colisão traseira";1;0;0;1;0;0;0;0;0;0;1;0;1;0;0
"10/10/2022";"06:54:00";"665";"Acidente c";"215.4";"BR-116/SP";"Pista Norte";"Engavetamento";1;0;2;0;0;0;0;0;0;0;4;1;0;0;0
"10/10/2022";"09:10:00";"736";"Acidente s";"106.2";"BR-116/SP";"Pista Sul";"Choque em objeto na pista";1;0;0;0;0;0;0;0;0;0;1;0;0;0;0
"10/10/2022";"09:58:00";"753";"Acidente s";"274.8";"BR-116/RJ";"Pista Sul";"Choque em barreira New Jersey";1;0;0;0;0;0;0;0;0;0;1;0;0;0;0
"10/10/2022";"10:09:00";"757";"Acidente c";"272.5";"BR-116/RJ";"Pista Norte";"Queda de moto";0;0;0;1;0;0;0;0;0;0;1;0;1;0;0
"10/10/2022";"10:21:00";"762";"Acidente c";"182";"BR-116/RJ";"Pista Norte";"Colisão traseira";1;0;0;0;1;0;0;0;0;0;43;2;0;0;0
"10/10/2022";"11:46:00";"786";"Atropelame";"84.6";"BR-116/SP";"Pista Sul";"Atropelamento de pedestre caminhando";1;0;0;0;0;0;0;0;0;0;2;1;0;0;0
"11/10/2022";"01:48:00";"24";"Acidente c";"186.6";"BR-116/RJ";"Pista Norte";"Colisão traseira";1;0;0;0;0;1;0;0;0;0;1;1;0;0;0
"11/10/2022";"05:12:00";"59";"Acidente s";"523";"BR-101/RJ";"Pista Norte";"Capotamento";1;0;0;0;0;0;0;0;0;0;1;0;0;0;0
"11/10/2022";"07:58:00";"217";"Acidente c";"286.9";"BR-116/RJ";"Pista Sul";"Outros";1;0;0;0;0;0;0;0;0;0;0;1;0;0;0
"11/10/2022";"10:27:00";"361";"Acidente s";"204.5";"BR-116/SP";"Pista Norte";"Queda de moto";0;0;0;1;0;0;0;0;0;0;1;0;0;0;0
"11/10/2022";"12:02:00";"434";"Acidente s";"225.9";"BR-116/SP";"Pista Norte";"Colisão traseira";1;0;1;0;0;0;0;0;0;0;2;0;0;0;0
"11/10/2022";"12:41:00";"452";"Acidente c";"180.5";"BR-116/RJ";"Pista Norte";"Colisão traseira";2;0;0;0;0;0;0;0;0;0;0;2;0;0;0
"11/10/2022";"01:35:00";"481";"Acidente c";"146.7";"BR-116/SP";"Pista Norte";"Colisão traseira";1;0;1;0;0;0;0;0;0;0;1;1;0;0;0
"11/10/2022";"01:42:00";"485";"Atropelame";"489";"BR-101/RJ";"Pista Norte";"Atropelamento de pedestre atravessando";0;0;0;1;0;0;0;0;0;0;0;2;0;0;0
"11/10/2022";"02:54:00";"544";"Acidente c";"227.3";"BR-116/SP";"Pista Norte";"Colisão traseira";1;0;1;0;0;0;0;0;0;0;1;1;0;0;0
"11/10/2022";"05:33:00";"647";"Acidente s";"217";"BR-116/SP";"Pista Sul";"Abalroamento longitudinal";1;0;1;0;0;0;0;0;0;0;2;0;0;0;0
"11/10/2022";"06:04:00";"675";"Acidente c";"110";"BR-116/SP";"Pista Norte";"Colisão traseira";0;0;0;2;0;0;0;0;0;0;1;1;0;0;0
"11/10/2022";"06:27:00";"692";"Acidente c";"218";"BR-116/SP";"Pista Sul";"Abalroamento longitudinal";1;0;0;1;0;0;0;0;0;0;1;1;0;0;0
"11/10/2022";"07:15:00";"731";"Acidente s";"151.9";"BR-116/SP";"Pista Norte";"Abalroamento longitudinal";1;0;1;0;0;0;0;0;0;0;3;0;0;0;0
"11/10/2022";"07:54:00";"755";"Atropelame";"80.6";"BR-116/SP";"Pista Sul";"Atropelamento de pedestre caminhando";1;0;0;0;0;0;0;0;0;0;1;0;0;0;1
"11/10/2022";"07:59:00";"759";"Acidente s";"225.95";"BR-116/SP";"Pista Sul";"Colisão traseira";1;0;1;0;0;0;0;0;0;0;2;0;0;0;0
"11/10/2022";"09:16:00";"791";"Acidente s";"230.8";"BR-116/SP";"Pista Norte";"Abalroamento longitudinal";1;0;1;0;0;0;0;0;0;1;3;0;0;0;0
"12/10/2022";"12:04:00";"18";"Acidente c";"151";"BR-116/SP";"Pista Norte";"Choque em defensa";1;0;0;0;0;0;0;0;0;0;0;1;0;0;0
"12/10/2022";"12:41:00";"26";"Acidente c";"488";"BR-101/RJ";"Pista Sul";"Colisão frontal";2;0;0;0;0;0;0;0;0;0;1;1;0;0;0
"12/10/2022";"01:30:00";"39";"Acidente c";"213.75";"BR-116/SP";"Pista Sul";"Choque em barreira New Jersey";1;0;0;0;0;0;0;0;0;0;1;2;0;0;0
"12/10/2022";"01:43:00";"41";"Acidente s";"149";"BR-116/SP";"Pista Norte";"Abalroamento longitudinal";0;0;0;0;0;1;0;0;0;2;4;0;0;0;0
"12/10/2022";"02:44:00";"58";"Acidente s";"213.5";"BR-116/SP";"Pista Norte";"Capotamento";1;0;0;0;0;0;0;0;0;0;1;0;0;0;0
"12/10/2022";"05:05:00";"86";"Acidente c";"433";"BR-101/RJ";"Pista Sul";"Colisão frontal";2;0;0;0;0;0;0;0;0;0;2;5;0;0;0
"12/10/2022";"05:09:00";"89";"Acidente c";"411.7";"BR-101/RJ";"Pista Sul";"Capotamento";1;0;0;0;0;0;0;0;0;0;0;1;0;0;0
"12/10/2022";"05:59:00";"98";"Acidente s";"454";"BR-101/RJ";"Pista Sul";"Choque em objeto fixo";1;0;0;0;0;0;0;0;0;0;1;0;0;0;0
"12/10/2022";"06:21:00";"115";"Acidente c";"204.5";"BR-116/SP";"Pista Norte";"Queda de moto";0;0;0;1;0;0;0;0;0;0;0;0;1;0;0
"12/10/2022";"07:09:00";"162";"Acidente c";"93.85";"BR-116/SP";"Pista Norte";"Queda de moto";0;0;0;1;0;0;0;0;0;0;0;1;0;0;0
"12/10/2022";"07:15:00";"172";"Acidente c";"542";"BR-101/RJ";"Pista Norte";"Choque em objeto fixo";1;0;0;0;0;0;0;0;0;0;0;1;0;0;0
"12/10/2022";"07:30:00";"188";"Acidente c";"77.85";"BR-116/SP";"Pista Norte";"Colisão traseira";1;0;0;1;0;0;0;0;0;0;5;0;1;0;0
"12/10/2022";"08:09:00";"222";"Acidente s";"182.3";"BR-116/SP";"Pista Norte";"Tombamento";0;0;1;0;0;0;0;0;0;0;1;0;0;0;0
"12/10/2022";"08:12:00";"224";"Acidente c";"227.2";"BR-116/RJ";"Pista Norte";"Tombamento";0;0;0;0;0;0;0;0;0;1;0;2;0;0;0
"12/10/2022";"08:39:00";"250";"Acidente s";"91";"BR-116/SP";"Pista Norte";"Colisão traseira";1;0;0;0;0;1;0;0;0;0;2;0;0;0;0
"12/10/2022";"09:04:00";"274";"Acidente s";"180.7";"BR-116/RJ";"Pista Norte";"Choque em barreira New Jersey";1;0;0;0;0;0;0;0;0;0;1;0;0;0;0
"12/10/2022";"10:23:00";"316";"Acidente s";"113";"BR-116/SP";"Pista Norte";"Abalroamento longitudinal";1;0;1;0;0;0;0;0;0;0;2;0;0;0;0
"12/10/2022";"10:33:00";"324";"Acidente c";"71.15";"BR-116/SP";"Pista Norte";"Engavetamento";1;0;0;2;0;0;0;0;0;0;2;1;1;0;0
"12/10/2022";"10:45:00";"329";"Acidente c";"98.4";"BR-116/SP";"Pista Sul";"Engavetamento";5;0;0;0;0;0;0;0;0;0;15;2;0;0;0
"12/10/2022";"02:08:00";"438";"Acidente s";"165.6";"BR-116/SP";"Pista Sul";"Abalroamento longitudinal";1;0;0;0;0;1;0;0;0;0;4;0;0;0;0
"12/10/2022";"02:43:00";"457";"Acidente s";"387";"BR-101/RJ";"Pista Norte";"Capotamento";1;0;0;0;0;0;0;0;0;0;1;0;0;0;0
"12/10/2022";"03:02:00";"469";"Acidente s";"74";"BR-116/SP";"Pista Sul";"Colisão traseira";0;0;0;0;1;0;0;0;0;1;8;0;0;0;0
"12/10/2022";"04:15:00";"516";"Acidente s";"190";"BR-116/RJ";"Pista Norte";"Choque em objeto na pista";1;0;0;0;0;0;0;0;0;0;2;0;0;0;0
"12/10/2022";"07:07:00";"591";"Acidente c";"51";"BR-101/SP";"Pista Norte";"Abalroamento longitudinal";1;0;0;1;0;0;0;0;0;0;1;1;0;0;0
"12/10/2022";"08:22:00";"618";"Acidente c";"251.6";"BR-116/RJ";"Pista Sul";"Colisão traseira";2;0;0;0;0;0;0;0;0;0;0;2;0;0;0
"12/10/2022";"08:25:00";"620";"Acidente c";"382";"BR-101/RJ";"Pista Norte";"Colisão traseira";1;0;0;0;0;1;0;0;0;0;2;1;1;0;0
"12/10/2022";"10:31:00";"654";"Acidente s";"190.1";"BR-116/SP";"Pista Norte";"Choque em barreira New Jersey";1;0;0;0;0;0;0;0;0;0;1;0;0;0;0
"12/10/2022";"10:42:00";"661";"Acidente s";"190.5";"BR-116/SP";"Pista Norte";"Colisão traseira";2;0;0;0;0;0;0;0;0;0;2;0;0;0;0
"13/10/2022";"12:22:00";"23";"Acidente c";"316.3";"BR-116/RJ";"Pista Norte";"Choque em barreira New Jersey";1;0;0;0;0;0;0;0;0;0;0;4;1;0;0
"13/10/2022";"01:28:00";"40";"Acidente c";"102.7";"BR-116/SP";"Pista Norte";"Abalroamento longitudinal";1;0;0;0;0;1;0;0;0;0;5;1;0;0;0
"13/10/2022";"02:28:00";"53";"Acidente c";"179";"BR-116/RJ";"Pista Sul";"Colisão traseira";1;0;0;1;0;0;0;0;0;0;1;0;2;0;0
"13/10/2022";"06:37:00";"122";"Atropelame";"133.2";"BR-116/SP";"Pista Norte";"Atropelamento de pedestre atravessando";0;1;1;0;0;0;0;0;0;0;2;0;0;0;1
"13/10/2022";"06:44:00";"136";"Acidente s";"226.1";"BR-116/SP";"Pista Sul";"Engavetamento";3;0;0;0;0;0;0;0;0;0;3;0;0;0;0
"13/10/2022";"07:01:00";"164";"Acidente c";"305";"BR-116/RJ";"Pista Sul";"Queda de moto";0;0;0;1;0;0;0;0;0;0;0;0;2;0;0
"13/10/2022";"07:39:00";"210";"Acidente s";"288.8";"BR-116/RJ";"Pista Norte";"Colisão traseira";1;0;1;0;0;0;0;0;0;0;2;0;0;0;0
"13/10/2022";"08:21:00";"258";"Acidente c";"221.4";"BR-116/SP";"Pista Sul";"Colisão traseira";0;0;0;1;0;1;0;0;0;0;1;1;0;0;0
"13/10/2022";"08:24:00";"264";"Acidente s";"168.3";"BR-116/RJ";"Pista Norte";"Engavetamento";4;0;0;0;0;0;0;0;0;0;5;0;0;0;0
"13/10/2022";"09:52:00";"361";"Acidente s";"183";"BR-116/RJ";"Pista Sul";"Colisão traseira";2;0;0;0;0;0;0;0;0;0;2;0;0;0;0
"13/10/2022";"10:24:00";"395";"Acidente c";"226.8";"BR-116/SP";"Pista Sul";"Colisão traseira";1;0;0;1;0;0;0;0;0;0;2;1;0;0;0
"13/10/2022";"12:56:00";"480";"Acidente s";"250.4";"BR-116/RJ";"Pista Norte";"Colisão traseira";1;0;1;0;0;0;0;0;0;0;2;0;0;0;0
"13/10/2022";"02:09:00";"533";"Acidente c";"142.1";"BR-116/SP";"Pista Norte";"Abalroamento longitudinal";1;0;0;1;0;0;0;0;0;0;1;1;0;0;0
"13/10/2022";"02:19:00";"537";"Acidente c";"166.6";"BR-116/RJ";"Pista Sul";"Abalroamento longitudinal";1;0;0;1;0;0;0;0;0;0;1;1;0;0;0
"13/10/2022";"02:44:00";"553";"Acidente c";"223.05";"BR-116/SP";"Pista Norte";"Colisão traseira";1;0;0;1;0;0;0;0;0;0;2;0;1;0;0
"13/10/2022";"03:43:00";"594";"Acidente c";"71.1";"BR-116/SP";"Pista Norte";"Queda de moto";0;0;0;1;0;0;0;0;0;0;0;1;0;0;0
"13/10/2022";"05:33:00";"676";"Acidente c";"202.8";"BR-116/SP";"Pista Norte";"Engavetamento";2;0;0;1;0;0;0;0;0;0;5;1;0;0;0
"13/10/2022";"05:41:00";"683";"Acidente c";"54.25";"BR-116/SP";"Pista Norte";"Queda de moto";0;0;0;1;0;0;0;0;0;0;0;1;0;0;0
"13/10/2022";"06:14:00";"704";"Acidente s";"215.1";"BR-116/SP";"Pista Norte";"Outros";0;0;1;0;0;0;0;0;0;0;1;0;0;0;0
"13/10/2022";"06:34:00";"717";"Acidente c";"139.1";"BR-116/SP";"Pista Sul";"Abalroamento longitudinal";1;0;0;1;0;0;0;0;0;0;1;1;0;0;0
"13/10/2022";"07:04:00";"737";"Acidente s";"31";"BR-101/SP";"Pista Sul";"Colisão traseira";2;0;0;0;0;0;0;0;0;0;6;0;0;0;0
"13/10/2022";"07:26:00";"760";"Acidente c";"305.8";"BR-116/RJ";"Pista Sul";"Colisão traseira";0;0;2;0;0;0;0;0;0;0;1;0;1;0;0
"13/10/2022";"08:12:00";"779";"Acidente s";"176.7";"BR-116/RJ";"Pista Sul";"Engavetamento";3;0;0;0;0;0;0;0;0;0;3;0;0;0;0
"13/10/2022";"08:44:00";"791";"Acidente c";"410";"BR-101/RJ";"Pista Sul";"Choque em veículo parado na pista";0;0;0;2;0;1;0;0;0;0;3;0;0;1;0
"13/10/2022";"11:01:00";"843";"Acidente s";"202";"BR-116/SP";"Pista Norte";"Choque em objeto na pista";1;0;0;0;0;0;0;0;0;0;1;0;0;0;0
"13/10/2022";"11:52:00";"853";"Acidente s";"94.1";"BR-116/SP";"Pista Norte";"Colisão traseira";0;0;2;0;0;0;0;0;0;0;2;0;0;0;0
"14/10/2022";"12:57:00";"26";"Acidente s";"48.1";"BR-116/SP";"Pista Sul";"Colisão traseira";1;0;1;0;0;0;0;0;0;0;4;0;0;0;0
"14/10/2022";"01:33:00";"31";"Acidente s";"23.7";"BR-116/SP";"Pista Norte";"Abalroamento longitudinal";0;0;2;0;0;0;0;0;0;0;2;0;0;0;0
"14/10/2022";"02:40:00";"46";"Acidente c";"260.58";"BR-116/RJ";"Pista Norte";"Colisão traseira";1;0;1;0;0;0;0;0;0;0;1;0;0;0;2
"14/10/2022";"03:06:00";"51";"Acidente s";"59";"BR-116/SP";"Pista Norte";"Choque em objeto na pista";0;0;1;0;0;0;0;0;0;0;1;0;0;0;0
"14/10/2022";"05:41:00";"68";"Acidente s";"170.8";"BR-116/SP";"Pista Norte";"Abalroamento longitudinal";1;0;1;0;0;0;0;0;0;0;2;0;0;0;0
"14/10/2022";"06:43:00";"113";"Acidente s";"395";"BR-101/RJ";"Pista Norte";"Choque em objeto fixo";1;0;0;0;0;0;0;0;0;0;1;0;0;0;0
"14/10/2022";"08:03:00";"229";"Acidente s";"387";"BR-101/RJ";"Pista Sul";"Colisão traseira";1;0;0;1;0;0;0;0;0;0;2;0;0;0;0
"14/10/2022";"08:04:00";"230";"Acidente s";"223.1";"BR-116/SP";"Pista Sul";"Queda de moto";0;0;0;1;0;0;0;0;0;0;1;0;0;0;0
"14/10/2022";"08:19:00";"251";"Acidente s";"145.7";"BR-116/SP";"Pista Sul";"Abalroamento longitudinal";0;0;0;1;0;1;0;0;0;0;2;0;0;0;0
"14/10/2022";"08:23:00";"255";"Acidente c";"213.3";"BR-116/SP";"Pista Sul";"Colisão traseira";1;0;0;2;0;0;0;0;0;0;3;2;0;0;0
"14/10/2022";"09:57:00";"340";"Acidente s";"189.1";"BR-116/SP";"Pista Norte";"Choque em objeto na pista";1;0;0;0;0;0;0;0;0;0;2;0;0;0;0
"14/10/2022";"10:47:00";"384";"Acidente s";"67.8";"BR-116/SP";"Pista Sul";"Colisão traseira";1;0;1;0;0;0;0;0;0;0;4;0;0;0;0
"14/10/2022";"10:55:00";"390";"Acidente c";"228.1";"BR-116/SP";"Pista Norte";"Queda de moto";0;0;0;1;0;0;0;0;0;0;0;0;1;0;0
"14/10/2022";"12:40:00";"445";"Acidente s";"276";"BR-116/RJ";"Pista Norte";"Abalroamento longitudinal";0;0;2;0;0;0;0;0;0;0;2;0;0;0;0
"14/10/2022";"02:39:00";"527";"Acidente s";"226.5";"BR-116/SP";"Pista Sul";"Colisão traseira";1;0;1;0;0;0;0;0;0;0;3;0;0;0;0
"14/10/2022";"02:44:00";"530";"Acidente c";"2.5";"BR-116/SP";"Pista Sul";"Capotamento";1;0;0;0;0;0;0;0;0;0;2;3;0;0;0
"14/10/2022";"03:29:00";"557";"Acidente c";"142.8";"BR-116/SP";"Pista Norte";"Colisão traseira";1;0;0;1;0;0;0;0;0;0;1;0;1;0;0
"14/10/2022";"03:29:00";"556";"Acidente s";"275.5";"BR-116/RJ";"Pista Sul";"Engavetamento";3;0;1;0;0;0;0;0;0;0;6;0;0;0;0
"14/10/2022";"04:17:00";"580";"Acidente s";"272";"BR-116/RJ";"Pista Sul";"Engavetamento";4;0;1;0;0;0;0;0;0;0;5;0;0;0;0
"14/10/2022";"05:13:00";"616";"Acidente c";"422";"BR-101/RJ";"Pista Sul";"Abalroamento longitudinal";2;0;0;0;0;0;0;0;0;0;1;2;0;0;0
"14/10/2022";"06:02:00";"638";"Acidente s";"302.3";"BR-116/RJ";"Pista Sul";"Colisão traseira";1;0;0;0;0;1;0;0;0;0;2;0;0;0;0
"14/10/2022";"06:08:00";"643";"Acidente s";"423";"BR-101/RJ";"Pista Norte";"Choque em objeto fixo";1;0;0;0;0;0;0;0;0;0;1;0;0;0;0