data;horario;n_da_ocorrencia;tipo_de_ocorrencia;km;trecho;sentido;tipo_de_acidente;automovel;bicicleta;caminhao;moto;onibus;outros;tracao_animal;transporte_de_cargas_especiais;trator_maquinas;utilitarios;ilesos;levemente_feridos;moderadamente_feridos;gravemente_feridos;mortos
"19/10/2022";"10:04:00";"737";"Atropelame";"410.8";"BR-101/RJ";"Pista Sul";"Atropelamento de pedestre atravessando";2;0;0;0;0;0;0;0;0;0;2;0;0;0;1
"19/10/2022";"10:50:00";"744";"Acidente s";"286.2";"BR-116/RJ";"Pista Norte";"Choque em barreira New Jersey";1;0;0;0;0;0;0;0;0;0;1;0;0;0;0
"20/10/2022";"04:48:00";"62";"Acidente c";"49.55";"BR-116/SP";"Pista Sul";"Colisão traseira";1;0;1;0;0;0;0;0;0;0;1;0;2;0;0
"20/10/2022";"09:16:00";"335";"Acidente s";"105.8";"BR-116/SP";"Pista Norte";"Abalroamento longitudinal";1;0;1;0;0;0;0;0;0;0;2;0;0;0;0
"20/10/2022";"09:20:00";"344";"Acidente c";"135.85";"BR-116/SP";"Pista Sul";"Queda de moto";0;0;0;1;0;0;0;0;0;0;0;1;0;0;0
"20/10/2022";"10:01:00";"386";"Acidente c";"306";"BR-116/RJ";"Pista Sul";"Engavetamento";4;0;0;1;0;1;0;0;0;0;5;2;0;0;0
"20/10/2022";"11:34:00";"454";"Acidente s";"67.7";"BR-116/SP";"Pista Sul";"Colisão traseira";0;0;1;0;0;1;0;0;0;0;3;0;0;0;0
"20/10/2022";"12:41:00";"492";"Acidente c";"82.6";"BR-116/SP";"Pista Sul";"Colisão traseira";0;0;1;1;0;0;0;0;0;0;1;1;0;0;0
"20/10/2022";"01:06:00";"510";"Acidente s";"281.6";"BR-116/RJ";"Pista Norte";"Colisão traseira";0;0;2;0;0;0;0;0;0;0;2;0;0;0;0
"20/10/2022";"02:02:00";"549";"Acidente s";"216.1";"BR-116/RJ";"Pista Sul";"Choque em objeto na pista";1;0;0;0;0;0;0;0;0;0;3;0;0;0;0
"20/10/2022";"03:40:00";"616";"Acidente s";"401";"BR-101/RJ";"Pista Sul";"Choque em barreira New Jersey";0;0;1;0;0;0;0;0;0;0;1;0;0;0;0
"20/10/2022";"03:49:00";"627";"Acidente s";"208";"BR-116/SP";"Pista Norte";"Capotamento";2;0;0;0;0;0;0;0;0;0;3;0;0;0;0
"20/10/2022";"04:11:00";"637";"Acidente c";"164.8";"BR-116/RJ";"Pista Sul";"Colisão traseira";0;0;0;0;0;0;0;0;0;2;1;1;0;0;0
"20/10/2022";"04:54:00";"669";"Acidente c";"125";"BR-116/SP";"Pista Sul";"Capotamento";1;0;0;0;0;0;0;0;0;0;0;1;0;0;0
"20/10/2022";"05:45:00";"688";"Acidente s";"299";"BR-116/RJ";"Pista Norte";"Colisão traseira";1;0;0;0;0;1;0;0;0;0;2;0;0;0;0
"20/10/2022";"10:57:00";"825";"Acidente c";"225.5";"BR-116/SP";"Pista Norte";"Abalroamento longitudinal";0;0;1;1;0;0;0;0;0;0;1;0;1;0;0
"20/10/2022";"11:03:00";"828";"Acidente s";"189.7";"BR-116/SP";"Pista Sul";"Colisão traseira";2;0;0;0;0;0;0;0;0;0;2;0;0;0;0
"21/10/2022";"01:35:00";"36";"Acidente c";"35.3";"BR-116/SP";"Pista Sul";"Queda de moto";0;0;0;1;0;0;0;0;0;0;0;1;1;0;0
"21/10/2022";"04:19:00";"69";"Acidente s";"197.1";"BR-116/SP";"Pista Sul";"Abalroamento longitudinal";2;0;1;0;0;1;0;0;0;0;4;0;0;0;0
"21/10/2022";"06:21:00";"112";"Acidente s";"216";"BR-116/RJ";"Pista Sul";"Colisão traseira";0;0;2;0;0;0;0;0;0;0;2;0;0;0;0
"21/10/2022";"06:56:00";"153";"Acidente s";"225.85";"BR-116/SP";"Pista Norte";"Abalroamento longitudinal";2;0;0;0;0;1;0;0;0;0;6;0;0;0;0
"21/10/2022";"07:05:00";"169";"Acidente s";"182";"BR-116/RJ";"Pista Norte";"Colisão traseira";1;0;0;0;1;0;0;0;0;0;42;0;0;0;0
"21/10/2022";"07:28:00";"213";"Acidente c";"212.2";"BR-116/SP";"Pista Sul";"Queda de moto";1;0;0;1;0;0;0;0;0;0;1;1;0;0;0
"21/10/2022";"08:01:00";"262";"Acidente c";"407";"BR-101/RJ";"Pista Sul";"Queda de moto";0;0;0;1;0;0;0;0;0;0;0;1;0;0;0
"21/10/2022";"08:25:00";"286";"Acidente c";"75.9";"BR-116/SP";"Pista Sul";"Capotamento";1;0;0;0;0;0;0;0;0;0;0;1;0;0;0
"21/10/2022";"08:29:00";"292";"Acidente s";"160";"BR-116/SP";"Pista Norte";"Abalroamento longitudinal";1;0;1;0;0;0;0;0;0;0;2;0;0;0;0
"21/10/2022";"08:40:00";"303";"Acidente s";"116";"BR-116/SP";"Pista Norte";"Engavetamento";2;0;1;0;0;0;0;0;0;0;3;0;0;0;0
"21/10/2022";"09:02:00";"331";"Acidente s";"211";"BR-116/SP";"Pista Sul";"Colisão traseira";0;0;2;0;0;0;0;0;0;0;2;0;0;0;0
"21/10/2022";"09:18:00";"350";"Acidente c";"278";"BR-116/RJ";"Pista Norte";"Abalroamento longitudinal";1;0;1;0;0;0;0;0;0;0;1;0;1;0;0
"21/10/2022";"09:31:00";"366";"Acidente c";"35.1";"BR-116/SP";"Pista Sul";"Abalroamento longitudinal";2;0;0;0;0;0;0;0;0;0;4;3;0;0;0
"21/10/2022";"09:42:00";"376";"Acidente c";"228.1";"BR-116/RJ";"Pista Norte";"Tombamento";0;0;1;0;0;0;0;0;0;0;0;0;1;0;0
"21/10/2022";"10:45:00";"427";"Acidente c";"42";"BR-101/SP";"Pista Norte";"Capotamento";1;0;0;0;0;0;0;0;0;0;0;1;0;0;0
"21/10/2022";"10:50:00";"434";"Acidente s";"563";"BR-101/RJ";"Pista Norte";"Colisão traseira";1;0;0;0;0;0;0;0;0;1;5;0;0;0;0
"21/10/2022";"01:19:00";"538";"Acidente s";"99";"BR-116/SP";"Pista Sul";"Não Def";0;0;0;1;0;0;0;0;0;0;1;0;0;0;0
"21/10/2022";"03:03:00";"619";"Acidente s";"575.1";"BR-101/RJ";"Pista Norte";"Colisão traseira";1;0;1;0;0;0;0;0;0;0;5;0;0;0;0
"21/10/2022";"05:15:00";"697";"Acidente s";"303";"BR-116/RJ";"Pista Sul";"Engavetamento";3;0;0;0;0;1;0;0;0;0;4;0;0;0;0
"21/10/2022";"05:16:00";"698";"Acidente c";"54.7";"BR-116/SP";"Pista Norte";"Engavetamento";3;0;0;0;0;1;0;0;0;0;2;2;0;0;0
"21/10/2022";"06:18:00";"732";"Acidente s";"167";"BR-116/RJ";"Pista Sul";"Colisão traseira";2;0;0;0;0;0;0;0;0;0;2;0;0;0;0
"21/10/2022";"07:04:00";"774";"Acidente c";"307";"BR-116/RJ";"Pista Sul";"Engavetamento";3;0;0;0;0;0;0;0;0;0;2;1;0;0;0
"21/10/2022";"07:38:00";"792";"Acidente c";"386";"BR-101/RJ";"Pista Norte";"Colisão traseira";1;0;0;1;0;0;0;0;0;0;3;1;0;0;0
"21/10/2022";"07:43:00";"794";"Acidente c";"167";"BR-116/RJ";"Pista Sul";"Colisão traseira";0;0;0;1;0;1;0;0;0;0;1;1;0;0;0
"21/10/2022";"07:46:00";"796";"Acidente s";"111.5";"BR-116/SP";"Pista Norte";"Choque em objeto fixo";1;0;0;0;0;0;0;0;0;0;1;0;0;0;0
"21/10/2022";"08:21:00";"820";"Acidente c";"468";"BR-101/RJ";"Pista Norte";"Atropelamento de animal";0;0;0;1;0;0;0;0;0;0;0;1;0;0;0
"21/10/2022";"08:29:00";"828";"Acidente c";"320";"BR-116/RJ";"Pista Sul";"Capotamento";1;0;0;0;0;0;0;0;0;0;1;0;0;1;0
"22/10/2022";"01:31:00";"33";"Acidente c";"219.7";"BR-116/SP";"Pista Norte";"Abalroamento longitudinal";1;0;1;0;0;0;0;0;0;0;1;1;0;0;0
"22/10/2022";"02:25:00";"46";"Acidente c";"213.3";"BR-116/SP";"Pista Norte";"Engavetamento";3;0;0;0;0;0;0;0;0;0;3;0;1;0;0
"22/10/2022";"02:49:00";"52";"Acidente s";"195";"BR-116/SP";"Pista Sul";"Colisão traseira";1;0;1;0;0;0;0;0;0;0;2;0;0;0;0
"22/10/2022";"06:04:00";"93";"Acidente s";"226.3";"BR-116/RJ";"Pista Sul";"Tombamento";0;0;1;0;0;0;0;0;0;0;1;0;0;0;0
"22/10/2022";"06:32:00";"105";"Acidente s";"228.4";"BR-116/SP";"Pista Sul";"Choque em defensa";1;0;0;0;0;0;0;0;0;0;1;0;0;0;0
"22/10/2022";"06:41:00";"113";"Acidente s";"312";"BR-116/RJ";"Pista Sul";"Colisão traseira";2;0;0;0;0;0;0;0;0;0;2;0;0;0;0
"22/10/2022";"08:28:00";"221";"Acidente c";"109.65";"BR-116/SP";"Pista Norte";"Colisão traseira";1;0;0;0;0;1;0;0;0;0;2;1;0;0;0
"22/10/2022";"08:36:00";"232";"Acidente s";"262.4";"BR-116/RJ";"Pista Norte";"Choque em objeto fixo";1;0;0;0;0;0;0;0;0;0;1;0;0;0;0
"22/10/2022";"08:50:00";"236";"Acidente s";"287";"BR-116/RJ";"Pista Sul";"Colisão traseira";2;0;0;0;0;1;0;0;0;0;4;0;0;0;0
"22/10/2022";"10:16:00";"281";"Acidente s";"103.4";"BR-116/SP";"Pista Norte";"Engavetamento";4;0;0;0;0;0;0;0;0;0;10;0;0;0;0
"22/10/2022";"10:18:00";"283";"Acidente s";"419";"BR-101/RJ";"Pista Sul";"Colisão traseira";2;0;0;0;0;0;0;0;0;0;2;0;0;0;0
"22/10/2022";"10:23:00";"285";"Acidente c";"179.35";"BR-116/RJ";"Pista Norte";"Colisão traseira";2;0;0;0;0;0;0;0;0;0;9;1;0;0;0
"22/10/2022";"12:09:00";"347";"Acidente c";"226.6";"BR-116/SP";"Pista Norte";"Colisão traseira";1;0;0;1;0;0;0;0;0;0;2;0;1;0;0
"22/10/2022";"12:53:00";"365";"Acidente s";"142.15";"BR-116/SP";"Pista Norte";"Colisão traseira";1;0;0;0;0;1;0;0;0;0;2;0;0;0;0
"22/10/2022";"02:36:00";"416";"Acidente s";"165";"BR-116/RJ";"Pista Norte";"Choque em objeto fixo";0;0;1;0;0;0;0;0;0;0;1;0;0;0;0
"22/10/2022";"02:45:00";"420";"Acidente c";"84.61";"BR-116/SP";"Pista Sul";"Engavetamento";3;0;0;0;0;1;0;0;0;0;6;2;1;0;0
"22/10/2022";"02:55:00";"426";"Atropelame";"166";"BR-116/RJ";"Pista Norte";"Atropelamento de pedestre atravessando";1;1;0;0;0;0;0;0;0;0;1;1;0;0;0
"22/10/2022";"03:38:00";"457";"Acidente c";"416";"BR-101/RJ";"Pista Sul";"Queda de moto";1;0;0;0;0;0;0;0;0;0;0;1;0;0;0
"22/10/2022";"03:49:00";"462";"Acidente c";"542";"BR-101/RJ";"Pista Norte";"Choque em objeto fixo";1;0;0;0;0;0;0;0;0;0;1;2;0;0;0
"22/10/2022";"04:24:00";"483";"Acidente s";"224.7";"BR-116/SP";"Pista Norte";"Engavetamento";2;0;1;0;0;0;0;0;0;0;3;0;0;0;0
"22/10/2022";"06:36:00";"541";"Acidente s";"272";"BR-116/RJ";"Pista Norte";"Choque em objeto na pista";1;0;0;0;0;0;0;0;0;0;1;0;0;0;0
"22/10/2022";"06:36:00";"540";"Acidente s";"272";"BR-116/RJ";"Pista Norte";"Choque em objeto na pista";1;0;0;0;0;0;0;0;0;0;1;0;0;0;0
"22/10/2022";"07:01:00";"557";"Acidente s";"112.2";"BR-116/SP";"Pista Norte";"Abalroamento longitudinal";2;0;0;0;0;0;0;0;0;0;6;0;0;0;0
"22/10/2022";"07:48:00";"574";"Acidente c";"511";"BR-101/RJ";"Pista Norte";"Colisão frontal";1;0;0;1;0;1;0;0;0;0;1;1;0;1;0
"22/10/2022";"09:12:00";"606";"Acidente c";"214.9";"BR-116/SP";"Pista Sul";"Colisão traseira";1;0;0;0;0;1;0;0;0;0;1;0;1;0;0
"22/10/2022";"09:43:00";"615";"Acidente c";"214.5";"BR-116/SP";"Pista Sul";"Colisão traseira";1;0;0;1;0;0;0;0;0;0;1;1;0;0;0
"22/10/2022";"10:02:00";"625";"Atropelame";"305.9";"BR-116/RJ";"Pista Sul";"Atropelamento de pedestre atravessando";1;0;0;0;0;0;0;0;0;0;1;0;0;0;1
"22/10/2022";"10:21:00";"631";"Acidente c";"212";"BR-116/SP";"Pista Sul";"Engavetamento";3;0;0;0;0;0;0;0;0;0;3;2;0;0;0
"22/10/2022";"10:25:00";"633";"Acidente c";"181";"BR-116/RJ";"Pista Norte";"Choque em objeto fixo";1;0;0;0;0;0;0;0;0;0;1;0;2;0;0
"22/10/2022";"11:08:00";"642";"Acidente s";"34.4";"BR-116/SP";"Pista Sul";"Choque em barreira New Jersey";1;0;0;0;0;0;0;0;0;0;2;0;0;0;0
"22/10/2022";"11:22:00";"645";"Acidente c";"385";"BR-101/RJ";"Pista Norte";"Choque em objeto fixo";2;0;0;0;0;0;0;0;0;0;1;1;0;0;0
"23/10/2022";"12:08:00";"17";"Acidente s";"90.2";"BR-116/SP";"Pista Norte";"Choque em objeto fixo";1;0;0;0;0;0;0;0;0;0;2;0;0;0;0
"23/10/2022";"01:46:00";"28";"Atropelame";"166.5";"BR-116/RJ";"Pista Norte";"Atropelamento de pedestre caminhando";0;0;0;0;0;1;0;0;0;0;1;0;0;0;1
"23/10/2022";"02:39:00";"40";"Acidente c";"171.7";"BR-116/RJ";"Pista Norte";"Atropelamento de animal";0;0;0;1;0;0;0;0;0;0;0;0;0;1;0
"23/10/2022";"03:07:00";"44";"Acidente c";"93.5";"BR-116/SP";"Pista Sul";"Colisão traseira";1;0;1;0;0;0;0;0;0;0;5;1;0;0;0
"23/10/2022";"04:14:00";"57";"Acidente c";"452";"BR-101/RJ";"Pista Norte";"Queda de moto";0;0;0;1;0;0;0;0;0;0;0;0;1;0;0
"23/10/2022";"05:17:00";"63";"Acidente s";"130.1";"BR-116/SP";"Pista Sul";"Capotamento";1;0;0;0;0;0;0;0;0;0;1;0;0;0;0
"23/10/2022";"06:28:00";"80";"Acidente s";"428";"BR-101/RJ";"Pista Norte";"Choque em objeto fixo";1;0;0;0;0;0;0;0;0;0;1;0;0;0;0
"23/10/2022";"07:27:00";"118";"Acidente s";"430.9";"BR-101/RJ";"Pista Sul";"Choque em objeto fixo";1;0;0;0;0;0;0;0;0;0;1;0;0;0;0
"23/10/2022";"07:33:00";"126";"Acidente s";"228.3";"BR-116/SP";"Pista Sul";"Colisão traseira";2;0;0;0;0;0;0;0;0;0;6;0;0;0;0
"23/10/2022";"07:43:00";"128";"Acidente s";"133.4";"BR-116/SP";"Pista Norte";"Colisão traseira";2;0;0;0;0;0;0;0;0;0;2;0;0;0;0
"23/10/2022";"07:58:00";"141";"Acidente c";"417";"BR-101/RJ";"Pista Sul";"Choque em barreira New Jersey";1;0;0;0;0;0;0;0;0;0;0;1;0;0;0
"23/10/2022";"09:38:00";"199";"Acidente s";"67.55";"BR-116/SP";"Pista Norte";"Atropelamento de animal";1;0;0;0;0;0;0;0;0;0;5;0;0;0;0
"23/10/2022";"02:27:00";"347";"Acidente s";"85.3";"BR-116/SP";"Pista Sul";"Colisão traseira";2;0;0;0;0;0;0;0;0;0;9;0;0;0;0
"23/10/2022";"02:35:00";"350";"Acidente c";"212.4";"BR-116/SP";"Pista Norte";"Queda de moto";0;0;0;1;0;0;0;0;0;0;0;0;1;0;0
"23/10/2022";"03:21:00";"377";"Acidente s";"97";"BR-116/SP";"Pista Sul";"Colisão traseira";2;0;0;0;0;0;0;0;0;0;3;0;0;0;0
"23/10/2022";"03:48:00";"390";"Acidente c";"166";"BR-116/RJ";"Pista Norte";"Abalroamento longitudinal";1;0;0;1;0;0;0;0;0;0;2;1;0;0;0
"23/10/2022";"05:00:00";"432";"Acidente s";"212.4";"BR-116/SP";"Pista Norte";"Colisão traseira";1;0;0;0;0;1;0;0;0;0;3;0;0;0;0
"23/10/2022";"05:17:00";"441";"Acidente s";"87.6";"BR-116/SP";"Pista Sul";"Engavetamento";3;0;0;0;0;1;0;0;0;0;7;0;0;0;0
"23/10/2022";"05:36:00";"450";"Acidente s";"136";"BR-116/SP";"Pista Norte";"Capotamento";1;0;0;0;0;0;0;0;0;0;1;0;0;0;0
"23/10/2022";"05:48:00";"456";"Acidente s";"387.5";"BR-101/RJ";"Pista Sul";"Colisão traseira";1;0;0;0;0;1;0;0;0;0;2;0;0;0;0
"23/10/2022";"07:12:00";"512";"Acidente s";"286";"BR-116/RJ";"Pista Norte";"Colisão traseira";2;0;0;0;0;0;0;0;0;0;2;0;0;0;0
"23/10/2022";"08:39:00";"555";"Acidente c";"212.5";"BR-116/SP";"Pista Sul";"Colisão traseira";1;0;0;1;0;0;0;0;0;0;1;1;1;0;0
"23/10/2022";"09:19:00";"568";"Acidente c";"471";"BR-101/RJ";"Pista Sul";"Queda de moto";0;0;0;1;0;0;0;0;0;0;0;1;0;0;0
"23/10/2022";"10:10:00";"581";"Acidente c";"57.7";"BR-116/SP";"Pista Norte";"Colisão traseira";2;0;0;0;0;0;0;0;0;0;4;1;0;0;0
"23/10/2022";"10:54:00";"595";"Acidente c";"211";"BR-116/SP";"Pista Sul";"Choque em objeto fixo";1;0;0;0;0;0;0;0;0;0;0;1;0;0;0
"24/10/2022";"01:29:00";"37";"Acidente c";"65";"BR-116/SP";"Pista Norte";"Choque em defensa";0;0;1;0;0;0;0;0;0;0;0;0;1;0;0
"24/10/2022";"04:11:00";"60";"Acidente c";"309.2";"BR-116/RJ";"Pista Sul";"Colisão traseira";1;0;0;0;0;1;0;0;0;0;1;1;0;0;0
"24/10/2022";"09:37:00";"343";"Acidente c";"449";"BR-101/RJ";"Pista Sul";"Engavetamento";2;0;1;0;0;0;0;0;0;0;3;1;0;0;0
"24/10/2022";"09:59:00";"363";"Acidente s";"386.5";"BR-101/RJ";"Pista Norte";"Colisão traseira";1;0;0;0;0;1;0;0;0;0;3;0;0;0;0
"24/10/2022";"10:19:00";"374";"Acidente s";"182";"BR-116/RJ";"Pista Norte";"Engavetamento";3;0;0;0;0;0;0;0;0;0;3;0;0;0;0
"24/10/2022";"10:22:00";"377";"Acidente c";"307.4";"BR-116/RJ";"Pista Sul";"Choque em defensa";1;0;0;0;0;0;0;0;0;0;0;0;1;0;0
"24/10/2022";"10:34:00";"393";"Acidente s";"307.4";"BR-116/RJ";"Pista Sul";"Choque em objeto fixo";0;0;1;0;0;0;0;0;0;0;2;0;0;0;0
"24/10/2022";"11:08:00";"414";"Acidente s";"307.3";"BR-116/RJ";"Pista Sul";"Engavetamento";2;0;0;0;0;3;0;0;0;0;6;0;0;0;0
"24/10/2022";"01:53:00";"516";"Acidente s";"220.6";"BR-116/SP";"Pista Norte";"Engavetamento";2;0;1;0;0;0;0;0;0;0;3;0;0;0;0
"24/10/2022";"03:21:00";"571";"Acidente c";"224.2";"BR-116/SP";"Pista Norte";"Colisão traseira";1;0;0;1;0;0;0;0;0;0;1;1;0;0;0
"24/10/2022";"04:18:00";"610";"Acidente c";"174.3";"BR-116/SP";"Pista Norte";"Queda de moto";0;0;0;1;0;0;0;0;0;0;0;1;0;0;0
"24/10/2022";"05:43:00";"645";"Acidente s";"245.1";"BR-116/RJ";"Pista Norte";"Choque em objeto fixo";1;0;0;0;0;0;0;0;0;0;1;0;0;0;0
"24/10/2022";"06:27:00";"675";"Acidente s";"478";"BR-101/RJ";"Pista Sul";"Choque em objeto fixo";1;0;0;0;0;0;0;0;0;0;1;0;0;0;0
"24/10/2022";"08:07:00";"716";"Acidente s";"31.2";"BR-116/SP";"Pista Sul";"Colisão traseira";1;0;1;0;0;0;0;0;0;0;3;0;0;0;0
"25/10/2022";"12:42:00";"20";"Acidente c";"198.1";"BR-116/SP";"Pista Sul";"Colisão traseira";0;0;2;0;0;0;0;0;0;0;1;0;0;1;0
"25/10/2022";"01:10:00";"24";"Acidente c";"46";"BR-101/SP";"Pista Norte";"Colisão traseira";1;0;0;0;1;0;0;0;0;0;1;0;1;0;0
"25/10/2022";"05:58:00";"69";"Acidente s";"227";"BR-116/RJ";"Pista Sul";"Choque em objeto na pista";0;0;0;0;0;0;0;0;0;1;1;0;0;0;0
"25/10/2022";"06:04:00";"73";"Acidente c";"213.2";"BR-116/SP";"Pista Sul";"Colisão traseira";1;0;2;0;0;0;0;0;0;0;2;1;0;0;0
"25/10/2022";"07:18:00";"196";"Acidente c";"262.95";"BR-116/RJ";"Pista Sul";"Colisão traseira";0;0;1;1;0;0;0;0;0;0;1;1;0;0;0
"25/10/2022";"07:34:00";"216";"Acidente c";"389";"BR-101/RJ";"Pista Sul";"Colisão traseira";0;0;1;1;0;0;0;0;0;0;1;1;0;0;0
"25/10/2022";"08:08:00";"269";"Acidente s";"476.5";"BR-101/RJ";"Pista Norte";"Choque em objeto fixo";1;0;0;0;0;0;0;0;0;0;1;0;0;0;0
"25/10/2022";"08:09:00";"270";"Acidente s";"174.2";"BR-116/RJ";"Pista Sul";"Colisão traseira";2;0;0;0;0;0;0;0;0;0;2;0;0;0;0
"25/10/2022";"08:19:00";"283";"Acidente s";"172.6";"BR-116/RJ";"Pista Sul";"Engavetamento";2;0;0;0;0;1;0;0;0;0;3;0;0;0;0
"25/10/2022";"10:24:00";"431";"Acidente c";"38.9";"BR-116/SP";"Pista Sul";"Queda de moto";0;0;0;1;0;0;0;0;0;0;0;1;0;0;0
"25/10/2022";"11:15:00";"468";"Acidente s";"419";"BR-101/RJ";"Pista Sul";"Choque em objeto fixo";0;0;1;0;0;0;0;0;0;0;1;0;0;0;0
"25/10/2022";"11:43:00";"487";"Acidente s";"219.1";"BR-116/SP";"Pista Sul";"Queda de moto";0;0;0;1;0;0;0;0;0;0;1;0;0;0;0
"25/10/2022";"12:06:00";"500";"Acidente s";"217";"BR-116/SP";"Pista Norte";"Abalroamento longitudinal";2;0;0;0;0;0;0;0;0;0;2;0;0;0;0
"25/10/2022";"12:14:00";"505";"Acidente s";"69.6";"BR-116/SP";"Pista Sul";"Choque em objeto na pista";1;0;0;0;0;0;0;0;0;0;1;0;0;0;0
"25/10/2022";"12:45:00";"521";"Acidente s";"204.5";"BR-116/SP";"Pista Sul";"Choque em objeto fixo";0;0;1;0;0;0;0;0;0;0;1;0;0;0;0
"25/10/2022";"12:48:00";"522";"Acidente c";"107";"BR-116/SP";"Pista Norte";"Colisão traseira";1;0;1;0;0;0;0;0;0;0;1;0;0;0;1
"25/10/2022";"01:45:00";"552";"Acidente s";"44.7";"BR-116/SP";"Pista Sul";"Choque em objeto na pista";1;0;0;0;0;0;0;0;0;0;1;0;0;0;0
"25/10/2022";"02:38:00";"586";"Acidente c";"138.7";"BR-116/SP";"Pista Sul";"Tombamento";0;0;1;0;0;0;0;0;0;0;0;1;0;0;0
"25/10/2022";"03:02:00";"606";"Acidente s";"217.2";"BR-116/SP";"Pista Sul";"Abalroamento longitudinal";0;1;0;1;0;0;0;0;0;0;2;0;0;0;0
"25/10/2022";"03:14:00";"615";"Acidente s";"313";"BR-116/RJ";"Pista Norte";"Abalroamento longitudinal";1;0;1;0;0;0;0;0;0;0;2;0;0;0;0
"25/10/2022";"03:21:00";"619";"Acidente s";"501.5";"BR-101/RJ";"Pista Norte";"Choque em objeto fixo";1;0;0;0;0;0;0;0;0;0;1;0;0;0;0
"25/10/2022";"06:41:00";"734";"Acidente s";"159.2";"BR-116/SP";"Pista Norte";"Abalroamento longitudinal";0;0;2;0;0;0;0;0;0;0;2;0;0;0;0
"25/10/2022";"06:52:00";"742";"Acidente c";"51";"BR-101/SP";"Pista Norte";"Atropelamento de pedestre atravessando";0;1;0;1;0;0;0;0;0;0;1;1;0;0;0
"25/10/2022";"07:02:00";"755";"Acidente s";"211.8";"BR-116/RJ";"Pista Sul";"Abalroamento longitudinal";1;0;0;0;0;1;0;0;0;0;2;0;0;0;0
"25/10/2022";"07:12:00";"760";"Acidente s";"230";"BR-116/RJ";"Pista Sul";"Colisão traseira";0;0;2;0;0;0;0;0;0;0;2;0;0;0;0
"25/10/2022";"08:56:00";"799";"Acidente s";"44.5";"BR-101/SP";"Pista Sul";"Atropelamento de animal";1;0;0;0;0;0;0;0;0;0;1;0;0;0;0
"25/10/2022";"09:23:00";"815";"Acidente s";"231";"BR-116/SP";"Pista Sul";"Abalroamento longitudinal";0;0;2;0;0;0;0;0;0;0;2;0;0;0;0
"25/10/2022";"11:26:00";"863";"Acidente c";"230.1";"BR-116/SP";"Pista Norte";"Colisão traseira";2;0;0;0;0;0;0;0;0;0;1;1;0;0;0
"25/10/2022";"11:51:00";"875";"Acidente s";"213.1";"BR-116/RJ";"Pista Sul";"Atropelamento de animal";1;0;0;0;0;0;0;0;0;0;1;0;0;0;0
"26/10/2022";"02:16:00";"48";"Acidente s";"129";"BR-116/SP";"Pista Norte";"Atropelamento de animal";1;0;0;0;0;0;0;0;0;0;5;0;0;0;0
"26/10/2022";"03:02:00";"54";"Acidente s";"259.3";"BR-116/RJ";"Pista Sul";"Queda de ribanceira";1;0;0;0;0;0;0;0;0;0;1;0;0;0;0
"26/10/2022";"03:28:00";"61";"Acidente s";"202.3";"BR-116/RJ";"Pista Norte";"Tombamento";0;0;1;0;0;0;0;0;0;0;1;0;0;0;0
"26/10/2022";"07:06:00";"193";"Acidente c";"140";"BR-116/SP";"Pista Sul";"Abalroamento longitudinal";0;0;0;2;0;0;0;0;0;1;1;2;0;0;0
"26/10/2022";"07:41:00";"259";"Acidente s";"434";"BR-101/RJ";"Pista Sul";"Choque em objeto fixo";1;0;0;0;0;0;0;0;0;0;1;0;0;0;0
"26/10/2022";"08:07:00";"289";"Acidente s";"219.3";"BR-116/SP";"Pista Norte";"Capotamento";1;0;0;0;0;0;0;0;0;0;1;0;0;0;0
"26/10/2022";"08:28:00";"313";"Acidente c";"145";"BR-116/SP";"Pista Sul";"Abalroamento longitudinal";1;0;0;1;0;0;0;0;0;0;2;1;0;0;0
"26/10/2022";"08:57:00";"349";"Acidente c";"96.1";"BR-116/SP";"Pista Norte";"Queda de moto";0;0;0;1;0;0;0;0;0;0;0;1;0;0;0
"26/10/2022";"09:42:00";"401";"Acidente c";"119.7";"BR-116/SP";"Pista Sul";"Queda de moto";0;0;0;1;0;0;0;0;0;1;2;0;1;0;0
"26/10/2022";"09:59:00";"417";"Acidente s";"316.7";"BR-116/RJ";"Pista Sul";"Choque em objeto fixo";0;0;1;0;0;0;0;0;0;0;1;0;0;0;0
"26/10/2022";"11:46:00";"492";"Acidente s";"264.1";"BR-116/RJ";"Pista Norte";"Abalroamento longitudinal";1;0;0;1;0;0;0;0;0;0;3;0;0;0;0
"26/10/2022";"11:53:00";"495";"Acidente s";"179.9";"BR-116/RJ";"Pista Norte";"Colisão traseira";1;0;0;0;0;1;0;0;0;0;2;0;0;0;0
"26/10/2022";"12:32:00";"517";"Acidente c";"264";"BR-116/RJ";"Pista Norte";"Choque em objeto fixo";1;0;0;0;0;0;0;0;0;0;2;1;0;0;0
"26/10/2022";"03:22:00";"628";"Acidente s";"202.8";"BR-116/RJ";"Pista Sul";"Engavetamento";3;0;0;0;0;0;0;0;0;0;3;0;0;0;0
"26/10/2022";"10:20:00";"880";"Acidente s";"210";"BR-116/SP";"Pista Sul";"Capotamento";1;0;0;0;0;0;0;0;0;0;1;0;0;0;0
"27/10/2022";"02:30:00";"58";"Acidente c";"40";"BR-116/SP";"Pista Norte";"Choque em defensa";0;0;0;0;0;0;0;0;0;1;0;1;0;0;0
"27/10/2022";"03:50:00";"84";"Acidente s";"245.5";"BR-116/RJ";"Pista Norte";"Abalroamento longitudinal";0;0;2;0;0;0;0;0;0;0;2;0;0;0;0