data;horario;n_da_ocorrencia;tipo_de_ocorrencia;km;trecho;sentido;tipo_de_acidente;automovel;bicicleta;caminhao;moto;onibus;outros;tracao_animal;transporte_de_cargas_especiais;trator_maquinas;utilitarios;ilesos;levemente_feridos;moderadamente_feridos;gravemente_feridos;mortos
"01/11/2022";"06:14:00";"353";"Acidente s";"232";"BR-116/RJ";"Pista Sul";"Choque em barreira New Jersey";1;0;0;0;0;0;0;0;0;0;2;0;0;0;0
"01/11/2022";"07:31:00";"388";"Acidente c";"46";"BR-116/SP";"Pista Sul";"Colisão traseira";1;0;0;1;0;0;0;0;0;0;1;0;1;0;0
"01/11/2022";"08:04:00";"395";"Acidente s";"524";"BR-101/RJ";"Pista Sul";"Choque em objeto fixo";1;0;0;0;0;0;0;0;0;0;1;0;0;0;0
"01/11/2022";"10:08:00";"431";"Acidente s";"89.5";"BR-116/SP";"Pista Sul";"Choque em objeto na pista";1;0;0;0;0;0;0;0;0;0;5;0;0;0;0
"02/11/2022";"05:26:00";"58";"Acidente s";"228.9";"BR-116/SP";"Pista Sul";"Choque em defensa";1;0;0;0;0;0;0;0;0;0;1;0;0;0;0
"02/11/2022";"10:57:00";"200";"Acidente s";"294";"BR-116/RJ";"Pista Sul";"Choque em objeto na pista";1;0;0;0;0;0;0;0;0;0;1;0;0;0;0
"02/11/2022";"11:09:00";"206";"Acidente s";"417.1";"BR-101/RJ";"Pista Sul";"Choque em objeto fixo";1;0;0;0;0;0;0;0;0;0;1;0;0;0;0
"02/11/2022";"11:24:00";"212";"Acidente s";"397.2";"BR-101/RJ";"Pista Sul";"Colisão traseira";2;0;0;0;0;0;0;0;0;0;4;0;0;0;0
"02/11/2022";"11:55:00";"217";"Acidente s";"418";"BR-101/RJ";"Pista Norte";"Choque em defensa";1;0;0;0;0;0;0;0;0;0;2;0;0;0;0
"02/11/2022";"12:07:00";"219";"Acidente s";"163";"BR-116/RJ";"Pista Sul";"Queda de moto";0;0;0;1;0;0;0;0;0;0;2;0;0;0;0
"02/11/2022";"12:27:00";"232";"Acidente c";"523";"BR-101/RJ";"Pista Sul";"Abalroamento longitudinal";2;0;0;0;0;0;0;0;0;0;1;2;1;0;0
"02/11/2022";"12:43:00";"237";"Acidente s";"233";"BR-116/RJ";"Pista Norte";"Choque em barreira New Jersey";1;0;0;0;0;0;0;0;0;0;1;0;0;0;0
"02/11/2022";"02:18:00";"258";"Acidente s";"156";"BR-116/SP";"Pista Sul";"Choque em objeto fixo";1;0;0;0;0;0;0;0;0;0;1;0;0;0;0
"02/11/2022";"03:41:00";"280";"Acidente s";"86.9";"BR-116/SP";"Pista Sul";"Colisão traseira";2;0;0;0;0;0;0;0;0;0;2;0;0;0;0
"02/11/2022";"05:39:00";"306";"Acidente s";"245.7";"BR-116/RJ";"Pista Norte";"Choque em barreira New Jersey";1;0;0;0;0;0;0;0;0;0;1;0;0;0;0
"02/11/2022";"07:54:00";"351";"Acidente s";"516";"BR-101/RJ";"Pista Norte";"Choque em objeto fixo";1;0;0;0;0;0;0;0;0;0;1;0;0;0;0
"02/11/2022";"07:56:00";"353";"Acidente c";"197";"BR-116/SP";"Pista Norte";"Colisão traseira";1;0;0;0;0;1;0;0;0;0;3;2;0;0;0
"02/11/2022";"10:29:00";"396";"Acidente c";"229";"BR-116/SP";"Pista Sul";"Choque em barreira New Jersey";1;0;0;0;0;1;0;0;0;0;2;1;0;0;0
"02/11/2022";"11:42:00";"408";"Acidente s";"40.5";"BR-101/SP";"Pista Sul";"Choque em objeto fixo";1;0;0;0;0;0;0;0;0;0;5;0;0;0;0
"03/11/2022";"12:12:00";"14";"Acidente c";"155.4";"BR-116/SP";"Pista Norte";"Choque em objeto fixo";1;0;0;0;0;0;0;0;0;0;0;1;0;0;0
"03/11/2022";"01:21:00";"20";"Acidente c";"390.8";"BR-101/RJ";"Pista Sul";"Choque em objeto fixo";1;0;0;0;0;0;0;0;0;0;0;1;0;0;0
"03/11/2022";"06:59:00";"149";"Acidente s";"139.5";"BR-116/SP";"Pista Sul";"Colisão traseira";0;0;2;0;0;0;0;0;0;0;2;0;0;0;0
"03/11/2022";"07:39:00";"199";"Acidente c";"225.95";"BR-116/SP";"Pista Norte";"Queda de moto";0;0;0;1;0;0;0;0;0;0;0;1;0;0;0
"03/11/2022";"07:58:00";"234";"Acidente c";"324.2";"BR-116/RJ";"Pista Norte";"Choque em barreira New Jersey";1;0;0;0;0;0;0;0;0;0;0;1;0;0;0
"03/11/2022";"08:30:00";"285";"Acidente c";"140";"BR-116/SP";"Pista Norte";"Engavetamento";1;0;1;0;0;0;0;0;0;1;2;1;0;0;0
"03/11/2022";"08:43:00";"299";"Acidente c";"219.4";"BR-116/SP";"Pista Sul";"Colisão traseira";1;0;0;1;0;0;0;0;0;0;1;1;0;0;0
"03/11/2022";"08:55:00";"317";"Acidente c";"204.5";"BR-116/SP";"Pista Norte";"Colisão traseira";1;0;1;0;0;0;0;0;0;0;2;1;0;0;0
"03/11/2022";"09:03:00";"335";"Acidente s";"219.3";"BR-116/SP";"Pista Sul";"Engavetamento";2;0;1;0;0;0;0;0;0;0;3;0;0;0;0
"03/11/2022";"11:59:00";"476";"Acidente s";"212.9";"BR-116/SP";"Pista Norte";"Tombamento";0;0;1;0;0;0;0;0;0;0;1;0;0;0;0
"03/11/2022";"12:09:00";"481";"Acidente c";"257.3";"BR-116/RJ";"Pista Sul";"Capotamento";1;0;0;0;0;0;0;0;0;0;0;0;1;0;0
"03/11/2022";"03:48:00";"598";"Acidente c";"40";"BR-101/SP";"Pista Sul";"Queda de moto";0;0;0;1;0;0;0;0;0;0;0;1;0;0;0
"03/11/2022";"04:21:00";"620";"Acidente s";"233.5";"BR-116/RJ";"Pista Norte";"Choque em defensa";1;0;0;0;0;0;0;0;0;0;1;0;0;0;0
"03/11/2022";"05:08:00";"645";"Acidente s";"421.6";"BR-101/RJ";"Pista Norte";"Queda de ribanceira";1;0;0;0;0;0;0;0;0;0;1;0;0;0;0
"03/11/2022";"05:52:00";"677";"Acidente s";"323";"BR-116/RJ";"Pista Sul";"Colisão traseira";1;0;1;0;0;0;0;0;0;0;2;0;0;0;0
"03/11/2022";"06:57:00";"719";"Acidente c";"219";"BR-116/SP";"Pista Sul";"Colisão traseira";2;0;0;0;0;0;0;0;0;0;1;1;0;0;0
"03/11/2022";"07:08:00";"727";"Acidente c";"224";"BR-116/SP";"Pista Norte";"Colisão traseira";0;0;0;1;0;1;0;0;0;0;1;0;1;0;0
"03/11/2022";"07:21:00";"731";"Acidente s";"210";"BR-116/SP";"Pista Sul";"Colisão traseira";1;0;0;0;0;1;0;0;0;0;2;0;0;0;0
"04/11/2022";"12:58:00";"21";"Acidente s";"146.7";"BR-116/SP";"Pista Norte";"Abalroamento longitudinal";0;0;1;0;1;0;0;0;0;0;4;0;0;0;0
"04/11/2022";"03:58:00";"46";"Acidente s";"306";"BR-116/RJ";"Pista Norte";"Colisão traseira";0;0;0;0;1;1;0;0;0;0;2;0;0;0;0
"04/11/2022";"05:35:00";"70";"Acidente s";"65.8";"BR-116/SP";"Pista Norte";"Tombamento";0;0;1;0;0;0;0;0;0;0;1;0;0;0;0
"04/11/2022";"05:55:00";"78";"Acidente c";"229.2";"BR-116/SP";"Pista Sul";"Queda de moto";0;0;0;1;0;0;0;0;0;0;0;1;0;0;0
"04/11/2022";"07:34:00";"200";"Acidente c";"195.5";"BR-116/RJ";"Pista Sul";"Engavetamento";2;0;0;0;0;0;0;0;0;1;2;1;0;0;0
"04/11/2022";"08:09:00";"246";"Acidente c";"143.8";"BR-116/SP";"Pista Sul";"Engavetamento";3;0;0;0;0;0;0;0;0;0;0;4;0;0;0
"04/11/2022";"08:32:00";"264";"Acidente s";"156.2";"BR-116/SP";"Pista Norte";"Abalroamento longitudinal";1;0;1;0;0;0;0;0;0;0;3;0;0;0;0
"04/11/2022";"10:41:00";"393";"Acidente s";"317.5";"BR-116/RJ";"Pista Sul";"Colisão traseira";0;0;3;0;0;0;0;0;0;0;3;0;0;0;0
"04/11/2022";"11:21:00";"415";"Acidente s";"291";"BR-116/RJ";"Pista Sul";"Abalroamento longitudinal";1;0;0;0;0;1;0;0;0;0;3;0;0;0;0
"04/11/2022";"12:01:00";"442";"Acidente s";"216.8";"BR-116/SP";"Pista Norte";"Engavetamento";2;0;0;0;0;0;0;0;0;1;6;0;0;0;0
"04/11/2022";"12:15:00";"451";"Acidente s";"233";"BR-116/RJ";"Pista Sul";"Abalroamento longitudinal";1;0;1;0;0;0;0;0;0;0;2;0;0;0;0
"04/11/2022";"01:07:00";"484";"Acidente s";"267.7";"BR-116/RJ";"Pista Sul";"Colisão traseira";1;0;1;0;0;0;0;0;0;0;2;0;0;0;0
"04/11/2022";"01:54:00";"509";"Acidente s";"226.5";"BR-116/SP";"Pista Norte";"Abalroamento longitudinal";1;0;1;0;0;0;0;0;0;0;2;0;0;0;0
"04/11/2022";"01:58:00";"513";"Acidente c";"385";"BR-101/RJ";"Pista Sul";"Abalroamento longitudinal";2;0;0;0;0;0;0;0;0;0;1;1;0;0;0
"04/11/2022";"02:14:00";"524";"Acidente c";"178";"BR-116/RJ";"Pista Sul";"Engavetamento";1;0;0;1;0;1;0;0;0;0;2;1;0;0;0
"04/11/2022";"02:18:00";"530";"Atropelame";"142.7";"BR-116/SP";"Pista Norte";"Atropelamento de pedestre atravessando";0;0;1;0;0;0;0;0;0;0;1;0;0;0;1
"04/11/2022";"02:39:00";"548";"Acidente s";"282.8";"BR-116/RJ";"Pista Sul";"Abalroamento longitudinal";0;0;2;0;0;0;0;0;0;0;2;0;0;0;0
"04/11/2022";"03:02:00";"559";"Acidente c";"178.85";"BR-116/RJ";"Pista Norte";"Colisão traseira";2;0;0;0;0;0;0;0;0;0;1;1;0;0;0
"04/11/2022";"04:21:00";"610";"Acidente s";"225.8";"BR-116/SP";"Pista Norte";"Colisão traseira";1;0;1;0;0;0;0;0;0;0;2;0;0;0;0
"04/11/2022";"04:42:00";"619";"Acidente s";"210.5";"BR-116/SP";"Pista Sul";"Colisão traseira";1;0;0;0;0;1;0;0;0;0;4;0;0;0;0
"04/11/2022";"04:48:00";"625";"Acidente c";"139.2";"BR-116/SP";"Pista Sul";"Abalroamento longitudinal";1;0;0;1;0;0;0;0;0;0;2;1;0;0;0
"04/11/2022";"07:57:00";"749";"Acidente c";"229";"BR-116/SP";"Pista Norte";"Colisão traseira";0;0;0;1;0;1;0;0;0;0;1;0;1;0;0
"04/11/2022";"07:58:00";"751";"Acidente c";"205";"BR-116/SP";"Pista Sul";"Colisão traseira";2;0;0;0;0;0;0;0;0;0;3;0;1;0;0
"04/11/2022";"08:01:00";"754";"Acidente c";"135.4";"BR-116/SP";"Pista Sul";"Queda de moto";0;0;0;1;0;0;0;0;0;0;0;1;0;0;0
"04/11/2022";"09:46:00";"800";"Acidente s";"111.1";"BR-116/SP";"Pista Norte";"Abalroamento longitudinal";1;0;1;0;0;0;0;0;0;0;3;0;0;0;0
"04/11/2022";"10:58:00";"825";"Acidente s";"70.2";"BR-116/SP";"Pista Sul";"Atropelamento de animal";1;0;0;0;0;0;0;0;0;0;2;0;0;0;0
"05/11/2022";"12:59:00";"25";"Acidente s";"336.6";"BR-116/RJ";"Pista Norte";"Atropelamento de animal";1;0;0;0;0;0;0;0;0;0;1;0;0;0;0
"05/11/2022";"01:14:00";"31";"Acidente c";"104.1";"BR-116/SP";"Pista Norte";"Colisão traseira";0;0;2;0;0;0;0;0;0;0;2;0;1;0;0
"05/11/2022";"02:56:00";"45";"Atropelame";"206.5";"BR-116/RJ";"Pista Sul";"Atropelamento de pedestre atravessando";1;0;0;0;0;0;0;0;0;0;1;0;0;0;1
"05/11/2022";"03:58:00";"57";"Acidente c";"72";"BR-116/SP";"Pista Sul";"Atropelamento de animal";1;0;0;0;0;0;0;0;0;0;0;2;1;0;0
"05/11/2022";"04:12:00";"61";"Acidente c";"179";"BR-116/RJ";"Pista Sul";"Capotamento";1;0;0;0;0;0;0;0;0;0;0;1;0;0;0
"05/11/2022";"04:40:00";"69";"Acidente s";"33.5";"BR-116/SP";"Pista Norte";"Choque em barreira New Jersey";1;0;0;0;0;0;0;0;0;0;1;0;0;0;0
"05/11/2022";"05:54:00";"90";"Acidente s";"52.6";"BR-101/SP";"Pista Norte";"Choque em veículo parado na pista";1;0;0;0;0;1;0;0;0;1;3;0;0;0;0
"05/11/2022";"06:27:00";"105";"Acidente c";"165";"BR-116/RJ";"Pista Sul";"Engavetamento";0;0;0;0;0;1;0;0;0;3;3;1;0;0;0
"05/11/2022";"10:06:00";"300";"Acidente c";"230.3";"BR-116/SP";"Pista Sul";"Colisão traseira";1;0;0;1;0;0;0;0;0;0;1;1;0;0;0
"05/11/2022";"10:21:00";"310";"Acidente c";"495";"BR-101/RJ";"Pista Sul";"Colisão traseira";2;0;0;0;0;0;0;0;0;0;3;1;0;0;0
"05/11/2022";"11:34:00";"356";"Acidente s";"219.7";"BR-116/RJ";"Pista Sul";"Choque em defensa";1;0;0;0;0;0;0;0;0;0;1;0;0;0;0
"05/11/2022";"11:38:00";"357";"Acidente s";"241.7";"BR-116/RJ";"Pista Sul";"Abalroamento longitudinal";1;0;1;0;0;0;0;0;0;0;2;0;0;0;0
"05/11/2022";"12:49:00";"387";"Acidente s";"213";"BR-116/RJ";"Pista Sul";"Colisão traseira";1;0;0;0;0;1;0;0;0;0;2;0;0;0;0
"05/11/2022";"02:01:00";"424";"Acidente c";"416";"BR-101/RJ";"Pista Norte";"Queda de moto";0;0;0;1;0;0;0;0;0;0;0;1;0;0;0
"05/11/2022";"02:10:00";"430";"Acidente c";"114.3";"BR-116/SP";"Pista Sul";"Queda de moto";0;0;0;1;0;0;0;0;0;0;1;1;0;0;0
"05/11/2022";"02:58:00";"445";"Acidente c";"219.8";"BR-116/SP";"Pista Norte";"Queda de moto";0;0;0;1;0;0;0;0;0;0;1;1;0;0;0
"05/11/2022";"03:10:00";"450";"Acidente c";"224.6";"BR-116/SP";"Pista Sul";"Engavetamento";3;0;0;0;0;0;0;0;0;0;3;1;0;0;0
"05/11/2022";"03:10:00";"449";"Acidente s";"139.3";"BR-116/SP";"Pista Sul";"Colisão traseira";2;0;0;0;0;0;0;0;0;0;3;0;0;0;0
"05/11/2022";"03:26:00";"455";"Acidente s";"139.7";"BR-116/SP";"Pista Sul";"Engavetamento";3;0;0;0;0;0;0;0;0;0;7;0;0;0;0
"05/11/2022";"03:52:00";"474";"Acidente s";"166";"BR-116/RJ";"Pista Norte";"Colisão traseira";2;0;0;0;0;0;0;0;0;0;2;0;0;0;0
"05/11/2022";"03:57:00";"476";"Acidente s";"169";"BR-116/RJ";"Pista Norte";"Engavetamento";3;0;0;0;0;0;0;0;0;0;3;0;0;0;0
"05/11/2022";"06:31:00";"538";"Acidente s";"229.1";"BR-116/SP";"Pista Sul";"Choque em defensa";1;0;0;0;0;0;0;0;0;0;1;0;0;0;0
"05/11/2022";"06:40:00";"542";"Atropelame";"503";"BR-101/RJ";"Pista Norte";"Atropelamento de pedestre atravessando";0;0;0;0;0;1;0;0;0;0;1;0;0;0;1
"05/11/2022";"07:18:00";"561";"Acidente s";"303";"BR-116/RJ";"Pista Sul";"Choque em objeto na pista";1;0;0;0;0;0;0;0;0;0;1;0;0;0;0
"05/11/2022";"08:11:00";"578";"Acidente s";"282.6";"BR-116/RJ";"Pista Sul";"Atropelamento de animal";1;0;0;0;0;0;0;0;0;0;1;0;0;0;0
"05/11/2022";"09:41:00";"617";"Acidente s";"157.5";"BR-116/SP";"Pista Norte";"Abalroamento longitudinal";1;0;0;0;0;1;0;0;0;0;3;0;0;0;0
"05/11/2022";"10:09:00";"628";"Acidente s";"539";"BR-101/RJ";"Pista Norte";"Choque em objeto fixo";1;0;0;0;0;0;0;0;0;0;1;0;0;0;0
"05/11/2022";"11:57:00";"658";"Acidente s";"390";"BR-101/RJ";"Pista Sul";"Abalroamento longitudinal";1;0;0;0;0;1;0;0;0;0;2;0;0;0;0
"06/11/2022";"12:58:00";"19";"Acidente s";"147.95";"BR-116/SP";"Pista Norte";"Colisão traseira";2;0;0;0;0;0;0;0;0;0;5;0;0;0;0
"06/11/2022";"01:24:00";"21";"Acidente s";"185.6";"BR-116/RJ";"Pista Sul";"Colisão traseira";2;0;0;0;0;0;0;0;0;0;2;0;0;0;0
"06/11/2022";"02:19:00";"31";"Acidente s";"150.2";"BR-116/SP";"Pista Sul";"Capotamento";1;0;0;0;0;0;0;0;0;0;1;0;0;0;0
"06/11/2022";"03:12:00";"42";"Acidente s";"183.9";"BR-116/RJ";"Pista Sul";"Outros";0;0;1;0;0;0;0;0;0;0;1;0;0;0;0
"06/11/2022";"04:00:00";"51";"Acidente s";"98";"BR-116/SP";"Pista Norte";"Colisão traseira";1;0;1;0;0;0;0;0;0;0;3;0;0;0;0
"06/11/2022";"07:02:00";"109";"Acidente s";"229.2";"BR-116/SP";"Pista Norte";"Choque em defensa";1;0;0;0;0;0;0;0;0;0;2;0;0;0;0
"06/11/2022";"07:45:00";"133";"Acidente s";"283.4";"BR-116/RJ";"Pista Sul";"Colisão traseira";1;0;1;0;0;0;0;0;0;0;3;0;0;0;0
"06/11/2022";"10:11:00";"196";"Acidente s";"166";"BR-116/RJ";"Pista Norte";"Choque em defensa";1;0;0;0;0;0;0;0;0;0;1;0;0;0;0
"06/11/2022";"12:21:00";"242";"Acidente c";"118.6";"BR-116/SP";"Pista Sul";"Colisão traseira";1;0;0;1;0;0;0;0;0;0;3;1;0;0;0
"06/11/2022";"12:55:00";"252";"Acidente c";"228";"BR-116/RJ";"Pista Sul";"Queda de moto";0;0;0;1;0;0;0;0;0;0;0;1;1;0;0
"06/11/2022";"02:29:00";"290";"Acidente s";"217";"BR-116/RJ";"Pista Norte";"Choque em barreira New Jersey";1;0;0;0;0;0;0;0;0;0;3;0;0;0;0
"06/11/2022";"03:13:00";"309";"Acidente c";"317";"BR-116/RJ";"Pista Sul";"Queda de moto";0;0;0;1;0;0;0;0;0;0;0;1;0;0;0
"06/11/2022";"03:14:00";"311";"Acidente s";"288";"BR-116/RJ";"Pista Norte";"Engavetamento";2;0;2;0;0;0;0;0;0;0;4;0;0;0;0
"06/11/2022";"03:39:00";"320";"Acidente s";"286.3";"BR-116/RJ";"Pista Norte";"Colisão traseira";2;0;0;0;0;0;0;0;0;0;4;0;0;0;0
"06/11/2022";"03:54:00";"331";"Acidente s";"96.8";"BR-116/SP";"Pista Sul";"Colisão traseira";0;0;1;0;1;0;0;0;0;0;36;0;0;0;0
"06/11/2022";"04:59:00";"365";"Acidente c";"26.4";"BR-116/SP";"Pista Sul";"Choque em barreira New Jersey";1;0;0;0;0;0;0;0;0;0;1;0;1;0;0
"06/11/2022";"05:43:00";"385";"Acidente s";"10.9";"BR-116/SP";"Pista Sul";"Choque em objeto fixo";1;0;0;0;0;0;0;0;0;0;1;0;0;0;0
"06/11/2022";"06:14:00";"404";"Acidente s";"163";"BR-116/RJ";"Pista Norte";"Choque em objeto fixo";0;0;0;0;0;0;0;0;0;1;1;0;0;0;0
"06/11/2022";"08:22:00";"461";"Acidente s";"230.8";"BR-116/RJ";"Pista Norte";"Choque Talude";1;0;0;0;0;0;0;0;0;0;4;0;0;0;0
"06/11/2022";"08:47:00";"470";"Acidente s";"245";"BR-116/RJ";"Pista Norte";"Choque em objeto fixo";0;0;1;0;0;0;0;0;0;0;1;0;0;0;0
"07/11/2022";"03:50:00";"36";"Acidente c";"184";"BR-116/RJ";"Pista Norte";"Colisão traseira";1;0;0;1;0;0;0;0;0;0;1;0;1;0;0
"07/11/2022";"05:34:00";"50";"Acidente s";"422.6";"BR-101/RJ";"Pista Norte";"Colisão frontal";2;0;0;0;0;0;0;0;0;0;2;0;0;0;0
"07/11/2022";"05:57:00";"56";"Acidente c";"175";"BR-116/RJ";"Pista Norte";"Choque em defensa";1;0;0;0;0;0;0;0;0;0;0;2;0;0;0
"07/11/2022";"06:03:00";"61";"Acidente s";"231.4";"BR-116/RJ";"Pista Sul";"Choque Talude";1;0;0;0;0;0;0;0;0;0;1;0;0;0;0
"07/11/2022";"06:51:00";"109";"Acidente s";"209.5";"BR-116/SP";"Pista Sul";"Colisão traseira";2;0;0;0;0;0;0;0;0;0;5;0;0;0;0
"07/11/2022";"06:54:00";"114";"Acidente s";"278.5";"BR-116/RJ";"Pista Sul";"Choque em objeto fixo";1;0;0;0;0;0;0;0;0;0;1;0;0;0;0
"07/11/2022";"07:31:00";"159";"Acidente s";"186.6";"BR-116/RJ";"Pista Sul";"Engavetamento";3;0;0;0;0;0;0;0;0;0;3;0;0;0;0
"07/11/2022";"07:55:00";"191";"Acidente s";"221";"BR-116/RJ";"Pista Sul";"Choque em defensa";1;0;0;0;0;0;0;0;0;0;1;0;0;0;0
"07/11/2022";"08:22:00";"224";"Acidente s";"149.5";"BR-116/SP";"Pista Sul";"Colisão traseira";1;0;0;0;0;0;0;0;0;0;1;0;0;0;0
"07/11/2022";"10:59:00";"394";"Acidente c";"192.6";"BR-116/RJ";"Pista Sul";"Colisão traseira";2;0;0;0;0;0;0;0;0;0;2;1;0;0;0
"07/11/2022";"11:58:00";"442";"Acidente s";"516";"BR-101/RJ";"Pista Sul";"Choque em objeto fixo";1;0;0;0;0;0;0;0;0;0;1;0;0;0;0
"07/11/2022";"01:12:00";"482";"Acidente s";"442";"BR-101/RJ";"Pista Norte";"Choque Talude";1;0;0;0;0;0;0;0;0;0;1;0;0;0;0
"07/11/2022";"01:19:00";"487";"Acidente s";"303";"BR-116/RJ";"Pista Norte";"Choque em barreira New Jersey";0;0;1;0;0;0;0;0;0;0;2;0;0;0;0
"07/11/2022";"03:38:00";"561";"Acidente c";"504";"BR-101/RJ";"Pista Sul";"Abalroamento longitudinal";1;0;0;1;0;0;0;0;0;0;1;0;1;0;0
"07/11/2022";"03:43:00";"565";"Acidente s";"232";"BR-116/RJ";"Pista Norte";"Choque em objeto fixo";1;0;0;0;0;0;0;0;0;0;1;0;0;0;0
"07/11/2022";"04:51:00";"606";"Acidente s";"417";"BR-101/RJ";"Pista Norte";"Colisão traseira";1;0;0;0;0;1;0;0;0;0;2;0;0;0;0
"07/11/2022";"05:46:00";"638";"Acidente c";"224.2";"BR-116/SP";"Pista Sul";"Abalroamento longitudinal";1;0;1;0;0;0;0;0;0;0;3;0;1;0;0
"07/11/2022";"07:00:00";"682";"Acidente s";"216";"BR-116/SP";"Pista Norte";"Colisão traseira";2;0;0;0;0;0;0;0;0;0;2;0;0;0;0
"07/11/2022";"07:04:00";"684";"Acidente s";"265";"BR-116/RJ";"Pista Sul";"Choque em objeto fixo";1;0;0;0;0;0;0;0;0;0;2;0;0;0;0
"07/11/2022";"07:22:00";"698";"Acidente s";"300.5";"BR-116/RJ";"Pista Sul";"Abalroamento longitudinal";1;0;1;0;0;0;0;0;0;0;2;0;0;0;0
"07/11/2022";"07:24:00";"700";"Atropelame";"263";"BR-116/RJ";"Pista Norte";"Atropelamento de pedestre atravessando";0;0;0;1;0;0;0;0;0;0;0;0;0;2;0
"07/11/2022";"07:26:00";"706";"Acidente c";"217.4";"BR-116/SP";"Pista Sul";"Abalroamento longitudinal";1;0;0;1;0;0;0;0;0;0;2;1;0;0;0
"07/11/2022";"11:09:00";"787";"Acidente s";"383";"BR-101/RJ";"Pista Norte";"Colisão traseira";1;0;0;0;1;0;0;0;0;0;17;0;0;0;0
"08/11/2022";"03:42:00";"41";"Acidente s";"228.5";"BR-116/RJ";"Pista Norte";"Choque em barreira New Jersey";0;0;1;0;0;0;0;0;0;0;1;0;0;0;0
"08/11/2022";"03:55:00";"43";"Acidente s";"22.3";"BR-116/SP";"Pista Norte";"Choque em objeto na pista";0;0;1;0;0;0;0;0;0;0;1;0;0;0;0
"08/11/2022";"04:05:00";"46";"Acidente c";"22.3";"BR-116/SP";"Pista Sul";"Choque em barreira New Jersey";0;0;1;0;0;0;0;0;0;0;0;1;0;1;0
"08/11/2022";"04:26:00";"53";"Acidente c";"230.9";"BR-116/SP";"Pista Norte";"Tombamento";0;0;1;0;0;0;0;0;0;0;0;1;0;0;0
"08/11/2022";"07:33:00";"211";"Acidente c";"140.3";"BR-116/SP";"Pista Sul";"Colisão traseira";2;0;0;0;0;0;0;0;0;0;1;1;0;0;0
"08/11/2022";"07:57:00";"246";"Acidente s";"206";"BR-116/SP";"Pista Sul";"Engavetamento";2;0;0;0;0;1;0;0;0;0;4;0;0;0;0
"08/11/2022";"08:04:00";"257";"Acidente s";"215.5";"BR-116/SP";"Pista Norte";"Colisão traseira";1;0;0;0;0;1;0;0;0;0;2;0;0;0;0
"08/11/2022";"08:06:00";"263";"Acidente s";"142.3";"BR-116/SP";"Pista Norte";"Colisão traseira";2;0;0;0;0;0;0;0;0;0;2;0;0;0;0
"08/11/2022";"09:57:00";"391";"Acidente s";"205.3";"BR-116/SP";"Pista Sul";"Colisão traseira";1;0;0;0;0;1;0;0;0;0;2;0;0;0;0
"08/11/2022";"10:31:00";"418";"Acidente c";"227";"BR-116/SP";"Pista Sul";"Colisão traseira";0;0;1;0;0;0;0;0;0;1;1;2;0;0;0
"08/11/2022";"02:52:00";"577";"Acidente s";"384";"BR-101/RJ";"Pista Sul";"Tombamento";0;0;1;0;0;0;0;0;0;0;2;0;0;0;0
"08/11/2022";"04:05:00";"613";"Acidente s";"242";"BR-116/RJ";"Pista Sul";"Choque em objeto fixo";1;0;0;0;0;0;0;0;0;0;1;0;0;0;0
"08/11/2022";"05:17:00";"654";"Acidente s";"280";"BR-116/RJ";"Pista Norte";"Choque em objeto fixo";0;0;1;0;0;0;0;0;0;0;1;0;0;0;0
"08/11/2022";"05:30:00";"667";"Acidente c";"230";"BR-116/SP";"Pista Norte";"Colisão traseira";1;0;0;1;0;0;0;0;0;0;1;0;1;0;0
"08/11/2022";"06:41:00";"704";"Acidente c";"175.2";"BR-116/RJ";"Pista Sul";"Engavetamento";3;0;0;0;0;0;0;0;0;0;4;3;0;0;0
"08/11/2022";"08:26:00";"752";"Acidente c";"228";"BR-116/SP";"Pista Norte";"Colisão traseira";2;0;0;0;0;0;0;0;0;0;2;1;0;0;0
"08/11/2022";"08:55:00";"763";"Acidente s";"574";"BR-101/RJ";"Pista Norte";"Outros";0;0;0;1;0;0;0;0;0;0;1;0;0;0;0
"08/11/2022";"09:08:00";"767";"Acidente c";"510";"BR-101/RJ";"Pista Sul";"Colisão frontal";2;0;0;0;0;0;0;0;0;0;1;6;0;0;0
"08/11/2022";"09:52:00";"785";"Acidente s";"134";"BR-116/SP";"Pista Sul";"Choque em objeto na pista";1;0;0;0;0;0;0;0;0;0;3;0;0;0;0
"09/11/2022";"01:33:00";"33";"Acidente s";"214.5";"BR-116/SP";"Pista Sul";"Colisão traseira";1;0;0;0;0;1;0;0;0;0;1;0;0;0;0
"09/11/2022";"04:56:00";"60";"Acidente s";"229";"BR-116/SP";"Pista Norte";"Colisão traseira";0;0;1;0;0;1;0;0;0;0;2;0;0;0;0
"09/11/2022";"07:30:00";"211";"Acidente c";"122.8";"BR-116/SP";"Pista Norte";"Tombamento";0;0;1;0;0;0;0;0;0;0;0;1;0;0;0
"09/11/2022";"07:32:00";"214";"Acidente s";"227.8";"BR-116/RJ";"Pista Sul";"Colisão traseira";1;0;1;0;0;0;0;0;0;0;2;0;0;0;0
"09/11/2022";"07:42:00";"221";"Acidente c";"217.5";"BR-116/SP";"Pista Sul";"Queda de moto";0;0;0;1;0;0;0;0;0;0;0;1;0;0;0
"09/11/2022";"07:56:00";"238";"Acidente s";"123.6";"BR-116/SP";"Pista Norte";"Colisão traseira";2;0;0;0;0;0;0;0;0;0;2;0;0;0;0
"09/11/2022";"08:32:00";"284";"Acidente c";"437";"BR-101/RJ";"Pista Sul";"Queda de moto";0;0;0;1;0;0;0;0;0;0;0;1;0;0;0