data;horario;n_da_ocorrencia;tipo_de_ocorrencia;km;trecho;sentido;tipo_de_acidente;automovel;bicicleta;caminhao;moto;onibus;outros;tracao_animal;transporte_de_cargas_especiais;trator_maquinas;utilitarios;ilesos;levemente_feridos;moderadamente_feridos;gravemente_feridos;mortos
"09/11/2022";"09:10:00";"327";"Acidente s";"210.15";"BR-116/SP";"Pista Sul";"Colisão traseira";1;0;0;1;0;0;0;0;0;0;2;0;0;0;0
"09/11/2022";"09:14:00";"335";"Acidente s";"223.3";"BR-116/SP";"Pista Sul";"Colisão traseira";0;0;1;0;0;1;0;0;0;0;3;0;0;0;0
"09/11/2022";"11:04:00";"430";"Acidente c";"224.4";"BR-116/SP";"Pista Sul";"Engavetamento";1;0;3;0;0;0;0;0;0;0;2;3;0;0;0
"09/11/2022";"11:35:00";"454";"Acidente s";"421";"BR-101/RJ";"Pista Norte";"Choque em objeto fixo";0;0;0;0;0;0;0;0;0;1;1;0;0;0;0
"09/11/2022";"02:47:00";"576";"Acidente s";"223.4";"BR-116/SP";"Pista Sul";"Colisão traseira";1;0;1;0;0;0;0;0;0;0;3;0;0;0;0
"09/11/2022";"02:48:00";"578";"Acidente c";"36.7";"BR-116/SP";"Pista Sul";"Colisão traseira";0;0;2;0;0;0;0;0;0;0;0;2;0;0;0
"09/11/2022";"03:05:00";"595";"Acidente s";"155.9";"BR-116/SP";"Pista Norte";"Colisão traseira";1;0;0;0;0;1;0;0;0;0;2;0;0;0;0
"09/11/2022";"03:59:00";"637";"Acidente s";"300.5";"BR-116/RJ";"Pista Norte";"Choque em veículo parado na pista";1;0;0;0;0;1;0;0;0;0;2;0;0;0;0
"09/11/2022";"04:30:00";"660";"Acidente c";"230";"BR-116/SP";"Pista Norte";"Queda de moto";0;0;0;1;0;0;0;0;0;0;0;2;0;0;0
"09/11/2022";"04:51:00";"671";"Acidente s";"162";"BR-116/SP";"Pista Sul";"Colisão traseira";1;0;1;0;0;0;0;0;0;0;2;0;0;0;0
"09/11/2022";"05:07:00";"681";"Acidente s";"167.8";"BR-116/SP";"Pista Norte";"Colisão traseira";0;0;2;0;0;0;0;0;0;0;3;0;0;0;0
"09/11/2022";"05:47:00";"707";"Acidente c";"216.8";"BR-116/SP";"Pista Sul";"Colisão traseira";1;0;0;1;0;0;0;0;0;0;1;0;1;1;0
"09/11/2022";"08:13:00";"793";"Acidente c";"113.8";"BR-116/SP";"Pista Sul";"Colisão traseira";1;0;0;0;1;0;0;0;0;0;1;2;0;0;0
"09/11/2022";"08:19:00";"797";"Acidente c";"316.8";"BR-116/RJ";"Pista Sul";"Queda de moto";0;0;0;1;0;0;0;0;0;0;0;0;0;1;0
"09/11/2022";"09:50:00";"825";"Acidente s";"58";"BR-116/SP";"Pista Norte";"Choque em objeto na pista";1;0;0;0;0;0;0;0;0;0;1;0;0;0;0
"09/11/2022";"10:20:00";"839";"Acidente c";"223";"BR-116/SP";"Pista Norte";"Colisão traseira";1;0;0;1;0;0;0;0;0;0;1;1;1;0;0
"09/11/2022";"10:24:00";"840";"Acidente s";"290";"BR-116/RJ";"Pista Sul";"Abalroamento longitudinal";1;0;1;0;0;0;0;0;0;0;3;0;0;0;0
"09/11/2022";"10:26:00";"842";"Acidente c";"219.6";"BR-116/SP";"Pista Norte";"Colisão traseira";0;0;1;1;0;0;0;0;0;0;1;0;0;0;1
"10/11/2022";"12:24:00";"14";"Acidente s";"225";"BR-116/SP";"Pista Sul";"Colisão traseira";0;0;1;0;0;0;0;0;0;1;2;0;0;0;0
"10/11/2022";"01:17:00";"23";"Acidente s";"172.9";"BR-116/SP";"Pista Norte";"Outros";0;0;1;0;0;0;0;0;0;0;1;0;0;0;0
"10/11/2022";"01:21:00";"24";"Acidente s";"237.8";"BR-116/RJ";"Pista Sul";"Choque em objeto na pista";2;0;0;0;0;0;0;0;0;0;2;0;0;0;0
"10/11/2022";"01:30:00";"26";"Acidente s";"290";"BR-116/RJ";"Pista Norte";"Choque em objeto na pista";1;0;0;0;0;0;0;0;0;0;1;0;0;0;0
"10/11/2022";"03:52:00";"52";"Acidente s";"199.7";"BR-116/RJ";"Pista Sul";"Atropelamento de animal";3;0;1;0;0;0;0;0;0;0;5;0;0;0;0
"10/11/2022";"04:22:00";"57";"Acidente s";"213.1";"BR-116/RJ";"Pista Sul";"Atropelamento de animal";1;0;0;0;0;0;0;0;0;0;1;0;0;0;0
"10/11/2022";"06:47:00";"132";"Acidente c";"184";"BR-116/RJ";"Pista Norte";"Colisão traseira";1;0;0;1;0;0;0;0;0;0;1;2;0;0;0
"10/11/2022";"07:00:00";"155";"Acidente s";"383";"BR-101/RJ";"Pista Norte";"Capotamento";1;0;0;0;0;0;0;0;0;0;1;0;0;0;0
"10/11/2022";"07:08:00";"169";"Acidente c";"484";"BR-101/RJ";"Pista Sul";"Abalroamento longitudinal";2;0;0;0;0;0;0;0;0;0;1;1;0;0;0
"10/11/2022";"07:22:00";"194";"Acidente s";"143";"BR-116/SP";"Pista Norte";"Colisão traseira";1;0;0;0;0;1;0;0;0;0;2;0;0;0;0
"10/11/2022";"07:30:00";"213";"Acidente s";"141";"BR-116/SP";"Pista Sul";"Colisão traseira";1;0;0;0;0;1;0;0;0;0;1;0;0;0;0
"10/11/2022";"08:11:00";"290";"Acidente s";"174";"BR-116/RJ";"Pista Sul";"Colisão traseira";1;0;0;0;0;1;0;0;0;0;2;0;0;0;0
"10/11/2022";"09:41:00";"394";"Acidente s";"146";"BR-116/SP";"Pista Norte";"Colisão traseira";0;0;1;0;0;1;0;0;0;0;2;0;0;0;0
"10/11/2022";"11:03:00";"475";"Acidente c";"101.1";"BR-116/SP";"Pista Norte";"Queda de moto";0;0;0;1;0;0;0;0;0;0;0;0;1;0;0
"10/11/2022";"12:17:00";"504";"Acidente s";"223.8";"BR-116/SP";"Pista Sul";"Choque em objeto fixo";1;0;0;0;0;0;0;0;0;0;1;0;0;0;0
"10/11/2022";"12:43:00";"517";"Acidente s";"139.9";"BR-116/SP";"Pista Norte";"Colisão traseira";1;0;1;0;0;0;0;0;0;0;2;0;0;0;0
"10/11/2022";"03:57:00";"625";"Acidente s";"183";"BR-116/RJ";"Pista Sul";"Colisão traseira";1;0;0;0;0;1;0;0;0;0;2;0;0;0;0
"10/11/2022";"05:02:00";"650";"Acidente s";"529";"BR-101/RJ";"Pista Sul";"Choque em objeto fixo";1;0;0;0;0;0;0;0;0;0;1;0;0;0;0
"10/11/2022";"05:13:00";"656";"Acidente s";"109.6";"BR-116/SP";"Pista Norte";"Abalroamento longitudinal";2;0;0;0;0;0;0;0;0;0;2;0;0;0;0
"10/11/2022";"05:27:00";"663";"Acidente s";"115.9";"BR-116/SP";"Pista Norte";"Engavetamento";3;0;0;0;0;0;0;0;0;0;6;0;0;0;0
"10/11/2022";"06:56:00";"725";"Acidente s";"291";"BR-116/RJ";"Pista Sul";"Abalroamento longitudinal";1;0;0;0;0;1;0;0;0;0;2;0;0;0;0
"10/11/2022";"08:20:00";"754";"Acidente c";"478.5";"BR-101/RJ";"Pista Sul";"Colisão frontal";1;0;1;0;0;0;0;0;0;0;2;1;1;0;0
"10/11/2022";"09:02:00";"774";"Acidente s";"61.8";"BR-116/SP";"Pista Sul";"Colisão traseira";2;0;0;0;0;0;0;0;0;0;4;0;0;0;0
"10/11/2022";"09:19:00";"787";"Acidente s";"303";"BR-116/RJ";"Pista Sul";"Queda de ribanceira";1;0;0;0;0;0;0;0;0;0;1;0;0;0;0
"10/11/2022";"10:00:00";"804";"Acidente s";"31.1";"BR-116/SP";"Pista Norte";"Choque em defensa";0;0;1;0;0;0;0;0;0;0;1;0;0;0;0
"10/11/2022";"10:18:00";"809";"Acidente c";"227";"BR-116/SP";"Pista Norte";"Abalroamento longitudinal";0;0;0;1;0;1;0;0;0;0;1;1;0;0;0
"10/11/2022";"11:08:00";"831";"Acidente s";"296";"BR-116/RJ";"Pista Sul";"Atropelamento de animal";1;0;0;0;0;0;0;0;0;0;1;0;0;0;0
"11/11/2022";"12:33:00";"24";"Atropelame";"46";"BR-101/SP";"Pista Norte";"Atropelamento de pedestre caminhando";0;0;0;0;0;1;0;0;0;0;1;0;1;0;0
"11/11/2022";"12:54:00";"30";"Acidente s";"297";"BR-116/RJ";"Pista Sul";"Choque em objeto na pista";0;0;1;0;0;0;0;0;0;0;1;0;0;0;0
"11/11/2022";"12:56:00";"31";"Acidente s";"149";"BR-116/SP";"Pista Sul";"Colisão traseira";0;0;1;0;0;1;0;0;0;0;2;0;0;0;0
"11/11/2022";"06:45:00";"125";"Acidente c";"229.5";"BR-116/SP";"Pista Sul";"Colisão traseira";1;0;1;1;0;0;0;0;0;0;2;0;1;0;0
"11/11/2022";"08:47:00";"298";"Acidente c";"48";"BR-101/SP";"Pista Sul";"Abalroamento longitudinal";0;0;0;1;0;1;0;0;0;0;1;0;1;0;0
"11/11/2022";"08:51:00";"306";"Acidente s";"189.5";"BR-116/RJ";"Pista Sul";"Abalroamento longitudinal";1;0;0;0;0;1;0;0;0;0;2;0;0;0;0
"11/11/2022";"09:52:00";"383";"Acidente s";"157.6";"BR-116/SP";"Pista Norte";"Choque em barreira New Jersey";1;0;0;0;0;1;0;0;0;0;3;0;0;0;0
"11/11/2022";"10:08:00";"393";"Acidente s";"246.3";"BR-116/RJ";"Pista Norte";"Colisão traseira";1;0;1;0;0;0;0;0;0;0;3;0;0;0;0
"11/11/2022";"10:32:00";"411";"Acidente s";"246.6";"BR-116/RJ";"Pista Norte";"Colisão traseira";1;0;1;0;0;0;0;0;0;0;2;0;0;0;0
"11/11/2022";"11:02:00";"431";"Acidente s";"109.9";"BR-116/SP";"Pista Norte";"Engavetamento";2;0;0;0;0;1;0;0;0;0;5;0;0;0;0
"11/11/2022";"11:58:00";"472";"Acidente s";"231";"BR-116/RJ";"Pista Sul";"Engavetamento";1;0;3;0;0;0;0;0;0;0;4;0;0;0;0
"11/11/2022";"11:58:00";"473";"Acidente s";"182";"BR-116/RJ";"Pista Sul";"Abalroamento longitudinal";1;0;1;0;0;0;0;0;0;0;2;0;0;0;0
"11/11/2022";"12:05:00";"479";"Acidente c";"182";"BR-116/RJ";"Pista Sul";"Colisão traseira";0;0;1;1;0;0;0;0;0;0;1;1;0;0;0
"11/11/2022";"12:22:00";"489";"Acidente s";"165.2";"BR-116/SP";"Pista Sul";"Colisão traseira";1;0;1;0;0;0;0;0;0;0;2;0;0;0;0
"11/11/2022";"12:28:00";"492";"Acidente c";"116.5";"BR-116/SP";"Pista Norte";"Engavetamento";2;0;0;0;0;1;0;0;0;0;2;0;1;0;0
"11/11/2022";"01:09:00";"515";"Acidente s";"35.5";"BR-116/SP";"Pista Norte";"Choque em objeto na pista";1;0;0;0;0;0;0;0;0;0;4;0;0;0;0
"11/11/2022";"01:37:00";"533";"Acidente s";"119.7";"BR-116/SP";"Pista Norte";"Colisão traseira";1;0;1;0;0;0;0;0;0;0;2;0;0;0;0
"11/11/2022";"01:52:00";"548";"Acidente s";"221.75";"BR-116/SP";"Pista Sul";"Choque em barreira New Jersey";0;0;1;0;0;0;0;0;0;0;1;0;0;0;0
"11/11/2022";"02:20:00";"567";"Acidente s";"424";"BR-101/RJ";"Pista Sul";"Colisão traseira";1;0;0;0;0;1;0;0;0;0;2;0;0;0;0
"11/11/2022";"03:01:00";"591";"Atropelame";"474";"BR-101/RJ";"Pista Sul";"Atropelamento de pedestre atravessando";1;1;0;0;0;0;0;0;0;0;1;1;0;0;0
"11/11/2022";"05:34:00";"675";"Acidente c";"191";"BR-116/SP";"Pista Norte";"Choque em barreira New Jersey";1;0;0;0;0;0;0;0;0;0;0;1;0;0;0
"11/11/2022";"05:42:00";"680";"Acidente c";"213";"BR-116/SP";"Pista Sul";"Abalroamento longitudinal";1;0;0;0;0;1;0;0;0;0;1;1;0;0;0
"11/11/2022";"07:43:00";"778";"Acidente s";"222";"BR-116/SP";"Pista Sul";"Não Def";1;0;0;0;0;0;0;0;0;0;1;0;0;0;0
"11/11/2022";"07:54:00";"787";"Acidente s";"49.9";"BR-101/SP";"Pista Norte";"Abalroamento longitudinal";2;0;0;0;0;0;0;0;0;0;2;0;0;0;0
"11/11/2022";"08:00:00";"796";"Acidente s";"24.1";"BR-116/SP";"Pista Norte";"Choque em objeto fixo";1;0;0;0;0;0;0;0;0;0;2;0;0;0;0
"11/11/2022";"08:00:00";"795";"Acidente c";"208";"BR-116/SP";"Pista Norte";"Engavetamento";2;0;0;0;0;1;0;0;0;0;5;1;0;0;0
"11/11/2022";"08:27:00";"817";"Acidente s";"20.9";"BR-116/SP";"Pista Sul";"Choque em objeto fixo";1;0;0;0;0;0;0;0;0;0;1;0;0;0;0
"11/11/2022";"08:37:00";"822";"Acidente s";"18";"BR-116/SP";"Pista Norte";"Choque em objeto fixo";1;0;0;0;0;0;0;0;0;0;3;0;0;0;0
"11/11/2022";"08:43:00";"828";"Acidente s";"22";"BR-116/SP";"Pista Sul";"Abalroamento longitudinal";2;0;0;0;0;0;0;0;0;0;6;0;0;0;0
"11/11/2022";"09:09:00";"846";"Acidente s";"426";"BR-101/RJ";"Pista Norte";"Colisão frontal";2;0;0;0;0;0;0;0;0;0;2;0;0;0;0
"11/11/2022";"09:12:00";"851";"Acidente s";"227";"BR-116/SP";"Pista Norte";"Abalroamento longitudinal";1;0;1;0;0;0;0;0;0;0;2;0;0;0;0
"11/11/2022";"09:15:00";"852";"Acidente c";"471";"BR-101/RJ";"Pista Sul";"Abalroamento longitudinal";1;0;0;1;0;0;0;0;0;0;1;1;0;0;0
"11/11/2022";"10:14:00";"887";"Acidente s";"227";"BR-116/SP";"Pista Sul";"Choque em defensa";1;0;0;0;0;0;0;0;0;0;1;0;0;0;0
"11/11/2022";"10:20:00";"889";"Acidente s";"323.8";"BR-116/RJ";"Pista Norte";"Capotamento";1;0;0;0;0;0;0;0;0;0;2;0;0;0;0
"12/11/2022";"12:09:00";"15";"Acidente s";"209";"BR-116/SP";"Pista Norte";"Choque em barreira New Jersey";1;0;0;0;0;0;0;0;0;0;2;0;0;0;0
"12/11/2022";"12:58:00";"33";"Acidente c";"228";"BR-116/SP";"Pista Norte";"Choque em veículo parado na pista";1;0;0;1;0;0;0;0;0;0;1;1;0;0;0
"12/11/2022";"02:31:00";"54";"Acidente s";"115.5";"BR-116/SP";"Pista Sul";"Choque em objeto na pista";1;0;0;0;0;0;0;0;0;0;1;0;0;0;0
"12/11/2022";"05:17:00";"81";"Acidente c";"165.2";"BR-116/SP";"Pista Norte";"Engavetamento";1;0;1;0;1;0;0;0;0;0;57;1;0;0;0
"12/11/2022";"05:51:00";"95";"Acidente s";"229.4";"BR-116/RJ";"Pista Norte";"Choque em barreira New Jersey";0;0;1;0;0;0;0;0;0;0;1;0;0;0;0
"12/11/2022";"06:33:00";"120";"Acidente s";"224";"BR-116/SP";"Pista Sul";"Choque em objeto na pista";1;0;0;0;0;0;0;0;0;0;1;0;0;0;0
"12/11/2022";"07:24:00";"181";"Acidente c";"18.95";"BR-116/SP";"Pista Sul";"Capotamento";1;0;0;0;0;0;0;0;0;0;0;2;0;0;0
"12/11/2022";"07:58:00";"224";"Acidente s";"178";"BR-116/RJ";"Pista Norte";"Abalroamento longitudinal";2;0;0;0;0;0;0;0;0;0;2;0;0;0;0
"12/11/2022";"08:27:00";"258";"Acidente c";"517";"BR-101/RJ";"Pista Sul";"Capotamento";1;0;0;0;0;0;0;0;0;0;0;4;0;0;0
"12/11/2022";"09:40:00";"326";"Acidente s";"189";"BR-116/RJ";"Pista Norte";"Choque em objeto fixo";0;0;0;0;0;0;0;0;0;1;1;0;0;0;0
"12/11/2022";"09:47:00";"336";"Acidente s";"419";"BR-101/RJ";"Pista Norte";"Colisão traseira";2;0;0;0;0;0;0;0;0;0;2;0;0;0;0
"12/11/2022";"09:53:00";"340";"Acidente s";"419";"BR-101/RJ";"Pista Sul";"Não Def";1;0;0;0;0;0;0;0;0;0;1;0;0;0;0
"12/11/2022";"10:01:00";"350";"Acidente s";"230.9";"BR-116/SP";"Pista Sul";"Choque em objeto na pista";1;0;0;0;0;0;0;0;0;0;2;0;0;0;0
"12/11/2022";"10:02:00";"351";"Acidente s";"225";"BR-116/SP";"Pista Sul";"Choque em objeto na pista";0;0;0;1;0;0;0;0;0;0;1;0;0;0;0
"12/11/2022";"10:17:00";"361";"Acidente c";"145";"BR-116/SP";"Pista Norte";"Colisão traseira";1;0;0;1;0;0;0;0;0;0;3;0;1;0;0
"12/11/2022";"10:31:00";"372";"Acidente c";"472";"BR-101/RJ";"Pista Sul";"Engavetamento";3;0;0;0;0;0;0;0;0;0;2;1;0;0;0
"12/11/2022";"10:35:00";"376";"Acidente s";"164.9";"BR-116/SP";"Pista Sul";"Colisão traseira";1;0;1;0;0;0;0;0;0;0;2;0;0;0;0
"12/11/2022";"11:01:00";"391";"Acidente c";"213.4";"BR-116/SP";"Pista Norte";"Colisão traseira";2;0;0;0;0;0;0;0;0;0;1;5;0;0;0
"12/11/2022";"11:55:00";"416";"Acidente s";"123.8";"BR-116/SP";"Pista Norte";"Engavetamento";3;0;0;0;0;1;0;0;0;0;12;0;0;0;0
"12/11/2022";"11:59:00";"420";"Acidente s";"221.5";"BR-116/SP";"Pista Norte";"Engavetamento";4;0;0;0;0;0;0;0;0;0;4;0;0;0;0
"12/11/2022";"12:15:00";"428";"Atropelame";"47.9";"BR-101/SP";"Pista Sul";"Atropelamento de pedestre atravessando";0;1;0;1;0;0;0;0;0;0;1;0;1;0;0
"12/11/2022";"12:27:00";"438";"Acidente s";"212";"BR-116/SP";"Pista Sul";"Engavetamento";5;0;0;0;0;0;0;0;0;1;11;0;0;0;0
"12/11/2022";"12:32:00";"441";"Acidente s";"216.9";"BR-116/SP";"Pista Sul";"Colisão traseira";0;0;1;0;0;1;0;0;0;0;2;0;0;0;0
"12/11/2022";"12:43:00";"449";"Acidente c";"182.4";"BR-116/RJ";"Pista Norte";"Abalroamento longitudinal";2;0;0;0;0;0;0;0;0;0;1;1;0;0;0
"12/11/2022";"12:48:00";"455";"Acidente s";"145";"BR-116/SP";"Pista Norte";"Colisão traseira";2;0;0;0;0;0;0;0;0;0;2;0;0;0;0
"12/11/2022";"01:21:00";"483";"Acidente c";"298.5";"BR-116/RJ";"Pista Norte";"Colisão traseira";1;0;1;0;0;0;0;0;0;0;1;2;0;0;1
"12/11/2022";"01:30:00";"488";"Acidente c";"176.8";"BR-116/RJ";"Pista Sul";"Abalroamento longitudinal";1;0;0;1;0;0;0;0;0;0;1;1;0;0;0
"12/11/2022";"02:32:00";"526";"Acidente s";"165.2";"BR-116/SP";"Pista Norte";"Não Def";1;0;1;0;0;0;0;0;0;0;3;0;0;0;0
"12/11/2022";"02:33:00";"528";"Acidente c";"216";"BR-116/SP";"Pista Norte";"Choque em veículo parado na pista";0;0;1;1;0;0;0;0;0;0;1;0;2;0;0
"12/11/2022";"03:22:00";"561";"Acidente s";"320.4";"BR-116/RJ";"Pista Norte";"Colisão traseira";2;0;0;0;0;0;0;0;0;0;2;0;0;0;0
"12/11/2022";"03:25:00";"564";"Acidente c";"229.2";"BR-116/RJ";"Pista Norte";"Choque em barreira New Jersey";0;0;1;0;0;0;0;0;0;0;2;1;0;0;0
"12/11/2022";"04:16:00";"594";"Acidente s";"313.5";"BR-116/RJ";"Pista Norte";"Choque em barreira New Jersey";1;0;0;0;0;0;0;0;0;0;1;0;0;0;0
"12/11/2022";"04:43:00";"605";"Acidente s";"313.5";"BR-116/RJ";"Pista Norte";"Colisão traseira";1;0;0;0;0;1;0;0;0;0;2;0;0;0;0
"12/11/2022";"04:56:00";"612";"Acidente s";"291";"BR-116/RJ";"Pista Norte";"Choque em barreira New Jersey";1;0;0;0;0;0;0;0;0;0;1;0;0;0;0
"12/11/2022";"05:27:00";"625";"Acidente s";"44.9";"BR-116/SP";"Pista Sul";"Queda de moto";0;0;0;1;0;0;0;0;0;0;2;0;0;0;0
"12/11/2022";"06:15:00";"648";"Acidente s";"293.5";"BR-116/RJ";"Pista Sul";"Choque em defensa";1;0;0;0;0;0;0;0;0;0;1;0;0;0;0
"12/11/2022";"06:52:00";"664";"Acidente s";"109";"BR-116/SP";"Pista Norte";"Colisão traseira";1;0;0;0;0;1;0;0;0;0;3;0;0;0;0
"12/11/2022";"06:55:00";"665";"Atropelame";"48";"BR-101/SP";"Pista Norte";"Atropelamento de pedestre atravessando";1;0;0;0;0;0;0;0;0;0;1;0;1;0;0
"12/11/2022";"07:14:00";"681";"Acidente s";"155";"BR-116/SP";"Pista Sul";"Abalroamento longitudinal";1;0;1;0;0;0;0;0;0;0;2;0;0;0;0
"12/11/2022";"07:51:00";"697";"Acidente c";"208.2";"BR-116/RJ";"Pista Norte";"Colisão traseira";0;0;0;1;0;1;0;0;0;0;1;1;0;0;0
"12/11/2022";"08:58:00";"724";"Acidente c";"147.5";"BR-116/SP";"Pista Sul";"Abalroamento longitudinal";1;0;1;0;0;0;0;0;0;0;1;0;1;0;0
"12/11/2022";"10:04:00";"741";"Acidente c";"420";"BR-101/RJ";"Pista Norte";"Colisão traseira";2;0;0;0;0;0;0;0;0;0;1;1;0;0;0
"13/11/2022";"01:58:00";"33";"Acidente c";"173.95";"BR-116/RJ";"Pista Sul";"Capotamento";1;0;0;0;0;0;0;0;0;0;0;1;0;0;0
"13/11/2022";"02:05:00";"34";"Acidente c";"274.4";"BR-116/RJ";"Pista Norte";"Capotamento";1;0;0;0;0;0;0;0;0;0;0;1;0;0;0
"13/11/2022";"02:11:00";"35";"Atropelame";"142.4";"BR-116/SP";"Pista Norte";"Atropelamento de pedestre atravessando";0;0;0;0;0;1;0;0;0;0;1;0;0;0;1
"13/11/2022";"04:40:00";"54";"Acidente c";"214";"BR-116/SP";"Pista Norte";"Choque em barreira New Jersey";1;0;0;0;0;0;0;0;0;0;0;1;0;0;0
"13/11/2022";"06:04:00";"70";"Acidente s";"252";"BR-116/RJ";"Pista Norte";"Choque em barreira New Jersey";1;0;0;0;0;0;0;0;0;0;1;0;0;0;0
"13/11/2022";"06:57:00";"93";"Acidente c";"119.5";"BR-116/SP";"Pista Norte";"Choque em barreira New Jersey";1;0;0;0;0;0;0;0;0;0;0;3;0;0;0
"13/11/2022";"07:00:00";"95";"Acidente c";"165.2";"BR-116/SP";"Pista Norte";"Engavetamento";4;0;0;0;0;0;0;0;0;0;13;0;1;0;0
"13/11/2022";"07:23:00";"106";"Acidente s";"95.4";"BR-116/SP";"Pista Norte";"Engavetamento";1;0;0;0;0;2;0;0;0;0;7;0;0;0;0
"13/11/2022";"08:18:00";"140";"Acidente s";"115.85";"BR-116/SP";"Pista Norte";"Colisão traseira";2;0;0;0;0;0;0;0;0;0;4;0;0;0;0
"13/11/2022";"09:56:00";"189";"Acidente s";"109.7";"BR-116/SP";"Pista Norte";"Colisão traseira";2;0;0;0;0;0;0;0;0;0;7;0;0;0;0
"13/11/2022";"11:01:00";"228";"Acidente c";"71.3";"BR-116/SP";"Pista Sul";"Engavetamento";2;0;1;0;0;0;0;0;0;0;8;2;0;0;0
"13/11/2022";"11:14:00";"241";"Acidente s";"222.4";"BR-116/SP";"Pista Sul";"Abalroamento longitudinal";1;0;1;0;0;0;0;0;0;0;2;0;0;0;0
"13/11/2022";"12:11:00";"266";"Acidente s";"157";"BR-116/SP";"Pista Sul";"Colisão traseira";2;0;0;0;0;0;0;0;0;0;4;0;0;0;0
"13/11/2022";"12:27:00";"277";"Acidente s";"203.2";"BR-116/SP";"Pista Norte";"Colisão traseira";2;0;0;0;0;0;0;0;0;0;2;0;0;0;0
"13/11/2022";"01:54:00";"332";"Acidente c";"141";"BR-116/SP";"Pista Sul";"Capotamento";1;0;0;0;0;0;0;0;0;0;1;2;0;0;0
"13/11/2022";"02:59:00";"359";"Acidente c";"159";"BR-116/SP";"Pista Sul";"Queda de moto";0;0;0;1;0;0;0;0;0;0;0;0;2;0;0
"13/11/2022";"04:25:00";"421";"Acidente s";"74.6";"BR-116/SP";"Pista Sul";"Colisão traseira";1;0;0;0;0;1;0;0;0;0;5;0;0;0;0
"13/11/2022";"06:58:00";"515";"Acidente c";"229";"BR-116/SP";"Pista Norte";"Queda de moto";0;0;0;1;0;0;0;0;0;0;0;1;0;0;0
"13/11/2022";"08:43:00";"574";"Acidente s";"229";"BR-116/SP";"Pista Norte";"Abalroamento transversal";2;0;0;0;0;0;0;0;0;0;4;0;0;0;0
"13/11/2022";"08:55:00";"578";"Acidente s";"34";"BR-116/SP";"Pista Norte";"Choque em objeto na pista";1;0;0;0;0;0;0;0;0;0;1;0;0;0;0
"13/11/2022";"09:38:00";"591";"Acidente c";"63.4";"BR-116/SP";"Pista Norte";"Choque em objeto na pista";0;0;0;1;0;0;0;0;0;0;0;1;0;0;0
"13/11/2022";"10:18:00";"604";"Acidente s";"63.4";"BR-116/SP";"Pista Norte";"Choque em objeto na pista";1;0;0;0;0;0;0;0;0;0;2;0;0;0;0
"14/11/2022";"12:24:00";"16";"Acidente s";"16.8";"BR-116/SP";"Pista Sul";"Choque em objeto na pista";1;0;0;0;0;0;0;0;0;0;1;0;0;0;0
"14/11/2022";"01:03:00";"31";"Acidente c";"54.8";"BR-116/SP";"Pista Sul";"Atropelamento de animal";0;0;0;0;0;0;0;0;0;1;0;2;0;0;0
"14/11/2022";"01:38:00";"39";"Acidente s";"334.2";"BR-116/RJ";"Pista Norte";"Choque em barreira New Jersey";0;0;1;0;0;0;0;0;0;0;1;0;0;0;0
"14/11/2022";"03:28:00";"63";"Acidente s";"25.4";"BR-101/SP";"Pista Sul";"Capotamento";1;0;0;0;0;0;0;0;0;0;1;0;0;0;0
"14/11/2022";"05:57:00";"96";"Acidente c";"219";"BR-116/SP";"Pista Sul";"Queda de moto";0;0;0;1;0;0;0;0;0;0;0;2;0;0;0
"14/11/2022";"06:43:00";"124";"Acidente c";"208";"BR-116/SP";"Pista Sul";"Colisão traseira";1;0;0;1;0;0;0;0;0;0;1;1;0;0;0
"14/11/2022";"06:55:00";"137";"Acidente s";"296.4";"BR-116/RJ";"Pista Sul";"Colisão traseira";2;0;0;0;0;0;0;0;0;0;4;0;0;0;0
"14/11/2022";"06:59:00";"143";"Acidente s";"171";"BR-116/RJ";"Pista Norte";"Abalroamento longitudinal";1;0;0;1;0;0;0;0;0;0;2;0;0;0;0
"14/11/2022";"07:16:00";"170";"Acidente c";"557";"BR-101/RJ";"Pista Norte";"Capotamento";1;0;0;0;0;0;0;0;0;0;0;1;0;0;0
"14/11/2022";"08:45:00";"299";"Acidente s";"285.6";"BR-116/RJ";"Pista Norte";"Choque em barreira New Jersey";1;0;0;0;0;0;0;0;0;0;1;0;0;0;0
"14/11/2022";"09:57:00";"375";"Acidente s";"211.1";"BR-116/SP";"Pista Sul";"Abalroamento longitudinal";1;0;0;0;1;0;0;0;0;0;42;0;0;0;0
"14/11/2022";"10:00:00";"378";"Acidente c";"228.7";"BR-116/RJ";"Pista Norte";"Tombamento";0;0;1;0;0;0;0;0;0;0;0;0;1;0;0
"14/11/2022";"10:53:00";"426";"Acidente s";"230";"BR-116/SP";"Pista Sul";"Choque em barreira New Jersey";0;0;1;0;0;0;0;0;0;0;1;0;0;0;0
"14/11/2022";"11:15:00";"446";"Acidente s";"291.3";"BR-116/RJ";"Pista Sul";"Colisão traseira";2;0;0;0;0;0;0;0;0;0;4;0;0;0;0
"14/11/2022";"11:27:00";"457";"Acidente c";"229.9";"BR-116/SP";"Pista Sul";"Colisão traseira";1;0;0;0;0;1;0;0;0;0;4;2;0;0;0
"14/11/2022";"12:00:00";"476";"Acidente s";"201";"BR-116/SP";"Pista Norte";"Tombamento";0;0;1;0;0;0;0;0;0;0;1;0;0;0;0