data;horario;n_da_ocorrencia;tipo_de_ocorrencia;km;trecho;sentido;tipo_de_acidente;automovel;bicicleta;caminhao;moto;onibus;outros;tracao_animal;transporte_de_cargas_especiais;trator_maquinas;utilitarios;ilesos;levemente_feridos;moderadamente_feridos;gravemente_feridos;mortos
"17/12/2022";"08:43:00";"628";"Acidente s";"512";"BR-101/RJ";"Pista Sul";"Atropelamento de animal";1;0;0;0;0;0;0;0;0;0;1;0;0;0;0
"17/12/2022";"09:57:00";"650";"Acidente s";"484";"BR-101/RJ";"Pista Norte";"Engavetamento";3;0;0;0;0;0;0;0;0;0;6;0;0;0;0
"17/12/2022";"11:40:00";"676";"Atropelame";"125.6";"BR-116/SP";"Pista Sul";"Atropelamento de pedestre caminhando";0;0;0;0;0;1;0;0;0;0;1;0;0;0;1
"18/12/2022";"12:42:00";"18";"Acidente s";"335.8";"BR-116/RJ";"Pista Norte";"Atropelamento de animal";1;0;0;0;0;1;0;0;0;0;1;0;0;0;0
"18/12/2022";"01:26:00";"24";"Acidente s";"194.7";"BR-116/RJ";"Pista Sul";"Engavetamento";2;0;0;0;0;1;0;0;0;0;5;0;0;0;0
"18/12/2022";"02:01:00";"32";"Acidente s";"229.95";"BR-116/SP";"Pista Norte";"Engavetamento";3;0;0;0;0;0;0;0;0;0;5;0;0;0;0
"18/12/2022";"02:27:00";"38";"Acidente s";"78";"BR-116/SP";"Pista Norte";"Choque em barreira New Jersey";1;0;0;0;0;0;0;0;0;0;2;0;0;0;0
"18/12/2022";"06:49:00";"94";"Acidente c";"92";"BR-116/SP";"Pista Sul";"Queda de moto";0;0;0;1;0;0;0;0;0;0;0;1;0;0;0
"18/12/2022";"07:15:00";"107";"Acidente s";"485.6";"BR-101/RJ";"Pista Sul";"Choque em objeto fixo";1;0;0;0;0;0;0;0;0;0;1;0;0;0;0
"18/12/2022";"07:27:00";"112";"Acidente c";"229.3";"BR-116/RJ";"Pista Norte";"Choque em defensa";1;0;0;0;0;0;0;0;0;0;0;2;0;0;0
"18/12/2022";"08:23:00";"154";"Acidente c";"162.5";"BR-116/SP";"Pista Sul";"Queda de moto";0;0;0;1;0;0;0;0;0;0;0;1;0;0;0
"18/12/2022";"08:33:00";"162";"Acidente c";"41.2";"BR-101/SP";"Pista Norte";"Queda de ribanceira";1;0;0;0;0;0;0;0;0;0;0;1;0;0;0
"18/12/2022";"09:42:00";"191";"Acidente c";"561";"BR-101/RJ";"Pista Sul";"Queda de moto";0;0;0;1;0;0;0;0;0;0;0;1;0;0;0
"18/12/2022";"09:47:00";"192";"Acidente s";"320";"BR-116/RJ";"Pista Norte";"Abalroamento longitudinal";1;0;0;0;0;1;0;0;0;0;5;0;0;0;0
"18/12/2022";"10:04:00";"200";"Acidente s";"200.2";"BR-116/RJ";"Pista Sul";"Queda de ribanceira";1;0;0;0;0;0;0;0;0;0;3;0;0;0;0
"18/12/2022";"10:58:00";"237";"Acidente s";"556";"BR-101/RJ";"Pista Sul";"Choque em objeto fixo";1;0;0;0;0;0;0;0;0;0;3;0;0;0;0
"18/12/2022";"10:59:00";"239";"Acidente s";"384.1";"BR-101/RJ";"Pista Sul";"Choque em objeto fixo";1;0;0;0;0;0;0;0;0;0;3;0;0;0;0
"18/12/2022";"11:40:00";"254";"Acidente c";"482";"BR-101/RJ";"Pista Norte";"Abalroamento longitudinal";2;0;0;0;0;0;0;0;0;0;4;2;0;0;0
"18/12/2022";"12:09:00";"266";"Acidente c";"232.3";"BR-116/RJ";"Pista Norte";"Capotamento";1;0;0;0;0;0;0;0;0;0;0;1;1;0;0
"18/12/2022";"12:55:00";"284";"Acidente s";"312.7";"BR-116/RJ";"Pista Sul";"Colisão traseira";2;0;0;0;0;0;0;0;0;0;4;0;0;0;0
"18/12/2022";"01:14:00";"290";"Acidente c";"46";"BR-101/SP";"Pista Sul";"Queda de moto";0;0;0;1;0;0;0;0;0;0;0;2;0;0;0
"18/12/2022";"02:55:00";"336";"Acidente s";"419.8";"BR-101/RJ";"Pista Norte";"Choque em barreira New Jersey";1;0;0;0;0;0;0;0;0;0;1;0;0;0;0
"18/12/2022";"03:15:00";"350";"Acidente c";"96.1";"BR-116/SP";"Pista Sul";"Queda de moto";0;0;0;1;0;0;0;0;0;0;0;1;0;0;0
"18/12/2022";"03:28:00";"354";"Acidente s";"108";"BR-116/SP";"Pista Sul";"Colisão traseira";2;0;0;0;0;0;0;0;0;0;8;0;0;0;0
"18/12/2022";"03:45:00";"364";"Acidente s";"422.5";"BR-101/RJ";"Pista Sul";"Choque em barreira New Jersey";1;0;0;0;0;0;0;0;0;0;1;0;0;0;0
"18/12/2022";"04:18:00";"384";"Acidente s";"514.7";"BR-101/RJ";"Pista Norte";"Choque em defensa";1;0;0;0;0;0;0;0;0;0;3;0;0;0;0
"18/12/2022";"04:36:00";"390";"Acidente c";"516.9";"BR-101/RJ";"Pista Sul";"Choque em defensa";1;0;0;0;0;0;0;0;0;0;2;1;0;0;0
"18/12/2022";"04:45:00";"400";"Acidente s";"97";"BR-116/SP";"Pista Sul";"Engavetamento";3;0;0;0;0;0;0;0;0;0;3;0;0;0;0
"18/12/2022";"05:07:00";"410";"Acidente c";"207";"BR-116/SP";"Pista Sul";"Colisão traseira";1;0;0;1;0;0;0;0;0;0;1;3;0;0;0
"18/12/2022";"05:39:00";"425";"Acidente s";"312.5";"BR-116/RJ";"Pista Norte";"Abalroamento longitudinal";2;0;0;0;0;0;0;0;0;0;7;0;0;0;0
"18/12/2022";"05:56:00";"437";"Acidente s";"287";"BR-116/RJ";"Pista Norte";"Atropelamento de animal";1;0;0;0;0;0;0;0;0;0;1;0;0;0;0
"18/12/2022";"06:23:00";"451";"Acidente c";"186";"BR-116/RJ";"Pista Norte";"Colisão traseira";0;0;0;1;0;0;0;0;0;1;3;1;0;0;0
"18/12/2022";"10:16:00";"536";"Acidente c";"449";"BR-101/RJ";"Pista Sul";"Queda de moto";0;0;0;1;0;0;0;0;0;0;0;1;0;0;0
"18/12/2022";"11:10:00";"550";"Acidente s";"231";"BR-116/SP";"Pista Norte";"Colisão traseira";1;0;0;0;0;1;0;0;0;0;2;0;0;0;0
"19/12/2022";"12:38:00";"16";"Acidente c";"77.5";"BR-116/SP";"Pista Sul";"Choque em defensa";1;0;0;0;0;0;0;0;0;0;0;1;0;0;0
"19/12/2022";"04:26:00";"42";"Acidente c";"215.6";"BR-116/SP";"Pista Norte";"Colisão traseira";2;0;0;0;0;1;0;0;0;0;2;0;1;0;0
"19/12/2022";"06:33:00";"98";"Acidente c";"215.3";"BR-116/SP";"Pista Sul";"Queda de moto";0;0;0;1;0;0;0;0;0;0;0;1;0;0;0
"19/12/2022";"06:46:00";"119";"Acidente c";"387";"BR-101/RJ";"Pista Norte";"Abalroamento longitudinal";2;0;0;0;0;0;0;0;0;0;4;2;0;0;0
"19/12/2022";"07:34:00";"179";"Acidente s";"229";"BR-116/SP";"Pista Sul";"Engavetamento";1;0;0;0;0;2;0;0;0;0;3;0;0;0;0
"19/12/2022";"08:12:00";"240";"Acidente s";"491";"BR-101/RJ";"Pista Norte";"Capotamento";1;0;0;0;0;0;0;0;0;0;1;0;0;0;0
"19/12/2022";"08:15:00";"243";"Acidente c";"207.3";"BR-116/SP";"Pista Sul";"Abalroamento longitudinal";1;0;0;1;0;0;0;0;0;0;1;2;0;0;0
"19/12/2022";"08:30:00";"258";"Acidente c";"173";"BR-116/RJ";"Pista Norte";"Colisão traseira";2;0;0;0;0;0;0;0;0;0;4;1;0;0;0
"19/12/2022";"09:15:00";"304";"Acidente c";"485";"BR-101/RJ";"Pista Norte";"Abalroamento longitudinal";0;0;0;1;0;0;0;0;0;1;1;1;0;0;0
"19/12/2022";"10:40:00";"397";"Acidente s";"29.8";"BR-101/SP";"Pista Norte";"Não Def";2;0;0;0;0;0;0;0;0;0;2;0;0;0;0
"19/12/2022";"11:03:00";"415";"Acidente s";"233.6";"BR-116/RJ";"Pista Norte";"Engavetamento";0;0;3;0;0;0;0;0;0;0;3;0;0;0;0
"19/12/2022";"11:39:00";"448";"Acidente s";"200";"BR-116/RJ";"Pista Norte";"Colisão traseira";2;0;0;0;0;0;0;0;0;0;2;0;0;0;0
"19/12/2022";"12:59:00";"498";"Acidente c";"142.6";"BR-116/SP";"Pista Sul";"Capotamento";1;0;0;0;0;0;0;0;0;0;0;1;0;0;0
"19/12/2022";"01:31:00";"516";"Acidente c";"217.2";"BR-116/SP";"Pista Sul";"Colisão traseira";1;0;0;1;0;0;0;0;0;0;1;1;0;0;0
"19/12/2022";"01:52:00";"530";"Acidente s";"102.35";"BR-116/SP";"Pista Sul";"Colisão traseira";2;0;0;0;0;0;0;0;0;0;5;0;0;0;0
"19/12/2022";"02:09:00";"535";"Acidente c";"54.8";"BR-116/SP";"Pista Sul";"Colisão traseira";1;0;0;1;0;0;0;0;0;0;1;1;0;0;0
"19/12/2022";"03:00:00";"564";"Acidente s";"232";"BR-116/RJ";"Pista Norte";"Choque em barreira New Jersey";1;0;0;0;0;0;0;0;0;0;1;0;0;0;0
"19/12/2022";"03:59:00";"594";"Acidente c";"543.5";"BR-101/RJ";"Pista Norte";"Capotamento";1;0;0;0;0;0;0;0;0;0;0;1;0;0;0
"19/12/2022";"04:11:00";"609";"Acidente c";"565";"BR-101/RJ";"Pista Norte";"Choque em objeto fixo";1;0;0;0;0;0;0;0;0;0;0;2;0;0;0
"19/12/2022";"04:49:00";"630";"Acidente s";"182.2";"BR-116/SP";"Pista Norte";"Colisão traseira";1;0;0;0;0;1;0;0;0;0;5;0;0;0;0
"19/12/2022";"04:57:00";"636";"Acidente s";"217.5";"BR-116/SP";"Pista Sul";"Abalroamento longitudinal";1;0;0;1;0;0;0;0;0;0;2;0;0;0;0
"19/12/2022";"05:20:00";"656";"Acidente s";"234";"BR-116/RJ";"Pista Norte";"Choque em barreira New Jersey";1;0;0;0;0;0;0;0;0;0;2;0;0;0;0
"19/12/2022";"05:28:00";"661";"Acidente c";"185.1";"BR-116/RJ";"Pista Sul";"Abalroamento longitudinal";1;0;0;1;0;0;0;0;0;0;3;0;1;0;0
"19/12/2022";"05:43:00";"673";"Acidente s";"420";"BR-101/RJ";"Pista Norte";"Queda de ribanceira";1;0;0;0;0;0;0;0;0;0;2;0;0;0;0
"19/12/2022";"05:58:00";"690";"Acidente c";"153";"BR-116/SP";"Pista Norte";"Queda de moto";0;0;0;1;0;0;0;0;0;0;0;1;0;0;0
"19/12/2022";"06:38:00";"721";"Acidente c";"214.3";"BR-116/SP";"Pista Norte";"Engavetamento";4;0;0;0;0;0;0;0;0;0;0;4;1;0;0
"19/12/2022";"07:26:00";"744";"Acidente s";"101.6";"BR-116/SP";"Pista Sul";"Choque em defensa";0;0;1;0;0;0;0;0;0;0;1;0;0;0;0
"19/12/2022";"08:53:00";"783";"Atropelame";"305.9";"BR-116/RJ";"Pista Norte";"Atropelamento de pedestre atravessando";0;0;0;0;0;1;0;0;0;0;1;0;0;0;1
"19/12/2022";"09:00:00";"784";"Acidente c";"99.9";"BR-116/SP";"Pista Sul";"Colisão traseira";0;0;1;1;0;0;0;0;0;0;1;0;2;0;0
"19/12/2022";"09:10:00";"792";"Acidente s";"220.8";"BR-116/SP";"Pista Sul";"Colisão traseira";1;0;0;0;1;0;0;0;0;0;2;0;0;0;0
"19/12/2022";"09:33:00";"804";"Acidente c";"130.8";"BR-116/SP";"Pista Sul";"Capotamento";1;0;0;0;0;0;0;0;0;0;0;0;1;0;0
"19/12/2022";"09:51:00";"812";"Acidente s";"324.9";"BR-116/RJ";"Pista Norte";"Colisão traseira";1;0;0;0;0;1;0;0;0;0;3;0;0;0;0
"19/12/2022";"10:07:00";"820";"Acidente s";"223";"BR-116/RJ";"Pista Norte";"Choque em objeto fixo";0;0;1;0;0;0;0;0;0;0;1;0;0;0;0
"19/12/2022";"11:05:00";"845";"Acidente s";"484";"BR-101/RJ";"Pista Norte";"Abalroamento longitudinal";2;0;0;0;0;1;0;0;0;0;5;0;0;0;0
"20/12/2022";"12:16:00";"16";"Acidente s";"219.1";"BR-116/SP";"Pista Sul";"Colisão traseira";2;0;0;0;0;1;0;0;0;0;6;0;0;0;0
"20/12/2022";"01:30:00";"30";"Acidente c";"230";"BR-116/RJ";"Pista Norte";"Choque em barreira New Jersey";0;0;1;0;0;0;0;0;0;0;0;1;0;0;0
"20/12/2022";"03:17:00";"39";"Acidente s";"318.35";"BR-116/RJ";"Pista Sul";"Tombamento";0;0;1;0;0;0;0;0;0;0;1;0;0;0;0
"20/12/2022";"04:15:00";"50";"Acidente c";"147.2";"BR-116/SP";"Pista Sul";"Colisão traseira";1;0;1;0;0;0;0;0;0;0;1;0;1;0;0
"20/12/2022";"06:06:00";"85";"Acidente s";"246.8";"BR-116/RJ";"Pista Norte";"Engavetamento";0;0;2;0;0;1;0;0;0;0;3;0;0;0;0
"20/12/2022";"06:28:00";"104";"Acidente c";"186";"BR-116/RJ";"Pista Norte";"Colisão traseira";1;0;0;0;0;1;0;0;0;0;1;1;0;0;0
"20/12/2022";"07:10:00";"134";"Acidente s";"194.2";"BR-116/SP";"Pista Norte";"Choque em objeto fixo";1;0;0;0;0;0;0;0;0;0;1;0;0;0;0
"20/12/2022";"07:45:00";"154";"Acidente c";"19";"BR-101/SP";"Pista Sul";"Atropelamento de animal";0;0;0;1;0;0;0;0;0;0;0;0;1;0;0
"20/12/2022";"07:47:00";"157";"Acidente s";"283.8";"BR-116/RJ";"Pista Sul";"Colisão traseira";0;0;2;0;0;0;0;0;0;0;3;0;0;0;0
"20/12/2022";"08:01:00";"166";"Acidente s";"202.8";"BR-116/SP";"Pista Sul";"Choque em barreira New Jersey";0;0;0;0;0;0;0;0;0;1;2;0;0;0;0
"20/12/2022";"08:55:00";"198";"Acidente s";"267.3";"BR-116/RJ";"Pista Sul";"Queda de ribanceira";1;0;0;0;0;0;0;0;0;0;2;0;0;0;0
"20/12/2022";"09:29:00";"219";"Acidente s";"229.1";"BR-116/SP";"Pista Sul";"Engavetamento";5;0;0;0;0;0;0;0;0;0;5;0;0;0;0
"20/12/2022";"09:44:00";"232";"Acidente s";"201";"BR-116/SP";"Pista Norte";"Choque em objeto fixo";1;0;0;0;0;0;0;0;0;0;1;0;0;0;0
"20/12/2022";"10:17:00";"252";"Acidente s";"246";"BR-116/RJ";"Pista Norte";"Choque em barreira New Jersey";1;0;0;0;0;0;0;0;0;0;6;0;0;0;0
"20/12/2022";"10:41:00";"262";"Acidente s";"134.27";"BR-116/SP";"Pista Sul";"Colisão traseira";2;0;0;0;0;0;0;0;0;0;3;0;0;0;0
"20/12/2022";"11:02:00";"272";"Acidente s";"427";"BR-101/RJ";"Pista Sul";"Choque em objeto fixo";1;0;0;0;0;0;0;0;0;0;2;0;0;0;0
"20/12/2022";"11:21:00";"284";"Acidente s";"432";"BR-101/RJ";"Pista Sul";"Choque em objeto fixo";1;0;0;0;0;0;0;0;0;0;2;0;0;0;0
"20/12/2022";"11:30:00";"288";"Acidente s";"192.1";"BR-116/RJ";"Pista Norte";"Choque em objeto fixo";0;0;1;0;0;0;0;0;0;0;1;0;0;0;0
"20/12/2022";"12:50:00";"329";"Acidente s";"526";"BR-101/RJ";"Pista Sul";"Queda de ribanceira";1;0;0;0;0;0;0;0;0;0;1;0;0;0;0
"20/12/2022";"12:54:00";"333";"Acidente s";"208.3";"BR-116/SP";"Pista Sul";"Colisão traseira";2;0;0;0;0;0;0;0;0;0;5;0;0;0;0
"20/12/2022";"12:56:00";"334";"Acidente c";"207.5";"BR-116/SP";"Pista Sul";"Engavetamento";2;0;0;0;0;0;0;0;0;1;3;2;0;0;0
"20/12/2022";"01:09:00";"345";"Acidente s";"226.4";"BR-116/RJ";"Pista Norte";"Choque em barreira New Jersey";1;0;0;0;0;0;0;0;0;0;1;0;0;0;0
"20/12/2022";"01:19:00";"349";"Acidente s";"125";"BR-116/SP";"Pista Sul";"Abalroamento longitudinal";2;0;1;0;0;0;0;0;0;0;6;0;0;0;0
"20/12/2022";"01:54:00";"364";"Acidente s";"282.6";"BR-116/RJ";"Pista Norte";"Choque em objeto fixo";1;0;0;0;0;0;0;0;0;0;1;0;0;0;0
"20/12/2022";"02:15:00";"373";"Acidente s";"230.7";"BR-116/RJ";"Pista Sul";"Colisão traseira";0;0;1;0;0;1;0;0;0;0;2;0;0;0;0
"20/12/2022";"03:08:00";"403";"Acidente s";"246";"BR-116/RJ";"Pista Sul";"Colisão traseira";0;0;0;0;1;0;0;0;0;1;2;0;0;0;0
"20/12/2022";"03:13:00";"407";"Acidente c";"47.1";"BR-101/SP";"Pista Norte";"Colisão traseira";1;0;0;0;0;0;0;0;0;1;1;1;0;0;0
"20/12/2022";"03:16:00";"408";"Acidente s";"71.1";"BR-116/SP";"Pista Norte";"Choque em barreira New Jersey";1;0;0;0;0;0;0;0;0;0;1;0;0;0;0
"20/12/2022";"03:53:00";"430";"Acidente c";"68";"BR-116/SP";"Pista Norte";"Choque em objeto fixo";1;0;0;0;0;0;0;0;0;0;0;4;0;0;0
"20/12/2022";"04:28:00";"456";"Acidente s";"233.6";"BR-116/RJ";"Pista Norte";"Abalroamento longitudinal";1;0;1;0;0;0;0;0;0;0;2;0;0;0;0
"20/12/2022";"05:00:00";"475";"Acidente s";"116";"BR-116/SP";"Pista Sul";"Choque em objeto fixo";1;0;0;0;0;0;0;0;0;0;2;0;0;0;0
"20/12/2022";"05:50:00";"508";"Acidente s";"19";"BR-101/SP";"Pista Norte";"Abalroamento longitudinal";2;0;0;0;0;0;0;0;0;0;5;0;0;0;0
"20/12/2022";"06:01:00";"530";"Acidente c";"117.4";"BR-116/SP";"Pista Norte";"Engavetamento";2;0;0;0;0;1;0;0;0;0;2;2;0;0;0
"20/12/2022";"06:07:00";"539";"Acidente c";"50.8";"BR-116/SP";"Pista Sul";"Choque em barreira New Jersey";1;0;0;0;0;0;0;0;0;0;0;2;0;0;0
"20/12/2022";"07:07:00";"582";"Acidente c";"303";"BR-116/RJ";"Pista Norte";"Colisão traseira";2;0;0;0;0;0;0;0;0;0;0;3;1;0;0
"20/12/2022";"08:46:00";"627";"Acidente c";"329";"BR-116/RJ";"Pista Sul";"Colisão traseira";1;0;0;0;0;1;0;0;0;0;1;2;0;0;0
"20/12/2022";"10:07:00";"652";"Acidente c";"43.3";"BR-116/SP";"Pista Sul";"Outros";0;0;0;1;0;0;0;0;0;0;0;1;0;0;0
"21/12/2022";"12:05:00";"12";"Acidente s";"217.4";"BR-116/SP";"Pista Norte";"Choque em barreira New Jersey";1;0;0;0;0;1;0;0;0;0;2;0;0;0;0
"21/12/2022";"12:52:00";"24";"Atropelame";"177.5";"BR-116/RJ";"Pista Sul";"Atropelamento de pedestre atravessando";0;0;0;0;0;1;0;0;0;0;1;0;0;0;1
"21/12/2022";"02:04:00";"38";"Acidente s";"224.4";"BR-116/RJ";"Pista Norte";"Choque em objeto fixo";0;0;1;0;0;0;0;0;0;0;1;0;0;0;0
"21/12/2022";"02:27:00";"43";"Acidente s";"34.1";"BR-116/SP";"Pista Norte";"Colisão traseira";1;0;0;0;0;1;0;0;0;0;3;0;0;0;0
"21/12/2022";"03:51:00";"63";"Acidente s";"119";"BR-116/SP";"Pista Norte";"Colisão traseira";0;0;1;0;0;1;0;0;0;0;2;0;0;0;0
"21/12/2022";"03:56:00";"69";"Acidente s";"473";"BR-101/RJ";"Pista Norte";"Choque em objeto fixo";1;0;0;0;0;0;0;0;0;0;2;0;0;0;0
"21/12/2022";"04:20:00";"74";"Acidente c";"70";"BR-116/SP";"Pista Norte";"Tombamento";0;0;1;0;0;0;0;0;0;0;0;1;0;0;0
"21/12/2022";"05:30:00";"96";"Acidente c";"261.85";"BR-116/RJ";"Pista Norte";"Colisão traseira";1;0;1;0;0;0;0;0;0;0;1;0;1;0;0
"21/12/2022";"05:31:00";"97";"Acidente s";"184";"BR-116/RJ";"Pista Norte";"Abalroamento longitudinal";1;0;0;0;0;1;0;0;0;0;2;0;0;0;0
"21/12/2022";"06:48:00";"137";"Acidente c";"500";"BR-101/RJ";"Pista Norte";"Queda de moto";0;0;0;1;0;0;0;0;0;0;0;0;1;0;0
"21/12/2022";"06:59:00";"147";"Acidente c";"186";"BR-116/RJ";"Pista Norte";"Choque em barreira New Jersey";1;0;0;0;0;0;0;0;0;0;0;1;0;0;0
"21/12/2022";"07:08:00";"157";"Acidente s";"15.8";"BR-116/SP";"Pista Sul";"Abalroamento longitudinal";2;0;0;0;0;0;0;0;0;0;4;0;0;0;0
"21/12/2022";"07:16:00";"164";"Acidente c";"172";"BR-116/RJ";"Pista Norte";"Queda de moto";0;0;0;1;0;0;0;0;0;0;0;1;0;0;0
"21/12/2022";"08:00:00";"193";"Acidente c";"125.9";"BR-116/SP";"Pista Norte";"Colisão traseira";1;0;0;0;0;1;0;0;0;0;2;1;0;0;0
"21/12/2022";"08:55:00";"219";"Acidente c";"583.3";"BR-101/RJ";"Pista Sul";"Colisão frontal";2;0;0;0;0;0;0;0;0;0;0;0;2;0;1
"21/12/2022";"10:12:00";"293";"Acidente s";"230";"BR-116/RJ";"Pista Norte";"Choque Talude";0;0;1;0;0;0;0;0;0;0;1;0;0;0;0
"21/12/2022";"10:42:00";"308";"Acidente s";"231";"BR-116/SP";"Pista Norte";"Choque em defensa";1;0;0;0;0;1;0;0;0;0;3;0;0;0;0
"21/12/2022";"11:59:00";"353";"Acidente s";"228.4";"BR-116/RJ";"Pista Sul";"Engavetamento";0;0;2;0;0;1;0;0;0;0;3;0;0;0;0
"21/12/2022";"12:24:00";"365";"Acidente s";"161.15";"BR-116/SP";"Pista Sul";"Choque em defensa";0;0;1;0;0;0;0;0;0;0;1;0;0;0;0
"21/12/2022";"12:31:00";"371";"Acidente s";"102.55";"BR-116/SP";"Pista Norte";"Colisão traseira";2;0;0;0;0;0;0;0;0;0;2;0;0;0;0
"21/12/2022";"12:42:00";"377";"Acidente c";"218.7";"BR-116/SP";"Pista Sul";"Abalroamento longitudinal";2;0;0;1;0;0;0;0;0;0;2;1;0;0;0
"21/12/2022";"01:36:00";"403";"Acidente s";"502";"BR-101/RJ";"Pista Sul";"Colisão frontal";1;0;0;0;0;0;0;0;0;1;2;0;0;0;0
"21/12/2022";"02:09:00";"421";"Acidente c";"241";"BR-116/RJ";"Pista Sul";"Abalroamento longitudinal";0;0;2;0;0;1;0;0;0;0;2;0;0;1;0
"21/12/2022";"02:51:00";"449";"Acidente s";"142";"BR-116/SP";"Pista Norte";"Engavetamento";1;0;1;0;0;1;0;0;0;0;7;0;0;0;0
"21/12/2022";"03:19:00";"472";"Acidente s";"49";"BR-101/SP";"Pista Norte";"Colisão traseira";1;0;0;0;0;1;0;0;0;0;2;0;0;0;0
"21/12/2022";"03:51:00";"493";"Acidente s";"433";"BR-101/RJ";"Pista Sul";"Queda de ribanceira";0;0;0;0;0;0;0;0;0;1;1;0;0;0;0
"21/12/2022";"03:56:00";"496";"Acidente c";"43";"BR-116/SP";"Pista Norte";"Colisão traseira";1;0;1;0;0;0;0;0;0;0;2;0;2;0;0
"21/12/2022";"04:03:00";"504";"Acidente s";"240.6";"BR-116/RJ";"Pista Sul";"Engavetamento";1;0;1;0;0;1;0;0;0;0;3;0;0;0;0
"21/12/2022";"04:06:00";"506";"Acidente s";"50.8";"BR-101/SP";"Pista Sul";"Colisão traseira";1;0;0;0;0;1;0;0;0;0;2;0;0;0;0
"21/12/2022";"04:23:00";"526";"Acidente c";"586";"BR-101/RJ";"Pista Norte";"Choque em objeto na pista";0;0;0;0;1;0;0;0;0;0;0;0;1;0;0
"21/12/2022";"05:02:00";"554";"Acidente s";"19.5";"BR-116/SP";"Pista Sul";"Tombamento";0;0;1;0;0;0;0;0;0;0;1;0;0;0;0
"21/12/2022";"05:12:00";"561";"Acidente c";"307";"BR-116/RJ";"Pista Norte";"Queda de moto";0;0;0;1;0;1;0;0;0;0;1;1;0;0;0
"21/12/2022";"05:39:00";"577";"Acidente c";"208";"BR-116/RJ";"Pista Norte";"Choque em objeto fixo";0;0;1;0;0;0;0;0;0;0;0;0;2;0;0
"21/12/2022";"05:54:00";"583";"Acidente c";"205";"BR-116/SP";"Pista Norte";"Abalroamento longitudinal";0;0;0;2;0;0;0;0;0;0;1;1;0;0;0
"21/12/2022";"06:27:00";"603";"Acidente s";"126.2";"BR-116/SP";"Pista Norte";"Colisão traseira";1;0;1;0;0;0;0;0;0;0;2;0;0;0;0
"21/12/2022";"06:49:00";"608";"Acidente s";"165.2";"BR-116/SP";"Pista Sul";"Colisão traseira";0;0;2;0;0;0;0;0;0;0;2;0;0;0;0
"21/12/2022";"06:53:00";"611";"Acidente s";"264.6";"BR-116/RJ";"Pista Norte";"Queda de ribanceira";1;0;0;0;0;0;0;0;0;0;1;0;0;0;0
"21/12/2022";"06:59:00";"614";"Acidente s";"388.8";"BR-101/RJ";"Pista Sul";"Abalroamento longitudinal";1;0;1;0;0;0;0;0;0;0;5;0;0;0;0
"21/12/2022";"08:25:00";"658";"Acidente s";"415";"BR-101/RJ";"Pista Sul";"Choque em defensa";1;0;0;0;0;0;0;0;0;0;4;0;0;0;0
"21/12/2022";"09:07:00";"676";"Acidente s";"312.5";"BR-116/RJ";"Pista Sul";"Abalroamento longitudinal";2;0;0;0;0;0;0;0;0;0;2;0;0;0;0
"21/12/2022";"10:42:00";"707";"Acidente s";"334.7";"BR-116/RJ";"Pista Norte";"Choque em defensa";0;0;1;0;0;1;0;0;0;0;2;0;0;0;0
"21/12/2022";"11:05:00";"716";"Atropelame";"88.8";"BR-116/SP";"Pista Sul";"Atropelamento de pedestre caminhando";0;0;0;0;0;1;0;0;0;0;1;0;0;0;1
"21/12/2022";"11:52:00";"725";"Acidente s";"172";"BR-116/RJ";"Pista Norte";"Abalroamento longitudinal";1;0;1;0;0;0;0;0;0;0;2;0;0;0;0
"22/12/2022";"01:16:00";"34";"Acidente c";"117.3";"BR-116/SP";"Pista Norte";"Abalroamento longitudinal";1;0;0;0;0;0;0;0;0;0;0;1;0;0;0
"22/12/2022";"02:14:00";"45";"Acidente c";"215.2";"BR-116/SP";"Pista Sul";"Choque em barreira New Jersey";1;0;0;0;0;0;0;0;0;0;2;2;0;0;0
"22/12/2022";"02:29:00";"47";"Acidente s";"94.1";"BR-116/SP";"Pista Sul";"Abalroamento longitudinal";1;0;1;0;0;0;0;0;0;0;5;0;0;0;0
"22/12/2022";"03:39:00";"64";"Acidente c";"182";"BR-116/RJ";"Pista Norte";"Choque em barreira New Jersey";0;0;0;0;0;0;0;0;0;1;0;0;1;0;0
"22/12/2022";"06:34:00";"105";"Acidente s";"173.9";"BR-116/RJ";"Pista Sul";"Choque em barreira New Jersey";0;0;1;0;0;0;0;0;0;0;1;0;0;0;0
"22/12/2022";"07:40:00";"153";"Acidente s";"112.9";"BR-116/SP";"Pista Norte";"Engavetamento";4;0;0;0;0;0;0;0;0;0;11;0;0;0;0
"22/12/2022";"07:57:00";"164";"Acidente c";"156.9";"BR-116/SP";"Pista Norte";"Colisão traseira";2;0;0;0;0;0;0;0;0;0;2;1;0;0;0
"22/12/2022";"08:22:00";"189";"Acidente s";"119";"BR-116/SP";"Pista Norte";"Engavetamento";3;0;0;0;0;1;0;0;0;0;6;0;0;0;0
"22/12/2022";"09:07:00";"220";"Acidente c";"173.4";"BR-116/SP";"Pista Sul";"Colisão traseira";1;0;0;1;0;0;0;0;0;0;1;1;0;0;0
"22/12/2022";"09:49:00";"237";"Acidente s";"88.2";"BR-116/SP";"Pista Norte";"Colisão traseira";0;0;2;0;0;0;0;0;0;0;2;0;0;0;0
"22/12/2022";"09:58:00";"240";"Acidente s";"481";"BR-101/RJ";"Pista Norte";"Abalroamento longitudinal";1;0;1;0;0;0;0;0;0;0;2;0;0;0;0