data;horario;n_da_ocorrencia;tipo_de_ocorrencia;km;trecho;sentido;tipo_de_acidente;automovel;bicicleta;caminhao;moto;onibus;outros;tracao_animal;transporte_de_cargas_especiais;trator_maquinas;utilitarios;ilesos;levemente_feridos;moderadamente_feridos;gravemente_feridos;mortos
"22/12/2022";"10:15:00";"245";"Acidente s";"294.65";"BR-116/RJ";"Pista Sul";"Choque em barreira New Jersey";0;0;1;0;0;0;0;0;0;0;1;0;0;0;0
"22/12/2022";"10:41:00";"262";"Acidente c";"121.8";"BR-116/SP";"Pista Norte";"Colisão traseira";1;0;0;0;1;0;0;0;0;0;25;1;0;0;0
"22/12/2022";"11:01:00";"278";"Acidente c";"209.3";"BR-116/SP";"Pista Norte";"Choque em objeto fixo";1;0;0;0;0;0;0;0;0;0;1;1;0;0;0
"22/12/2022";"11:19:00";"291";"Acidente c";"481";"BR-101/RJ";"Pista Sul";"Queda de moto";0;0;0;1;0;0;0;0;0;0;0;1;0;0;0
"22/12/2022";"11:53:00";"314";"Acidente s";"102";"BR-116/SP";"Pista Sul";"Choque em barreira New Jersey";1;0;0;0;0;0;0;0;0;0;1;0;0;0;0
"22/12/2022";"11:54:00";"315";"Acidente s";"276.1";"BR-116/RJ";"Pista Norte";"Capotamento";1;0;0;0;0;0;0;0;0;0;1;0;0;0;0
"22/12/2022";"12:31:00";"337";"Acidente s";"563.2";"BR-101/RJ";"Pista Norte";"Queda de ribanceira";0;0;1;0;0;0;0;0;0;0;1;0;0;0;0
"22/12/2022";"12:39:00";"343";"Acidente c";"297.4";"BR-116/RJ";"Pista Sul";"Colisão traseira";0;0;2;0;0;0;0;0;0;0;1;2;0;0;0
"22/12/2022";"12:42:00";"345";"Acidente s";"231.8";"BR-116/RJ";"Pista Norte";"Choque em objeto fixo";1;0;0;0;0;0;0;0;0;0;1;0;0;0;0
"22/12/2022";"01:11:00";"356";"Atropelame";"310.2";"BR-116/RJ";"Pista Norte";"Atropelamento de pedestre atravessando";1;1;0;0;0;0;0;0;0;0;2;0;1;0;0
"22/12/2022";"02:23:00";"387";"Acidente s";"104.9";"BR-116/SP";"Pista Sul";"Engavetamento";2;0;0;0;0;1;0;0;0;0;4;0;0;0;0
"22/12/2022";"02:43:00";"396";"Acidente c";"180";"BR-116/RJ";"Pista Norte";"Queda de moto";0;0;0;1;0;0;0;0;0;0;0;1;0;0;0
"22/12/2022";"03:46:00";"430";"Acidente s";"26.2";"BR-116/SP";"Pista Norte";"Colisão traseira";1;0;0;0;0;1;0;0;0;0;2;0;0;0;0
"22/12/2022";"04:11:00";"445";"Acidente s";"26";"BR-116/SP";"Pista Norte";"Choque em barreira New Jersey";0;0;0;0;0;0;0;0;0;1;1;0;0;0;0
"22/12/2022";"05:00:00";"475";"Atropelame";"482";"BR-101/RJ";"Pista Sul";"Atropelamento de pedestre atravessando";0;0;0;0;0;1;0;0;0;0;1;1;0;0;0
"22/12/2022";"05:28:00";"488";"Acidente s";"61.4";"BR-116/SP";"Pista Sul";"Colisão traseira";2;0;0;0;0;0;0;0;0;0;3;0;0;0;0
"22/12/2022";"05:31:00";"489";"Acidente s";"227";"BR-116/SP";"Pista Norte";"Colisão traseira";2;0;0;0;0;0;0;0;0;0;2;0;0;0;0
"22/12/2022";"06:09:00";"512";"Acidente s";"147";"BR-116/SP";"Pista Norte";"Abalroamento longitudinal";1;0;1;0;0;0;0;0;0;0;2;0;0;0;0
"22/12/2022";"06:42:00";"535";"Acidente c";"224.1";"BR-116/SP";"Pista Norte";"Colisão traseira";1;0;0;1;0;0;0;0;0;0;3;2;0;0;0
"22/12/2022";"07:25:00";"564";"Acidente c";"54.3";"BR-116/SP";"Pista Norte";"Abalroamento longitudinal";1;0;0;1;0;0;0;0;0;0;3;0;2;0;0
"22/12/2022";"08:36:00";"605";"Acidente s";"230.8";"BR-116/SP";"Pista Sul";"Abalroamento longitudinal";1;0;0;1;0;0;0;0;0;0;2;0;0;0;0
"22/12/2022";"08:43:00";"610";"Acidente s";"212.5";"BR-116/SP";"Pista Norte";"Colisão traseira";2;0;0;0;0;0;0;0;0;0;2;0;0;0;0
"22/12/2022";"10:41:00";"663";"Acidente s";"33.1";"BR-116/SP";"Pista Norte";"Outros";0;0;1;0;0;0;0;0;0;0;1;0;0;0;0
"22/12/2022";"11:09:00";"671";"Acidente s";"161.9";"BR-116/SP";"Pista Norte";"Abalroamento longitudinal";1;0;1;0;0;0;0;0;0;0;6;0;0;0;0
"23/12/2022";"02:23:00";"50";"Acidente s";"276.2";"BR-116/RJ";"Pista Sul";"Choque em objeto na pista";0;0;0;0;1;0;0;0;0;0;1;0;0;0;0
"23/12/2022";"02:45:00";"56";"Acidente s";"49.7";"BR-116/SP";"Pista Norte";"Choque em objeto na pista";1;0;0;0;0;0;0;0;0;0;2;0;0;0;0
"23/12/2022";"05:06:00";"80";"Acidente s";"21";"BR-116/SP";"Pista Norte";"Choque em objeto fixo";0;0;1;0;0;0;0;0;0;0;1;0;0;0;0
"23/12/2022";"05:42:00";"87";"Acidente s";"239";"BR-116/RJ";"Pista Sul";"Choque em barreira New Jersey";1;0;0;0;0;0;0;0;0;0;1;0;0;0;0
"23/12/2022";"06:27:00";"111";"Acidente c";"67.4";"BR-116/SP";"Pista Norte";"Choque em barreira New Jersey";1;0;0;0;0;0;0;0;0;0;0;2;0;0;0
"23/12/2022";"06:47:00";"126";"Acidente c";"191.8";"BR-116/RJ";"Pista Sul";"Colisão traseira";1;0;0;0;0;1;0;0;0;0;1;1;0;0;0
"23/12/2022";"07:08:00";"140";"Acidente s";"142.7";"BR-116/SP";"Pista Norte";"Colisão traseira";2;0;0;0;0;0;0;0;0;0;5;0;0;0;0
"23/12/2022";"07:22:00";"154";"Acidente s";"146";"BR-116/SP";"Pista Norte";"Colisão traseira";2;0;0;0;0;0;0;0;0;0;2;0;0;0;0
"23/12/2022";"07:42:00";"168";"Acidente s";"70";"BR-116/SP";"Pista Norte";"Engavetamento";3;0;0;0;0;0;0;0;0;0;6;0;0;0;0
"23/12/2022";"07:47:00";"176";"Acidente c";"160.9";"BR-116/SP";"Pista Norte";"Colisão traseira";1;0;0;0;0;1;0;0;0;0;2;4;0;0;0
"23/12/2022";"08:22:00";"195";"Acidente s";"112.05";"BR-116/SP";"Pista Norte";"Engavetamento";3;0;0;0;0;0;0;0;0;0;6;0;0;0;0
"23/12/2022";"08:30:00";"202";"Acidente c";"205";"BR-116/SP";"Pista Sul";"Atropelamento de animal";0;0;0;1;0;0;0;0;0;0;0;1;0;0;0
"23/12/2022";"08:45:00";"213";"Acidente s";"216.2";"BR-116/SP";"Pista Sul";"Colisão traseira";0;0;0;1;0;1;0;0;0;0;2;0;0;0;0
"23/12/2022";"09:17:00";"228";"Acidente s";"274.5";"BR-116/RJ";"Pista Sul";"Choque em objeto na pista";1;0;0;0;0;0;0;0;0;0;2;0;0;0;0
"23/12/2022";"10:28:00";"281";"Acidente c";"182";"BR-116/RJ";"Pista Sul";"Engavetamento";2;0;0;1;0;0;0;0;0;0;4;2;0;0;0
"23/12/2022";"10:51:00";"289";"Acidente s";"279.95";"BR-116/RJ";"Pista Sul";"Abalroamento longitudinal";1;0;0;0;0;1;0;0;0;0;2;0;0;0;0
"23/12/2022";"11:18:00";"311";"Acidente s";"119";"BR-116/SP";"Pista Norte";"Colisão traseira";1;0;0;0;0;2;0;0;0;0;3;0;0;0;0
"23/12/2022";"12:37:00";"357";"Acidente s";"173";"BR-116/RJ";"Pista Sul";"Colisão traseira";1;0;0;0;0;1;0;0;0;0;5;0;0;0;0
"23/12/2022";"01:54:00";"398";"Acidente c";"126.6";"BR-116/SP";"Pista Norte";"Colisão traseira";1;0;0;0;0;1;0;0;0;0;2;1;1;0;0
"23/12/2022";"02:20:00";"414";"Acidente s";"61.1";"BR-116/SP";"Pista Norte";"Engavetamento";5;0;0;0;0;0;0;0;0;0;11;0;0;0;0
"23/12/2022";"02:26:00";"420";"Acidente s";"261.3";"BR-116/RJ";"Pista Norte";"Choque em barreira New Jersey";1;0;0;0;0;0;0;0;0;0;3;0;0;0;0
"23/12/2022";"02:52:00";"435";"Acidente c";"234";"BR-116/RJ";"Pista Norte";"Colisão traseira";1;0;0;1;0;0;0;0;0;0;4;1;0;0;0
"23/12/2022";"03:06:00";"440";"Acidente s";"143";"BR-116/SP";"Pista Norte";"Choque em objeto fixo";2;0;0;0;0;0;0;0;0;0;2;0;0;0;0
"23/12/2022";"03:30:00";"459";"Acidente c";"203.2";"BR-116/SP";"Pista Norte";"Colisão traseira";4;0;0;0;0;1;0;0;0;0;12;3;0;0;0
"23/12/2022";"03:47:00";"471";"Atropelame";"408";"BR-101/RJ";"Pista Sul";"Atropelamento de pedestre atravessando";1;0;0;0;0;0;0;0;0;0;4;0;0;0;1
"23/12/2022";"04:12:00";"486";"Acidente c";"268.2";"BR-116/RJ";"Pista Sul";"Colisão traseira";1;0;1;0;0;0;0;0;0;0;1;1;0;0;0
"23/12/2022";"04:19:00";"495";"Acidente c";"286.8";"BR-116/RJ";"Pista Norte";"Engavetamento";4;0;0;0;0;1;0;0;0;0;3;3;0;0;0
"23/12/2022";"04:42:00";"504";"Acidente s";"288.8";"BR-116/RJ";"Pista Norte";"Tombamento";0;0;1;0;0;0;0;0;0;0;1;0;0;0;0
"23/12/2022";"05:15:00";"524";"Acidente s";"137.1";"BR-116/SP";"Pista Norte";"Engavetamento";2;0;0;0;0;2;0;0;0;0;7;0;0;0;0
"23/12/2022";"06:00:00";"545";"Acidente s";"205.3";"BR-116/SP";"Pista Norte";"Choque em barreira New Jersey";1;0;0;0;0;0;0;0;0;0;1;0;0;0;0
"23/12/2022";"06:36:00";"577";"Acidente s";"49.5";"BR-101/SP";"Pista Norte";"Colisão frontal";2;0;0;0;0;0;0;0;0;0;6;0;0;0;0
"23/12/2022";"06:49:00";"583";"Acidente c";"440";"BR-101/RJ";"Pista Sul";"Colisão frontal";2;0;0;0;0;0;0;0;0;0;0;3;0;0;0
"23/12/2022";"10:23:00";"682";"Acidente c";"54.4";"BR-116/SP";"Pista Sul";"Capotamento";1;0;0;0;0;0;0;0;0;0;0;0;1;0;0
"23/12/2022";"10:41:00";"688";"Acidente s";"182.3";"BR-116/SP";"Pista Norte";"Colisão traseira";1;0;1;0;0;0;0;0;0;0;4;0;0;0;0
"24/12/2022";"12:39:00";"20";"Acidente c";"224.5";"BR-116/SP";"Pista Sul";"Colisão traseira";0;0;0;1;0;1;0;0;0;0;1;1;0;0;0
"24/12/2022";"12:41:00";"22";"Acidente c";"227";"BR-116/SP";"Pista Norte";"Capotamento";1;0;0;0;0;0;0;0;0;0;0;1;0;0;0
"24/12/2022";"02:29:00";"43";"Acidente s";"5";"BR-116/SP";"Pista Norte";"Abalroamento longitudinal";2;0;0;0;0;0;0;0;0;0;5;0;0;0;0
"24/12/2022";"02:48:00";"47";"Acidente s";"264.6";"BR-116/RJ";"Pista Sul";"Queda de ribanceira";0;0;0;0;0;1;0;0;0;1;2;0;0;0;0
"24/12/2022";"07:13:00";"117";"Acidente s";"212";"BR-116/RJ";"Pista Sul";"Choque em objeto fixo";1;0;0;0;0;0;0;0;0;0;1;0;0;0;0
"24/12/2022";"07:22:00";"124";"Acidente s";"275.7";"BR-116/RJ";"Pista Norte";"Choque em barreira New Jersey";1;0;0;0;0;0;0;0;0;0;1;0;0;0;0
"24/12/2022";"10:35:00";"222";"Acidente s";"147.9";"BR-116/SP";"Pista Sul";"Abalroamento longitudinal";1;0;1;0;0;0;0;0;0;0;5;0;0;0;0
"24/12/2022";"11:53:00";"272";"Acidente s";"226.8";"BR-116/SP";"Pista Sul";"Choque em defensa";1;0;0;0;0;0;0;0;0;0;1;0;0;0;0
"24/12/2022";"01:15:00";"316";"Acidente s";"218.3";"BR-116/SP";"Pista Norte";"Queda de moto";0;0;0;1;0;0;0;0;0;0;1;0;0;0;0
"24/12/2022";"01:37:00";"330";"Acidente s";"176.5";"BR-116/RJ";"Pista Sul";"Choque em barreira New Jersey";1;0;0;0;0;0;0;0;0;0;4;0;0;0;0
"24/12/2022";"02:40:00";"372";"Acidente c";"557";"BR-101/RJ";"Pista Sul";"Engavetamento";2;0;0;1;0;0;0;0;0;0;1;0;1;1;0
"24/12/2022";"03:00:00";"383";"Acidente c";"432";"BR-101/RJ";"Pista Sul";"Choque em barreira New Jersey";0;0;0;1;0;0;0;0;0;0;0;1;0;0;0
"24/12/2022";"04:54:00";"465";"Acidente s";"334";"BR-116/RJ";"Pista Norte";"Capotamento";1;0;0;0;0;0;0;0;0;0;4;0;0;0;0
"24/12/2022";"05:05:00";"473";"Acidente c";"146.6";"BR-116/SP";"Pista Norte";"Queda de moto";0;0;0;1;0;0;0;0;0;0;0;1;0;0;0
"24/12/2022";"05:17:00";"478";"Acidente s";"201.1";"BR-116/SP";"Pista Norte";"Choque em defensa";1;0;0;0;0;0;0;0;0;0;1;0;0;0;0
"24/12/2022";"06:11:00";"488";"Acidente c";"35.1";"BR-101/SP";"Pista Sul";"Abalroamento longitudinal";1;0;0;1;0;0;0;0;0;0;1;0;2;0;0
"24/12/2022";"07:49:00";"536";"Acidente s";"482";"BR-101/RJ";"Pista Norte";"Abalroamento longitudinal";2;0;0;0;0;0;0;0;0;0;5;0;0;0;0
"24/12/2022";"11:37:00";"608";"Acidente c";"117.35";"BR-116/SP";"Pista Sul";"Choque em objeto fixo";1;0;0;0;0;0;0;0;0;0;0;1;0;0;0
"25/12/2022";"02:42:00";"35";"Acidente c";"148.2";"BR-116/SP";"Pista Norte";"Colisão traseira";2;0;0;0;0;0;0;0;0;0;3;2;1;0;0
"25/12/2022";"03:50:00";"53";"Acidente c";"190";"BR-116/RJ";"Pista Norte";"Choque em defensa";1;0;0;0;0;0;0;0;0;0;0;1;0;0;0
"25/12/2022";"05:33:00";"81";"Acidente s";"435";"BR-101/RJ";"Pista Sul";"Choque em objeto fixo";1;0;0;0;0;0;0;0;0;0;1;0;0;0;0
"25/12/2022";"08:39:00";"145";"Acidente s";"181.95";"BR-116/SP";"Pista Norte";"Queda de ribanceira";1;0;0;0;0;0;0;0;0;0;3;0;0;0;0
"25/12/2022";"09:46:00";"167";"Acidente s";"576";"BR-101/RJ";"Pista Norte";"Colisão frontal";1;0;0;0;0;0;0;0;0;1;5;0;0;0;0
"25/12/2022";"02:40:00";"288";"Acidente s";"506";"BR-101/RJ";"Pista Sul";"Colisão traseira";2;0;0;0;0;0;0;0;0;0;2;0;0;0;0
"25/12/2022";"03:27:00";"307";"Acidente s";"324";"BR-116/RJ";"Pista Sul";"Colisão traseira";0;0;2;0;0;0;0;0;0;0;2;0;0;0;0
"25/12/2022";"05:55:00";"394";"Acidente c";"138";"BR-116/SP";"Pista Sul";"Engavetamento";4;0;0;0;0;0;0;0;0;0;11;3;0;0;0
"25/12/2022";"06:21:00";"410";"Acidente s";"50";"BR-116/SP";"Pista Norte";"Atropelamento de animal";1;0;0;0;0;0;0;0;0;0;2;0;0;0;0
"25/12/2022";"06:23:00";"412";"Acidente s";"393";"BR-101/RJ";"Pista Norte";"Colisão traseira";4;0;0;0;0;0;0;0;0;0;9;0;0;0;0
"25/12/2022";"06:56:00";"431";"Acidente c";"169.8";"BR-116/RJ";"Pista Norte";"Colisão traseira";2;0;0;0;0;0;0;0;0;0;2;1;0;0;0
"25/12/2022";"07:01:00";"436";"Acidente s";"98";"BR-116/SP";"Pista Sul";"Engavetamento";2;0;0;0;0;1;0;0;0;0;9;0;0;0;0
"25/12/2022";"09:03:00";"487";"Acidente s";"399";"BR-101/RJ";"Pista Norte";"Choque em objeto na pista";1;0;0;0;0;0;0;0;0;0;1;0;0;0;0
"25/12/2022";"11:57:00";"552";"Acidente c";"65.5";"BR-116/SP";"Pista Norte";"Capotamento";1;0;0;0;0;0;0;0;0;0;0;1;0;0;0
"26/12/2022";"01:53:00";"29";"Acidente s";"184.9";"BR-116/RJ";"Pista Sul";"Choque em defensa";1;0;0;0;0;0;0;0;0;0;1;0;0;0;0
"26/12/2022";"02:44:00";"39";"Acidente s";"106.8";"BR-116/SP";"Pista Sul";"Choque em objeto fixo";0;0;1;0;0;0;0;0;0;0;1;0;0;0;0
"26/12/2022";"02:47:00";"40";"Acidente s";"67.7";"BR-116/SP";"Pista Norte";"Choque em objeto na pista";1;0;1;0;0;0;0;0;0;0;4;0;0;0;0
"26/12/2022";"05:19:00";"64";"Acidente s";"228.5";"BR-116/RJ";"Pista Norte";"Choque em objeto fixo";0;0;1;0;0;0;0;0;0;0;1;0;0;0;0
"26/12/2022";"06:08:00";"76";"Acidente c";"22";"BR-116/SP";"Pista Sul";"Capotamento";1;0;0;0;0;0;0;0;0;0;0;1;0;0;0
"26/12/2022";"06:39:00";"94";"Acidente s";"207.4";"BR-116/SP";"Pista Sul";"Colisão traseira";1;0;0;0;0;0;0;0;0;1;2;0;0;0;0
"26/12/2022";"07:14:00";"110";"Acidente s";"149.8";"BR-116/SP";"Pista Sul";"Colisão traseira";1;0;0;0;0;0;0;0;0;1;3;0;0;0;0
"26/12/2022";"08:02:00";"149";"Acidente s";"389";"BR-101/RJ";"Pista Sul";"Abalroamento longitudinal";1;0;0;0;0;1;0;0;0;0;2;0;0;0;0
"26/12/2022";"09:07:00";"187";"Acidente s";"181";"BR-116/SP";"Pista Norte";"Choque em objeto fixo";1;0;0;0;0;0;0;0;0;0;1;0;0;0;0
"26/12/2022";"09:59:00";"216";"Acidente c";"167.3";"BR-116/SP";"Pista Norte";"Abalroamento longitudinal";0;0;1;1;0;0;0;0;0;0;2;1;0;0;0
"26/12/2022";"10:05:00";"219";"Acidente c";"302";"BR-116/RJ";"Pista Sul";"Colisão traseira";0;0;2;0;0;0;0;0;0;0;2;1;0;0;0
"26/12/2022";"10:11:00";"227";"Acidente c";"169.9";"BR-116/SP";"Pista Norte";"Engavetamento";3;0;0;0;0;0;0;0;0;0;6;0;1;0;0
"26/12/2022";"10:31:00";"240";"Acidente s";"121";"BR-116/SP";"Pista Sul";"Colisão traseira";2;0;0;0;0;0;0;0;0;0;5;0;0;0;0
"26/12/2022";"11:12:00";"259";"Acidente s";"296";"BR-116/RJ";"Pista Sul";"Colisão traseira";1;0;0;0;1;0;0;0;0;0;29;0;0;0;0
"26/12/2022";"11:27:00";"268";"Acidente s";"27";"BR-116/SP";"Pista Sul";"Choque em objeto fixo";1;0;0;0;0;0;0;0;0;0;1;0;0;0;0
"26/12/2022";"12:06:00";"286";"Acidente s";"521";"BR-101/RJ";"Pista Norte";"Colisão frontal";2;0;0;0;0;0;0;0;0;0;2;0;0;0;0
"26/12/2022";"01:01:00";"314";"Acidente s";"120.9";"BR-116/SP";"Pista Norte";"Engavetamento";2;0;0;0;0;1;0;0;0;0;5;0;0;0;0
"26/12/2022";"01:11:00";"323";"Acidente s";"125";"BR-116/SP";"Pista Norte";"Engavetamento";1;0;2;0;0;0;0;0;0;0;3;0;0;0;0
"26/12/2022";"01:20:00";"333";"Acidente s";"36.6";"BR-116/SP";"Pista Sul";"Choque em defensa";1;0;0;0;0;0;0;0;0;0;2;0;0;0;0
"26/12/2022";"01:43:00";"352";"Acidente s";"154.2";"BR-116/SP";"Pista Norte";"Colisão traseira";2;0;0;0;0;0;0;0;0;0;4;0;0;0;0
"26/12/2022";"02:06:00";"362";"Acidente c";"172.8";"BR-116/RJ";"Pista Sul";"Abalroamento longitudinal";1;0;0;0;0;1;0;0;0;0;1;0;0;1;0
"26/12/2022";"03:18:00";"406";"Acidente c";"98.2";"BR-116/SP";"Pista Sul";"Engavetamento";2;0;2;0;0;0;0;0;0;0;9;1;0;0;0
"26/12/2022";"04:14:00";"435";"Acidente s";"324";"BR-116/RJ";"Pista Norte";"Capotamento";1;0;0;0;0;0;0;0;0;0;1;0;0;0;0
"26/12/2022";"04:40:00";"458";"Acidente s";"204.5";"BR-116/SP";"Pista Sul";"Abalroamento longitudinal";1;0;1;0;0;0;0;0;0;0;5;0;0;0;0
"26/12/2022";"05:15:00";"475";"Acidente s";"517";"BR-101/RJ";"Pista Sul";"Choque em objeto fixo";1;0;0;0;0;0;0;0;0;0;1;0;0;0;0
"26/12/2022";"06:15:00";"513";"Acidente c";"506";"BR-101/RJ";"Pista Sul";"Abalroamento longitudinal";1;0;0;1;0;0;0;0;0;0;2;0;1;0;0
"26/12/2022";"08:32:00";"592";"Acidente s";"247";"BR-116/RJ";"Pista Sul";"Abalroamento longitudinal";1;0;1;0;0;0;0;0;0;0;6;0;0;0;0
"26/12/2022";"08:54:00";"607";"Atropelame";"79.95";"BR-116/SP";"Pista Norte";"Atropelamento de pedestre atravessando";1;0;0;0;0;0;0;0;0;0;2;0;0;0;1
"26/12/2022";"10:53:00";"643";"Acidente c";"221";"BR-116/SP";"Pista Sul";"Capotamento";2;0;0;0;0;0;0;0;0;0;1;0;0;1;0
"26/12/2022";"11:08:00";"647";"Acidente s";"49.5";"BR-101/SP";"Pista Norte";"Outros";1;0;0;0;0;0;0;0;0;0;1;0;0;0;0
"26/12/2022";"11:32:00";"653";"Acidente c";"57";"BR-116/SP";"Pista Sul";"Colisão traseira";0;0;2;0;0;1;0;0;0;0;2;1;0;0;0
"27/12/2022";"07:53:00";"155";"Acidente s";"124.3";"BR-116/SP";"Pista Norte";"Engavetamento";0;0;3;0;0;0;0;0;0;0;6;0;0;0;0
"27/12/2022";"07:58:00";"166";"Acidente c";"188.1";"BR-116/RJ";"Pista Norte";"Colisão traseira";0;0;0;2;0;0;0;0;0;0;0;2;0;0;0
"27/12/2022";"08:03:00";"168";"Acidente s";"162";"BR-116/SP";"Pista Norte";"Colisão traseira";0;0;2;0;0;0;0;0;0;0;2;0;0;0;0
"27/12/2022";"10:17:00";"262";"Acidente c";"70.2";"BR-116/SP";"Pista Sul";"Abalroamento longitudinal";1;0;0;0;0;1;0;0;0;0;4;1;0;0;0
"27/12/2022";"12:09:00";"343";"Acidente s";"104.6";"BR-116/SP";"Pista Sul";"Colisão traseira";2;0;0;0;0;0;0;0;0;0;4;0;0;0;0
"27/12/2022";"01:33:00";"390";"Acidente c";"199";"BR-116/RJ";"Pista Norte";"Abalroamento longitudinal";1;0;0;1;0;0;0;0;0;0;4;0;1;0;0
"27/12/2022";"01:52:00";"408";"Acidente s";"125.7";"BR-116/SP";"Pista Sul";"Colisão traseira";1;0;0;0;0;1;0;0;0;0;4;0;0;0;0
"27/12/2022";"02:38:00";"437";"Acidente s";"241";"BR-116/RJ";"Pista Norte";"Capotamento";1;0;0;0;0;0;0;0;0;0;1;0;0;0;0
"27/12/2022";"02:40:00";"440";"Acidente c";"411.9";"BR-101/RJ";"Pista Sul";"Abalroamento longitudinal";2;0;0;0;0;0;0;0;0;0;1;2;0;0;0
"27/12/2022";"05:02:00";"524";"Acidente s";"99.7";"BR-116/SP";"Pista Sul";"Engavetamento";3;0;0;0;1;0;0;0;0;0;17;0;0;0;0
"27/12/2022";"05:06:00";"527";"Acidente c";"421.4";"BR-101/RJ";"Pista Norte";"Abalroamento longitudinal";2;0;0;0;0;1;0;0;0;0;2;1;1;0;0
"27/12/2022";"06:08:00";"557";"Acidente s";"99.3";"BR-116/SP";"Pista Sul";"Engavetamento";1;0;2;0;0;0;0;0;0;0;7;0;0;0;0
"27/12/2022";"07:46:00";"613";"Acidente c";"392";"BR-101/RJ";"Pista Norte";"Colisão traseira";0;0;0;1;0;1;0;0;0;0;1;1;1;0;0
"27/12/2022";"10:32:00";"675";"Acidente c";"51";"BR-101/SP";"Pista Sul";"Abalroamento longitudinal";0;0;0;1;0;1;0;0;0;0;1;1;0;0;0
"27/12/2022";"11:26:00";"700";"Acidente c";"278";"BR-116/RJ";"Pista Sul";"Abalroamento longitudinal";1;0;0;1;0;0;0;0;0;0;1;2;0;0;0
"28/12/2022";"05:14:00";"64";"Acidente s";"320.2";"BR-116/RJ";"Pista Norte";"Choque em barreira New Jersey";0;0;1;0;0;0;0;0;0;0;1;0;0;0;0
"28/12/2022";"05:20:00";"68";"Acidente s";"319";"BR-116/RJ";"Pista Sul";"Choque em objeto na pista";1;0;0;0;0;0;0;0;0;0;1;0;0;0;0
"28/12/2022";"05:23:00";"70";"Acidente s";"321";"BR-116/RJ";"Pista Sul";"Choque em objeto na pista";0;0;1;0;0;0;0;0;0;0;1;0;0;0;0
"28/12/2022";"05:56:00";"76";"Acidente s";"336";"BR-116/RJ";"Pista Sul";"Choque em objeto fixo";0;0;1;0;0;0;0;0;0;0;2;0;0;0;0
"28/12/2022";"06:22:00";"84";"Acidente s";"228";"BR-116/RJ";"Pista Norte";"Abalroamento longitudinal";0;0;2;0;0;0;0;0;0;0;2;0;0;0;0
"28/12/2022";"06:31:00";"88";"Acidente s";"36.9";"BR-101/SP";"Pista Norte";"Choque em defensa";0;0;1;0;0;0;0;0;0;0;1;0;0;0;0
"28/12/2022";"07:13:00";"104";"Acidente c";"187.9";"BR-116/SP";"Pista Sul";"Choque em barreira New Jersey";1;0;0;0;0;0;0;0;0;0;0;1;0;0;0
"28/12/2022";"08:02:00";"141";"Acidente s";"529";"BR-101/RJ";"Pista Norte";"Choque em objeto fixo";1;0;0;0;0;0;0;0;0;0;1;0;0;0;0
"28/12/2022";"08:20:00";"157";"Acidente c";"264.15";"BR-116/RJ";"Pista Norte";"Engavetamento";1;0;2;0;0;0;0;0;0;0;3;3;0;0;0
"28/12/2022";"08:58:00";"190";"Acidente s";"22.4";"BR-116/SP";"Pista Sul";"Tombamento";0;0;1;0;0;0;0;0;0;0;1;0;0;0;0
"28/12/2022";"10:07:00";"231";"Acidente s";"214.2";"BR-116/SP";"Pista Norte";"Colisão traseira";1;0;1;0;0;0;0;0;0;0;4;0;0;0;0
"28/12/2022";"10:45:00";"253";"Acidente s";"496";"BR-101/RJ";"Pista Sul";"Colisão traseira";2;0;0;0;0;0;0;0;0;0;5;0;0;0;0
"28/12/2022";"11:17:00";"268";"Acidente s";"146";"BR-116/SP";"Pista Sul";"Engavetamento";2;0;0;0;0;1;0;0;0;0;3;0;0;0;0
"28/12/2022";"11:46:00";"285";"Acidente c";"131.6";"BR-116/SP";"Pista Sul";"Engavetamento";2;0;0;0;0;1;0;0;0;0;5;1;0;0;0
"28/12/2022";"11:51:00";"291";"Acidente s";"228.5";"BR-116/RJ";"Pista Sul";"Engavetamento";2;0;1;0;0;0;0;0;0;0;6;0;0;0;0
"28/12/2022";"12:16:00";"309";"Acidente c";"108";"BR-116/SP";"Pista Sul";"Engavetamento";5;0;0;0;0;0;0;0;0;0;14;1;0;0;0
"28/12/2022";"12:54:00";"334";"Acidente s";"288";"BR-116/RJ";"Pista Norte";"Choque em objeto fixo";0;0;1;0;0;0;0;0;0;0;1;0;0;0;0
"28/12/2022";"01:01:00";"338";"Acidente s";"417";"BR-101/RJ";"Pista Norte";"Colisão traseira";2;0;0;0;0;0;0;0;0;0;4;0;0;0;0
"28/12/2022";"01:12:00";"350";"Acidente c";"203";"BR-116/SP";"Pista Norte";"Engavetamento";4;0;0;0;0;0;0;0;0;0;12;2;0;0;0
"28/12/2022";"01:12:00";"349";"Acidente s";"163.7";"BR-116/SP";"Pista Norte";"Engavetamento";3;0;0;0;0;0;0;0;0;0;12;0;0;0;0
"28/12/2022";"01:40:00";"365";"Acidente s";"104.8";"BR-116/SP";"Pista Sul";"Colisão traseira";1;0;0;0;0;1;0;0;0;0;2;0;0;0;0
"28/12/2022";"01:50:00";"371";"Acidente s";"165";"BR-116/SP";"Pista Norte";"Abalroamento longitudinal";1;0;1;0;0;0;0;0;0;0;5;0;0;0;0
"28/12/2022";"02:02:00";"377";"Acidente c";"196.4";"BR-116/SP";"Pista Sul";"Colisão traseira";0;0;2;0;0;0;0;0;0;0;1;1;0;0;0
"28/12/2022";"02:26:00";"387";"Acidente s";"226";"BR-116/RJ";"Pista Sul";"Tombamento";0;0;1;0;0;0;0;0;0;0;1;0;0;0;0