data;horario;n_da_ocorrencia;tipo_de_ocorrencia;km;trecho;sentido;tipo_de_acidente;automovel;bicicleta;caminhao;moto;onibus;outros;tracao_animal;transporte_de_cargas_especiais;trator_maquinas;utilitarios;ilesos;levemente_feridos;moderadamente_feridos;gravemente_feridos;mortos
"28/12/2022";"02:36:00";"394";"Acidente s";"287";"BR-116/RJ";"Pista Norte";"Abalroamento longitudinal";2;0;0;0;0;0;0;0;0;0;2;0;0;0;0
"28/12/2022";"02:40:00";"398";"Acidente s";"417";"BR-101/RJ";"Pista Sul";"Abalroamento longitudinal";1;0;1;0;0;0;0;0;0;0;2;0;0;0;0
"28/12/2022";"02:41:00";"400";"Acidente c";"294";"BR-116/RJ";"Pista Norte";"Engavetamento";3;0;2;0;0;0;0;0;0;0;4;1;0;0;0
"28/12/2022";"04:05:00";"460";"Acidente s";"466.8";"BR-101/RJ";"Pista Sul";"Colisão traseira";1;0;1;0;0;0;0;0;0;0;7;0;0;0;0
"28/12/2022";"04:06:00";"462";"Acidente s";"89.9";"BR-116/SP";"Pista Norte";"Queda de ribanceira";0;0;1;0;0;0;0;0;0;0;2;0;0;0;0
"28/12/2022";"05:49:00";"518";"Acidente s";"321.3";"BR-116/RJ";"Pista Norte";"Engavetamento";1;0;0;0;0;3;0;0;0;0;5;0;0;0;0
"28/12/2022";"07:19:00";"575";"Acidente c";"213.35";"BR-116/SP";"Pista Sul";"Colisão traseira";1;0;1;0;0;0;0;0;0;0;1;1;0;0;0
"28/12/2022";"08:35:00";"604";"Acidente c";"215";"BR-116/SP";"Pista Sul";"Capotamento";1;0;0;0;0;0;0;0;0;0;0;1;0;0;0
"28/12/2022";"09:05:00";"615";"Acidente s";"496";"BR-101/RJ";"Pista Sul";"Choque em objeto fixo";1;0;0;0;0;0;0;0;0;0;1;0;0;0;0
"28/12/2022";"09:29:00";"628";"Acidente c";"212";"BR-116/SP";"Pista Sul";"Engavetamento";10;0;3;0;0;0;0;0;0;0;12;4;2;0;0
"28/12/2022";"09:39:00";"633";"Atropelame";"44.5";"BR-101/SP";"Pista Sul";"Atropelamento de pedestre atravessando";0;1;0;0;0;1;0;0;0;0;1;0;1;0;0
"28/12/2022";"09:46:00";"635";"Acidente s";"177";"BR-116/RJ";"Pista Sul";"Colisão traseira";2;0;0;0;0;0;0;0;0;0;5;0;0;0;0
"28/12/2022";"10:32:00";"650";"Acidente c";"49";"BR-101/SP";"Pista Sul";"Atropelamento de pedestre atravessando";0;0;0;1;0;0;0;0;0;0;0;1;0;0;0
"29/12/2022";"04:04:00";"54";"Acidente s";"225.9";"BR-116/RJ";"Pista Sul";"Tombamento";0;0;1;0;0;0;0;0;0;0;2;0;0;0;0
"29/12/2022";"05:04:00";"63";"Acidente s";"117.6";"BR-116/SP";"Pista Norte";"Capotamento";1;0;0;0;0;0;0;0;0;0;1;0;0;0;0
"29/12/2022";"08:47:00";"206";"Acidente c";"117.4";"BR-116/SP";"Pista Norte";"Queda de moto";0;0;0;1;0;0;0;0;0;0;0;2;0;0;0
"29/12/2022";"09:59:00";"260";"Acidente c";"287";"BR-116/RJ";"Pista Sul";"Engavetamento";4;0;0;0;0;0;0;0;0;0;4;1;0;0;0
"29/12/2022";"10:30:00";"285";"Acidente s";"161.95";"BR-116/SP";"Pista Norte";"Engavetamento";1;0;0;0;0;0;0;0;0;2;10;0;0;0;0
"29/12/2022";"11:25:00";"327";"Acidente c";"36";"BR-101/SP";"Pista Norte";"Abalroamento longitudinal";1;0;0;0;0;0;0;0;0;0;0;1;0;0;0
"29/12/2022";"12:17:00";"357";"Acidente c";"432";"BR-101/RJ";"Pista Sul";"Queda de moto";0;0;0;1;0;0;0;0;0;0;0;1;0;0;0
"29/12/2022";"01:46:00";"411";"Acidente c";"181.9";"BR-116/RJ";"Pista Sul";"Engavetamento";1;0;1;1;0;0;0;0;0;0;4;1;0;0;0
"29/12/2022";"01:54:00";"412";"Acidente s";"324.05";"BR-116/RJ";"Pista Norte";"Choque em barreira New Jersey";1;0;0;0;0;0;0;0;0;0;1;0;0;0;0
"29/12/2022";"02:14:00";"425";"Acidente c";"232.5";"BR-116/RJ";"Pista Norte";"Choque em objeto fixo";1;0;0;0;0;0;0;0;0;0;0;3;0;0;0
"29/12/2022";"02:45:00";"446";"Acidente s";"424";"BR-101/RJ";"Pista Sul";"Colisão traseira";1;0;1;0;0;0;0;0;0;0;2;0;0;0;0
"29/12/2022";"03:03:00";"455";"Acidente s";"181";"BR-116/SP";"Pista Norte";"Choque em barreira New Jersey";1;0;0;0;0;0;0;0;0;0;1;0;0;0;0
"29/12/2022";"03:11:00";"458";"Acidente s";"298.6";"BR-116/RJ";"Pista Sul";"Engavetamento";3;0;0;0;0;0;0;0;0;0;6;0;0;0;0
"29/12/2022";"06:58:00";"600";"Acidente s";"505";"BR-101/RJ";"Pista Norte";"Abalroamento longitudinal";2;0;0;0;0;0;0;0;0;0;5;0;0;0;0
"29/12/2022";"07:29:00";"619";"Acidente c";"188";"BR-116/RJ";"Pista Sul";"Engavetamento";3;0;0;0;0;0;0;0;0;0;0;3;0;0;0
"29/12/2022";"08:09:00";"649";"Acidente c";"135";"BR-116/SP";"Pista Sul";"Queda de moto";0;0;0;1;0;0;0;0;0;0;0;1;0;0;0
"29/12/2022";"08:26:00";"658";"Acidente s";"217";"BR-116/SP";"Pista Sul";"Engavetamento";4;0;0;0;0;0;0;0;0;0;7;0;0;0;0
"29/12/2022";"09:26:00";"690";"Acidente s";"1.9";"BR-116/SP";"Pista Norte";"Choque em objeto na pista";2;0;0;0;0;0;0;0;0;0;5;0;0;0;0
"29/12/2022";"09:53:00";"707";"Acidente s";"192.3";"BR-116/RJ";"Pista Norte";"Atropelamento de animal";1;0;0;0;0;0;0;0;0;0;2;0;0;0;0
"29/12/2022";"09:55:00";"708";"Acidente c";"222";"BR-116/RJ";"Pista Norte";"Choque em barreira New Jersey";1;0;0;0;0;0;0;0;0;0;0;1;0;0;0
"29/12/2022";"11:37:00";"745";"Acidente c";"6";"BR-116/SP";"Pista Norte";"Capotamento";1;0;0;0;0;0;0;0;0;0;0;1;0;0;0
"30/12/2022";"01:33:00";"35";"Acidente s";"53";"BR-116/SP";"Pista Norte";"Choque em objeto fixo";1;0;0;0;0;0;0;0;0;0;4;0;0;0;0
"30/12/2022";"02:43:00";"43";"Acidente c";"30.1";"BR-116/SP";"Pista Norte";"Colisão traseira";1;0;0;0;0;1;0;0;0;0;5;1;0;0;0
"30/12/2022";"03:08:00";"47";"Acidente s";"477";"BR-101/RJ";"Pista Norte";"Choque em objeto fixo";1;0;0;0;0;0;0;0;0;0;4;0;0;0;0
"30/12/2022";"04:33:00";"64";"Acidente c";"225.6";"BR-116/SP";"Pista Sul";"Choque em defensa";1;0;0;0;0;0;0;0;0;0;0;1;0;0;0
"30/12/2022";"05:57:00";"81";"Acidente s";"110.6";"BR-116/SP";"Pista Sul";"Queda de ribanceira";0;0;1;0;0;0;0;0;0;0;1;0;0;0;0
"30/12/2022";"06:10:00";"87";"Acidente s";"226.8";"BR-116/SP";"Pista Norte";"Choque em defensa";1;0;0;0;0;0;0;0;0;0;5;0;0;0;0
"30/12/2022";"07:19:00";"113";"Acidente s";"419";"BR-101/RJ";"Pista Sul";"Colisão traseira";1;0;0;0;0;1;0;0;0;0;2;0;0;0;0
"30/12/2022";"07:46:00";"127";"Acidente c";"320.4";"BR-116/RJ";"Pista Norte";"Engavetamento";3;0;0;0;0;0;0;0;0;0;7;4;0;0;0
"30/12/2022";"08:12:00";"148";"Acidente s";"115.5";"BR-116/SP";"Pista Norte";"Colisão traseira";1;0;0;0;0;1;0;0;0;0;4;0;0;0;0
"30/12/2022";"08:27:00";"158";"Acidente c";"279.95";"BR-116/RJ";"Pista Sul";"Choque Talude";1;0;0;0;0;0;0;0;0;0;0;1;0;0;0
"30/12/2022";"09:27:00";"199";"Acidente c";"433";"BR-101/RJ";"Pista Sul";"Engavetamento";3;0;0;0;0;0;0;0;0;0;12;1;0;0;0
"30/12/2022";"09:35:00";"205";"Acidente s";"324.6";"BR-116/RJ";"Pista Norte";"Colisão traseira";2;0;0;0;0;0;0;0;0;0;2;0;0;0;0
"30/12/2022";"09:39:00";"209";"Acidente c";"216.9";"BR-116/SP";"Pista Sul";"Choque em objeto na pista";1;0;0;0;0;0;0;0;0;0;0;1;0;0;0
"30/12/2022";"10:03:00";"227";"Acidente s";"429.5";"BR-101/RJ";"Pista Sul";"Colisão traseira";2;0;0;0;0;0;0;0;0;0;2;0;0;0;0
"30/12/2022";"10:16:00";"231";"Acidente s";"321.5";"BR-116/RJ";"Pista Norte";"Engavetamento";3;0;0;0;0;0;0;0;0;0;3;0;0;0;0
"30/12/2022";"10:41:00";"249";"Acidente s";"79.2";"BR-116/SP";"Pista Norte";"Colisão traseira";2;0;0;0;0;0;0;0;0;0;5;0;0;0;0
"30/12/2022";"11:04:00";"263";"Acidente s";"250.5";"BR-116/RJ";"Pista Norte";"Engavetamento";3;0;0;0;0;0;0;0;0;0;7;0;0;0;0
"30/12/2022";"11:35:00";"278";"Acidente s";"426";"BR-101/RJ";"Pista Norte";"Choque em objeto fixo";1;0;0;0;0;0;0;0;0;0;7;0;0;0;0
"30/12/2022";"12:55:00";"326";"Acidente s";"284.9";"BR-116/RJ";"Pista Norte";"Outros";1;0;0;0;0;0;0;0;0;0;1;0;0;0;0
"30/12/2022";"01:18:00";"338";"Acidente s";"252.6";"BR-116/RJ";"Pista Sul";"Choque em barreira New Jersey";0;0;0;0;0;0;0;0;0;1;1;0;0;0;0
"30/12/2022";"02:31:00";"383";"Acidente s";"247";"BR-116/RJ";"Pista Norte";"Choque em objeto fixo";1;0;0;0;0;0;0;0;0;0;1;0;0;0;0
"30/12/2022";"02:43:00";"390";"Acidente s";"182.3";"BR-116/SP";"Pista Norte";"Colisão traseira";1;0;1;0;0;0;0;0;0;0;4;0;0;0;0
"30/12/2022";"02:49:00";"393";"Acidente s";"461";"BR-101/RJ";"Pista Sul";"Choque em objeto fixo";1;0;0;0;0;0;0;0;0;0;3;0;0;0;0
"30/12/2022";"03:17:00";"408";"Acidente c";"477";"BR-101/RJ";"Pista Norte";"Colisão frontal";2;0;0;0;0;0;0;0;0;0;3;1;0;0;0
"30/12/2022";"03:28:00";"411";"Acidente s";"112.6";"BR-116/SP";"Pista Sul";"Engavetamento";4;0;0;0;0;1;0;0;0;0;9;0;0;0;0
"30/12/2022";"03:40:00";"417";"Acidente s";"111.2";"BR-116/SP";"Pista Sul";"Colisão traseira";2;0;0;0;0;0;0;0;0;0;2;0;0;0;0
"30/12/2022";"03:43:00";"418";"Acidente s";"243";"BR-116/RJ";"Pista Sul";"Não Def";0;0;1;0;0;0;0;0;0;0;1;0;0;0;0
"30/12/2022";"05:08:00";"467";"Acidente s";"403";"BR-101/RJ";"Pista Sul";"Choque em barreira New Jersey";1;0;0;0;0;0;0;0;0;0;1;0;0;0;0
"30/12/2022";"05:10:00";"469";"Acidente c";"400";"BR-101/RJ";"Pista Sul";"Queda de ribanceira";0;0;1;0;0;0;0;0;0;0;0;1;2;0;0
"30/12/2022";"05:11:00";"470";"Acidente c";"580";"BR-101/RJ";"Pista Sul";"Abalroamento longitudinal";2;0;0;0;0;0;0;0;0;0;4;1;0;0;0
"30/12/2022";"06:35:00";"521";"Acidente c";"537";"BR-101/RJ";"Pista Norte";"Colisão traseira";3;0;0;0;0;0;0;0;0;0;6;3;0;0;0
"30/12/2022";"06:37:00";"523";"Acidente c";"40.3";"BR-101/SP";"Pista Sul";"Engavetamento";3;0;0;0;0;0;0;0;0;0;10;2;0;0;0
"30/12/2022";"06:43:00";"526";"Acidente s";"226";"BR-116/RJ";"Pista Norte";"Choque em objeto fixo";1;0;0;0;0;0;0;0;0;0;5;0;0;0;0
"30/12/2022";"08:04:00";"568";"Acidente c";"231";"BR-116/SP";"Pista Norte";"Capotamento";1;0;0;0;0;0;0;0;0;0;0;1;0;0;0
"30/12/2022";"09:10:00";"601";"Acidente s";"224.5";"BR-116/RJ";"Pista Sul";"Outros";0;0;1;0;0;0;0;0;0;0;1;0;0;0;0
"30/12/2022";"09:38:00";"613";"Acidente s";"385";"BR-101/RJ";"Pista Sul";"Choque em objeto fixo";1;0;0;0;0;0;0;0;0;0;1;0;0;0;0
"30/12/2022";"11:14:00";"651";"Acidente c";"51";"BR-101/SP";"Pista Norte";"Colisão traseira";1;0;0;1;0;0;0;0;0;0;2;1;0;0;0
"30/12/2022";"11:49:00";"660";"Acidente s";"207.7";"BR-116/RJ";"Pista Sul";"Choque em barreira New Jersey";1;0;0;0;0;0;0;0;0;0;3;0;0;0;0
"31/12/2022";"12:19:00";"17";"Acidente c";"191";"BR-116/RJ";"Pista Sul";"Abalroamento longitudinal";1;0;1;0;0;0;0;0;0;0;0;5;2;0;0
"31/12/2022";"05:03:00";"80";"Acidente c";"118.7";"BR-116/SP";"Pista Norte";"Choque em objeto fixo";1;0;0;0;0;0;0;0;0;0;0;0;0;1;0
"31/12/2022";"05:04:00";"81";"Acidente c";"181.1";"BR-116/SP";"Pista Norte";"Choque em objeto fixo";1;0;0;0;0;0;0;0;0;0;2;1;0;0;0
"31/12/2022";"08:37:00";"163";"Acidente c";"524";"BR-101/RJ";"Pista Norte";"Abalroamento longitudinal";2;0;0;0;0;0;0;0;0;0;2;4;0;0;0
"31/12/2022";"09:32:00";"186";"Acidente c";"205.2";"BR-116/SP";"Pista Norte";"Abalroamento longitudinal";1;0;0;1;0;0;0;0;0;0;3;1;1;0;0
"31/12/2022";"10:18:00";"206";"Acidente c";"44";"BR-101/SP";"Pista Norte";"Engavetamento";3;0;0;0;0;0;0;0;0;0;10;1;0;0;0
"31/12/2022";"10:28:00";"211";"Acidente c";"144";"BR-116/SP";"Pista Sul";"Queda de moto";0;0;0;1;0;0;0;0;0;0;0;1;0;0;0
"31/12/2022";"11:00:00";"231";"Acidente s";"473.4";"BR-101/RJ";"Pista Sul";"Abalroamento longitudinal";2;0;0;0;0;0;0;0;0;0;4;0;0;0;0
"31/12/2022";"11:35:00";"250";"Acidente s";"72.7";"BR-116/SP";"Pista Norte";"Colisão traseira";2;0;0;0;0;0;0;0;0;0;5;0;0;0;0
"31/12/2022";"02:48:00";"330";"Acidente s";"163";"BR-116/SP";"Pista Sul";"Queda de ribanceira";1;0;0;0;0;0;0;0;0;0;3;0;0;0;0
"31/12/2022";"03:38:00";"359";"Acidente s";"474";"BR-101/RJ";"Pista Norte";"Colisão traseira";2;0;0;0;0;0;0;0;0;0;5;0;0;0;0
"31/12/2022";"04:03:00";"372";"Acidente s";"258";"BR-116/RJ";"Pista Sul";"Choque em barreira New Jersey";1;0;0;0;0;0;0;0;0;0;3;0;0;0;0
"31/12/2022";"04:14:00";"378";"Acidente s";"86.95";"BR-116/SP";"Pista Sul";"Colisão traseira";2;0;0;0;0;0;0;0;0;0;6;0;0;0;0
"31/12/2022";"04:40:00";"390";"Acidente s";"470.7";"BR-101/RJ";"Pista Norte";"Abalroamento longitudinal";2;0;0;0;0;0;0;0;0;0;8;0;0;0;0
"31/12/2022";"05:42:00";"410";"Acidente c";"482";"BR-101/RJ";"Pista Sul";"Engavetamento";1;0;0;0;0;3;0;0;0;0;6;1;0;0;0
"31/12/2022";"05:52:00";"418";"Acidente s";"286";"BR-116/RJ";"Pista Norte";"Choque em objeto fixo";1;0;0;0;0;0;0;0;0;0;1;0;0;0;0
"31/12/2022";"06:22:00";"421";"Acidente s";"295";"BR-116/RJ";"Pista Sul";"Choque em defensa";1;0;0;0;0;0;0;0;0;0;1;0;0;0;0
"31/12/2022";"06:41:00";"428";"Acidente s";"513";"BR-101/RJ";"Pista Sul";"Choque em objeto fixo";1;0;0;0;0;0;0;0;0;0;1;0;0;0;0
"31/12/2022";"07:19:00";"437";"Acidente s";"147.6";"BR-116/SP";"Pista Sul";"Choque em objeto fixo";1;0;0;0;0;0;0;0;0;0;1;0;0;0;0
"31/12/2022";"10:27:00";"489";"Acidente c";"185";"BR-116/RJ";"Pista Norte";"Colisão traseira";2;0;0;0;0;0;0;0;0;0;8;1;0;0;0
"01/01/2023";"02:46:00";"40";"AC02 - Aci";"191";"BR-116/RJ";"Pista Norte";"Choque em Barreira New Jersey";1;0;0;0;0;0;0;0;0;0;2;1;0;0;0
"01/01/2023";"02:54:00";"43";"AC02 - Aci";"172.199";"BR-116/RJ";"Pista Sul";"Abalroamento Longitudinal";2;0;0;0;0;0;0;0;0;0;1;2;0;0;0
"01/01/2023";"05:20:00";"69";"AC02 - Aci";"157.589";"BR-116/SP";"Pista Norte";"Capotamento";1;0;0;0;0;0;0;0;0;0;1;1;1;0;0
"01/01/2023";"06:10:00";"86";"AC02 - Aci";"187.5";"BR-116/RJ";"Pista Sul";"Colisão Traseira";2;0;0;0;0;0;0;0;0;0;4;1;0;0;0
"01/01/2023";"06:30:00";"93";"AC02 - Aci";"262.899";"BR-116/RJ";"Pista Sul";"Colisão Traseira";2;0;0;0;0;0;0;0;0;0;0;1;1;0;0
"01/01/2023";"06:40:00";"100";"AC01 - Aci";"514";"BR-101/RJ";"Pista Norte";"Colisão Frontal";2;0;0;0;0;0;0;0;0;0;1;3;0;0;1
"01/01/2023";"07:27:00";"117";"AC02 - Aci";"34";"BR-101/SP";"Pista Sul";"Capotamento";1;0;0;0;0;0;0;0;0;0;0;1;0;0;0
"01/01/2023";"08:00:00";"133";"AC03 - Aci";"138.699";"BR-116/SP";"Pista Norte";"Queda de ribanceira";1;0;0;0;0;0;0;0;0;0;1;0;0;0;0
"01/01/2023";"11:55:00";"214";"AC03 - Aci";"283";"BR-116/RJ";"Pista Sul";"Queda de moto";0;0;0;1;0;0;0;0;0;0;2;0;0;0;0
"01/01/2023";"11:57:00";"215";"AC02 - Aci";"40";"BR-101/SP";"Pista Sul";"Colisão Frontal";1;0;0;0;0;1;0;0;0;0;1;0;1;0;0
"01/01/2023";"02:56:00";"288";"AC03 - Aci";"416";"BR-101/RJ";"Pista Sul";"Capotamento";1;0;0;0;0;0;0;0;0;0;1;0;0;0;0
"01/01/2023";"04:08:00";"319";"AC03 - Aci";"222";"BR-116/SP";"Pista Sul";"Colisão Traseira";1;0;0;1;0;0;0;0;0;0;3;0;0;0;0
"01/01/2023";"04:30:00";"335";"AC03 - Aci";"535.400";"BR-101/RJ";"Pista Norte";"Abalroamento Longitudinal";2;0;0;0;0;0;0;0;0;0;5;0;0;0;0
"01/01/2023";"05:35:00";"375";"AC03 - Aci";"238.399";"BR-116/RJ";"Pista Norte";"Choque em Barreira New Jersey";1;0;0;0;0;0;0;0;0;0;2;0;0;0;0
"01/01/2023";"05:38:00";"378";"AC03 - Aci";"108.300";"BR-116/SP";"Pista Sul";"Colisão Traseira";1;0;0;0;0;1;0;0;0;0;2;0;0;0;0
"01/01/2023";"05:48:00";"386";"AC03 - Aci";"210";"BR-116/SP";"Pista Sul";"Engavetamento";4;0;0;0;0;0;0;0;0;0;11;0;0;0;0
"01/01/2023";"06:09:00";"401";"AC02 - Aci";"197";"BR-116/RJ";"Pista Norte";"Queda de moto";0;0;0;1;0;0;0;0;0;0;0;2;0;0;0
"01/01/2023";"06:35:00";"422";"AC02 - Aci";"210.100";"BR-116/SP";"Pista Sul";"Colisão Traseira";2;0;0;0;0;0;0;0;0;0;4;1;0;0;0
"01/01/2023";"07:41:00";"457";"AC03 - Aci";"417";"BR-101/RJ";"Pista Norte";"Colisão Traseira";2;0;0;0;0;0;0;0;0;0;6;0;0;0;0
"01/01/2023";"07:43:00";"458";"AC02 - Aci";"424";"BR-101/RJ";"Pista Sul";"Abalroamento Longitudinal";1;0;0;1;0;0;0;0;0;0;2;2;0;0;0
"01/01/2023";"08:08:00";"469";"AC02 - Aci";"114.099";"BR-116/SP";"Pista Norte";"Choque em objeto fixo";1;0;0;0;0;0;0;0;0;0;0;0;1;0;0
"01/01/2023";"08:35:00";"479";"AC03 - Aci";"417";"BR-101/RJ";"Pista Norte";"Colisão Traseira";2;0;0;0;0;0;0;0;0;0;8;0;0;0;0
"01/01/2023";"09:32:00";"503";"AC03 - Aci";"228";"BR-116/RJ";"Pista Sul";"Engavetamento";3;0;0;0;0;0;0;0;0;0;10;0;0;0;0
"01/01/2023";"10:45:00";"527";"AC02 - Aci";"417";"BR-101/RJ";"Pista Norte";"Engavetamento";1;0;0;0;0;2;0;0;0;0;5;1;0;0;0
"01/01/2023";"10:50:00";"529";"AC03 - Aci";"214.399";"BR-116/RJ";"Pista Norte";"Choque em Barreira New Jersey";1;0;0;0;0;0;0;0;0;0;1;0;0;0;0
"02/01/2023";"12:52:00";"24";"AC03 - Aci";"51";"BR-101/SP";"Pista Sul";"Queda de moto";0;0;0;1;0;0;0;0;0;0;1;0;0;0;0
"02/01/2023";"02:18:00";"38";"AC03 - Aci";"281";"BR-116/RJ";"Pista Sul";"Atropelamento de Animal";1;0;0;0;0;0;0;0;0;0;3;0;0;0;0
"02/01/2023";"03:01:00";"45";"AC03 - Aci";"456";"BR-101/RJ";"Pista Norte";"Choque em objeto fixo";1;0;0;0;0;0;0;0;0;0;1;0;0;0;0
"02/01/2023";"03:12:00";"47";"AC03 - Aci";"97";"BR-116/SP";"Pista Sul";"Choque em Barreira New Jersey";1;0;0;0;0;0;0;0;0;0;5;0;0;0;0
"02/01/2023";"06:09:00";"91";"AC02 - Aci";"526";"BR-101/RJ";"Pista Norte";"Colisão Frontal";2;0;0;0;0;0;0;0;0;0;2;2;0;0;0
"02/01/2023";"06:41:00";"104";"AC03 - Aci";"449.899";"BR-101/RJ";"Pista Sul";"Engavetamento";2;0;0;0;0;1;0;0;0;0;8;0;0;0;0
"02/01/2023";"07:13:00";"119";"AC03 - Aci";"218";"BR-116/SP";"Pista Norte";"Colisão Traseira";2;0;0;0;0;0;0;0;0;0;2;0;0;0;0
"02/01/2023";"07:38:00";"130";"AC03 - Aci";"236.300";"BR-116/RJ";"Pista Norte";"Tombamento";0;0;1;0;0;0;0;0;0;0;1;0;0;0;0
"02/01/2023";"07:42:00";"133";"AC03 - Aci";"176";"BR-116/RJ";"Pista Sul";"Abalroamento Longitudinal";1;0;1;0;0;0;0;0;0;0;4;0;0;0;0
"02/01/2023";"08:08:00";"152";"AC02 - Aci";"184";"BR-116/RJ";"Pista Sul";"Abalroamento Longitudinal";0;0;0;1;0;1;0;0;0;0;1;0;1;0;0
"02/01/2023";"08:28:00";"169";"AC02 - Aci";"403";"BR-101/RJ";"Pista Norte";"Queda de ribanceira";1;0;0;0;0;0;0;0;0;0;0;2;0;0;0
"02/01/2023";"08:55:00";"187";"AC03 - Aci";"390";"BR-101/RJ";"Pista Sul";"Abalroamento Longitudinal";2;0;0;0;0;0;0;0;0;0;3;0;0;0;0
"02/01/2023";"10:37:00";"258";"AC02 - Aci";"417.299";"BR-101/RJ";"Pista Sul";"Engavetamento";3;0;0;0;0;0;0;0;0;0;2;1;0;0;0
"02/01/2023";"11:03:00";"270";"AC03 - Aci";"161";"BR-116/SP";"Pista Sul";"Colisão Traseira";2;0;0;0;0;0;0;0;0;0;2;0;0;0;0
"02/01/2023";"11:37:00";"298";"AC03 - Aci";"493";"BR-101/RJ";"Pista Sul";"Engavetamento";3;0;0;0;0;0;0;0;0;0;5;0;0;0;0
"02/01/2023";"11:50:00";"306";"AC03 - Aci";"211.5";"BR-116/RJ";"Pista Sul";"Colisão Traseira";0;0;1;0;0;1;0;0;0;0;2;0;0;0;0
"02/01/2023";"12:35:00";"333";"AC02 - Aci";"82.3000";"BR-116/SP";"Pista Sul";"Colisão Traseira";2;0;0;0;0;0;0;0;0;0;8;0;1;0;0
"02/01/2023";"12:47:00";"340";"AC03 - Aci";"224.800";"BR-116/RJ";"Pista Sul";"Colisão Traseira";2;0;0;0;0;0;0;0;0;0;4;0;0;0;0
"02/01/2023";"01:02:00";"353";"AC03 - Aci";"140";"BR-116/SP";"Pista Sul";"Colisão Traseira";1;0;0;0;0;1;0;0;0;0;2;0;0;0;0
"02/01/2023";"01:09:00";"360";"AC03 - Aci";"284";"BR-116/RJ";"Pista Norte";"Engavetamento";6;0;0;0;0;0;0;0;0;0;11;0;0;0;0
"02/01/2023";"01:35:00";"382";"AC03 - Aci";"161";"BR-116/SP";"Pista Sul";"Colisão Traseira";1;0;0;0;0;1;0;0;0;0;2;0;0;0;0
"02/01/2023";"01:47:00";"388";"AC03 - Aci";"141";"BR-116/SP";"Pista Sul";"Engavetamento";1;0;0;0;0;3;0;0;0;0;4;0;0;0;0
"02/01/2023";"01:48:00";"389";"AC03 - Aci";"138.600";"BR-116/SP";"Pista Sul";"Colisão Traseira";2;0;0;0;0;0;0;0;0;0;5;0;0;0;0
"02/01/2023";"02:17:00";"403";"AC03 - Aci";"512";"BR-101/RJ";"Pista Norte";"Colisão Traseira";2;0;0;0;0;0;0;0;0;0;4;0;0;0;0
"02/01/2023";"02:37:00";"414";"AC03 - Aci";"104.75";"BR-116/SP";"Pista Sul";"Colisão Traseira";2;0;0;0;0;0;0;0;0;0;34;0;0;0;0
"02/01/2023";"03:08:00";"429";"AC03 - Aci";"56";"BR-116/SP";"Pista Sul";"Engavetamento";3;0;0;0;0;0;0;0;0;0;5;0;0;0;0
"02/01/2023";"03:25:00";"435";"AC04 - Atr";"327";"BR-116/RJ";"Pista Sul";"Atropelamento de Pedestre Atravessando";1;1;0;0;0;0;0;0;0;0;2;0;1;0;0
"02/01/2023";"04:32:00";"488";"AC02 - Aci";"45";"BR-101/SP";"Pista Sul";"Abalroamento Longitudinal";1;0;0;1;0;0;0;0;0;0;1;0;1;0;0
"02/01/2023";"05:42:00";"523";"AC03 - Aci";"198.899";"BR-116/SP";"Pista Sul";"Engavetamento";1;0;0;0;0;3;0;0;0;0;4;0;0;0;0
"02/01/2023";"05:46:00";"527";"AC03 - Aci";"271.200";"BR-116/RJ";"Pista Norte";"Choque em objeto fixo";1;0;0;0;0;0;0;0;0;0;1;0;0;0;0
"02/01/2023";"05:58:00";"540";"AC02 - Aci";"198.899";"BR-116/RJ";"Pista Norte";"Colisão Traseira";2;0;0;0;0;0;0;0;0;0;2;2;0;0;0
"02/01/2023";"06:01:00";"542";"AC02 - Aci";"48.2000";"BR-101/SP";"Pista Sul";"Abalroamento Longitudinal";1;0;0;1;0;0;0;0;0;0;2;1;0;0;0
"02/01/2023";"06:14:00";"550";"AC03 - Aci";"30.6499";"BR-116/SP";"Pista Norte";"Choque em Barreira New Jersey";1;0;0;0;0;0;0;0;0;0;4;0;0;0;0
"02/01/2023";"06:22:00";"557";"AC03 - Aci";"60";"BR-116/SP";"Pista Sul";"Engavetamento";2;0;1;0;0;0;0;0;0;0;6;0;0;0;0
"02/01/2023";"06:30:00";"560";"AC03 - Aci";"433";"BR-101/RJ";"Pista Sul";"Colisão Traseira";1;0;1;0;0;0;0;0;0;0;4;0;0;0;0
"02/01/2023";"07:29:00";"601";"AC02 - Aci";"204.600";"BR-116/SP";"Pista Norte";"Colisão Traseira";1;0;1;0;0;0;0;0;0;0;1;1;0;0;0
"02/01/2023";"08:05:00";"625";"AC04 - Atr";"39";"BR-101/SP";"Pista Norte";"Atropelamento de Pedestre Atravessando";0;0;0;0;0;1;0;0;0;0;1;0;1;0;0
"02/01/2023";"08:08:00";"629";"AC02 - Aci";"503";"BR-101/RJ";"Pista Sul";"Colisão Frontal";2;0;0;0;0;0;0;0;0;0;4;1;0;0;0
"02/01/2023";"08:10:00";"632";"AC03 - Aci";"427";"BR-101/RJ";"Pista Norte";"Engavetamento";3;0;0;0;0;0;0;0;0;0;8;0;0;0;0
"02/01/2023";"08:44:00";"644";"AC03 - Aci";"18.2000";"BR-116/SP";"Pista Sul";"Abalroamento Longitudinal";1;0;0;0;0;1;0;0;0;0;7;0;0;0;0
"02/01/2023";"09:49:00";"678";"AC03 - Aci";"427";"BR-101/RJ";"Pista Norte";"Engavetamento";2;0;0;0;0;2;0;0;0;0;11;0;0;0;0
"02/01/2023";"11:08:00";"709";"AC02 - Aci";"415";"BR-101/RJ";"Pista Norte";"Abalroamento Longitudinal";1;0;0;1;0;0;0;0;0;0;1;0;1;0;0
"02/01/2023";"11:25:00";"714";"AC03 - Aci";"220.800";"BR-116/SP";"Pista Sul";"Choque em Barreira New Jersey";1;0;0;0;0;0;0;0;0;0;2;0;0;0;0
"03/01/2023";"02:16:00";"35";"AC02 - Aci";"178.5";"BR-116/SP";"Pista Sul";"Engavetamento";4;0;0;0;0;0;0;0;0;0;15;0;2;0;0