data;horario;n_da_ocorrencia;tipo_de_ocorrencia;km;trecho;sentido;tipo_de_acidente;automovel;bicicleta;caminhao;moto;onibus;outros;tracao_animal;transporte_de_cargas_especiais;trator_maquinas;utilitarios;ilesos;levemente_feridos;moderadamente_feridos;gravemente_feridos;mortos
"15/01/2023";"12:37:00";"14";"AC02 - Aci";"206.5";"BR-116/SP";"Pista Norte";"Capotamento";1;0;0;0;0;0;0;0;0;0;0;1;0;0;0
"15/01/2023";"12:49:00";"17";"AC03 - Aci";"214";"BR-116/SP";"Pista Sul";"Queda de moto";0;0;0;1;0;0;0;0;0;0;1;0;0;0;0
"15/01/2023";"03:18:00";"34";"AC05 - Atr";"172.399";"BR-116/RJ";"Pista Norte";"Atropelamento de Pedestre Caminhando";1;0;0;0;0;0;0;0;0;0;1;0;0;0;1
"15/01/2023";"04:55:00";"49";"AC02 - Aci";"476";"BR-101/RJ";"Pista Sul";"Choque em objeto fixo";1;0;0;0;0;0;0;0;0;0;0;1;0;0;0
"15/01/2023";"05:22:00";"57";"AC03 - Aci";"108.800";"BR-116/SP";"Pista Norte";"Choque em objeto fixo";1;0;0;0;0;0;0;0;0;0;4;0;0;0;0
"15/01/2023";"05:42:00";"65";"AC02 - Aci";"555";"BR-101/RJ";"Pista Norte";"Abalroamento Longitudinal";2;0;0;0;0;0;0;0;0;0;3;2;0;0;0
"15/01/2023";"06:09:00";"70";"AC03 - Aci";"51";"BR-116/SP";"Pista Sul";"Abalroamento Longitudinal";1;0;0;0;1;0;0;0;0;0;52;0;0;0;0
"15/01/2023";"07:24:00";"109";"AC03 - Aci";"489";"BR-101/RJ";"Pista Sul";"Colisão Traseira";1;0;0;0;0;1;0;0;0;0;2;0;0;0;0
"15/01/2023";"09:08:00";"161";"AC03 - Aci";"472";"BR-101/RJ";"Pista Norte";"Colisão Traseira";2;0;0;0;0;0;0;0;0;0;4;0;0;0;0
"15/01/2023";"09:24:00";"168";"AC03 - Aci";"412";"BR-101/RJ";"Pista Sul";"Capotamento";1;0;0;0;0;0;0;0;0;0;1;0;0;0;0
"15/01/2023";"09:28:00";"170";"AC02 - Aci";"433";"BR-101/RJ";"Pista Norte";"Colisão Traseira";2;0;0;0;0;0;0;0;0;0;1;2;0;0;0
"15/01/2023";"09:33:00";"173";"AC02 - Aci";"198";"BR-116/SP";"Pista Sul";"Abalroamento Longitudinal";0;0;1;2;0;0;0;0;0;0;2;1;0;0;0
"15/01/2023";"10:04:00";"191";"AC03 - Aci";"113.5";"BR-116/SP";"Pista Norte";"Engavetamento";4;0;0;0;0;0;0;0;0;0;10;0;0;0;0
"15/01/2023";"10:11:00";"194";"AC03 - Aci";"323";"BR-116/RJ";"Pista Sul";"Abalroamento Longitudinal";2;0;0;0;0;0;0;0;0;0;3;0;0;0;0
"15/01/2023";"11:25:00";"244";"AC02 - Aci";"229.899";"BR-116/RJ";"Pista Norte";"Queda de moto";0;0;0;1;0;0;0;0;0;0;0;0;1;0;0
"15/01/2023";"12:14:00";"283";"AC03 - Aci";"173";"BR-116/RJ";"Pista Norte";"Colisão Traseira";1;0;0;0;0;1;0;0;0;0;2;0;0;0;0
"15/01/2023";"12:32:00";"291";"AC02 - Aci";"99.5999";"BR-116/SP";"Pista Sul";"Queda de moto";0;0;0;1;0;0;0;0;0;0;0;2;0;0;0
"15/01/2023";"12:42:00";"298";"AC03 - Aci";"174";"BR-116/RJ";"Pista Norte";"Engavetamento";5;0;0;0;0;1;0;0;0;0;10;0;0;0;0
"15/01/2023";"01:30:00";"324";"AC03 - Aci";"230.399";"BR-116/SP";"Pista Sul";"Abalroamento Longitudinal";1;0;1;0;0;0;0;0;0;0;3;0;0;0;0
"15/01/2023";"02:09:00";"345";"AC03 - Aci";"204.5";"BR-116/SP";"Pista Sul";"Colisão Traseira";1;0;0;0;0;1;0;0;0;0;5;0;0;0;0
"15/01/2023";"03:25:00";"384";"AC02 - Aci";"97";"BR-116/SP";"Pista Sul";"Abalroamento Longitudinal";1;0;0;1;0;0;0;0;0;0;4;2;0;0;0
"15/01/2023";"03:51:00";"398";"AC03 - Aci";"74.3000";"BR-116/SP";"Pista Sul";"Choque em Barreira New Jersey";1;0;0;0;0;0;0;0;0;0;2;0;0;0;0
"15/01/2023";"04:40:00";"435";"AC02 - Aci";"139";"BR-116/SP";"Pista Sul";"Colisão Traseira";2;0;0;0;0;0;0;0;0;0;0;5;0;0;0
"15/01/2023";"05:25:00";"464";"AC02 - Aci";"105.5";"BR-116/SP";"Pista Sul";"Abalroamento Longitudinal";1;0;0;1;0;0;0;0;0;0;3;2;0;0;0
"15/01/2023";"05:48:00";"485";"AC03 - Aci";"178";"BR-116/RJ";"Pista Sul";"Capotamento";1;0;0;0;0;0;0;0;0;0;1;0;0;0;0
"15/01/2023";"05:59:00";"498";"AC03 - Aci";"191";"BR-116/RJ";"Pista Norte";"Engavetamento";1;0;0;0;0;3;0;0;0;0;6;0;0;0;0
"15/01/2023";"06:02:00";"501";"AC03 - Aci";"311";"BR-116/RJ";"Pista Sul";"Engavetamento";1;0;0;0;0;2;0;0;0;0;3;0;0;0;0
"15/01/2023";"06:11:00";"511";"AC04 - Atr";"455.5";"BR-101/RJ";"Pista Norte";"Atropelamento de Pedestre Atravessando";1;0;0;0;0;0;0;0;0;0;3;0;1;0;0
"15/01/2023";"08:03:00";"577";"AC02 - Aci";"187";"BR-116/SP";"Pista Sul";"Engavetamento";1;0;0;0;2;0;0;0;0;0;78;2;0;0;0
"15/01/2023";"08:44:00";"600";"AC04 - Atr";"45.7000";"BR-101/SP";"Pista Norte";"Atropelamento de Pedestre Atravessando";0;1;0;1;0;0;0;0;0;0;0;0;1;1;0
"15/01/2023";"09:39:00";"628";"AC02 - Aci";"230.399";"BR-116/SP";"Pista Sul";"Colisão Traseira";0;0;0;1;0;1;0;0;0;0;1;2;0;0;0
"15/01/2023";"09:52:00";"631";"AC03 - Aci";"299";"BR-116/RJ";"Pista Norte";"Choque em objeto na pista";1;0;0;0;0;0;0;0;0;0;3;0;0;0;0
"15/01/2023";"10:18:00";"644";"AC02 - Aci";"144.699";"BR-116/SP";"Pista Norte";"Choque em objeto na pista";0;0;0;1;0;0;0;0;0;0;0;0;1;0;0
"15/01/2023";"11:51:00";"666";"AC03 - Aci";"170";"BR-116/SP";"Pista Norte";"Atropelamento de Animal";1;0;0;0;0;0;0;0;0;0;2;0;0;0;0
"16/01/2023";"05:50:00";"64";"AC02 - Aci";"402";"BR-101/RJ";"Pista Norte";"Capotamento";1;0;0;0;0;0;0;0;0;0;2;2;0;0;0
"16/01/2023";"06:46:00";"95";"AC02 - Aci";"81";"BR-116/SP";"Pista Sul";"Queda de moto";0;0;0;1;0;0;0;0;0;0;0;1;0;0;0
"16/01/2023";"06:54:00";"103";"AC02 - Aci";"235.600";"BR-116/RJ";"Pista Norte";"Tombamento";0;0;1;0;0;0;0;0;0;0;0;0;0;1;0
"16/01/2023";"08:44:00";"195";"AC02 - Aci";"392";"BR-101/RJ";"Pista Norte";"Queda de moto";0;0;0;1;0;0;0;0;0;0;0;1;0;0;0
"16/01/2023";"09:43:00";"243";"AC02 - Aci";"119.099";"BR-116/SP";"Pista Norte";"Queda de Carga";0;0;0;1;0;0;0;0;0;0;0;2;0;0;0
"16/01/2023";"10:47:00";"297";"AC02 - Aci";"172.800";"BR-116/RJ";"Pista Norte";"Engavetamento";3;0;0;0;0;0;0;0;0;0;2;1;0;0;0
"16/01/2023";"10:50:00";"299";"AC03 - Aci";"156.800";"BR-116/SP";"Pista Norte";"Engavetamento";4;0;0;0;0;1;0;0;0;0;6;0;0;0;0
"16/01/2023";"11:45:00";"341";"AC02 - Aci";"143.800";"BR-116/SP";"Pista Norte";"Colisão Traseira";2;0;0;0;0;0;0;0;0;0;3;1;0;0;0
"16/01/2023";"12:06:00";"357";"AC03 - Aci";"282";"BR-116/RJ";"Pista Norte";"Engavetamento";2;0;0;0;0;1;0;0;0;0;4;0;0;0;0
"16/01/2023";"12:57:00";"378";"AC03 - Aci";"393";"BR-101/RJ";"Pista Sul";"Queda de ribanceira";2;0;0;0;0;0;0;0;0;0;2;0;0;0;0
"16/01/2023";"12:57:00";"379";"AC03 - Aci";"134";"BR-116/SP";"Pista Sul";"Choque em Barreira New Jersey";1;0;0;0;0;0;0;0;0;0;2;0;0;0;0
"16/01/2023";"01:49:00";"419";"AC03 - Aci";"188";"BR-116/SP";"Pista Norte";"Engavetamento";3;0;0;0;0;0;0;0;0;0;6;0;0;0;0
"16/01/2023";"02:05:00";"431";"AC03 - Aci";"324.899";"BR-116/RJ";"Pista Sul";"Colisão Traseira";1;0;1;0;0;0;0;0;0;0;2;0;0;0;0
"16/01/2023";"02:09:00";"434";"AC02 - Aci";"481";"BR-101/RJ";"Pista Sul";"Colisão Traseira";2;0;0;0;0;0;0;0;0;0;1;1;0;0;0
"16/01/2023";"03:38:00";"490";"AC03 - Aci";"133";"BR-116/SP";"Pista Norte";"Engavetamento";2;0;0;0;0;2;0;0;0;0;11;0;0;0;0
"16/01/2023";"04:43:00";"531";"AC03 - Aci";"101.400";"BR-116/SP";"Pista Sul";"Choque em objeto fixo";0;0;1;0;0;0;0;0;0;0;1;0;0;0;0
"16/01/2023";"05:12:00";"549";"AC03 - Aci";"104.849";"BR-116/SP";"Pista Sul";"Tombamento";0;0;1;0;0;0;0;0;0;0;3;0;0;0;0
"16/01/2023";"05:17:00";"553";"AC02 - Aci";"179.800";"BR-116/RJ";"Pista Sul";"Choque em Barreira New Jersey";0;0;0;1;0;0;0;0;0;0;0;0;2;0;0
"16/01/2023";"05:20:00";"555";"AC03 - Aci";"150";"BR-116/SP";"Pista Sul";"Colisão Traseira";2;0;0;0;0;0;0;0;0;0;2;0;0;0;0
"16/01/2023";"05:32:00";"567";"AC02 - Aci";"224.5";"BR-116/SP";"Pista Norte";"Engavetamento";1;0;0;2;0;0;0;0;0;0;2;1;2;0;0
"16/01/2023";"06:24:00";"609";"AC02 - Aci";"229.899";"BR-116/SP";"Pista Norte";"Abalroamento Longitudinal";1;0;0;1;0;0;0;0;0;0;1;2;0;0;0
"16/01/2023";"08:08:00";"663";"AC03 - Aci";"451";"BR-101/RJ";"Pista Sul";"Outros";1;0;0;0;0;0;0;0;0;0;1;0;0;0;0
"16/01/2023";"09:17:00";"689";"AC02 - Aci";"151.600";"BR-116/SP";"Pista Sul";"Queda de moto";0;0;0;1;0;0;0;0;0;0;0;2;0;0;0
"16/01/2023";"09:43:00";"697";"AC02 - Aci";"228.029";"BR-116/SP";"Pista Norte";"Abalroamento Longitudinal";1;0;1;0;0;0;0;0;0;0;1;1;0;0;0
"16/01/2023";"10:01:00";"703";"AC02 - Aci";"194.899";"BR-116/RJ";"Pista Norte";"Colisão Traseira";0;0;2;0;0;0;0;0;0;0;0;2;0;0;0
"16/01/2023";"10:43:00";"720";"AC03 - Aci";"428";"BR-101/RJ";"Pista Sul";"Queda de ribanceira";1;0;0;0;0;0;0;0;0;0;3;0;0;0;0
"16/01/2023";"11:46:00";"739";"AC03 - Aci";"195";"BR-116/RJ";"Pista Sul";"Outros";1;0;0;0;0;0;0;0;0;0;2;0;0;0;0
"16/01/2023";"11:59:00";"744";"AC03 - Aci";"206.699";"BR-116/SP";"Pista Norte";"Colisão Traseira";0;0;2;0;0;0;0;0;0;0;3;0;0;0;0
"17/01/2023";"03:26:00";"37";"AC03 - Aci";"283.899";"BR-116/RJ";"Pista Norte";"Abalroamento Longitudinal";0;0;1;0;0;1;0;0;0;0;2;0;0;0;0
"17/01/2023";"06:57:00";"123";"AC02 - Aci";"225.300";"BR-116/SP";"Pista Sul";"Colisão Traseira";0;0;0;1;0;1;0;0;0;0;1;1;0;0;0
"17/01/2023";"08:21:00";"198";"AC02 - Aci";"418";"BR-101/RJ";"Pista Sul";"Colisão Traseira";1;0;0;0;0;1;0;0;0;0;1;1;0;0;0
"17/01/2023";"08:25:00";"200";"AC02 - Aci";"507.899";"BR-101/RJ";"Pista Sul";"Abalroamento Longitudinal";1;0;0;1;0;0;0;0;0;0;1;1;0;0;0
"17/01/2023";"08:41:00";"220";"AC02 - Aci";"186";"BR-116/RJ";"Pista Norte";"Colisão Traseira";1;0;0;1;0;0;0;0;0;0;1;1;0;0;0
"17/01/2023";"09:03:00";"243";"AC02 - Aci";"425";"BR-101/RJ";"Pista Norte";"Engavetamento";3;0;0;0;0;0;0;0;0;0;3;1;0;0;0
"17/01/2023";"09:24:00";"257";"AC03 - Aci";"138";"BR-116/SP";"Pista Sul";"Engavetamento";1;0;0;0;0;2;0;0;0;0;5;0;0;0;0
"17/01/2023";"09:29:00";"261";"AC03 - Aci";"219.399";"BR-116/SP";"Pista Sul";"Colisão Traseira";1;0;1;0;0;0;0;0;0;0;3;0;0;0;0
"17/01/2023";"10:17:00";"303";"AC03 - Aci";"468";"BR-101/RJ";"Pista Sul";"Colisão Traseira";2;0;0;0;0;0;0;0;0;0;2;0;0;0;0
"17/01/2023";"10:27:00";"309";"AC03 - Aci";"229.300";"BR-116/SP";"Pista Sul";"Colisão Traseira";1;0;1;0;0;0;0;0;0;0;3;0;0;0;0
"17/01/2023";"10:38:00";"317";"AC03 - Aci";"512";"BR-101/RJ";"Pista Sul";"Abalroamento Longitudinal";2;0;0;0;0;0;0;0;0;0;2;0;0;0;0
"17/01/2023";"10:51:00";"324";"AC02 - Aci";"449";"BR-101/RJ";"Pista Sul";"Engavetamento";3;0;0;0;0;0;0;0;0;0;2;1;0;0;0
"17/01/2023";"11:03:00";"330";"AC03 - Aci";"52";"BR-101/SP";"Pista Norte";;1;0;0;0;0;0;0;0;0;0;1;0;0;0;0
"17/01/2023";"01:38:00";"442";"AC02 - Aci";"47";"BR-101/SP";"Pista Norte";"Queda de moto";0;0;0;1;0;0;0;0;0;0;0;1;0;0;0
"17/01/2023";"02:20:00";"474";"AC03 - Aci";"172";"BR-116/RJ";"Pista Sul";"Abalroamento Longitudinal";1;0;0;0;0;1;0;0;0;0;2;0;0;0;0
"17/01/2023";"03:33:00";"525";"AC03 - Aci";"82.9000";"BR-116/SP";"Pista Sul";"Colisão Traseira";1;0;2;0;0;0;0;0;0;0;3;0;0;0;0
"17/01/2023";"04:15:00";"555";"AC02 - Aci";"309";"BR-116/RJ";"Pista Sul";"Abalroamento Longitudinal";1;0;0;0;0;1;0;0;0;0;1;1;0;0;0
"17/01/2023";"04:33:00";"569";"AC03 - Aci";"175.100";"BR-116/RJ";"Pista Sul";"Choque em Barreira New Jersey";1;0;0;0;0;0;0;0;0;0;1;0;0;0;0
"17/01/2023";"05:03:00";"584";"AC03 - Aci";"142";"BR-116/SP";"Pista Norte";"Engavetamento";4;0;0;0;0;1;0;0;0;0;10;0;0;0;0
"17/01/2023";"05:47:00";"616";"AC04 - Atr";"112.099";"BR-116/SP";"Pista Sul";"Atropelamento de Pedestre Atravessando";0;1;0;1;0;0;0;0;0;0;1;1;0;0;0
"17/01/2023";"05:48:00";"619";"AC02 - Aci";"26.5";"BR-116/SP";"Pista Sul";"Choque em Barreira New Jersey";1;0;0;0;0;0;0;0;0;0;0;1;0;0;0
"17/01/2023";"06:32:00";"657";"AC03 - Aci";"475";"BR-101/RJ";"Pista Sul";"Choque em objeto fixo";1;0;0;0;0;0;0;0;0;0;1;0;0;0;0
"17/01/2023";"07:05:00";"686";"AC03 - Aci";"212";"BR-116/RJ";"Pista Sul";"Choque em objeto fixo";0;0;1;0;0;0;0;0;0;0;1;0;0;0;0
"17/01/2023";"09:29:00";"756";"AC03 - Aci";"434";"BR-101/RJ";"Pista Sul";"Choque em objeto fixo";1;0;0;0;0;0;0;0;0;0;1;0;0;0;0
"17/01/2023";"09:32:00";"758";"AC03 - Aci";"129.449";"BR-116/SP";"Pista Norte";"Colisão Traseira";2;0;0;0;0;0;0;0;0;0;2;0;0;0;0
"17/01/2023";"09:46:00";"766";"AC03 - Aci";"312";"BR-116/RJ";"Pista Sul";"Choque em objeto na pista";2;0;0;0;0;0;0;0;0;0;2;0;0;0;0
"17/01/2023";"10:44:00";"787";"AC03 - Aci";"33";"BR-116/SP";"Pista Sul";"Outros";1;0;0;0;0;0;0;0;0;0;3;0;0;0;0
"18/01/2023";"09:05:00";"296";"AC03 - Aci";"284.200";"BR-116/RJ";"Pista Norte";"Colisão Traseira";2;0;0;0;0;0;0;0;0;0;2;0;0;0;0
"18/01/2023";"09:50:00";"340";"AC03 - Aci";"521.169";"BR-101/RJ";"Pista Norte";"Abalroamento Longitudinal";2;0;0;0;0;0;0;0;0;0;2;0;0;0;0
"18/01/2023";"12:09:00";"434";"AC03 - Aci";"188";"BR-116/RJ";"Pista Sul";"Colisão Traseira";2;0;0;0;0;0;0;0;0;0;2;0;0;0;0
"18/01/2023";"01:14:00";"466";"AC03 - Aci";"229.949";"BR-116/SP";"Pista Norte";"Engavetamento";1;0;3;0;0;0;0;0;0;0;4;0;0;0;0
"18/01/2023";"01:48:00";"494";"AC03 - Aci";"324.899";"BR-116/RJ";"Pista Sul";"Colisão Traseira";0;0;2;0;0;0;0;0;0;0;2;0;0;0;0
"18/01/2023";"04:13:00";"597";"AC03 - Aci";"119.5";"BR-116/SP";"Pista Norte";"Choque Talude";1;0;0;0;0;0;0;0;0;0;3;0;0;0;0
"18/01/2023";"07:33:00";"743";"AC03 - Aci";"428";"BR-101/RJ";"Pista Norte";"Choque em objeto fixo";1;0;0;0;0;0;0;0;0;0;1;0;0;0;0
"18/01/2023";"08:11:00";"764";"AC03 - Aci";"196";"BR-116/RJ";"Pista Sul";"Outros";3;0;0;0;0;0;0;0;0;0;3;0;0;0;0
"18/01/2023";"08:17:00";"770";"AC03 - Aci";"105.900";"BR-116/SP";"Pista Sul";"Abalroamento Longitudinal";0;0;2;0;0;0;0;0;0;0;2;0;0;0;0
"18/01/2023";"09:20:00";"794";"AC02 - Aci";"523";"BR-101/RJ";"Pista Norte";"Atropelamento de Animal";0;0;1;1;0;0;0;0;0;0;1;0;1;0;0
"19/01/2023";"02:27:00";"37";"AC02 - Aci";"230.5";"BR-116/SP";"Pista Sul";"Abalroamento Longitudinal";0;0;0;2;0;0;0;0;0;0;0;3;0;0;0
"19/01/2023";"06:19:00";"89";"AC02 - Aci";"311";"BR-116/RJ";"Pista Norte";"Queda de moto";0;0;0;1;0;0;0;0;0;0;0;0;1;0;0
"19/01/2023";"06:51:00";"116";"AC03 - Aci";"24";"BR-116/SP";"Pista Norte";"Colisão Traseira";0;0;2;0;0;0;0;0;0;0;2;0;0;0;0
"19/01/2023";"06:57:00";"119";"AC03 - Aci";"313";"BR-116/RJ";"Pista Norte";"Colisão Traseira";2;0;0;0;0;0;0;0;0;0;9;0;0;0;0
"19/01/2023";"07:57:00";"183";"AC03 - Aci";"407";"BR-101/RJ";"Pista Norte";"Abalroamento Longitudinal";1;0;1;0;0;0;0;0;0;0;3;0;0;0;0
"19/01/2023";"07:57:00";"184";"AC02 - Aci";"160.899";"BR-116/SP";"Pista Norte";"Abalroamento Longitudinal";1;0;0;1;0;0;0;0;0;0;1;0;1;0;0
"19/01/2023";"08:06:00";"192";"AC03 - Aci";"219";"BR-116/SP";"Pista Sul";"Colisão Traseira";1;0;0;1;0;0;0;0;0;0;3;0;0;0;0
"19/01/2023";"08:22:00";"207";"AC02 - Aci";"112.150";"BR-116/SP";"Pista Norte";"Colisão Traseira";0;0;0;1;0;1;0;0;0;0;1;1;0;0;0
"19/01/2023";"08:32:00";"214";"AC03 - Aci";"322.899";"BR-116/RJ";"Pista Sul";"Choque em objeto fixo";0;0;1;0;0;0;0;0;0;0;1;0;0;0;0
"19/01/2023";"10:17:00";"295";"AC03 - Aci";"27.2000";"BR-116/SP";"Pista Norte";"Colisão Traseira";0;0;2;0;0;0;0;0;0;0;2;0;0;0;0
"19/01/2023";"11:13:00";"336";"AC05 - Atr";"320.5";"BR-116/RJ";"Pista Norte";"Atropelamento de Pedestre Atravessando";1;1;0;0;0;0;0;0;0;0;5;0;0;0;1
"19/01/2023";"11:56:00";"364";"AC03 - Aci";"324";"BR-116/RJ";"Pista Norte";"Colisão Traseira";1;0;1;0;0;0;0;0;0;0;2;0;0;0;0
"19/01/2023";"02:54:00";"460";"AC03 - Aci";"485";"BR-101/RJ";"Pista Sul";"Colisão Traseira";2;0;0;0;0;0;0;0;0;0;2;0;0;0;0
"19/01/2023";"05:38:00";"560";"AC03 - Aci";"155";"BR-116/SP";"Pista Sul";"Colisão Traseira";1;0;0;1;0;0;0;0;0;0;2;0;0;0;0
"19/01/2023";"06:35:00";"611";"AC02 - Aci";"219";"BR-116/SP";"Pista Norte";"Colisão Traseira";1;0;0;1;0;0;0;0;0;0;1;2;0;0;0
"19/01/2023";"07:35:00";"645";"AC03 - Aci";"191.199";"BR-116/RJ";"Pista Norte";"Engavetamento";3;0;0;0;0;1;0;0;0;0;7;0;0;0;0
"19/01/2023";"08:17:00";"666";"AC02 - Aci";"573";"BR-101/RJ";"Pista Sul";"Colisão Frontal";1;0;0;1;0;0;0;0;0;0;1;1;0;0;0
"19/01/2023";"09:52:00";"694";"AC03 - Aci";"191.979";"BR-116/RJ";"Pista Norte";"Choque em Defensa";1;0;0;0;0;0;0;0;0;0;1;0;0;0;0
"20/01/2023";"12:23:00";"14";"AC02 - Aci";"226";"BR-116/RJ";"Pista Norte";"Capotamento";1;0;0;0;0;0;0;0;0;0;1;1;0;0;0
"20/01/2023";"01:30:00";"33";"AC02 - Aci";"228";"BR-116/RJ";"Pista Norte";"Engavetamento";2;0;2;0;0;1;0;0;0;0;34;1;0;0;0
"20/01/2023";"01:48:00";"38";"AC02 - Aci";"182.300";"BR-116/SP";"Pista Norte";"Colisão Traseira";0;0;1;0;1;0;0;0;0;0;32;1;0;0;0
"20/01/2023";"03:43:00";"65";"AC05 - Atr";"229.5";"BR-116/SP";"Pista Norte";"Atropelamento de Pedestre Caminhando";1;0;0;0;0;0;0;0;0;0;0;2;0;0;1
"20/01/2023";"05:03:00";"80";"AC05 - Atr";"251.800";"BR-116/RJ";"Pista Norte";"Atropelamento de Pedestre Caminhando";2;0;0;0;0;0;0;0;0;0;2;0;0;0;1
"20/01/2023";"07:10:00";"132";"AC03 - Aci";"416";"BR-101/RJ";"Pista Sul";"Abalroamento Longitudinal";2;0;0;0;0;0;0;0;0;0;2;0;0;0;0
"20/01/2023";"08:34:00";"195";"AC03 - Aci";"144.699";"BR-116/SP";"Pista Norte";"Engavetamento";3;0;0;0;0;0;0;0;0;0;3;0;0;0;0
"20/01/2023";"09:00:00";"219";"AC02 - Aci";"152.399";"BR-116/SP";"Pista Norte";"Abalroamento Longitudinal";1;0;1;0;0;0;0;0;0;0;1;1;0;0;0
"20/01/2023";"09:39:00";"245";"AC02 - Aci";"410";"BR-101/RJ";"Pista Sul";"Engavetamento";2;0;0;1;0;0;0;0;0;0;2;1;1;0;0
"20/01/2023";"10:04:00";"262";"AC03 - Aci";"211.800";"BR-116/SP";"Pista Sul";"Abalroamento Longitudinal";1;0;1;0;0;0;0;0;0;0;2;0;0;0;0
"20/01/2023";"10:12:00";"268";"AC03 - Aci";"218.300";"BR-116/SP";"Pista Sul";"Colisão Traseira";1;0;0;1;0;0;0;0;0;0;3;0;0;0;0
"20/01/2023";"11:06:00";"299";"AC03 - Aci";"423";"BR-101/RJ";"Pista Sul";"Engavetamento";3;0;0;0;0;0;0;0;0;0;3;0;0;0;0
"20/01/2023";"11:16:00";"304";"AC02 - Aci";"177";"BR-116/RJ";"Pista Sul";"Abalroamento Longitudinal";1;0;0;1;0;0;0;0;0;0;1;1;0;0;0
"20/01/2023";"11:57:00";"331";"AC04 - Atr";"485";"BR-101/RJ";"Pista Norte";"Atropelamento de Pedestre Atravessando";0;1;0;1;0;0;0;0;0;0;0;2;0;0;0
"20/01/2023";"12:07:00";"339";"AC02 - Aci";"314";"BR-116/RJ";"Pista Sul";"Choque em Barreira New Jersey";1;0;0;0;0;0;0;0;0;0;0;1;0;0;0
"20/01/2023";"12:42:00";"357";"AC03 - Aci";"42.2000";"BR-116/SP";"Pista Sul";"Colisão Traseira";2;0;0;0;0;0;0;0;0;0;5;0;0;0;0
"20/01/2023";"01:12:00";"376";"AC02 - Aci";"48";"BR-101/SP";"Pista Norte";"Abalroamento Longitudinal";1;0;0;1;0;0;0;0;0;0;1;1;0;0;0
"20/01/2023";"01:22:00";"380";"AC03 - Aci";"143.199";"BR-116/SP";"Pista Sul";"Engavetamento";3;0;0;0;0;0;0;0;0;0;4;0;0;0;0
"20/01/2023";"01:23:00";"381";"AC03 - Aci";"41.4000";"BR-116/SP";"Pista Sul";"Queda de ribanceira";1;0;0;0;0;0;0;0;0;0;1;0;0;0;0
"20/01/2023";"01:44:00";"392";"AC03 - Aci";"45";"BR-101/SP";"Pista Sul";"Colisão Traseira";2;0;0;0;0;0;0;0;0;0;2;0;0;0;0
"20/01/2023";"01:48:00";"395";"AC03 - Aci";"42.8499";"BR-116/SP";"Pista Sul";"Choque em objeto fixo";1;0;0;0;0;0;0;0;0;0;2;0;0;0;0
"20/01/2023";"02:36:00";"432";"AC03 - Aci";"452";"BR-101/RJ";"Pista Sul";"Choque em objeto fixo";1;0;0;0;0;0;0;0;0;0;2;0;0;0;0
"20/01/2023";"03:30:00";"468";"AC02 - Aci";"269.5";"BR-116/RJ";"Pista Sul";"Choque em Defensa";1;0;0;0;0;1;0;0;0;0;1;1;0;0;0
"20/01/2023";"03:49:00";"481";"AC03 - Aci";"232";"BR-116/RJ";"Pista Norte";"Choque em Barreira New Jersey";1;0;0;0;0;0;0;0;0;0;5;0;0;0;0
"20/01/2023";"04:03:00";"493";"AC03 - Aci";"269";"BR-116/RJ";"Pista Sul";"Colisão Traseira";1;0;0;0;0;1;0;0;0;0;3;0;0;0;0
"20/01/2023";"04:14:00";"498";"AC03 - Aci";"160.800";"BR-116/SP";"Pista Norte";"Colisão Traseira";0;0;2;0;0;0;0;0;0;0;2;0;0;0;0
"20/01/2023";"04:27:00";"510";"AC03 - Aci";"234.899";"BR-116/RJ";"Pista Norte";"Engavetamento";3;0;0;0;0;0;0;0;0;0;3;0;0;0;0
"20/01/2023";"04:48:00";"524";"AC02 - Aci";"213.5";"BR-116/RJ";"Pista Sul";"Queda de moto";0;0;0;1;0;0;0;0;0;0;0;1;0;0;0
"20/01/2023";"05:26:00";"546";"AC03 - Aci";"303.200";"BR-116/RJ";"Pista Sul";"Colisão Traseira";1;0;0;0;0;1;0;0;0;0;2;0;0;0;0
"20/01/2023";"05:51:00";"561";"AC03 - Aci";"238";"BR-116/RJ";"Pista Norte";"Choque em Barreira New Jersey";1;0;0;0;0;0;0;0;0;0;1;0;0;0;0
"20/01/2023";"06:12:00";"578";"AC03 - Aci";"232";"BR-116/RJ";"Pista Norte";"Choque em Barreira New Jersey";1;0;0;0;0;0;0;0;0;0;1;0;0;0;0
"20/01/2023";"06:13:00";"579";"AC03 - Aci";"148";"BR-116/SP";"Pista Norte";"Colisão Traseira";0;0;0;1;0;1;0;0;0;0;2;0;0;0;0
"20/01/2023";"06:24:00";"590";"AC02 - Aci";"148.5";"BR-116/SP";"Pista Norte";"Abalroamento Longitudinal";2;0;0;1;0;0;0;0;0;0;2;2;0;0;0
"20/01/2023";"06:53:00";"606";"AC02 - Aci";"195";"BR-116/RJ";"Pista Norte";"Queda de moto";0;0;0;1;0;0;0;0;0;0;0;2;0;0;0
"20/01/2023";"07:25:00";"628";"AC02 - Aci";"189";"BR-116/RJ";"Pista Norte";"Queda de moto";0;0;0;1;0;0;0;0;0;0;1;1;0;0;0
"20/01/2023";"07:28:00";"631";"AC02 - Aci";"25.7999";"BR-116/SP";"Pista Sul";"Engavetamento";1;0;1;0;0;1;0;0;0;0;6;2;0;0;0
"20/01/2023";"08:00:00";"647";"AC03 - Aci";"49.5";"BR-101/SP";"Pista Sul";"Colisão Traseira";2;0;0;0;0;0;0;0;0;0;3;0;0;0;0
"20/01/2023";"08:34:00";"667";"AC03 - Aci";"220";"BR-116/RJ";"Pista Norte";"Atropelamento de Animal";1;0;0;0;0;0;0;0;0;0;1;0;0;0;0
"20/01/2023";"08:37:00";"668";"AC03 - Aci";"524";"BR-101/RJ";"Pista Sul";"Choque em objeto fixo";1;0;0;0;0;0;0;0;0;0;1;0;0;0;0
"20/01/2023";"09:16:00";"682";"AC02 - Aci";"23.8999";"BR-116/SP";"Pista Norte";"Colisão Traseira";1;0;1;0;0;0;0;0;0;0;2;1;0;0;0
"20/01/2023";"10:41:00";"721";"AC03 - Aci";"227.199";"BR-116/SP";"Pista Norte";"Choque em objeto na pista";1;0;0;0;0;0;0;0;0;0;1;0;0;0;0
"20/01/2023";"11:15:00";"740";"AC03 - Aci";"521";"BR-101/RJ";"Pista Sul";"Choque em objeto fixo";1;0;0;0;0;0;0;0;0;0;1;0;0;0;0
"21/01/2023";"12:07:00";"12";"AC03 - Aci";"226.800";"BR-116/SP";"Pista Norte";"Choque em objeto na pista";0;0;1;0;0;0;0;0;0;0;1;0;0;0;0