data;horario;n_da_ocorrencia;tipo_de_ocorrencia;km;trecho;sentido;tipo_de_acidente;automovel;bicicleta;caminhao;moto;onibus;outros;tracao_animal;transporte_de_cargas_especiais;trator_maquinas;utilitarios;ilesos;levemente_feridos;moderadamente_feridos;gravemente_feridos;mortos
"21/01/2023";"12:49:00";"28";"AC02 - Aci";"54.5";"BR-116/SP";"Pista Sul";"Choque em objeto fixo";1;0;0;0;0;0;0;0;0;0;0;1;0;0;0
"21/01/2023";"12:57:00";"30";"AC02 - Aci";"445";"BR-101/RJ";"Pista Sul";"Colisão Frontal";2;0;0;0;0;0;0;0;0;0;1;2;0;0;0
"21/01/2023";"04:45:00";"56";"AC03 - Aci";"53.2000";"BR-116/SP";"Pista Sul";"Abalroamento Longitudinal";1;0;1;0;0;0;0;0;0;0;2;0;0;0;0
"21/01/2023";"08:15:00";"142";"AC02 - Aci";"571";"BR-101/RJ";"Pista Sul";"Colisão Traseira";2;0;0;0;0;0;0;0;0;0;0;2;0;0;0
"21/01/2023";"09:00:00";"172";"AC04 - Atr";"46.2999";"BR-101/SP";"Pista Sul";"Atropelamento de Pedestre Atravessando";0;0;0;1;0;0;0;0;0;0;2;1;0;0;0
"21/01/2023";"09:11:00";"183";"AC03 - Aci";"178.5";"BR-116/RJ";"Pista Sul";"Colisão Traseira";1;0;0;0;0;1;0;0;0;0;2;0;0;0;0
"21/01/2023";"09:23:00";"191";"AC03 - Aci";"225.300";"BR-116/SP";"Pista Norte";"Choque em objeto fixo";1;0;0;0;0;0;0;0;0;0;2;0;0;0;0
"21/01/2023";"09:40:00";"210";"AC02 - Aci";"166.600";"BR-116/SP";"Pista Norte";"Queda de moto";0;0;0;1;0;0;0;0;0;0;0;1;0;0;0
"21/01/2023";"11:08:00";"270";"AC03 - Aci";"45.2000";"BR-116/SP";"Pista Sul";"Colisão Traseira";2;0;0;0;0;0;0;0;0;0;4;0;0;0;0
"21/01/2023";"12:48:00";"334";"AC02 - Aci";"122.099";"BR-116/SP";"Pista Sul";"Colisão Traseira";2;0;0;0;0;0;0;0;0;0;5;0;0;0;0
"21/01/2023";"12:56:00";"344";"AC03 - Aci";"185.899";"BR-116/RJ";"Pista Norte";"Engavetamento";3;0;0;0;0;0;0;0;0;0;3;0;0;0;0
"21/01/2023";"01:16:00";"352";"AC03 - Aci";"521";"BR-101/RJ";"Pista Norte";"Choque em objeto fixo";1;0;0;0;0;0;0;0;0;0;2;0;0;0;0
"21/01/2023";"02:16:00";"385";"AC03 - Aci";"455";"BR-101/RJ";"Pista Norte";"Engavetamento";3;0;0;0;0;0;0;0;0;0;6;0;0;0;0
"21/01/2023";"02:18:00";"387";"AC02 - Aci";"229";"BR-116/SP";"Pista Norte";"Colisão Traseira";1;0;0;1;0;0;0;0;0;0;4;0;1;0;0
"21/01/2023";"02:21:00";"390";"AC03 - Aci";"230.399";"BR-116/SP";"Pista Norte";"Abalroamento Longitudinal";1;0;0;1;0;0;0;0;0;0;2;0;0;0;0
"21/01/2023";"03:35:00";"431";"AC02 - Aci";"171.300";"BR-116/RJ";"Pista Sul";"Colisão Traseira";1;0;1;0;0;0;0;0;0;0;1;2;0;0;0
"21/01/2023";"03:59:00";"443";"AC03 - Aci";"39.5";"BR-101/SP";"Pista Sul";"Colisão Traseira";2;0;0;0;0;0;0;0;0;0;7;0;0;0;0
"21/01/2023";"04:25:00";"458";"AC02 - Aci";"284.299";"BR-116/RJ";"Pista Norte";"Capotamento";1;0;0;0;0;0;0;0;0;0;0;1;0;0;0
"21/01/2023";"04:55:00";"478";"AC02 - Aci";"271.399";"BR-116/RJ";"Pista Sul";"Choque em Defensa";1;0;0;0;0;0;0;0;0;0;0;4;0;0;0
"21/01/2023";"05:38:00";"502";"AC02 - Aci";"288";"BR-116/RJ";"Pista Norte";"Colisão Traseira";1;0;1;0;0;0;0;0;0;0;1;0;1;0;0
"21/01/2023";"06:11:00";"511";"AC02 - Aci";"212.399";"BR-116/SP";"Pista Sul";"Abalroamento Longitudinal";2;0;0;0;0;0;0;0;0;0;3;0;2;0;0
"21/01/2023";"06:21:00";"517";"AC02 - Aci";"310.799";"BR-116/RJ";"Pista Norte";"Choque em objeto fixo";1;0;0;0;0;0;0;0;0;0;0;1;0;0;0
"21/01/2023";"06:33:00";"525";"AC02 - Aci";"471";"BR-101/RJ";"Pista Norte";"Queda de moto";0;0;0;1;0;0;0;0;0;0;0;1;0;0;0
"21/01/2023";"06:42:00";"532";"AC03 - Aci";"37.5999";"BR-116/SP";"Pista Sul";"Choque em Barreira New Jersey";1;0;0;0;0;0;0;0;0;0;1;0;0;0;0
"21/01/2023";"06:56:00";"538";"AC03 - Aci";"251";"BR-116/RJ";"Pista Norte";"Choque em objeto na pista";1;0;0;0;0;0;0;0;0;0;1;0;0;0;0
"21/01/2023";"10:36:00";"610";"AC02 - Aci";"437";"BR-101/RJ";"Pista Norte";"Atropelamento de Animal";0;0;0;0;0;1;0;0;0;0;1;1;0;0;0
"21/01/2023";"10:45:00";"614";"AC03 - Aci";"144.5";"BR-116/SP";"Pista Norte";"Choque em objeto fixo";1;0;0;0;0;0;0;0;0;0;1;0;0;0;0
"22/01/2023";"01:36:00";"31";"AC01 - Aci";"105.599";"BR-116/SP";"Pista Sul";"Choque Talude";2;0;0;0;0;1;0;0;0;0;2;0;0;0;1
"22/01/2023";"05:09:00";"77";"AC03 - Aci";"128";"BR-116/SP";"Pista Norte";"Queda de moto";0;0;0;1;0;0;0;0;0;0;1;0;0;0;0
"22/01/2023";"05:22:00";"82";"AC04 - Atr";"34.0999";"BR-101/SP";"Pista Norte";"Atropelamento de Pedestre Atravessando";0;1;0;1;0;0;0;0;0;0;1;0;1;0;0
"22/01/2023";"07:20:00";"124";"AC02 - Aci";"301";"BR-116/RJ";"Pista Sul";"Queda de moto";0;0;0;1;0;0;0;0;0;0;0;0;0;1;0
"22/01/2023";"08:14:00";"156";"AC02 - Aci";"228.800";"BR-116/RJ";"Pista Norte";"Queda de Carga";0;0;0;1;0;0;0;0;0;0;0;2;0;0;0
"22/01/2023";"08:42:00";"179";"AC03 - Aci";"121";"BR-116/SP";"Pista Norte";"Colisão Traseira";1;0;0;0;0;2;0;0;0;0;3;0;0;0;0
"22/01/2023";"09:00:00";"189";"AC03 - Aci";"121.099";"BR-116/SP";"Pista Norte";"Colisão Traseira";3;0;0;0;0;0;0;0;0;0;7;0;0;0;0
"22/01/2023";"09:12:00";"196";"AC03 - Aci";"121.300";"BR-116/SP";"Pista Norte";"Colisão Traseira";2;0;0;0;0;0;0;0;0;0;10;0;0;0;0
"22/01/2023";"09:55:00";"221";"AC02 - Aci";"51";"BR-101/SP";"Pista Norte";"Abalroamento Longitudinal";1;0;0;1;0;0;0;0;0;0;2;0;1;0;0
"22/01/2023";"10:58:00";"261";"AC02 - Aci";"95.5";"BR-116/SP";"Pista Norte";"Engavetamento";3;0;0;1;0;0;0;0;0;0;8;0;1;0;0
"22/01/2023";"11:18:00";"271";"AC04 - Atr";"580.099";"BR-101/RJ";"Pista Norte";"Atropelamento de Pedestre Atravessando";0;1;0;0;1;0;0;0;0;0;1;0;1;0;0
"22/01/2023";"12:18:00";"304";"AC02 - Aci";"223";"BR-116/SP";"Pista Norte";"Queda de moto";0;0;0;1;0;0;0;0;0;0;1;1;0;0;0
"22/01/2023";"01:28:00";"335";"AC01 - Aci";"40.2000";"BR-116/SP";"Pista Sul";"Choque em Barreira New Jersey";0;0;0;1;0;0;0;0;0;0;0;0;0;0;1
"22/01/2023";"02:03:00";"352";"AC03 - Aci";"420";"BR-101/RJ";"Pista Sul";"Colisão Traseira";2;0;0;0;0;0;0;0;0;0;2;0;0;0;0
"22/01/2023";"02:32:00";"374";"AC03 - Aci";"45.3499";"BR-116/SP";"Pista Norte";"Abalroamento Longitudinal";1;0;0;0;0;1;0;0;0;0;3;0;0;0;0
"22/01/2023";"03:25:00";"408";"AC03 - Aci";"35";"BR-101/SP";"Pista Norte";"Colisão Traseira";1;0;0;0;0;1;0;0;0;0;5;0;0;0;0
"22/01/2023";"03:43:00";"427";"AC02 - Aci";"211.5";"BR-116/SP";"Pista Norte";"Colisão Traseira";2;0;0;0;0;0;0;0;0;0;3;2;0;0;0
"22/01/2023";"03:47:00";"432";"AC02 - Aci";"81.5500";"BR-116/SP";"Pista Sul";"Capotamento";1;0;1;0;0;0;0;0;0;0;2;2;3;0;0
"22/01/2023";"04:08:00";"445";"AC03 - Aci";"291";"BR-116/RJ";"Pista Norte";"Colisão Traseira";2;0;0;0;0;0;0;0;0;0;2;0;0;0;0
"22/01/2023";"04:12:00";"447";"AC03 - Aci";"439";"BR-101/RJ";"Pista Norte";"Engavetamento";2;0;0;1;0;0;0;0;0;0;3;0;0;0;0
"22/01/2023";"05:29:00";"499";"AC02 - Aci";"216";"BR-116/SP";"Pista Norte";"Choque em Barreira New Jersey";1;0;0;0;0;0;0;0;0;0;4;1;0;0;0
"22/01/2023";"06:37:00";"544";"AC02 - Aci";"189";"BR-116/RJ";"Pista Norte";"Queda de moto";0;0;0;1;0;0;0;0;0;0;0;1;0;0;0
"22/01/2023";"07:19:00";"570";"AC02 - Aci";"186";"BR-116/RJ";"Pista Norte";"Queda de moto";0;0;0;1;0;0;0;0;0;0;0;1;0;0;0
"22/01/2023";"07:56:00";"585";"AC03 - Aci";"431";"BR-101/RJ";"Pista Norte";"Choque em objeto fixo";1;0;0;0;0;0;0;0;0;0;1;0;0;0;0
"22/01/2023";"08:21:00";"596";"AC02 - Aci";"45";"BR-101/SP";"Pista Norte";"Colisão Frontal";2;0;0;0;0;0;0;0;0;0;1;1;0;0;0
"22/01/2023";"08:57:00";"614";"AC03 - Aci";"172";"BR-116/RJ";"Pista Norte";"Choque em Barreira New Jersey";1;0;0;0;0;0;0;0;0;0;1;0;0;0;0
"23/01/2023";"12:22:00";"23";"AC02 - Aci";"178";"BR-116/RJ";"Pista Sul";"Choque em Barreira New Jersey";1;0;0;0;0;0;0;0;0;0;0;0;1;0;0
"23/01/2023";"01:33:00";"35";"AC02 - Aci";"435";"BR-101/RJ";"Pista Sul";"Capotamento";1;0;0;0;0;0;0;0;0;0;0;0;1;0;0
"23/01/2023";"02:23:00";"47";"AC02 - Aci";"139.399";"BR-116/SP";"Pista Norte";"Choque em Barreira New Jersey";1;0;0;0;0;0;0;0;0;0;0;0;1;0;0
"23/01/2023";"02:51:00";"50";"AC03 - Aci";"89";"BR-116/SP";"Pista Norte";"Choque em objeto na pista";1;0;0;0;0;0;0;0;0;0;3;0;0;0;0
"23/01/2023";"02:53:00";"51";"AC03 - Aci";"89";"BR-116/SP";"Pista Norte";"Choque em objeto na pista";1;0;0;0;0;0;0;0;0;0;4;0;0;0;0
"23/01/2023";"04:36:00";"79";"AC03 - Aci";"215.100";"BR-116/SP";"Pista Sul";"Choque em Barreira New Jersey";1;0;0;0;0;0;0;0;0;0;1;0;0;0;0
"23/01/2023";"04:51:00";"84";"AC03 - Aci";"224.899";"BR-116/SP";"Pista Norte";"Engavetamento";0;0;4;0;0;0;0;0;0;0;4;0;0;0;0
"23/01/2023";"07:52:00";"176";"AC03 - Aci";"109";"BR-116/SP";"Pista Sul";"Choque em Defensa";1;0;0;0;0;0;0;0;0;0;4;0;0;0;0
"23/01/2023";"08:21:00";"206";"AC04 - Atr";"281";"BR-116/RJ";"Pista Norte";"Atropelamento de Pedestre Atravessando";0;1;0;1;0;0;0;0;0;0;0;1;1;0;0
"23/01/2023";"09:11:00";"246";"AC02 - Aci";"478";"BR-101/RJ";"Pista Norte";"Colisão Frontal";1;0;0;1;0;0;0;0;0;0;0;2;0;0;0
"23/01/2023";"09:44:00";"276";"AC03 - Aci";"492";"BR-101/RJ";"Pista Norte";"Colisão Traseira";2;0;0;0;0;0;0;0;0;0;2;0;0;0;0
"23/01/2023";"09:57:00";"284";"AC03 - Aci";"503";"BR-101/RJ";"Pista Sul";"Colisão Traseira";2;0;0;0;0;0;0;0;0;0;2;0;0;0;0
"23/01/2023";"10:16:00";"294";"AC03 - Aci";"477";"BR-101/RJ";"Pista Sul";"Engavetamento";2;0;0;0;0;1;0;0;0;0;3;0;0;0;0
"23/01/2023";"10:24:00";"302";"AC03 - Aci";"419";"BR-101/RJ";"Pista Sul";"Engavetamento";3;0;0;0;0;1;0;0;0;0;4;0;0;0;0
"23/01/2023";"11:01:00";"328";"AC03 - Aci";"86.9499";"BR-116/SP";"Pista Sul";"Outros";1;0;0;0;0;0;0;0;0;0;2;0;0;0;0
"23/01/2023";"11:56:00";"362";"AC03 - Aci";"450";"BR-101/RJ";"Pista Norte";"Colisão Traseira";1;0;1;0;0;0;0;0;0;0;5;0;0;0;0
"23/01/2023";"01:17:00";"411";"AC02 - Aci";"229.300";"BR-116/RJ";"Pista Norte";"Engavetamento";0;0;3;0;0;0;0;0;0;0;2;1;0;0;0
"23/01/2023";"02:27:00";"453";"AC02 - Aci";"416";"BR-101/RJ";"Pista Sul";"Capotamento";1;0;0;0;0;0;0;0;0;0;0;1;0;0;0
"23/01/2023";"03:54:00";"517";"AC02 - Aci";"173";"BR-116/RJ";"Pista Sul";"Colisão Traseira";1;0;0;1;0;0;0;0;0;0;1;1;0;0;0
"23/01/2023";"04:12:00";"528";"AC03 - Aci";"211.5";"BR-116/SP";"Pista Sul";"Engavetamento";2;0;1;0;0;0;0;0;0;0;4;0;0;0;0
"23/01/2023";"05:06:00";"567";"AC02 - Aci";"153.699";"BR-116/SP";"Pista Sul";"Choque em Defensa";1;0;1;0;0;0;0;0;0;0;14;3;0;0;0
"23/01/2023";"05:11:00";"569";"AC02 - Aci";"216";"BR-116/SP";"Pista Norte";"Colisão Traseira";1;0;0;1;0;0;0;0;0;0;1;0;1;0;0
"23/01/2023";"06:35:00";"628";"AC02 - Aci";"247.399";"BR-116/RJ";"Pista Norte";"Colisão Traseira";0;0;2;0;0;0;0;0;0;0;1;1;0;0;0
"23/01/2023";"06:39:00";"630";"AC01 - Aci";"244.399";"BR-116/RJ";"Pista Norte";"Engavetamento";1;0;3;0;0;0;0;0;0;0;7;0;0;0;1
"23/01/2023";"08:00:00";"684";"AC02 - Aci";"328.350";"BR-116/RJ";"Pista Sul";"Colisão Traseira";0;0;2;0;0;0;0;0;0;0;1;1;0;0;0
"23/01/2023";"09:08:00";"714";"AC03 - Aci";"316";"BR-116/RJ";"Pista Norte";"Choque em Barreira New Jersey";1;0;0;0;0;0;0;0;0;0;2;0;0;0;0
"23/01/2023";"10:49:00";"740";"AC03 - Aci";"480.600";"BR-101/RJ";"Pista Sul";"Outros";1;0;0;0;0;0;0;0;0;0;1;0;0;0;0
"24/01/2023";"01:04:00";"33";"AC02 - Aci";"202.800";"BR-116/RJ";"Pista Sul";"Colisão Traseira";1;0;0;0;0;1;0;0;0;0;1;1;0;0;0
"24/01/2023";"07:15:00";"132";"AC02 - Aci";"220";"BR-116/SP";"Pista Sul";"Colisão Traseira";1;0;0;1;0;0;0;0;0;0;1;1;0;0;0
"24/01/2023";"08:13:00";"172";"AC03 - Aci";"390";"BR-101/RJ";"Pista Sul";"Queda de ribanceira";1;0;0;0;0;0;0;0;0;0;1;0;0;0;0
"24/01/2023";"08:15:00";"175";"AC02 - Aci";"208";"BR-116/SP";"Pista Sul";"Engavetamento";3;0;0;0;0;0;0;0;0;0;3;0;0;1;0
"24/01/2023";"09:11:00";"216";"AC02 - Aci";"487";"BR-101/RJ";"Pista Sul";"Queda de moto";0;0;0;1;0;0;0;0;0;0;0;1;0;0;0
"24/01/2023";"09:26:00";"225";"AC03 - Aci";"144.699";"BR-116/SP";"Pista Norte";"Choque em objeto na pista";2;0;0;0;0;1;0;0;0;0;3;0;0;0;0
"24/01/2023";"11:19:00";"307";"AC03 - Aci";"204.800";"BR-116/SP";"Pista Sul";"Abalroamento Longitudinal";1;0;1;0;0;0;0;0;0;0;3;0;0;0;0
"24/01/2023";"11:51:00";"324";"AC03 - Aci";"223.5";"BR-116/SP";"Pista Norte";"Choque em objeto na pista";2;0;0;0;0;0;0;0;0;0;2;0;0;0;0
"24/01/2023";"01:13:00";"375";"AC03 - Aci";"487.600";"BR-101/RJ";"Pista Sul";"Colisão Traseira";1;0;1;0;0;0;0;0;0;0;2;0;0;0;0
"24/01/2023";"03:59:00";"465";"AC02 - Aci";"204";"BR-116/RJ";"Pista Norte";"Queda de ribanceira";1;0;0;0;0;0;0;0;0;0;0;0;1;0;0
"24/01/2023";"04:54:00";"492";"AC03 - Aci";"268.299";"BR-116/RJ";"Pista Norte";"Colisão Traseira";2;0;0;0;0;0;0;0;0;0;2;0;0;0;0
"24/01/2023";"05:56:00";"529";"AC02 - Aci";"493";"BR-101/RJ";"Pista Sul";"Choque em objeto fixo";1;0;0;0;0;0;0;0;0;0;0;2;2;0;0
"24/01/2023";"06:52:00";"575";"AC02 - Aci";"227.100";"BR-116/SP";"Pista Norte";"Colisão Traseira";1;0;0;1;0;0;0;0;0;0;1;1;0;0;0
"24/01/2023";"07:10:00";"588";"AC03 - Aci";"189";"BR-116/RJ";"Pista Sul";"Colisão Traseira";1;0;0;0;0;1;0;0;0;0;5;0;0;0;0
"24/01/2023";"09:37:00";"649";"AC03 - Aci";"229";"BR-116/SP";"Pista Norte";"Colisão Traseira";1;0;0;0;0;1;0;0;0;0;5;0;0;0;0
"24/01/2023";"10:16:00";"663";"AC02 - Aci";"451";"BR-101/RJ";"Pista Norte";"Queda de ribanceira";1;0;0;0;0;0;0;0;0;0;0;1;0;0;0
"25/01/2023";"01:33:00";"27";"AC02 - Aci";"435";"BR-101/RJ";"Pista Sul";"Choque em objeto fixo";0;0;0;1;0;0;0;0;0;0;0;1;1;0;0
"25/01/2023";"01:57:00";"31";"AC03 - Aci";"215.600";"BR-116/SP";"Pista Sul";"Choque em objeto na pista";1;0;0;0;0;0;0;0;0;0;4;0;0;0;0
"25/01/2023";"04:14:00";"40";"AC03 - Aci";"219.300";"BR-116/RJ";"Pista Norte";"Abalroamento Longitudinal";0;0;2;0;0;0;0;0;0;0;4;0;0;0;0
"25/01/2023";"05:16:00";"55";"AC03 - Aci";"565";"BR-101/RJ";"Pista Norte";"Choque em objeto fixo";1;0;0;0;0;0;0;0;0;0;1;0;0;0;0
"25/01/2023";"06:47:00";"86";"AC02 - Aci";"146.75";"BR-116/SP";"Pista Sul";"Engavetamento";2;0;2;0;0;0;0;0;0;0;11;3;0;0;0
"25/01/2023";"06:54:00";"93";"AC02 - Aci";"597";"BR-101/RJ";"Pista Norte";"Queda de moto";0;0;0;1;0;0;0;0;0;0;0;0;1;0;0
"25/01/2023";"07:06:00";"99";"AC02 - Aci";"62";"BR-116/SP";"Pista Norte";"Colisão Traseira";1;0;0;0;0;1;0;0;0;0;1;1;0;0;0
"25/01/2023";"07:16:00";"103";"AC02 - Aci";"173";"BR-116/RJ";"Pista Norte";"Queda de moto";0;0;0;1;0;0;0;0;0;0;0;1;0;0;0
"25/01/2023";"07:35:00";"128";"AC03 - Aci";"62";"BR-116/SP";"Pista Norte";"Colisão Traseira";2;0;0;0;0;0;0;0;0;0;6;0;0;0;0
"25/01/2023";"07:37:00";"131";"AC03 - Aci";"151";"BR-116/SP";"Pista Norte";"Engavetamento";0;0;3;0;0;0;0;0;0;0;3;0;0;0;0
"25/01/2023";"08:11:00";"153";"AC04 - Atr";"52";"BR-101/SP";"Pista Sul";"Atropelamento de Pedestre Atravessando";0;1;0;0;1;0;0;0;0;0;1;1;0;0;0
"25/01/2023";"08:49:00";"173";"AC02 - Aci";"134.800";"BR-116/SP";"Pista Sul";"Colisão Traseira";0;0;0;1;0;1;0;0;0;0;2;1;0;0;0
"25/01/2023";"09:42:00";"200";"AC02 - Aci";"205.800";"BR-116/SP";"Pista Sul";"Abalroamento Longitudinal";0;0;0;1;0;1;0;0;0;0;1;1;1;0;0
"25/01/2023";"11:41:00";"280";"AC02 - Aci";"150.899";"BR-116/SP";"Pista Sul";"Choque em Barreira New Jersey";1;0;0;0;0;0;0;0;0;0;1;2;0;0;0
"25/01/2023";"01:20:00";"332";"AC04 - Atr";"381";"BR-101/RJ";"Pista Norte";"Atropelamento de Pedestre Atravessando";0;0;0;0;0;1;0;0;0;0;1;1;0;0;0
"25/01/2023";"02:31:00";"367";"AC03 - Aci";"49.5";"BR-101/SP";"Pista Sul";"Colisão Traseira";1;0;0;1;0;0;0;0;0;0;4;0;0;0;0
"25/01/2023";"02:59:00";"388";"AC03 - Aci";"265.200";"BR-116/RJ";"Pista Sul";"Abalroamento Longitudinal";0;0;2;0;0;0;0;0;0;0;2;0;0;0;0
"25/01/2023";"03:52:00";"419";"AC02 - Aci";"271.5";"BR-116/RJ";"Pista Sul";"Colisão Traseira";1;0;1;0;0;0;0;0;0;0;1;1;0;0;0
"25/01/2023";"04:30:00";"441";"AC02 - Aci";"425";"BR-101/RJ";"Pista Sul";"Colisão Traseira";2;0;0;0;0;0;0;0;0;0;2;1;0;0;0
"25/01/2023";"04:54:00";"458";"AC03 - Aci";"212.899";"BR-116/SP";"Pista Sul";"Engavetamento";2;0;0;0;0;1;0;0;0;0;3;0;0;0;0
"25/01/2023";"05:03:00";"462";"AC03 - Aci";"104";"BR-116/SP";"Pista Sul";"Engavetamento";3;0;0;0;0;0;0;0;0;0;6;0;0;0;0
"25/01/2023";"05:11:00";"463";"AC03 - Aci";"230.199";"BR-116/SP";"Pista Sul";"Abalroamento Longitudinal";2;0;0;0;0;1;0;0;0;0;3;0;0;0;0
"25/01/2023";"05:16:00";"465";"AC03 - Aci";"211.050";"BR-116/SP";"Pista Sul";"Colisão Traseira";2;0;0;0;0;0;0;0;0;0;2;0;0;0;0
"25/01/2023";"06:06:00";"500";"AC02 - Aci";"212.899";"BR-116/SP";"Pista Sul";"Colisão Traseira";0;0;0;1;0;1;0;0;0;0;1;0;1;0;0
"25/01/2023";"06:10:00";"504";"AC03 - Aci";"94.6999";"BR-116/SP";"Pista Sul";"Abalroamento Longitudinal";1;0;0;0;0;1;0;0;0;0;3;0;0;0;0
"25/01/2023";"06:25:00";"508";"AC03 - Aci";"211";"BR-116/SP";"Pista Sul";"Engavetamento";3;0;0;0;0;0;0;0;0;0;3;0;0;0;0
"25/01/2023";"06:35:00";"513";"AC03 - Aci";"490";"BR-101/RJ";"Pista Norte";"Colisão Traseira";2;0;0;0;0;0;0;0;0;0;3;0;0;0;0
"25/01/2023";"07:50:00";"548";"AC02 - Aci";"208.800";"BR-116/SP";"Pista Norte";"Colisão Traseira";2;0;0;0;0;0;0;0;0;0;2;1;0;0;0
"25/01/2023";"09:58:00";"607";"AC02 - Aci";"46";"BR-101/SP";"Pista Sul";"Colisão Traseira";1;0;0;1;0;0;0;0;0;0;3;0;1;0;0
"25/01/2023";"11:27:00";"633";"AC01 - Aci";"12.6499";"BR-116/SP";"Pista Sul";"Colisão Traseira";0;0;2;1;0;0;0;0;0;0;2;0;0;0;1
"25/01/2023";"11:31:00";"634";"AC03 - Aci";"204";"BR-116/SP";"Pista Sul";"Choque em Barreira New Jersey";1;0;0;0;0;0;0;0;0;0;5;0;0;0;0
"25/01/2023";"11:33:00";"636";"AC03 - Aci";"89.9000";"BR-116/SP";"Pista Norte";"Choque em objeto na pista";2;0;3;0;0;0;0;0;0;0;7;0;0;0;0
"25/01/2023";"11:37:00";"638";"AC03 - Aci";"223";"BR-116/SP";"Pista Norte";"Colisão Traseira";0;0;1;0;0;1;0;0;0;0;2;0;0;0;0
"26/01/2023";"12:37:00";"15";"AC03 - Aci";"56.2999";"BR-116/SP";"Pista Sul";"Abalroamento Longitudinal";2;0;0;0;0;0;0;0;0;0;3;0;0;0;0
"26/01/2023";"04:30:00";"49";"AC03 - Aci";"495";"BR-101/RJ";"Pista Norte";"Choque em objeto fixo";1;0;0;0;0;0;0;0;0;0;4;0;0;0;0
"26/01/2023";"06:58:00";"119";"AC04 - Atr";"477";"BR-101/RJ";"Pista Norte";"Atropelamento de Pedestre Atravessando";1;0;0;0;0;0;0;0;0;0;1;1;0;0;0
"26/01/2023";"07:05:00";"126";"AC03 - Aci";"209.100";"BR-116/SP";"Pista Sul";"Abalroamento Longitudinal";1;0;1;0;0;0;0;0;0;0;2;0;0;0;0
"26/01/2023";"07:58:00";"169";"AC02 - Aci";"308.899";"BR-116/RJ";"Pista Norte";"Colisão Traseira";1;0;0;1;0;0;0;0;0;0;1;0;1;0;0
"26/01/2023";"08:13:00";"187";"AC04 - Atr";"51.2000";"BR-101/SP";"Pista Norte";"Atropelamento de Pedestre Caminhando";0;1;0;1;0;0;0;0;0;0;1;0;1;0;0
"26/01/2023";"08:13:00";"188";"AC04 - Atr";"227.399";"BR-116/SP";"Pista Sul";"Atropelamento de Pedestre Atravessando";1;1;0;0;0;0;0;0;0;0;1;0;0;1;0
"26/01/2023";"08:24:00";"194";"AC02 - Aci";"315.600";"BR-116/RJ";"Pista Sul";"Colisão Traseira";2;0;0;0;0;0;0;0;0;0;0;2;0;0;0
"26/01/2023";"09:25:00";"251";"AC03 - Aci";"494";"BR-101/RJ";"Pista Sul";"Engavetamento";3;0;0;0;0;2;0;0;0;0;5;0;0;0;0
"26/01/2023";"09:31:00";"257";"AC03 - Aci";"225.899";"BR-116/SP";"Pista Norte";"Colisão Traseira";2;0;0;0;0;0;0;0;0;0;3;0;0;0;0
"26/01/2023";"10:16:00";"294";"AC02 - Aci";"505";"BR-101/RJ";"Pista Norte";"Colisão Traseira";1;0;0;1;0;0;0;0;0;0;1;0;1;0;0
"26/01/2023";"10:42:00";"315";"AC03 - Aci";"252.699";"BR-116/RJ";"Pista Sul";"Abalroamento Longitudinal";2;0;0;0;0;0;0;0;0;0;6;0;0;0;0
"26/01/2023";"10:56:00";"328";"AC02 - Aci";"46";"BR-101/SP";"Pista Norte";"Choque em objeto fixo";1;0;0;0;0;0;0;0;0;0;1;1;0;0;0
"26/01/2023";"11:22:00";"347";"AC02 - Aci";"145.899";"BR-116/SP";"Pista Norte";"Choque em objeto na pista";1;0;0;0;0;0;0;0;0;0;0;0;1;0;0
"26/01/2023";"01:41:00";"424";"AC03 - Aci";"116.900";"BR-116/SP";"Pista Norte";"Choque em objeto fixo";0;0;1;0;0;0;0;0;0;0;1;0;0;0;0
"26/01/2023";"03:33:00";"499";"AC03 - Aci";"309.399";"BR-116/RJ";"Pista Sul";"Choque em objeto fixo";1;0;0;0;0;0;0;0;0;0;2;0;0;0;0
"26/01/2023";"04:55:00";"555";"AC04 - Atr";"314.820";"BR-116/RJ";"Pista Sul";"Atropelamento de Pedestre Atravessando";0;1;0;0;1;0;0;0;0;0;40;1;0;0;0
"26/01/2023";"05:14:00";"571";"AC02 - Aci";"230";"BR-116/SP";"Pista Norte";"Colisão Traseira";1;0;0;1;0;0;0;0;0;0;2;1;0;0;0
"26/01/2023";"07:16:00";"658";"AC03 - Aci";"129.100";"BR-116/SP";"Pista Norte";"Choque em objeto fixo";1;0;0;0;0;0;0;0;0;0;1;0;0;0;0
"26/01/2023";"07:42:00";"672";"AC03 - Aci";"330";"BR-116/RJ";"Pista Sul";"Choque em objeto na pista";1;0;0;0;0;0;0;0;0;0;1;0;0;0;0
"26/01/2023";"08:55:00";"720";"AC03 - Aci";"40.2999";"BR-101/SP";"Pista Sul";"Choque em objeto fixo";1;0;0;0;0;0;0;0;0;0;2;0;0;0;0
"26/01/2023";"09:22:00";"729";"AC03 - Aci";"228";"BR-116/SP";"Pista Norte";"Choque em Barreira New Jersey";0;0;1;0;0;0;0;0;0;0;1;0;0;0;0
"26/01/2023";"09:53:00";"741";"AC04 - Atr";"215.800";"BR-116/SP";"Pista Norte";"Atropelamento de Pedestre Atravessando";1;0;0;0;0;0;0;0;0;0;4;0;1;1;0
"26/01/2023";"10:37:00";"753";"AC02 - Aci";"293";"BR-116/RJ";"Pista Norte";"Choque em Barreira New Jersey";1;0;0;0;0;0;0;0;0;0;0;2;0;0;0
"26/01/2023";"11:13:00";"768";"AC02 - Aci";"229.600";"BR-116/RJ";"Pista Norte";"Tombamento";0;0;1;0;0;0;0;0;0;0;0;0;1;0;0
"26/01/2023";"11:44:00";"778";"AC03 - Aci";"309.5";"BR-116/RJ";"Pista Norte";"Abalroamento Longitudinal";1;0;1;0;0;0;0;0;0;0;2;0;0;0;0
"26/01/2023";"11:51:00";"781";"AC02 - Aci";"573";"BR-101/RJ";"Pista Norte";"Atropelamento de Animal";0;0;0;1;0;0;0;0;0;0;0;1;1;0;0
"27/01/2023";"01:50:00";"35";"AC03 - Aci";"214.600";"BR-116/SP";"Pista Norte";"Choque em Defensa";1;0;0;0;0;0;0;0;0;0;1;0;0;0;0