data;horario;n_da_ocorrencia;tipo_de_ocorrencia;km;trecho;sentido;tipo_de_acidente;automovel;bicicleta;caminhao;moto;onibus;outros;tracao_animal;transporte_de_cargas_especiais;trator_maquinas;utilitarios;ilesos;levemente_feridos;moderadamente_feridos;gravemente_feridos;mortos
"27/01/2023";"01:52:00";"36";"AC03 - Aci";"141.800";"BR-116/SP";"Pista Sul";"Choque em objeto na pista";1;0;0;0;0;0;0;0;0;0;5;0;0;0;0
"27/01/2023";"04:25:00";"62";"AC04 - Atr";"225.300";"BR-116/SP";"Pista Sul";"Atropelamento de Pedestre Caminhando";0;0;0;0;0;1;0;0;0;0;1;0;0;1;0
"27/01/2023";"04:50:00";"65";"AC03 - Aci";"99.8000";"BR-116/SP";"Pista Sul";"Choque em objeto na pista";1;0;0;0;0;0;0;0;0;0;3;0;0;0;0
"27/01/2023";"05:00:00";"70";"AC02 - Aci";"154.300";"BR-116/SP";"Pista Norte";"Queda de moto";0;0;0;1;0;0;0;0;0;0;0;0;1;0;0
"27/01/2023";"05:43:00";"91";"AC02 - Aci";"216.399";"BR-116/SP";"Pista Norte";"Abalroamento Longitudinal";1;0;0;1;0;0;0;0;0;0;2;1;0;0;0
"27/01/2023";"09:20:00";"256";"AC02 - Aci";"204.5";"BR-116/SP";"Pista Norte";"Colisão Traseira";1;0;0;0;0;1;0;0;0;0;2;0;1;0;0
"27/01/2023";"09:31:00";"264";"AC02 - Aci";"230.199";"BR-116/SP";"Pista Sul";"Colisão Traseira";1;0;1;0;0;0;0;0;0;0;2;1;1;0;0
"27/01/2023";"09:38:00";"270";"AC02 - Aci";"228.199";"BR-116/SP";"Pista Sul";"Colisão Traseira";2;0;0;0;0;0;0;0;0;0;0;2;0;0;0
"27/01/2023";"10:49:00";"319";"AC02 - Aci";"177.399";"BR-116/RJ";"Pista Sul";"Abalroamento Longitudinal";1;0;0;1;0;0;0;0;0;0;1;0;1;0;0
"27/01/2023";"10:58:00";"324";"AC03 - Aci";"113.800";"BR-116/SP";"Pista Sul";"Abalroamento Longitudinal";1;0;0;0;0;1;0;0;0;0;2;0;0;0;0
"27/01/2023";"11:06:00";"329";"AC03 - Aci";"177.399";"BR-116/RJ";"Pista Sul";"Abalroamento Longitudinal";1;0;0;0;0;1;0;0;0;0;2;0;0;0;0
"27/01/2023";"11:50:00";"361";"AC02 - Aci";"138.699";"BR-116/SP";"Pista Norte";"Queda de moto";0;0;0;1;0;0;0;0;0;0;0;0;1;0;0
"27/01/2023";"12:44:00";"389";"AC02 - Aci";"172";"BR-116/RJ";"Pista Norte";"Colisão Traseira";1;0;0;1;0;0;0;0;0;0;1;1;0;0;0
"27/01/2023";"01:04:00";"399";"AC02 - Aci";"417.700";"BR-101/RJ";"Pista Sul";"Colisão Traseira";1;0;0;0;0;1;0;0;0;0;1;0;1;0;0
"27/01/2023";"01:14:00";"404";"AC02 - Aci";"106.300";"BR-116/SP";"Pista Sul";"Queda de moto";0;0;0;1;0;0;0;0;0;0;0;0;0;2;0
"27/01/2023";"02:06:00";"435";"AC02 - Aci";"186";"BR-116/RJ";"Pista Norte";"Engavetamento";3;0;0;0;0;0;0;0;0;0;2;2;0;0;0
"27/01/2023";"02:13:00";"444";"AC03 - Aci";"94.8000";"BR-116/SP";"Pista Sul";"Outros";0;0;1;0;0;0;0;0;0;0;1;0;0;0;0
"27/01/2023";"02:18:00";"446";"AC03 - Aci";"226.600";"BR-116/RJ";"Pista Sul";"Colisão Traseira";1;0;0;0;0;1;0;0;0;0;2;0;0;0;0
"27/01/2023";"02:39:00";"454";"AC03 - Aci";"418";"BR-101/RJ";"Pista Sul";"Colisão Traseira";1;0;0;0;0;1;0;0;0;0;2;0;0;0;0
"27/01/2023";"02:40:00";"456";"AC02 - Aci";"84";"BR-116/SP";"Pista Sul";"Queda de moto";0;0;0;1;0;0;0;0;0;0;0;2;0;0;0
"27/01/2023";"02:55:00";"463";"AC02 - Aci";"443";"BR-101/RJ";"Pista Norte";"Queda de moto";0;0;0;1;0;0;0;0;0;0;0;1;0;0;0
"27/01/2023";"03:19:00";"478";"AC03 - Aci";"120.199";"BR-116/SP";"Pista Norte";;2;0;0;0;0;0;0;0;0;0;5;0;0;0;0
"27/01/2023";"03:45:00";"495";"AC03 - Aci";"185";"BR-116/RJ";"Pista Sul";"Colisão Traseira";1;0;0;0;0;1;0;0;0;0;2;0;0;0;0
"27/01/2023";"03:46:00";"496";"AC02 - Aci";"81.8000";"BR-116/SP";"Pista Sul";"Colisão Traseira";2;0;0;0;0;0;0;0;0;0;2;1;0;0;0
"27/01/2023";"05:11:00";"561";"AC03 - Aci";"301.200";"BR-116/RJ";"Pista Norte";"Abalroamento Longitudinal";2;0;0;0;0;0;0;0;0;0;4;0;0;0;0
"27/01/2023";"05:30:00";"575";"AC02 - Aci";"304.799";"BR-116/RJ";"Pista Norte";"Abalroamento Transversal";3;0;0;0;0;0;0;0;0;0;5;1;0;0;0
"27/01/2023";"06:10:00";"607";"AC03 - Aci";"218.300";"BR-116/SP";"Pista Sul";"Abalroamento Longitudinal";1;0;0;1;0;1;0;0;0;0;3;0;0;0;0
"27/01/2023";"06:15:00";"611";"AC02 - Aci";"95.2799";"BR-116/SP";"Pista Sul";"Engavetamento";2;0;1;0;0;1;0;0;0;0;7;1;0;0;0
"27/01/2023";"06:44:00";"626";"AC03 - Aci";"40.1500";"BR-101/SP";"Pista Sul";"Colisão Traseira";2;0;0;0;0;0;0;0;0;0;7;0;0;0;0
"27/01/2023";"07:20:00";"654";"AC02 - Aci";"197";"BR-116/RJ";"Pista Sul";"Choque em Barreira New Jersey";1;0;0;0;0;0;0;0;0;0;5;0;1;0;0
"27/01/2023";"09:57:00";"724";"AC03 - Aci";"93";"BR-116/SP";"Pista Sul";"Engavetamento";3;0;0;0;0;0;0;0;0;0;10;0;0;0;0
"27/01/2023";"09:59:00";"725";"AC03 - Aci";"221";"BR-116/RJ";"Pista Sul";"Atropelamento de Animal";1;0;0;0;0;0;0;0;0;0;2;0;0;0;0
"27/01/2023";"11:44:00";"755";"AC02 - Aci";"6.19999";"BR-116/SP";"Pista Sul";"Colisão Traseira";0;0;2;0;0;0;0;0;0;0;1;0;1;0;0
"28/01/2023";"01:38:00";"26";"AC02 - Aci";"485";"BR-101/RJ";"Pista Norte";"Colisão Traseira";0;0;0;1;0;1;0;0;0;0;2;1;0;0;0
"28/01/2023";"03:39:00";"49";"AC01 - Aci";"578";"BR-101/RJ";"Pista Norte";"Choque em objeto fixo";1;0;0;0;0;0;0;0;0;0;0;0;0;0;1
"28/01/2023";"04:55:00";"58";"AC02 - Aci";"106.800";"BR-116/SP";"Pista Sul";"Choque em Barreira New Jersey";1;0;0;0;0;0;0;0;0;0;0;1;0;0;0
"28/01/2023";"05:29:00";"65";"AC03 - Aci";"514";"BR-101/RJ";"Pista Norte";"Choque em objeto fixo";1;0;0;0;0;0;0;0;0;0;2;0;0;0;0
"28/01/2023";"05:50:00";"70";"AC03 - Aci";"214.100";"BR-116/SP";"Pista Norte";"Choque em Barreira New Jersey";1;0;0;0;0;2;0;0;0;0;3;0;0;0;0
"28/01/2023";"08:34:00";"140";"AC02 - Aci";"35.2999";"BR-101/SP";"Pista Sul";"Abalroamento Longitudinal";2;0;0;0;0;0;0;0;0;0;4;0;1;0;0
"28/01/2023";"09:08:00";"159";"AC03 - Aci";"404";"BR-101/RJ";"Pista Sul";"Abalroamento Longitudinal";2;0;0;0;0;0;0;0;0;0;3;0;0;0;0
"28/01/2023";"10:08:00";"201";"AC03 - Aci";"82.4000";"BR-116/SP";"Pista Norte";"Engavetamento";3;0;0;0;0;0;0;0;0;0;8;0;0;0;0
"28/01/2023";"10:11:00";"202";"AC03 - Aci";"575";"BR-101/RJ";"Pista Norte";"Colisão Traseira";1;0;0;0;0;1;0;0;0;0;2;0;0;0;0
"28/01/2023";"11:07:00";"229";"AC03 - Aci";"296";"BR-116/RJ";"Pista Sul";"Choque em objeto na pista";1;0;1;0;0;0;0;0;0;0;3;0;0;0;0
"28/01/2023";"11:11:00";"231";"AC02 - Aci";"46";"BR-101/SP";"Pista Sul";"Abalroamento Longitudinal";1;0;0;1;0;0;0;0;0;0;1;1;0;0;0
"28/01/2023";"11:39:00";"257";"AC03 - Aci";"176";"BR-116/RJ";"Pista Sul";"Colisão Traseira";2;0;0;0;0;0;0;0;0;0;6;0;0;0;0
"28/01/2023";"02:11:00";"324";"AC02 - Aci";"138.5";"BR-116/SP";"Pista Sul";"Colisão Traseira";1;0;0;1;0;0;0;0;0;0;4;1;0;0;0
"28/01/2023";"03:13:00";"356";"AC03 - Aci";"165.399";"BR-116/SP";"Pista Sul";"Abalroamento Longitudinal";1;0;1;0;0;1;0;0;0;0;3;0;0;0;0
"28/01/2023";"03:19:00";"361";"AC03 - Aci";"165.399";"BR-116/SP";"Pista Sul";"Colisão Traseira";1;0;0;0;0;1;0;0;0;0;5;0;0;0;0
"28/01/2023";"03:28:00";"370";"AC03 - Aci";"58";"BR-116/SP";"Pista Norte";"Queda de moto";0;0;0;1;0;0;0;0;0;0;2;0;0;0;0
"28/01/2023";"05:14:00";"414";"AC02 - Aci";"338";"BR-116/RJ";"Pista Norte";"Queda de ribanceira";1;0;0;0;0;0;0;0;0;0;0;0;3;0;0
"28/01/2023";"05:15:00";"416";"AC03 - Aci";"400";"BR-101/RJ";"Pista Sul";"Choque em Barreira New Jersey";1;0;0;0;0;0;0;0;0;0;3;0;0;0;0
"28/01/2023";"05:30:00";"427";"AC02 - Aci";"206.699";"BR-116/SP";"Pista Norte";"Choque em Barreira New Jersey";1;0;0;0;0;0;0;0;0;0;2;0;1;0;0
"28/01/2023";"05:31:00";"428";"AC03 - Aci";"238";"BR-116/RJ";"Pista Norte";"Choque em Barreira New Jersey";1;0;0;0;0;0;0;0;0;0;1;0;0;0;0
"28/01/2023";"05:35:00";"432";"AC02 - Aci";"316.899";"BR-116/RJ";"Pista Sul";"Colisão Frontal";2;0;0;0;0;0;0;0;0;0;0;0;2;0;0
"28/01/2023";"06:03:00";"444";"AC02 - Aci";"3.20000";"BR-116/SP";"Pista Norte";"Capotamento";1;0;0;0;0;0;0;0;0;0;1;2;0;0;0
"28/01/2023";"06:15:00";"451";"AC03 - Aci";"238.600";"BR-116/RJ";"Pista Norte";"Choque em objeto fixo";1;0;0;0;0;0;0;0;0;0;1;0;0;0;0
"28/01/2023";"06:18:00";"452";"AC03 - Aci";"123.199";"BR-116/SP";"Pista Sul";"Abalroamento Longitudinal";1;0;1;0;0;0;0;0;0;0;7;0;0;0;0
"28/01/2023";"06:27:00";"458";"AC03 - Aci";"208";"BR-116/SP";"Pista Sul";"Engavetamento";5;0;0;0;0;0;0;0;0;0;13;0;0;0;0
"28/01/2023";"06:43:00";"465";"AC03 - Aci";"181";"BR-116/RJ";"Pista Norte";"Abalroamento Longitudinal";2;0;0;0;0;0;0;0;0;0;2;0;0;0;0
"28/01/2023";"06:57:00";"478";"AC02 - Aci";"398";"BR-101/RJ";"Pista Norte";"Colisão Traseira";2;0;0;0;0;0;0;0;0;0;4;3;0;0;0
"28/01/2023";"07:32:00";"495";"AC02 - Aci";"383";"BR-101/RJ";"Pista Norte";"Choque em objeto fixo";1;0;0;0;0;0;0;0;0;0;0;1;0;0;0
"28/01/2023";"07:46:00";"501";"AC03 - Aci";"224.050";"BR-116/SP";"Pista Sul";"Choque em Barreira New Jersey";1;0;0;0;0;0;0;0;0;0;1;0;0;0;0
"28/01/2023";"08:04:00";"512";"AC03 - Aci";"26.5";"BR-116/SP";"Pista Sul";"Choque em Barreira New Jersey";1;0;0;0;0;0;0;0;0;0;2;0;0;0;0
"28/01/2023";"08:19:00";"521";"AC02 - Aci";"45";"BR-101/SP";"Pista Sul";"Colisão Frontal";1;0;0;1;0;0;0;0;0;0;1;0;0;1;0
"28/01/2023";"08:52:00";"535";"AC01 - Aci";"329.200";"BR-116/RJ";"Pista Norte";"Abalroamento Longitudinal";1;0;0;1;0;0;0;0;0;0;0;0;2;0;1
"28/01/2023";"09:44:00";"552";"AC03 - Aci";"478";"BR-101/RJ";"Pista Sul";"Abalroamento Longitudinal";2;0;0;0;0;0;0;0;0;0;2;0;0;0;0
"28/01/2023";"10:28:00";"569";"AC02 - Aci";"232";"BR-116/RJ";"Pista Norte";"Choque em Barreira New Jersey";1;0;0;0;0;0;0;0;0;0;0;3;0;0;0
"28/01/2023";"11:15:00";"579";"AC03 - Aci";"56.7000";"BR-116/SP";"Pista Norte";"Engavetamento";3;0;0;0;0;0;0;0;0;0;12;0;0;0;0
"28/01/2023";"11:41:00";"586";"AC03 - Aci";"398.5";"BR-101/RJ";"Pista Norte";"Atropelamento de Animal";1;0;0;0;0;0;0;0;0;0;3;0;0;0;0
"29/01/2023";"12:35:00";"20";"AC03 - Aci";"225";"BR-116/SP";"Pista Norte";"Abalroamento Longitudinal";1;0;0;0;0;1;0;0;0;0;2;0;0;0;0
"29/01/2023";"05:03:00";"55";"AC01 - Aci";"154.699";"BR-116/SP";"Pista Norte";"Colisão Traseira";1;0;0;0;1;0;0;0;0;0;5;1;0;0;2
"29/01/2023";"05:16:00";"58";"AC03 - Aci";"214.199";"BR-116/SP";"Pista Norte";"Colisão Traseira";2;0;0;0;0;0;0;0;0;0;6;0;0;0;0
"29/01/2023";"07:32:00";"92";"AC02 - Aci";"192";"BR-116/RJ";"Pista Sul";"Colisão Traseira";1;0;0;0;1;0;0;0;0;0;4;1;0;0;0
"29/01/2023";"10:51:00";"189";"AC02 - Aci";"255";"BR-116/RJ";"Pista Norte";"Capotamento";1;0;0;0;0;0;0;0;0;0;0;1;0;0;0
"29/01/2023";"11:53:00";"207";"AC02 - Aci";"185";"BR-116/RJ";"Pista Sul";"Engavetamento";4;0;0;0;0;4;0;0;0;0;7;1;0;0;0
"29/01/2023";"12:41:00";"222";"AC02 - Aci";"110.349";"BR-116/SP";"Pista Norte";"Queda de moto";0;0;0;1;0;0;0;0;0;0;0;0;1;0;0
"29/01/2023";"02:50:00";"292";"AC02 - Aci";"406";"BR-101/RJ";"Pista Sul";"Engavetamento";2;0;1;0;0;0;0;0;0;0;3;2;0;0;0
"29/01/2023";"03:00:00";"299";"AC02 - Aci";"22";"BR-116/SP";"Pista Norte";"Queda de ribanceira";0;0;1;0;0;0;0;0;0;0;0;0;0;1;0
"29/01/2023";"03:51:00";"324";"AC02 - Aci";"568.5";"BR-101/RJ";"Pista Sul";"Colisão Traseira";2;0;0;0;0;0;0;0;0;0;1;1;0;0;0
"29/01/2023";"04:12:00";"343";"AC02 - Aci";"503";"BR-101/RJ";"Pista Norte";"Colisão Frontal";1;0;0;1;0;0;0;0;0;0;1;0;1;0;0
"29/01/2023";"04:14:00";"345";"AC02 - Aci";"185.100";"BR-116/SP";"Pista Sul";"Colisão Traseira";1;0;0;1;0;0;0;0;0;0;1;2;0;0;0
"29/01/2023";"04:27:00";"352";"AC03 - Aci";"76.4499";"BR-116/SP";"Pista Sul";"Engavetamento";3;0;0;0;0;0;0;0;0;0;9;0;0;0;0
"29/01/2023";"04:49:00";"366";"AC02 - Aci";"326.600";"BR-116/RJ";"Pista Sul";"Choque em Defensa";0;0;1;0;0;0;0;0;0;0;0;1;0;0;0
"29/01/2023";"06:13:00";"415";"AC03 - Aci";"96.5999";"BR-116/SP";"Pista Sul";"Colisão Traseira";2;0;0;0;0;0;0;0;0;0;10;0;0;0;0
"29/01/2023";"06:27:00";"430";"AC03 - Aci";"99.4000";"BR-116/SP";"Pista Sul";"Colisão Traseira";1;0;0;0;0;1;0;0;0;0;4;0;0;0;0
"29/01/2023";"06:49:00";"441";"AC02 - Aci";"144.699";"BR-116/SP";"Pista Norte";"Abalroamento Longitudinal";1;0;0;1;0;0;0;0;0;0;1;1;0;0;0
"29/01/2023";"07:16:00";"458";"AC03 - Aci";"96.5999";"BR-116/SP";"Pista Sul";"Colisão Traseira";2;0;0;0;0;0;0;0;0;0;6;0;0;0;0
"29/01/2023";"07:50:00";"476";"AC03 - Aci";"305";"BR-116/RJ";"Pista Sul";"Abalroamento Longitudinal";1;0;0;0;0;1;0;0;0;0;3;0;0;0;0
"29/01/2023";"07:53:00";"480";"AC03 - Aci";"97.0999";"BR-116/SP";"Pista Sul";"Engavetamento";3;0;0;0;0;0;0;0;0;0;8;0;0;0;0
"29/01/2023";"07:54:00";"481";"AC03 - Aci";"267.600";"BR-116/RJ";"Pista Norte";"Choque em Barreira New Jersey";1;0;0;0;0;0;0;0;0;0;2;0;0;0;0
"29/01/2023";"09:22:00";"511";"AC02 - Aci";"410";"BR-101/RJ";"Pista Norte";"Engavetamento";1;0;1;0;1;0;0;0;0;0;9;1;0;0;0
"29/01/2023";"09:55:00";"524";"AC02 - Aci";"11.8000";"BR-116/SP";"Pista Norte";"Choque em Barreira New Jersey";1;0;0;0;0;0;0;0;0;0;3;1;0;0;0
"29/01/2023";"09:56:00";"525";"AC03 - Aci";"148";"BR-116/SP";"Pista Sul";"Choque em objeto fixo";1;0;0;0;0;1;0;0;0;0;3;0;0;0;0
"29/01/2023";"10:14:00";"528";"AC03 - Aci";"142";"BR-116/SP";"Pista Norte";"Choque em Defensa";1;0;0;0;0;0;0;0;0;0;1;0;0;0;0
"30/01/2023";"12:33:00";"18";"AC03 - Aci";"476";"BR-101/RJ";"Pista Sul";"Capotamento";1;0;0;0;0;0;0;0;0;0;1;0;0;0;0
"30/01/2023";"02:47:00";"38";"AC02 - Aci";"228.800";"BR-116/SP";"Pista Norte";"Engavetamento";4;0;0;1;0;0;0;0;0;0;2;2;2;0;0
"30/01/2023";"02:53:00";"40";"AC02 - Aci";"211.199";"BR-116/SP";"Pista Norte";"Colisão Traseira";0;0;2;0;0;0;0;0;0;0;1;0;0;1;0
"30/01/2023";"04:56:00";"53";"AC03 - Aci";"165.199";"BR-116/SP";"Pista Norte";"Atropelamento de Animal";1;0;0;0;0;0;0;0;0;0;2;0;0;0;0
"30/01/2023";"05:23:00";"65";"AC03 - Aci";"287.700";"BR-116/RJ";"Pista Norte";"Abalroamento Longitudinal";1;0;0;0;0;1;0;0;0;0;5;0;0;0;0
"30/01/2023";"05:43:00";"76";"AC03 - Aci";"172";"BR-116/RJ";"Pista Norte";"Engavetamento";2;0;1;0;0;0;0;0;0;0;5;0;0;0;0
"30/01/2023";"05:54:00";"78";"AC02 - Aci";"185.899";"BR-116/RJ";"Pista Norte";"Engavetamento";2;0;0;0;0;2;0;0;0;0;3;1;0;0;0
"30/01/2023";"08:32:00";"171";"AC03 - Aci";"461.899";"BR-101/RJ";"Pista Norte";"Choque em objeto na pista";1;0;0;0;0;0;0;0;0;0;4;0;0;0;0
"30/01/2023";"10:43:00";"261";"AC02 - Aci";"300";"BR-116/RJ";"Pista Sul";"Queda de ribanceira";1;0;0;0;0;0;0;0;0;0;0;1;0;0;0
"30/01/2023";"11:47:00";"303";"AC03 - Aci";"233";"BR-116/RJ";"Pista Sul";"Abalroamento Longitudinal";0;0;2;0;0;0;0;0;0;0;2;0;0;0;0
"30/01/2023";"11:55:00";"313";"AC03 - Aci";"126.970";"BR-116/SP";"Pista Sul";"Choque em objeto fixo";1;0;0;0;0;0;0;0;0;0;5;0;0;0;0
"30/01/2023";"12:19:00";"326";"AC03 - Aci";"100.599";"BR-116/SP";"Pista Sul";"Choque em Barreira New Jersey";1;0;0;0;0;0;0;0;0;0;1;0;0;0;0
"30/01/2023";"12:57:00";"345";"AC03 - Aci";"232";"BR-116/RJ";"Pista Sul";"Colisão Traseira";1;0;0;0;0;1;0;0;0;0;2;0;0;0;0
"30/01/2023";"03:31:00";"422";"AC03 - Aci";"477";"BR-101/RJ";"Pista Sul";"Colisão Traseira";2;0;0;0;0;0;0;0;0;0;2;0;0;0;0
"30/01/2023";"03:51:00";"432";"AC02 - Aci";"193.300";"BR-116/RJ";"Pista Norte";"Queda de moto";0;0;0;1;0;0;0;0;0;0;0;0;2;0;0
"30/01/2023";"03:54:00";"436";"AC02 - Aci";"25";"BR-101/SP";"Pista Norte";"Choque em objeto fixo";1;0;0;0;0;0;0;0;0;0;0;2;0;0;0
"30/01/2023";"04:12:00";"449";"AC03 - Aci";"36";"BR-116/SP";"Pista Sul";"Choque em objeto na pista";1;0;0;0;0;0;0;0;0;0;3;0;0;0;0
"30/01/2023";"04:36:00";"467";"AC03 - Aci";"227";"BR-116/SP";"Pista Norte";"Colisão Traseira";1;0;1;0;0;0;0;0;0;0;2;0;0;0;0
"30/01/2023";"05:25:00";"486";"AC03 - Aci";"429";"BR-101/RJ";"Pista Sul";"Choque em objeto fixo";1;0;0;0;0;0;0;0;0;0;1;0;0;0;0
"30/01/2023";"05:40:00";"494";"AC02 - Aci";"146";"BR-116/SP";"Pista Norte";"Queda de moto";0;0;0;1;0;0;0;0;0;0;0;1;0;0;0
"30/01/2023";"05:41:00";"495";"AC02 - Aci";"418";"BR-101/RJ";"Pista Sul";"Colisão Frontal";2;0;0;0;0;0;0;0;0;0;2;3;1;0;0
"30/01/2023";"06:24:00";"519";"AC03 - Aci";"145";"BR-116/SP";"Pista Sul";"Engavetamento";3;0;0;0;0;0;0;0;0;0;3;0;0;0;0
"30/01/2023";"07:13:00";"574";"AC03 - Aci";"228";"BR-116/RJ";"Pista Norte";"Choque em Barreira New Jersey";1;0;0;0;0;0;0;0;0;0;1;0;0;0;0
"30/01/2023";"08:14:00";"610";"AC02 - Aci";"182.199";"BR-116/RJ";"Pista Norte";"Choque em objeto fixo";1;0;0;0;0;1;0;0;0;0;1;1;0;0;0
"30/01/2023";"09:16:00";"637";"AC03 - Aci";"224.5";"BR-116/RJ";"Pista Norte";"Choque em objeto fixo";0;0;1;0;0;0;0;0;0;0;1;0;0;0;0
"30/01/2023";"09:56:00";"651";"AC01 - Aci";"140.800";"BR-116/SP";"Pista Sul";"Colisão Traseira";5;0;0;0;0;0;0;0;0;0;9;0;0;1;1
"30/01/2023";"10:33:00";"663";"AC03 - Aci";"232.300";"BR-116/RJ";"Pista Norte";"Choque em objeto fixo";1;0;0;0;0;0;0;0;0;0;1;0;0;0;0
"31/01/2023";"01:31:00";"37";"AC03 - Aci";"229";"BR-116/SP";"Pista Norte";"Colisão Traseira";1;0;0;0;0;1;0;0;0;0;2;0;0;0;0
"31/01/2023";"01:59:00";"43";"AC02 - Aci";"309.5";"BR-116/RJ";"Pista Sul";"Colisão Frontal";0;0;1;1;0;0;0;0;0;0;1;0;0;1;0
"31/01/2023";"08:52:00";"197";"AC03 - Aci";"496";"BR-101/RJ";"Pista Sul";"Engavetamento";3;0;0;0;0;0;0;0;0;0;3;0;0;0;0
"31/01/2023";"09:55:00";"248";"AC03 - Aci";"209.899";"BR-116/SP";"Pista Norte";"Choque em objeto fixo";0;0;1;0;0;0;0;0;0;0;2;0;0;0;0
"31/01/2023";"11:41:00";"316";"AC02 - Aci";"221.300";"BR-116/RJ";"Pista Sul";"Choque em Defensa";1;0;0;0;0;0;0;0;0;0;0;2;0;0;0
"31/01/2023";"12:52:00";"351";"AC02 - Aci";"177.800";"BR-116/SP";"Pista Sul";"Colisão Traseira";0;0;1;1;0;0;0;0;0;0;1;0;0;1;0
"31/01/2023";"01:11:00";"362";"AC02 - Aci";"223";"BR-116/SP";"Pista Sul";"Queda de moto";0;0;0;1;0;0;0;0;0;0;0;1;0;0;0
"31/01/2023";"01:52:00";"387";"AC02 - Aci";"229";"BR-116/SP";"Pista Norte";"Abalroamento Longitudinal";0;0;0;1;0;1;0;0;0;0;1;2;0;0;0
"31/01/2023";"03:03:00";"426";"AC02 - Aci";"190";"BR-116/RJ";"Pista Sul";"Colisão Traseira";1;0;1;0;0;0;0;0;0;0;1;1;0;0;0
"31/01/2023";"04:24:00";"486";"AC02 - Aci";"161.25";"BR-116/SP";"Pista Norte";"Engavetamento";1;0;2;0;0;0;0;0;0;0;2;1;0;0;0
"31/01/2023";"05:25:00";"520";"AC03 - Aci";"147.350";"BR-116/SP";"Pista Norte";"Choque em veículo parado na pista";2;0;0;0;0;0;0;0;0;0;4;0;0;0;0
"31/01/2023";"07:40:00";"601";"AC03 - Aci";"230";"BR-116/RJ";"Pista Norte";"Choque em Barreira New Jersey";1;0;0;0;0;0;0;0;0;0;3;0;0;0;0
"31/01/2023";"08:16:00";"623";"AC03 - Aci";"223.899";"BR-116/SP";"Pista Norte";"Colisão Traseira";0;0;1;0;0;1;0;0;0;0;2;0;0;0;0
"31/01/2023";"08:45:00";"632";"AC03 - Aci";"51.2999";"BR-116/SP";"Pista Norte";"Atropelamento de Animal";1;0;0;0;0;0;0;0;0;0;1;0;0;0;0
"31/01/2023";"10:40:00";"675";"AC02 - Aci";"280.200";"BR-116/RJ";"Pista Norte";"Colisão Traseira";0;0;2;0;0;0;0;0;0;0;3;1;0;0;0
"01/02/2023";"12:03:00";"4";"AC03 - Aci";"482";"BR-101/RJ";"Pista Sul";"Queda de ribanceira";1;0;0;0;0;0;0;0;0;0;1;0;0;0;0
"01/02/2023";"01:13:00";"40";"AC03 - Aci";"107.400";"BR-116/SP";"Pista Norte";"Colisão Traseira";1;0;0;0;0;1;0;0;0;0;2;0;0;0;0
"01/02/2023";"01:51:00";"51";"AC03 - Aci";"308";"BR-116/RJ";"Pista Norte";"Abalroamento Longitudinal";1;0;1;0;0;0;0;0;0;0;2;0;0;0;0
"01/02/2023";"02:05:00";"55";"AC03 - Aci";"68.9000";"BR-116/SP";"Pista Sul";"Choque em objeto na pista";1;0;0;0;0;0;0;0;0;0;1;0;0;0;0
"01/02/2023";"06:08:00";"97";"AC03 - Aci";"108.800";"BR-116/SP";"Pista Norte";"Choque em objeto fixo";1;0;0;0;0;0;0;0;0;0;1;0;0;0;0
"01/02/2023";"07:15:00";"144";"AC03 - Aci";"226.399";"BR-116/SP";"Pista Sul";"Choque em Defensa";1;0;0;0;0;0;0;0;0;0;1;0;0;0;0
"01/02/2023";"07:31:00";"162";"AC02 - Aci";"506";"BR-101/RJ";"Pista Norte";"Colisão Traseira";1;0;0;1;0;0;0;0;0;0;1;2;0;0;0
"01/02/2023";"08:11:00";"191";"AC03 - Aci";"390";"BR-101/RJ";"Pista Sul";"Colisão Traseira";1;0;0;0;0;1;0;0;0;0;2;0;0;0;0
"01/02/2023";"08:13:00";"193";"AC02 - Aci";"229";"BR-116/SP";"Pista Sul";"Queda de moto";0;0;0;1;0;0;0;0;0;0;0;0;1;0;0
"01/02/2023";"09:03:00";"229";"AC02 - Aci";"311.200";"BR-116/RJ";"Pista Norte";"Choque em objeto fixo";0;0;0;1;0;0;0;0;0;0;0;0;2;0;0
"01/02/2023";"09:42:00";"250";"AC03 - Aci";"474.600";"BR-101/RJ";"Pista Sul";"Colisão Traseira";1;0;1;0;0;0;0;0;0;0;2;0;0;0;0
"01/02/2023";"10:23:00";"282";"AC03 - Aci";"93.3000";"BR-116/SP";"Pista Norte";"Engavetamento";2;0;0;0;0;1;0;0;0;0;4;0;0;0;0
"01/02/2023";"11:14:00";"313";"AC03 - Aci";"187.800";"BR-116/RJ";"Pista Norte";"Colisão Traseira";2;0;0;0;0;0;0;0;0;0;2;0;0;0;0
"01/02/2023";"12:58:00";"374";"AC02 - Aci";"196.5";"BR-116/RJ";"Pista Sul";"Abalroamento Longitudinal";1;0;1;0;0;0;0;0;0;0;1;1;0;0;0
"01/02/2023";"01:10:00";"380";"AC03 - Aci";"196.399";"BR-116/RJ";"Pista Sul";"Engavetamento";2;0;0;0;0;1;0;0;0;0;3;0;0;0;0
"01/02/2023";"02:19:00";"423";"AC02 - Aci";"486";"BR-101/RJ";"Pista Norte";"Abalroamento Longitudinal";0;0;0;1;0;1;0;0;0;0;0;1;2;0;0
"01/02/2023";"04:08:00";"491";"AC02 - Aci";"176";"BR-116/RJ";"Pista Sul";"Colisão Traseira";1;0;0;1;0;0;0;0;0;0;1;2;0;0;0
"01/02/2023";"04:17:00";"497";"AC03 - Aci";"154.399";"BR-116/SP";"Pista Norte";"Colisão Traseira";2;0;0;0;0;0;0;0;0;0;6;0;0;0;0
"01/02/2023";"04:41:00";"513";"AC02 - Aci";"480.5";"BR-101/RJ";"Pista Norte";"Capotamento";1;0;0;0;0;0;0;0;0;0;3;1;0;0;0
"01/02/2023";"05:56:00";"561";"AC03 - Aci";"161.899";"BR-116/SP";"Pista Norte";"Choque em Defensa";0;0;1;0;0;0;0;0;0;0;1;0;0;0;0
"01/02/2023";"06:04:00";"569";"AC03 - Aci";"418";"BR-101/RJ";"Pista Norte";"Colisão Traseira";2;0;0;0;0;0;0;0;0;0;5;0;0;0;0
"01/02/2023";"06:29:00";"589";"AC03 - Aci";"108.5";"BR-116/SP";"Pista Sul";"Abalroamento Longitudinal";1;0;1;0;0;0;0;0;0;0;2;0;0;0;0
"01/02/2023";"06:30:00";"590";"AC03 - Aci";"227";"BR-116/SP";"Pista Norte";"Abalroamento Longitudinal";0;0;0;2;0;0;0;0;0;0;2;0;0;0;0