data;horario;n_da_ocorrencia;tipo_de_ocorrencia;km;trecho;sentido;tipo_de_acidente;automovel;bicicleta;caminhao;moto;onibus;outros;tracao_animal;transporte_de_cargas_especiais;trator_maquinas;utilitarios;ilesos;levemente_feridos;moderadamente_feridos;gravemente_feridos;mortos
"01/02/2023";"07:11:00";"614";"AC03 - Aci";"150.199";"BR-116/SP";"Pista Norte";"Colisão Traseira";1;0;1;0;0;0;0;0;0;0;2;0;0;0;0
"01/02/2023";"07:54:00";"635";"AC03 - Aci";"278.600";"BR-116/RJ";"Pista Norte";"Choque em Barreira New Jersey";1;0;0;0;0;0;0;0;0;0;1;0;0;0;0
"01/02/2023";"08:08:00";"642";"AC02 - Aci";"181.699";"BR-116/RJ";"Pista Sul";"Abalroamento Longitudinal";1;0;1;0;0;0;0;0;0;0;2;1;0;0;0
"01/02/2023";"08:08:00";"643";"AC03 - Aci";"191";"BR-116/SP";"Pista Sul";"Colisão Traseira";0;0;2;0;0;0;0;0;0;0;2;0;0;0;0
"01/02/2023";"08:42:00";"652";"AC03 - Aci";"496.600";"BR-101/RJ";"Pista Norte";"Queda de ribanceira";0;0;1;0;0;0;0;0;0;0;3;0;0;0;0
"01/02/2023";"09:12:00";"662";"AC03 - Aci";"241.800";"BR-116/RJ";"Pista Sul";"Choque em Defensa";0;0;1;0;0;0;0;0;0;0;1;0;0;0;0
"01/02/2023";"09:16:00";"663";"AC02 - Aci";"176.800";"BR-116/RJ";"Pista Norte";"Choque em Barreira New Jersey";1;0;0;0;0;0;0;0;0;0;0;1;0;0;0
"02/02/2023";"02:41:00";"51";"AC03 - Aci";"171.800";"BR-116/RJ";"Pista Norte";"Choque em Defensa";0;0;1;0;0;0;0;0;0;0;1;0;0;0;0
"02/02/2023";"07:44:00";"166";"AC02 - Aci";"139.899";"BR-116/SP";"Pista Sul";"Colisão Traseira";2;0;0;0;0;0;0;0;0;0;1;2;0;0;0
"02/02/2023";"08:03:00";"181";"AC02 - Aci";"145";"BR-116/SP";"Pista Sul";"Colisão Traseira";0;0;0;1;0;1;0;0;0;0;1;1;0;0;0
"02/02/2023";"08:32:00";"205";"AC02 - Aci";"474";"BR-101/RJ";"Pista Norte";"Colisão Frontal";0;0;1;2;0;0;0;0;0;0;1;3;0;0;0
"02/02/2023";"12:16:00";"372";"AC03 - Aci";"145";"BR-116/SP";"Pista Sul";"Colisão Traseira";1;0;0;0;0;1;0;0;0;0;6;0;0;0;0
"02/02/2023";"01:01:00";"392";"AC03 - Aci";"225";"BR-116/SP";"Pista Sul";"Abalroamento Longitudinal";1;0;1;0;0;0;0;0;0;0;2;0;0;0;0
"02/02/2023";"01:02:00";"393";"AC02 - Aci";"145.100";"BR-116/SP";"Pista Sul";"Queda de moto";0;0;0;1;0;1;0;0;0;0;1;0;0;1;0
"02/02/2023";"01:58:00";"420";"AC02 - Aci";"204.5";"BR-116/SP";"Pista Sul";"Abalroamento Longitudinal";1;0;1;0;0;0;0;0;0;0;6;1;0;0;0
"02/02/2023";"02:14:00";"429";"AC02 - Aci";"117.849";"BR-116/SP";"Pista Sul";"Queda de Carga";0;0;0;1;0;0;0;0;0;0;0;0;2;0;0
"02/02/2023";"02:23:00";"433";"AC03 - Aci";"299";"BR-116/RJ";"Pista Norte";"Abalroamento Longitudinal";0;0;1;0;0;1;0;0;0;0;2;0;0;0;0
"02/02/2023";"02:39:00";"443";"AC03 - Aci";"217.199";"BR-116/SP";"Pista Norte";"Colisão Traseira";1;0;0;0;0;1;0;0;0;0;2;0;0;0;0
"02/02/2023";"05:35:00";"538";"AC02 - Aci";"254.600";"BR-116/RJ";"Pista Sul";"Engavetamento";3;0;0;0;0;1;0;0;0;0;1;6;0;0;0
"02/02/2023";"06:11:00";"569";"AC03 - Aci";"65.1999";"BR-116/SP";"Pista Norte";"Abalroamento Longitudinal";1;0;1;0;0;0;0;0;0;0;5;0;0;0;0
"02/02/2023";"08:07:00";"624";"AC03 - Aci";"23.1000";"BR-116/SP";"Pista Norte";"Choque em Barreira New Jersey";0;0;1;0;0;0;0;0;0;0;2;0;0;0;0
"02/02/2023";"09:01:00";"656";"AC03 - Aci";"287.399";"BR-116/RJ";"Pista Sul";"Colisão Traseira";1;0;0;0;0;1;0;0;0;0;2;0;0;0;0
"02/02/2023";"10:56:00";"703";"AC02 - Aci";"61.0999";"BR-116/SP";"Pista Sul";"Colisão Traseira";2;0;0;0;0;0;0;0;0;0;1;0;1;0;0
"03/02/2023";"12:04:00";"13";"AC02 - Aci";"560";"BR-101/RJ";"Pista Sul";"Atropelamento de Animal";0;0;0;1;0;0;0;0;0;0;0;0;1;0;0
"03/02/2023";"06:27:00";"101";"AC03 - Aci";"386.5";"BR-101/RJ";"Pista Norte";"Choque em objeto fixo";1;0;0;0;0;0;0;0;0;0;1;0;0;0;0
"03/02/2023";"07:17:00";"130";"AC02 - Aci";"218.800";"BR-116/SP";"Pista Sul";"Colisão Traseira";1;0;0;1;0;0;0;0;0;0;2;1;0;0;0
"03/02/2023";"07:36:00";"149";"AC03 - Aci";"185";"BR-116/SP";"Pista Norte";"Colisão Traseira";2;0;0;0;0;0;0;0;0;0;2;0;0;0;0
"03/02/2023";"07:56:00";"160";"AC02 - Aci";"171.5";"BR-116/RJ";"Pista Norte";"Abalroamento Longitudinal";1;0;0;1;0;0;0;0;0;0;1;0;1;0;0
"03/02/2023";"09:00:00";"212";"AC02 - Aci";"226.5";"BR-116/RJ";"Pista Sul";"Queda de moto";0;0;0;1;0;0;0;0;0;0;0;1;0;0;0
"03/02/2023";"09:43:00";"247";"AC02 - Aci";"326.899";"BR-116/RJ";"Pista Norte";"Tombamento";0;0;1;0;0;0;0;0;0;0;0;0;0;1;0
"03/02/2023";"10:48:00";"298";"AC02 - Aci";"573";"BR-101/RJ";"Pista Norte";"Colisão Traseira";2;0;0;0;0;0;0;0;0;0;1;1;0;0;0
"03/02/2023";"01:07:00";"371";"AC03 - Aci";"199.300";"BR-116/SP";"Pista Norte";"Choque em objeto fixo";0;0;1;0;0;0;0;0;0;0;1;0;0;0;0
"03/02/2023";"01:15:00";"378";"AC03 - Aci";"225.25";"BR-116/SP";"Pista Norte";"Tombamento";0;0;1;0;0;0;0;0;0;0;1;0;0;0;0
"03/02/2023";"01:31:00";"389";"AC03 - Aci";"477.799";"BR-101/RJ";"Pista Sul";"Choque em Defensa";1;0;0;0;0;0;0;0;0;0;1;0;0;0;0
"03/02/2023";"01:51:00";"400";"AC02 - Aci";"222";"BR-116/SP";"Pista Sul";"Colisão Traseira";1;0;0;1;0;0;0;0;0;0;1;1;0;0;0
"03/02/2023";"02:14:00";"418";"AC03 - Aci";"499";"BR-101/RJ";"Pista Sul";"Colisão Traseira";1;0;1;0;0;0;0;0;0;0;2;0;0;0;0
"03/02/2023";"02:45:00";"432";"AC03 - Aci";"164";"BR-116/SP";"Pista Sul";"Choque em veículo parado na pista";0;0;1;0;0;1;0;0;0;0;2;0;0;0;0
"03/02/2023";"02:57:00";"437";"AC03 - Aci";"166.300";"BR-116/SP";"Pista Sul";"Colisão Frontal";1;0;1;0;0;0;0;0;0;0;2;0;0;0;0
"03/02/2023";"03:10:00";"442";"AC03 - Aci";"80";"BR-116/SP";"Pista Norte";"Colisão Traseira";2;0;0;0;0;0;0;0;0;0;3;0;0;0;0
"03/02/2023";"03:21:00";"449";"AC03 - Aci";"91.0999";"BR-116/SP";"Pista Norte";"Abalroamento Longitudinal";1;0;1;0;0;0;0;0;0;0;2;0;0;0;0
"03/02/2023";"03:48:00";"459";"AC03 - Aci";"230.300";"BR-116/SP";"Pista Norte";"Colisão Traseira";2;0;0;1;0;0;0;0;0;0;8;0;0;0;0
"03/02/2023";"04:33:00";"485";"AC02 - Aci";"106.699";"BR-116/SP";"Pista Norte";"Choque em objeto na pista";0;0;0;1;0;0;0;0;0;0;0;1;0;0;0
"03/02/2023";"04:40:00";"488";"AC02 - Aci";"255.899";"BR-116/RJ";"Pista Sul";"Colisão Traseira";1;0;0;0;0;1;0;0;0;0;8;1;0;0;0
"03/02/2023";"05:29:00";"515";"AC03 - Aci";"211.800";"BR-116/SP";"Pista Norte";"Colisão Traseira";1;0;0;0;0;1;0;0;0;0;2;0;0;0;0
"03/02/2023";"05:50:00";"526";"AC03 - Aci";"108";"BR-116/SP";"Pista Norte";"Abalroamento Longitudinal";1;0;0;0;0;1;0;0;0;0;2;0;0;0;0
"03/02/2023";"05:54:00";"528";"AC02 - Aci";"279.899";"BR-116/RJ";"Pista Sul";"Abalroamento Longitudinal";1;0;1;0;0;0;0;0;0;0;2;0;1;0;0
"03/02/2023";"06:18:00";"538";"AC02 - Aci";"214";"BR-116/SP";"Pista Norte";"Abalroamento Longitudinal";1;0;0;1;0;0;0;0;0;0;1;0;1;0;0
"03/02/2023";"06:18:00";"539";"AC03 - Aci";"275.600";"BR-116/RJ";"Pista Sul";"Engavetamento";3;0;0;0;0;0;0;0;0;0;3;0;0;0;0
"03/02/2023";"06:30:00";"546";"AC02 - Aci";"428";"BR-101/RJ";"Pista Sul";"Colisão Traseira";2;0;0;0;0;0;0;0;0;0;1;2;0;0;0
"03/02/2023";"09:05:00";"631";"AC02 - Aci";"225";"BR-116/SP";"Pista Norte";"Choque em Barreira New Jersey";0;0;0;1;0;0;0;0;0;0;0;0;2;0;0
"03/02/2023";"09:38:00";"644";"AC02 - Aci";"191";"BR-116/SP";"Pista Norte";"Colisão Traseira";1;0;1;0;0;0;0;0;0;0;3;2;1;0;0
"03/02/2023";"09:55:00";"654";"AC02 - Aci";"426";"BR-101/RJ";"Pista Sul";"Atropelamento de Animal";0;0;0;1;0;0;0;0;0;0;0;1;0;0;0
"03/02/2023";"11:10:00";"685";"AC03 - Aci";"257.450";"BR-116/RJ";"Pista Norte";"Atropelamento de Animal";1;0;0;0;0;0;0;0;0;0;1;0;0;0;0
"04/02/2023";"12:15:00";"13";"AC03 - Aci";"326.899";"BR-116/RJ";"Pista Norte";"Abalroamento Longitudinal";1;0;1;0;1;0;0;0;0;0;54;0;0;0;0
"04/02/2023";"12:16:00";"15";"AC02 - Aci";"48.5";"BR-116/SP";"Pista Sul";"Colisão Traseira";1;0;1;0;0;0;0;0;0;0;1;4;0;0;0
"04/02/2023";"01:46:00";"36";"AC03 - Aci";"57.0499";"BR-116/SP";"Pista Sul";"Choque em Defensa";1;0;0;0;0;0;0;0;0;0;1;0;0;0;0
"04/02/2023";"03:00:00";"45";"AC05 - Atr";"178.5";"BR-116/SP";"Pista Norte";"Atropelamento de Pedestre Caminhando";1;0;0;0;0;0;0;0;0;0;1;0;0;0;1
"04/02/2023";"04:49:00";"58";"AC03 - Aci";"204.5";"BR-116/SP";"Pista Norte";"Colisão Traseira";0;0;1;0;1;0;0;0;0;0;2;0;0;0;0
"04/02/2023";"05:43:00";"68";"AC02 - Aci";"313.399";"BR-116/RJ";"Pista Norte";"Choque em Barreira New Jersey";1;0;0;0;0;0;0;0;0;0;0;3;1;0;0
"04/02/2023";"05:55:00";"74";"AC03 - Aci";"570";"BR-101/RJ";"Pista Sul";"Choque em objeto fixo";1;0;0;0;0;0;0;0;0;0;1;0;0;0;0
"04/02/2023";"06:15:00";"78";"AC03 - Aci";"180";"BR-116/RJ";"Pista Norte";"Capotamento";1;0;0;0;0;0;0;0;0;0;2;0;0;0;0
"04/02/2023";"06:22:00";"82";"AC05 - Atr";"485";"BR-101/RJ";"Pista Norte";"Atropelamento de Pedestre Atravessando";0;1;0;1;0;0;0;0;0;0;0;1;0;0;1
"04/02/2023";"07:02:00";"107";"AC03 - Aci";"154.800";"BR-116/SP";"Pista Sul";"Colisão Traseira";2;0;0;0;0;0;0;0;0;0;4;0;0;0;0
"04/02/2023";"07:20:00";"120";"AC02 - Aci";"40.9500";"BR-101/SP";"Pista Sul";"Choque em Defensa";1;0;0;0;0;0;0;0;0;0;0;0;1;0;0
"04/02/2023";"08:05:00";"149";"AC04 - Atr";"174.300";"BR-116/RJ";"Pista Sul";"Atropelamento de Pedestre Atravessando";1;0;0;0;0;0;0;0;0;0;0;0;2;0;0
"04/02/2023";"09:01:00";"184";"AC03 - Aci";"195";"BR-116/SP";"Pista Norte";"Choque em objeto na pista";1;0;0;0;0;0;0;0;0;0;1;0;0;0;0
"04/02/2023";"09:25:00";"194";"AC03 - Aci";"195";"BR-116/SP";"Pista Norte";"Choque em objeto na pista";1;0;0;0;0;0;0;0;0;0;2;0;0;0;0
"04/02/2023";"09:31:00";"197";"AC02 - Aci";"181.399";"BR-116/RJ";"Pista Norte";"Queda de Carga";0;0;0;1;0;0;0;0;0;0;0;1;0;0;0
"04/02/2023";"11:05:00";"248";"AC03 - Aci";"179.899";"BR-116/RJ";"Pista Sul";"Engavetamento";1;0;0;0;0;2;0;0;0;0;3;0;0;0;0
"04/02/2023";"11:59:00";"278";"AC03 - Aci";"230.199";"BR-116/SP";"Pista Norte";"Abalroamento Longitudinal";1;0;1;0;0;0;0;0;0;0;6;0;0;0;0
"04/02/2023";"12:39:00";"297";"AC03 - Aci";"150";"BR-116/SP";"Pista Sul";"Tombamento";0;0;1;0;0;0;0;0;0;0;2;0;0;0;0
"04/02/2023";"12:52:00";"304";"AC03 - Aci";"150";"BR-116/SP";"Pista Norte";"Choque em objeto na pista";1;0;0;0;0;0;0;0;0;0;1;0;0;0;0
"04/02/2023";"02:01:00";"344";"AC03 - Aci";"279";"BR-116/RJ";"Pista Sul";;1;0;1;0;0;0;0;0;0;0;2;0;0;0;0
"04/02/2023";"02:25:00";"363";"AC03 - Aci";"541";"BR-101/RJ";"Pista Norte";"Colisão Traseira";1;0;0;0;1;0;0;0;0;0;3;0;0;0;0
"04/02/2023";"03:44:00";"398";"AC03 - Aci";"460";"BR-101/RJ";"Pista Sul";;1;0;0;0;0;0;0;0;0;0;3;0;0;0;0
"04/02/2023";"04:42:00";"441";"AC02 - Aci";"128.100";"BR-116/SP";"Pista Sul";"Colisão Frontal";2;0;0;0;0;0;0;0;0;0;1;0;1;0;0
"04/02/2023";"05:19:00";"459";"AC02 - Aci";"173";"BR-116/RJ";"Pista Sul";"Queda de moto";0;0;0;1;0;0;0;0;0;0;0;0;1;0;0
"04/02/2023";"05:57:00";"484";"AC03 - Aci";"184";"BR-116/RJ";"Pista Sul";"Outros";1;0;1;0;0;0;0;0;0;0;2;0;0;0;0
"04/02/2023";"06:30:00";"513";"AC02 - Aci";"243";"BR-116/RJ";"Pista Sul";"Choque em Barreira New Jersey";1;0;0;0;0;0;0;0;0;0;0;1;0;0;0
"04/02/2023";"06:32:00";"515";"AC03 - Aci";"418";"BR-101/RJ";"Pista Norte";"Colisão Traseira";2;0;0;0;0;0;0;0;0;0;2;0;0;0;0
"04/02/2023";"06:39:00";"518";"AC02 - Aci";"47";"BR-101/SP";"Pista Sul";"Atropelamento de Pedestre Atravessando";1;1;0;0;0;0;0;0;0;0;1;0;1;0;0
"04/02/2023";"07:47:00";"560";"AC02 - Aci";"97.9000";"BR-116/SP";"Pista Sul";"Colisão Traseira";1;0;1;0;0;0;0;0;0;0;1;0;1;0;0
"04/02/2023";"08:06:00";"573";"AC03 - Aci";"282";"BR-116/RJ";"Pista Sul";"Abalroamento Longitudinal";1;0;0;0;0;1;0;0;0;0;5;0;0;0;0
"04/02/2023";"09:47:00";"614";"AC03 - Aci";"136";"BR-116/SP";"Pista Norte";"Choque Talude";0;0;1;0;0;0;0;0;0;0;1;0;0;0;0
"04/02/2023";"11:19:00";"642";"AC02 - Aci";"397.200";"BR-101/RJ";"Pista Norte";"Outros";1;0;0;0;0;0;0;0;0;0;1;1;0;0;0
"05/02/2023";"12:56:00";"27";"AC02 - Aci";"183";"BR-116/RJ";"Pista Sul";"Engavetamento";3;0;0;0;0;0;0;0;0;0;7;1;0;0;0
"05/02/2023";"01:33:00";"37";"AC02 - Aci";"528";"BR-101/RJ";"Pista Norte";"Queda de moto";0;0;0;1;0;0;0;0;0;0;0;1;0;0;0
"05/02/2023";"02:15:00";"45";"AC03 - Aci";"269";"BR-116/RJ";"Pista Sul";"Choque em Defensa";0;0;1;0;0;0;0;0;0;0;1;0;0;0;0
"05/02/2023";"03:08:00";"60";"AC03 - Aci";"98";"BR-116/SP";"Pista Norte";"Outros";1;0;0;0;0;0;0;0;0;0;2;0;0;0;0
"05/02/2023";"03:13:00";"61";"AC03 - Aci";"196.149";"BR-116/RJ";"Pista Norte";"Atropelamento de Animal";1;0;0;0;0;0;0;0;0;0;1;0;0;0;0
"05/02/2023";"04:32:00";"75";"AC02 - Aci";"306.049";"BR-116/RJ";"Pista Norte";"Abalroamento Longitudinal";0;0;1;1;0;0;0;0;0;0;1;1;0;0;0
"05/02/2023";"04:44:00";"77";"AC03 - Aci";"507.600";"BR-101/RJ";"Pista Sul";"Choque em objeto fixo";1;0;0;0;0;0;0;0;0;0;1;0;0;0;0
"05/02/2023";"05:11:00";"86";"AC03 - Aci";"156.199";"BR-116/SP";"Pista Sul";"Choque em objeto fixo";1;0;0;0;0;0;0;0;0;0;1;0;0;0;0
"05/02/2023";"05:14:00";"89";"AC03 - Aci";"215.75";"BR-116/SP";"Pista Norte";"Capotamento";1;0;0;0;0;0;0;0;0;0;1;0;0;0;0
"05/02/2023";"05:42:00";"99";"AC03 - Aci";"215.5";"BR-116/SP";"Pista Norte";"Queda de moto";0;0;0;1;0;0;0;0;0;0;1;0;0;0;0
"05/02/2023";"06:56:00";"124";"AC02 - Aci";"194.5";"BR-116/RJ";"Pista Sul";"Colisão Traseira";2;0;0;0;0;0;0;0;0;0;3;0;1;0;0
"05/02/2023";"08:05:00";"157";"AC02 - Aci";"548";"BR-101/RJ";"Pista Norte";"Colisão Frontal";1;0;0;1;0;0;0;0;0;0;3;1;0;0;0
"05/02/2023";"08:35:00";"174";"AC02 - Aci";"178.75";"BR-116/SP";"Pista Norte";"Colisão Traseira";2;0;0;0;0;0;0;0;0;0;8;1;1;0;0
"05/02/2023";"09:16:00";"201";"AC02 - Aci";"538";"BR-101/RJ";"Pista Norte";"Colisão Frontal";1;0;0;1;0;0;0;0;0;0;2;1;0;0;0
"05/02/2023";"10:39:00";"234";"AC02 - Aci";"186.199";"BR-116/SP";"Pista Sul";"Queda de moto";0;0;0;1;0;0;0;0;0;0;1;0;1;0;0
"05/02/2023";"10:54:00";"241";"AC03 - Aci";"419.5";"BR-101/RJ";"Pista Sul";"Colisão Traseira";1;0;0;0;0;1;0;0;0;0;2;0;0;0;0
"05/02/2023";"01:01:00";"307";"AC02 - Aci";"418";"BR-101/RJ";"Pista Norte";"Engavetamento";3;0;0;0;0;0;0;0;0;0;2;1;0;0;0
"05/02/2023";"04:01:00";"389";"AC02 - Aci";"575";"BR-101/RJ";"Pista Norte";"Colisão Traseira";2;0;0;0;0;0;0;0;0;0;2;1;0;0;0
"05/02/2023";"04:34:00";"418";"AC03 - Aci";"413";"BR-101/RJ";"Pista Norte";"Engavetamento";3;0;0;0;0;0;0;0;0;0;3;0;0;0;0
"05/02/2023";"05:17:00";"444";"AC03 - Aci";"122";"BR-116/SP";"Pista Sul";"Colisão Traseira";2;0;0;0;0;0;0;0;0;0;5;0;0;0;0
"05/02/2023";"05:40:00";"460";"AC02 - Aci";"565";"BR-101/RJ";"Pista Norte";"Choque em objeto fixo";1;0;0;0;0;0;0;0;0;0;0;2;0;0;0
"05/02/2023";"05:45:00";"462";"AC03 - Aci";"413";"BR-101/RJ";"Pista Norte";"Abalroamento Longitudinal";1;0;0;0;0;1;0;0;0;0;3;0;0;0;0
"05/02/2023";"06:04:00";"475";"AC03 - Aci";"196";"BR-116/SP";"Pista Sul";"Choque em Barreira New Jersey";2;0;0;0;0;1;0;0;0;0;7;0;0;0;0
"05/02/2023";"06:54:00";"514";"AC03 - Aci";"582";"BR-101/RJ";"Pista Norte";"Capotamento";1;0;0;0;0;0;0;0;0;0;4;0;0;0;0
"05/02/2023";"06:59:00";"517";"AC03 - Aci";"250";"BR-116/RJ";"Pista Norte";"Abalroamento Longitudinal";2;0;0;0;0;0;0;0;0;0;3;0;0;0;0
"05/02/2023";"07:19:00";"533";"AC03 - Aci";"428";"BR-101/RJ";"Pista Norte";"Choque em objeto fixo";1;0;0;0;0;0;0;0;0;0;4;0;0;0;0
"05/02/2023";"07:33:00";"545";"AC03 - Aci";"509.600";"BR-101/RJ";"Pista Norte";"Choque em Barreira New Jersey";1;0;0;0;0;0;0;0;0;0;1;0;0;0;0
"05/02/2023";"08:13:00";"565";"AC03 - Aci";"419";"BR-101/RJ";"Pista Norte";"Colisão Traseira";2;0;0;0;0;0;0;0;0;0;6;0;0;0;0
"05/02/2023";"09:54:00";"612";"AC02 - Aci";"172.800";"BR-116/RJ";"Pista Norte";"Choque em Defensa";1;0;0;0;0;0;0;0;0;0;0;1;0;0;0
"05/02/2023";"10:11:00";"617";"AC03 - Aci";"197";"BR-116/SP";"Pista Sul";"Colisão Traseira";1;0;0;0;0;1;0;0;0;0;4;0;0;0;0
"05/02/2023";"10:25:00";"623";"AC02 - Aci";"415";"BR-101/RJ";"Pista Sul";"Capotamento";1;0;0;0;0;0;0;0;0;0;0;0;1;0;0
"05/02/2023";"10:58:00";"638";"AC02 - Aci";"445";"BR-101/RJ";"Pista Sul";"Choque em objeto fixo";1;0;0;0;0;0;0;0;0;0;0;1;0;0;0
"05/02/2023";"11:51:00";"655";"AC02 - Aci";"580";"BR-101/RJ";"Pista Norte";"Choque em objeto fixo";1;0;0;0;0;0;0;0;0;0;0;1;0;0;0
"05/02/2023";"11:55:00";"658";"AC03 - Aci";"436";"BR-101/RJ";"Pista Sul";"Choque em objeto fixo";1;0;0;0;0;0;0;0;0;0;1;0;0;0;0
"06/02/2023";"12:07:00";"16";"AC03 - Aci";"228";"BR-116/SP";"Pista Norte";"Choque em Barreira New Jersey";1;0;0;0;0;0;0;0;0;0;1;0;0;0;0
"06/02/2023";"12:26:00";"20";"AC03 - Aci";"238.399";"BR-116/RJ";"Pista Sul";"Choque em Barreira New Jersey";1;0;0;0;0;0;0;0;0;0;2;0;0;0;0
"06/02/2023";"02:33:00";"42";"AC03 - Aci";"476";"BR-101/RJ";"Pista Sul";"Choque em objeto fixo";1;0;0;0;0;0;0;0;0;0;1;0;0;0;0
"06/02/2023";"04:37:00";"56";"AC03 - Aci";"197.399";"BR-116/SP";"Pista Sul";"Colisão Traseira";0;0;2;0;0;0;0;0;0;0;2;0;0;0;0
"06/02/2023";"06:11:00";"82";"AC02 - Aci";"243.600";"BR-116/RJ";"Pista Norte";"Choque em Barreira New Jersey";0;0;1;0;0;0;0;0;0;0;0;1;0;0;0
"06/02/2023";"06:41:00";"95";"AC02 - Aci";"186";"BR-116/RJ";"Pista Norte";"Abalroamento Longitudinal";1;0;0;1;0;0;0;0;0;0;1;2;0;0;0
"06/02/2023";"06:45:00";"100";"AC03 - Aci";"245.300";"BR-116/RJ";"Pista Norte";"Colisão Traseira";1;0;1;0;0;0;0;0;0;0;2;0;0;0;0
"06/02/2023";"07:24:00";"125";"AC03 - Aci";"20.9500";"BR-116/SP";"Pista Norte";"Choque em Barreira New Jersey";1;0;0;0;0;0;0;0;0;0;5;0;0;0;0
"06/02/2023";"08:18:00";"159";"AC02 - Aci";"185.100";"BR-116/RJ";"Pista Norte";"Colisão Traseira";2;0;0;1;0;0;0;0;0;0;6;1;0;0;0
"06/02/2023";"08:52:00";"190";"AC03 - Aci";"173.5";"BR-116/SP";"Pista Norte";"Choque em objeto fixo";1;0;0;0;0;0;0;0;0;0;1;0;0;0;0
"06/02/2023";"09:38:00";"230";"AC03 - Aci";"140.5";"BR-116/SP";"Pista Sul";"Colisão Traseira";2;0;0;0;0;0;0;0;0;0;4;0;0;0;0
"06/02/2023";"09:48:00";"237";"AC03 - Aci";"97.9000";"BR-116/SP";"Pista Sul";"Choque em objeto na pista";2;0;1;0;0;0;0;0;0;0;4;0;0;0;0
"06/02/2023";"09:59:00";"244";"AC03 - Aci";"504";"BR-101/RJ";"Pista Norte";"Engavetamento";3;0;0;0;0;0;0;0;0;0;9;0;0;0;0
"06/02/2023";"10:11:00";"251";"AC03 - Aci";"186";"BR-116/RJ";"Pista Sul";"Colisão Traseira";1;0;1;0;0;0;0;0;0;0;2;0;0;0;0
"06/02/2023";"10:41:00";"266";"AC03 - Aci";"309.5";"BR-116/RJ";"Pista Sul";"Abalroamento Longitudinal";2;0;0;0;0;0;0;0;0;0;2;0;0;0;0
"06/02/2023";"01:24:00";"366";"AC03 - Aci";"67";"BR-116/SP";"Pista Norte";"Choque em objeto fixo";1;0;0;0;0;0;0;0;0;0;1;0;0;0;0
"06/02/2023";"03:42:00";"437";"AC02 - Aci";"311";"BR-116/RJ";"Pista Norte";"Colisão Traseira";1;0;1;0;0;0;0;0;0;0;1;1;0;0;0
"06/02/2023";"05:25:00";"481";"AC03 - Aci";"216.800";"BR-116/SP";"Pista Norte";"Choque em Barreira New Jersey";0;0;1;0;0;0;0;0;0;0;1;0;0;0;0
"06/02/2023";"05:36:00";"486";"AC02 - Aci";"515.799";"BR-101/RJ";"Pista Sul";"Capotamento";1;0;0;0;0;0;0;0;0;0;1;3;0;0;0
"06/02/2023";"06:24:00";"517";"AC02 - Aci";"155.600";"BR-116/SP";"Pista Norte";"Queda de moto";0;0;0;1;0;0;0;0;0;0;0;1;0;0;0
"06/02/2023";"06:36:00";"528";"AC02 - Aci";"548";"BR-101/RJ";"Pista Norte";"Choque em objeto fixo";1;0;0;0;0;0;0;0;0;0;0;0;1;0;0
"06/02/2023";"06:50:00";"540";"AC02 - Aci";"149.399";"BR-116/SP";"Pista Norte";"Colisão Traseira";0;0;0;1;0;1;0;0;0;0;1;1;0;0;0
"06/02/2023";"06:54:00";"543";"AC02 - Aci";"574";"BR-101/RJ";"Pista Sul";"Abalroamento Longitudinal";2;0;0;0;0;0;0;0;0;0;0;2;0;0;0
"06/02/2023";"07:30:00";"562";"AC02 - Aci";"142.300";"BR-116/SP";"Pista Norte";"Outros";1;0;0;0;0;0;0;0;0;0;0;1;0;0;0
"06/02/2023";"07:42:00";"569";"AC02 - Aci";"172.899";"BR-116/RJ";"Pista Sul";"Outros";0;0;0;0;1;0;0;0;0;0;0;2;0;0;0
"06/02/2023";"07:46:00";"570";"AC02 - Aci";"150";"BR-116/SP";"Pista Sul";"Colisão Traseira";0;0;0;1;0;0;0;0;0;0;0;1;0;0;0
"06/02/2023";"07:51:00";"573";"AC03 - Aci";"151";"BR-116/SP";"Pista Norte";"Colisão Traseira";1;0;0;0;0;1;0;0;0;0;5;0;0;0;0
"06/02/2023";"09:02:00";"604";"AC02 - Aci";"504";"BR-101/RJ";"Pista Sul";"Colisão Traseira";1;0;0;1;0;0;0;0;0;0;1;0;1;0;0
"06/02/2023";"10:39:00";"634";"AC03 - Aci";"102.550";"BR-116/SP";"Pista Sul";"Colisão Traseira";0;0;2;0;0;0;0;0;0;0;3;0;0;0;0
"06/02/2023";"10:52:00";"640";"AC02 - Aci";"442";"BR-101/RJ";"Pista Sul";"Abalroamento Longitudinal";1;0;0;0;0;2;0;0;0;0;3;1;0;0;0
"06/02/2023";"11:28:00";"656";"AC02 - Aci";"176.199";"BR-116/RJ";"Pista Sul";"Abalroamento Longitudinal";0;0;0;1;0;1;0;0;0;0;1;0;2;0;0
"07/02/2023";"02:55:00";"35";"AC03 - Aci";"223";"BR-116/SP";"Pista Norte";"Choque em objeto fixo";1;0;0;0;0;0;0;0;0;0;1;0;0;0;0
"07/02/2023";"04:44:00";"55";"AC03 - Aci";"61";"BR-116/SP";"Pista Sul";"Choque em Barreira New Jersey";1;0;0;0;0;0;0;0;0;0;3;0;0;0;0
"07/02/2023";"06:38:00";"104";"AC02 - Aci";"181";"BR-116/RJ";"Pista Norte";"Queda de moto";0;0;0;1;0;0;0;0;0;0;0;2;0;0;0
"07/02/2023";"07:04:00";"126";"AC03 - Aci";"339";"BR-116/RJ";"Pista Norte";"Colisão Traseira";0;0;2;0;0;0;0;0;0;0;2;0;0;0;0
"07/02/2023";"08:15:00";"176";"AC03 - Aci";"35";"BR-101/SP";"Pista Norte";"Colisão Traseira";2;0;0;0;0;0;0;0;0;0;3;0;0;0;0
"07/02/2023";"11:31:00";"295";"AC02 - Aci";"172";"BR-116/RJ";"Pista Norte";"Choque em Barreira New Jersey";0;0;1;0;0;0;0;0;0;0;0;1;0;0;0
"07/02/2023";"11:31:00";"296";"AC02 - Aci";"171.699";"BR-116/RJ";"Pista Sul";"Choque em Barreira New Jersey";1;0;1;1;0;0;0;0;0;0;3;1;1;0;0
"07/02/2023";"12:13:00";"314";"AC03 - Aci";"113";"BR-116/SP";"Pista Sul";"Choque em Barreira New Jersey";0;0;1;0;0;0;0;0;0;0;1;0;0;0;0