data;horario;n_da_ocorrencia;tipo_de_ocorrencia;km;trecho;sentido;tipo_de_acidente;automovel;bicicleta;caminhao;moto;onibus;outros;tracao_animal;transporte_de_cargas_especiais;trator_maquinas;utilitarios;ilesos;levemente_feridos;moderadamente_feridos;gravemente_feridos;mortos
"07/02/2023";"12:22:00";"322";"AC03 - Aci";"102.400";"BR-116/SP";"Pista Sul";"Choque em objeto fixo";1;0;0;0;0;0;0;0;0;0;1;0;0;0;0
"07/02/2023";"12:24:00";"323";"AC03 - Aci";"1.39999";"BR-101/SP";"Pista Norte";"Choque em objeto fixo";0;0;1;0;0;0;0;0;0;0;1;0;0;0;0
"07/02/2023";"01:34:00";"359";"AC03 - Aci";"211.5";"BR-116/SP";"Pista Sul";"Engavetamento";2;0;0;0;0;2;0;0;0;0;5;0;0;0;0
"07/02/2023";"02:54:00";"402";"AC02 - Aci";"179.300";"BR-116/RJ";"Pista Sul";"Engavetamento";3;0;1;0;0;1;0;0;0;0;4;1;0;0;0
"07/02/2023";"03:02:00";"406";"AC03 - Aci";"219.199";"BR-116/SP";"Pista Sul";"Colisão Traseira";1;0;0;1;0;0;0;0;0;0;4;0;0;0;0
"07/02/2023";"03:51:00";"425";"AC03 - Aci";"433";"BR-101/RJ";"Pista Norte";"Colisão Traseira";1;0;0;0;1;0;0;0;0;0;19;0;0;0;0
"07/02/2023";"04:01:00";"430";"AC03 - Aci";"40";"BR-101/SP";"Pista Norte";"Choque em objeto fixo";1;0;0;0;0;0;0;0;0;0;1;0;0;0;0
"07/02/2023";"04:07:00";"436";"AC03 - Aci";"267";"BR-116/RJ";"Pista Norte";"Abalroamento Longitudinal";1;0;0;0;0;1;0;0;0;0;3;0;0;0;0
"07/02/2023";"05:25:00";"476";"AC03 - Aci";"139.5";"BR-116/SP";"Pista Sul";"Colisão Traseira";2;0;0;0;0;0;0;0;0;0;2;0;0;0;0
"07/02/2023";"06:58:00";"534";"AC03 - Aci";"24.5";"BR-101/SP";"Pista Norte";"Queda de ribanceira";1;0;0;0;0;0;0;0;0;0;2;0;0;0;0
"07/02/2023";"07:00:00";"536";"AC03 - Aci";"226";"BR-116/SP";"Pista Norte";;0;0;0;1;0;0;0;0;0;0;1;0;0;0;0
"07/02/2023";"07:33:00";"554";"AC03 - Aci";"144.399";"BR-116/SP";"Pista Sul";"Choque em objeto na pista";1;0;1;0;0;0;0;0;0;0;3;0;0;0;0
"07/02/2023";"07:34:00";"555";"AC02 - Aci";"491.5";"BR-101/RJ";"Pista Sul";"Colisão Frontal";2;0;0;0;0;0;0;0;0;0;0;2;0;0;0
"07/02/2023";"07:35:00";"556";"AC02 - Aci";"144.350";"BR-116/SP";"Pista Norte";"Choque em Barreira New Jersey";0;0;1;0;0;0;0;0;0;0;0;0;1;0;0
"07/02/2023";"07:37:00";"559";"AC03 - Aci";"432";"BR-101/RJ";"Pista Sul";"Choque em objeto fixo";1;0;0;0;0;0;0;0;0;0;1;0;0;0;0
"07/02/2023";"09:04:00";"598";"AC02 - Aci";"214.800";"BR-116/RJ";"Pista Norte";"Choque em Barreira New Jersey";1;0;0;0;0;0;0;0;0;0;0;1;0;0;0
"07/02/2023";"10:21:00";"620";"AC03 - Aci";"230.800";"BR-116/SP";"Pista Sul";"Capotamento";1;0;2;0;0;0;0;0;0;0;4;0;0;0;0
"07/02/2023";"10:33:00";"622";"AC02 - Aci";"230.800";"BR-116/SP";"Pista Sul";"Choque em veículo parado na pista";1;0;0;0;0;1;0;0;0;0;2;0;1;0;0
"07/02/2023";"10:42:00";"625";"AC03 - Aci";"409";"BR-101/RJ";"Pista Sul";"Atropelamento de Animal";1;0;0;0;0;0;0;0;0;0;1;0;0;0;0
"08/02/2023";"06:44:00";"102";"AC03 - Aci";"110";"BR-116/SP";"Pista Norte";"Abalroamento Longitudinal";1;0;1;0;0;0;0;0;0;0;3;0;0;0;0
"08/02/2023";"07:43:00";"145";"AC02 - Aci";"209";"BR-116/SP";"Pista Sul";"Abalroamento Longitudinal";1;0;0;1;0;0;0;0;0;0;4;1;0;0;0
"08/02/2023";"09:13:00";"204";"AC04 - Atr";"275";"BR-116/RJ";"Pista Norte";"Atropelamento de Pedestre Atravessando";0;0;1;0;1;0;0;0;0;0;2;0;1;0;0
"08/02/2023";"09:41:00";"226";"AC03 - Aci";"417";"BR-101/RJ";"Pista Sul";"Engavetamento";2;0;0;0;0;1;0;0;0;0;6;0;0;0;0
"08/02/2023";"12:02:00";"312";"AC03 - Aci";"124";"BR-116/SP";"Pista Norte";"Abalroamento Longitudinal";1;0;1;0;0;0;0;0;0;0;3;0;0;0;0
"08/02/2023";"12:29:00";"328";"AC02 - Aci";"233";"BR-116/RJ";"Pista Norte";"Choque em objeto fixo";1;0;0;0;0;1;0;0;0;0;1;1;0;0;0
"08/02/2023";"12:49:00";"340";"AC02 - Aci";"230";"BR-116/RJ";"Pista Norte";"Choque em objeto fixo";1;0;0;0;0;0;0;0;0;0;0;1;0;0;0
"08/02/2023";"01:08:00";"351";"AC02 - Aci";"549";"BR-101/RJ";"Pista Sul";"Queda de ribanceira";0;0;1;0;0;0;0;0;0;0;0;0;2;0;0
"08/02/2023";"01:51:00";"380";"AC02 - Aci";"248";"BR-116/RJ";"Pista Norte";"Colisão Traseira";2;0;0;0;0;0;0;0;0;0;0;2;0;0;0
"08/02/2023";"02:09:00";"394";"AC03 - Aci";"253";"BR-116/RJ";"Pista Norte";"Choque em objeto fixo";1;0;0;0;0;0;0;0;0;0;1;0;0;0;0
"08/02/2023";"02:51:00";"419";"AC02 - Aci";"204.100";"BR-116/SP";"Pista Sul";"Engavetamento";2;0;1;0;0;0;0;0;0;0;2;0;2;0;0
"08/02/2023";"03:29:00";"440";"AC02 - Aci";"524";"BR-101/RJ";"Pista Norte";"Colisão Traseira";1;0;1;0;0;0;0;0;0;0;5;1;0;0;0
"08/02/2023";"04:09:00";"462";"AC03 - Aci";"305";"BR-116/RJ";"Pista Sul";"Choque em objeto fixo";1;0;0;0;0;1;0;0;0;0;2;0;0;0;0
"08/02/2023";"05:17:00";"496";"AC02 - Aci";"449";"BR-101/RJ";"Pista Sul";"Colisão Frontal";1;0;0;1;0;0;0;0;0;0;5;0;1;0;0
"08/02/2023";"06:14:00";"521";"AC02 - Aci";"226.899";"BR-116/SP";"Pista Norte";"Colisão Traseira";0;0;0;2;0;0;0;0;0;0;2;2;0;0;0
"08/02/2023";"06:42:00";"536";"AC03 - Aci";"182";"BR-116/RJ";"Pista Sul";"Colisão Traseira";2;0;0;0;0;0;0;0;0;0;2;0;0;0;0
"08/02/2023";"08:32:00";"582";"AC04 - Atr";"211.300";"BR-116/RJ";"Pista Norte";"Atropelamento de Pedestre Atravessando";1;0;0;0;0;0;0;0;0;0;2;1;0;0;0
"08/02/2023";"09:40:00";"612";"AC03 - Aci";"16.6000";"BR-116/SP";"Pista Sul";"Colisão Traseira";0;0;1;0;0;0;0;0;0;0;1;0;0;0;0
"09/02/2023";"04:51:00";"50";"AC03 - Aci";"81.1999";"BR-116/SP";"Pista Norte";"Tombamento";0;0;1;0;0;0;0;0;0;0;1;0;0;0;0
"09/02/2023";"06:11:00";"71";"AC03 - Aci";"403.652";"BR-101/RJ";"Pista Norte";"Colisão Traseira";1;0;0;0;0;1;0;0;0;0;2;0;0;0;0
"09/02/2023";"07:43:00";"139";"AC02 - Aci";"227.100";"BR-116/SP";"Pista Sul";"Colisão Traseira";1;0;0;1;0;0;0;0;0;0;1;1;1;0;0
"09/02/2023";"07:57:00";"146";"AC02 - Aci";"524.400";"BR-101/RJ";"Pista Norte";"Abalroamento Longitudinal";1;0;0;1;0;0;0;0;0;0;1;1;0;0;0
"09/02/2023";"10:17:00";"247";"AC03 - Aci";"225";"BR-116/RJ";"Pista Norte";"Abalroamento Longitudinal";1;0;0;0;0;1;0;0;0;0;2;0;0;0;0
"09/02/2023";"10:55:00";"276";"AC03 - Aci";"168.199";"BR-116/SP";"Pista Norte";"Tombamento";0;0;1;0;0;0;0;0;0;0;1;0;0;0;0
"09/02/2023";"12:30:00";"330";"AC02 - Aci";"489";"BR-101/RJ";"Pista Norte";"Abalroamento Longitudinal";0;0;1;1;0;0;0;0;0;0;1;1;0;0;0
"09/02/2023";"02:55:00";"421";"AC03 - Aci";"291.600";"BR-116/RJ";"Pista Sul";"Outros";1;0;0;0;0;1;0;0;0;0;2;0;0;0;0
"09/02/2023";"03:23:00";"439";"AC02 - Aci";"478";"BR-101/RJ";"Pista Sul";"Queda de moto";0;0;0;1;0;0;0;0;0;0;0;2;0;0;0
"09/02/2023";"03:31:00";"442";"AC03 - Aci";"106.300";"BR-116/SP";"Pista Norte";"Engavetamento";3;0;0;0;0;0;0;0;0;0;8;0;0;0;0
"09/02/2023";"04:18:00";"482";"AC02 - Aci";"588";"BR-101/RJ";"Pista Norte";"Colisão Traseira";1;0;0;1;0;0;0;0;0;0;1;1;0;0;0
"09/02/2023";"04:37:00";"491";"AC02 - Aci";"51";"BR-101/SP";"Pista Sul";"Colisão Traseira";1;0;0;1;0;0;0;0;0;0;3;1;0;0;0
"09/02/2023";"06:05:00";"533";"AC02 - Aci";"156";"BR-116/SP";"Pista Sul";"Colisão Traseira";1;0;0;1;0;0;0;0;0;0;1;1;0;0;0
"09/02/2023";"06:22:00";"543";"AC02 - Aci";"210.100";"BR-116/SP";"Pista Sul";"Colisão Traseira";1;0;0;1;0;0;0;0;0;0;3;0;1;0;0
"09/02/2023";"06:27:00";"548";"AC02 - Aci";"154.899";"BR-116/SP";"Pista Sul";"Colisão Traseira";0;0;1;1;0;0;0;0;0;0;1;0;1;0;0
"09/02/2023";"07:36:00";"593";"AC02 - Aci";"171";"BR-116/RJ";"Pista Norte";"Abalroamento Longitudinal";2;0;1;0;0;0;0;0;0;0;2;2;0;0;0
"09/02/2023";"08:13:00";"611";"AC03 - Aci";"168.199";"BR-116/SP";"Pista Sul";"Colisão Traseira";1;0;1;0;0;0;0;0;0;0;2;0;0;0;0
"09/02/2023";"09:12:00";"641";"AC03 - Aci";"147.100";"BR-116/SP";"Pista Sul";"Abalroamento Longitudinal";1;0;1;0;0;0;0;0;0;0;2;0;0;0;0
"09/02/2023";"09:14:00";"642";"AC03 - Aci";"427";"BR-101/RJ";"Pista Norte";"Colisão Traseira";3;0;0;0;0;0;0;0;0;0;3;0;0;0;0
"10/02/2023";"01:16:00";"34";"AC03 - Aci";"217.800";"BR-116/SP";"Pista Norte";"Abalroamento Longitudinal";1;0;2;0;0;0;0;0;0;0;3;0;0;0;0
"10/02/2023";"04:12:00";"71";"AC03 - Aci";"168.399";"BR-116/SP";"Pista Norte";"Colisão Traseira";0;0;2;0;0;0;0;0;0;0;2;0;0;0;0
"10/02/2023";"10:38:00";"278";"AC02 - Aci";"324.799";"BR-116/RJ";"Pista Sul";"Choque em objeto na pista";0;0;0;1;0;0;0;0;0;0;0;0;1;0;0
"10/02/2023";"10:39:00";"279";"AC03 - Aci";"271.299";"BR-116/RJ";"Pista Sul";"Colisão Traseira";1;0;0;1;0;0;0;0;0;0;2;0;0;0;0
"10/02/2023";"10:54:00";"293";"AC02 - Aci";"186.600";"BR-116/SP";"Pista Norte";"Colisão Traseira";1;0;1;0;0;0;0;0;0;0;2;1;0;0;0
"10/02/2023";"02:00:00";"384";"AC03 - Aci";"286";"BR-116/RJ";"Pista Sul";"Colisão Traseira";0;0;1;0;0;1;0;0;0;0;2;0;0;0;0
"10/02/2023";"02:10:00";"390";"AC02 - Aci";"185.899";"BR-116/RJ";"Pista Norte";"Engavetamento";2;0;0;0;0;1;0;0;0;0;2;1;0;0;0
"10/02/2023";"02:14:00";"397";"AC02 - Aci";"237.699";"BR-116/RJ";"Pista Sul";"Engavetamento";0;0;2;0;0;1;0;0;0;0;3;0;0;1;0
"10/02/2023";"05:32:00";"495";"AC02 - Aci";"264.700";"BR-116/RJ";"Pista Sul";"Abalroamento Longitudinal";1;0;1;0;0;0;0;0;0;0;0;3;0;0;0
"10/02/2023";"05:39:00";"499";"AC03 - Aci";"147";"BR-116/SP";"Pista Sul";"Engavetamento";3;0;2;0;0;0;0;0;0;0;5;0;0;0;0
"10/02/2023";"05:49:00";"502";"AC02 - Aci";"220";"BR-116/SP";"Pista Norte";"Abalroamento Longitudinal";1;0;0;1;0;0;0;0;0;0;1;1;0;0;0
"10/02/2023";"06:20:00";"511";"AC02 - Aci";"243.600";"BR-116/RJ";"Pista Norte";"Tombamento";0;0;1;0;0;0;0;0;0;0;0;0;1;0;0
"10/02/2023";"06:44:00";"532";"AC03 - Aci";"65.0999";"BR-116/SP";"Pista Sul";"Choque em Barreira New Jersey";0;0;1;0;0;0;0;0;0;0;1;0;0;0;0
"10/02/2023";"06:52:00";"537";"AC02 - Aci";"214";"BR-116/SP";"Pista Sul";"Abalroamento Longitudinal";1;0;0;1;0;0;0;0;0;0;1;1;0;0;0
"10/02/2023";"06:58:00";"541";"AC02 - Aci";"230";"BR-116/SP";"Pista Sul";"Abalroamento Longitudinal";1;0;0;1;0;0;0;0;0;0;1;1;0;0;0
"10/02/2023";"07:25:00";"561";"AC03 - Aci";"153.199";"BR-116/SP";"Pista Norte";"Abalroamento Longitudinal";1;0;0;1;0;0;0;0;0;0;2;0;0;0;0
"10/02/2023";"08:06:00";"585";"AC03 - Aci";"51.2000";"BR-116/SP";"Pista Norte";"Choque em objeto na pista";1;0;0;0;0;0;0;0;0;0;1;0;0;0;0
"10/02/2023";"08:06:00";"587";"AC03 - Aci";"51.2000";"BR-116/SP";"Pista Norte";"Choque em objeto na pista";1;0;0;0;0;0;0;0;0;0;1;0;0;0;0
"10/02/2023";"08:13:00";"591";"AC03 - Aci";"444";"BR-101/RJ";"Pista Norte";"Choque em Barreira New Jersey";1;0;0;0;0;0;0;0;0;0;1;0;0;0;0
"10/02/2023";"08:49:00";"609";"AC03 - Aci";"225.699";"BR-116/SP";"Pista Norte";"Abalroamento Longitudinal";1;0;0;0;0;1;0;0;0;0;5;0;0;0;0
"10/02/2023";"09:25:00";"621";"AC02 - Aci";"529";"BR-101/RJ";"Pista Sul";"Capotamento";1;0;0;0;0;0;0;0;0;0;0;1;0;0;0
"10/02/2023";"10:22:00";"635";"AC03 - Aci";"522";"BR-101/RJ";"Pista Norte";"Choque em Barreira New Jersey";1;0;0;0;0;0;0;0;0;0;1;0;0;0;0
"11/02/2023";"12:12:00";"11";"AC02 - Aci";"108.900";"BR-116/SP";"Pista Norte";"Abalroamento Longitudinal";2;0;0;0;0;0;0;0;0;0;5;0;1;0;0
"11/02/2023";"12:20:00";"15";"AC03 - Aci";"86.9499";"BR-116/SP";"Pista Norte";"Choque em objeto fixo";0;0;1;0;0;0;0;0;0;0;1;0;0;0;0
"11/02/2023";"03:33:00";"52";"AC02 - Aci";"141.600";"BR-116/SP";"Pista Norte";"Queda de moto";0;0;0;1;0;0;0;0;0;0;0;1;0;0;0
"11/02/2023";"06:40:00";"105";"AC02 - Aci";"129";"BR-116/SP";"Pista Sul";"Queda de moto";0;0;0;1;0;0;0;0;0;0;0;0;0;1;0
"11/02/2023";"08:47:00";"174";"AC03 - Aci";"208";"BR-116/RJ";"Pista Sul";"Engavetamento";2;0;0;0;0;2;0;0;0;0;5;0;0;0;0
"11/02/2023";"08:57:00";"178";"AC03 - Aci";"390";"BR-101/RJ";"Pista Norte";"Choque em objeto fixo";1;0;0;0;0;0;0;0;0;0;1;0;0;0;0
"11/02/2023";"09:03:00";"182";"AC03 - Aci";"101";"BR-116/SP";"Pista Norte";"Colisão Traseira";2;0;0;0;0;0;0;0;0;0;7;0;0;0;0
"11/02/2023";"10:28:00";"247";"AC02 - Aci";"484";"BR-101/RJ";"Pista Sul";"Colisão Traseira";1;0;0;1;0;0;0;0;0;0;2;1;0;0;0
"11/02/2023";"11:53:00";"290";"AC03 - Aci";"215.300";"BR-116/SP";"Pista Sul";"Choque em objeto na pista";2;0;1;0;0;0;0;0;0;0;3;0;0;0;0
"11/02/2023";"01:00:00";"322";"AC02 - Aci";"262.899";"BR-116/RJ";"Pista Sul";"Queda de moto";0;0;0;1;0;0;0;0;0;0;1;1;0;0;0
"11/02/2023";"01:27:00";"335";"AC04 - Atr";"485";"BR-101/RJ";"Pista Norte";"Atropelamento de Pedestre Atravessando";0;1;0;0;0;1;0;0;0;0;1;1;0;0;0
"11/02/2023";"02:13:00";"356";"AC02 - Aci";"160";"BR-116/SP";"Pista Norte";"Colisão Traseira";1;0;0;1;0;0;0;0;0;0;2;0;0;1;0
"11/02/2023";"02:54:00";"381";"AC03 - Aci";"218";"BR-116/SP";"Pista Norte";"Colisão Traseira";1;0;1;0;0;0;0;0;0;0;2;0;0;0;0
"11/02/2023";"04:20:00";"424";"AC03 - Aci";"197";"BR-116/SP";"Pista Sul";"Colisão Traseira";1;0;2;0;0;0;0;0;0;0;4;0;0;0;0
"11/02/2023";"04:34:00";"431";"AC02 - Aci";"187.699";"BR-116/RJ";"Pista Norte";"Abalroamento Longitudinal";1;0;0;1;0;0;0;0;0;0;1;0;1;0;0
"11/02/2023";"05:07:00";"444";"AC03 - Aci";"443";"BR-101/RJ";"Pista Sul";"Colisão Frontal";2;0;0;0;0;0;0;0;0;0;2;0;0;0;0
"11/02/2023";"05:34:00";"456";"AC03 - Aci";"434";"BR-101/RJ";"Pista Sul";"Colisão Frontal";2;0;0;0;0;0;0;0;0;0;6;0;0;0;0
"11/02/2023";"05:41:00";"462";"AC03 - Aci";"222";"BR-116/SP";"Pista Norte";"Colisão Traseira";2;0;0;0;0;0;0;0;0;0;4;0;0;0;0
"11/02/2023";"06:00:00";"471";"AC03 - Aci";"3.70000";"BR-116/SP";"Pista Sul";"Choque em objeto fixo";0;0;1;0;0;0;0;0;0;0;1;0;0;0;0
"11/02/2023";"06:17:00";"476";"AC03 - Aci";"416";"BR-101/RJ";"Pista Sul";"Choque em Barreira New Jersey";1;0;0;0;0;0;0;0;0;0;1;0;0;0;0
"11/02/2023";"06:50:00";"488";"AC02 - Aci";"194.350";"BR-116/RJ";"Pista Sul";"Capotamento";1;0;0;0;0;0;0;0;0;0;1;2;2;0;0
"11/02/2023";"07:40:00";"508";"AC02 - Aci";"42";"BR-101/SP";"Pista Sul";"Colisão Traseira";1;0;0;1;0;0;0;0;0;0;5;1;0;0;0
"11/02/2023";"08:33:00";"531";"AC03 - Aci";"149.949";"BR-116/SP";"Pista Sul";"Choque em objeto fixo";1;0;0;0;0;0;0;0;0;0;1;0;0;0;0
"11/02/2023";"09:05:00";"543";"AC02 - Aci";"411";"BR-101/RJ";"Pista Norte";"Colisão Traseira";2;0;0;0;0;0;0;0;0;0;1;0;1;0;0
"11/02/2023";"09:14:00";"549";"AC02 - Aci";"258";"BR-116/RJ";"Pista Sul";"Choque em Barreira New Jersey";1;0;0;0;0;0;0;0;0;0;0;1;0;0;0
"12/02/2023";"01:32:00";"28";"AC02 - Aci";"145.5";"BR-116/SP";"Pista Norte";"Colisão Traseira";1;0;1;0;0;0;0;0;0;0;1;0;1;0;0
"12/02/2023";"02:08:00";"35";"AC03 - Aci";"201";"BR-116/RJ";"Pista Sul";"Atropelamento de Animal";0;0;0;0;1;0;0;0;0;0;21;0;0;0;0
"12/02/2023";"02:16:00";"37";"AC02 - Aci";"228.800";"BR-116/SP";"Pista Norte";"Colisão Traseira";2;0;0;0;0;0;0;0;0;0;0;4;0;0;0
"12/02/2023";"04:15:00";"43";"AC02 - Aci";"45.7999";"BR-116/SP";"Pista Norte";"Choque em objeto fixo";1;0;0;0;0;0;0;0;0;0;4;1;0;0;0
"12/02/2023";"04:32:00";"47";"AC02 - Aci";"319";"BR-116/RJ";"Pista Sul";"Colisão Traseira";2;0;0;0;0;0;0;0;0;0;2;0;1;0;0
"12/02/2023";"04:49:00";"50";"AC02 - Aci";"229.5";"BR-116/SP";"Pista Sul";"Choque em Barreira New Jersey";1;0;0;0;0;0;0;0;0;0;0;1;0;0;0
"12/02/2023";"07:00:00";"83";"AC02 - Aci";"429";"BR-101/RJ";"Pista Norte";"Choque em objeto fixo";1;0;0;0;0;0;0;0;0;0;0;1;0;0;0
"12/02/2023";"07:41:00";"95";"AC03 - Aci";"480.299";"BR-101/RJ";"Pista Sul";"Choque em objeto fixo";1;0;0;0;0;0;0;0;0;0;1;0;0;0;0
"12/02/2023";"09:41:00";"161";"AC04 - Atr";"189";"BR-116/SP";"Pista Sul";"Atropelamento de Pedestre Atravessando";0;1;1;0;0;0;0;0;0;0;1;0;1;0;0
"12/02/2023";"10:11:00";"175";"AC03 - Aci";"143";"BR-116/SP";"Pista Norte";"Colisão Traseira";1;0;0;0;0;1;0;0;0;0;4;0;0;0;0
"12/02/2023";"10:27:00";"186";"AC03 - Aci";"143";"BR-116/SP";"Pista Norte";"Colisão Traseira";1;0;0;0;0;0;0;0;0;0;1;0;0;0;0
"12/02/2023";"10:29:00";"187";"AC03 - Aci";"66.0999";"BR-116/SP";"Pista Sul";"Choque em Barreira New Jersey";1;0;0;0;0;0;0;0;0;0;1;0;0;0;0
"12/02/2023";"10:33:00";"189";"AC03 - Aci";"404";"BR-101/RJ";"Pista Norte";"Choque em objeto fixo";1;0;0;0;0;0;0;0;0;0;0;1;0;0;0
"12/02/2023";"11:03:00";"202";"AC02 - Aci";"109";"BR-116/SP";"Pista Norte";"Queda de moto";0;0;0;1;0;0;0;0;0;0;0;2;0;0;0
"12/02/2023";"01:36:00";"276";"AC03 - Aci";"258";"BR-116/RJ";"Pista Sul";"Choque em Barreira New Jersey";1;0;0;0;0;0;0;0;0;0;4;0;0;0;0
"12/02/2023";"03:20:00";"325";"AC03 - Aci";"135.199";"BR-116/SP";"Pista Sul";"Colisão Traseira";2;0;0;0;0;1;0;0;0;0;5;0;0;0;0
"12/02/2023";"03:33:00";"331";"AC03 - Aci";"203.5";"BR-116/SP";"Pista Sul";"Engavetamento";3;0;0;0;0;0;0;0;0;0;3;0;0;0;0
"12/02/2023";"03:53:00";"342";"AC03 - Aci";"46";"BR-101/SP";"Pista Sul";"Colisão Traseira";2;0;0;0;0;0;0;0;0;0;7;0;0;0;0
"12/02/2023";"04:45:00";"374";"AC03 - Aci";"487";"BR-101/RJ";"Pista Sul";"Colisão Traseira";2;0;0;0;0;0;0;0;0;0;5;0;0;0;0
"12/02/2023";"04:59:00";"377";"AC03 - Aci";"205.399";"BR-116/RJ";"Pista Sul";"Choque em Defensa";1;0;0;0;0;0;0;0;0;0;3;0;0;0;0
"12/02/2023";"05:16:00";"382";"AC02 - Aci";"176.550";"BR-116/RJ";"Pista Norte";"Choque em Barreira New Jersey";1;0;0;0;0;0;0;0;0;0;0;2;0;0;0
"12/02/2023";"05:25:00";"389";"AC03 - Aci";"186";"BR-116/RJ";"Pista Norte";"Colisão Traseira";2;0;0;0;0;0;0;0;0;0;5;0;0;0;0
"12/02/2023";"05:47:00";"398";"AC03 - Aci";"126";"BR-116/SP";"Pista Sul";"Colisão Traseira";2;0;0;0;0;0;0;0;0;0;5;0;0;0;0
"12/02/2023";"05:52:00";"404";"AC03 - Aci";"390.100";"BR-101/RJ";"Pista Norte";"Choque em Barreira New Jersey";0;0;0;0;1;0;0;0;0;0;28;0;0;0;0
"12/02/2023";"05:58:00";"411";"AC03 - Aci";"514";"BR-101/RJ";"Pista Sul";"Choque em objeto fixo";1;0;0;0;0;0;0;0;0;0;3;2;0;0;0
"12/02/2023";"06:08:00";"414";"AC03 - Aci";"480";"BR-101/RJ";"Pista Norte";"Choque em objeto fixo";1;0;0;0;0;0;0;0;0;0;3;0;0;0;0
"12/02/2023";"06:14:00";"419";"AC03 - Aci";"1.75";"BR-116/SP";"Pista Norte";"Colisão Traseira";2;0;0;0;0;0;0;0;0;0;4;0;0;0;0
"12/02/2023";"06:25:00";"427";"AC03 - Aci";"126";"BR-116/SP";"Pista Sul";"Engavetamento";3;0;0;0;0;0;0;0;0;0;14;0;0;0;0
"12/02/2023";"06:39:00";"435";"AC02 - Aci";"208.320";"BR-116/SP";"Pista Sul";"Abalroamento Longitudinal";1;0;0;1;0;0;0;0;0;0;1;1;1;0;0
"12/02/2023";"07:58:00";"464";"AC02 - Aci";"484.600";"BR-101/RJ";"Pista Sul";"Abalroamento Longitudinal";1;0;0;1;0;0;0;0;0;0;2;0;2;0;0
"12/02/2023";"08:10:00";"473";"AC03 - Aci";"210.800";"BR-116/SP";"Pista Norte";"Choque em Defensa";0;0;0;0;1;0;0;0;0;0;2;0;0;0;0
"12/02/2023";"09:53:00";"512";"AC04 - Atr";"170.5";"BR-116/RJ";"Pista Sul";"Atropelamento de Pedestre Atravessando";0;1;0;0;0;1;0;0;0;0;1;1;1;0;0
"12/02/2023";"10:56:00";"537";"AC03 - Aci";"226.600";"BR-116/SP";"Pista Norte";"Colisão Traseira";1;0;0;0;0;0;0;0;0;0;1;0;0;0;0
"13/02/2023";"02:42:00";"37";"AC03 - Aci";"193.5";"BR-116/RJ";"Pista Sul";"Atropelamento de Animal";1;0;0;0;0;0;0;0;0;0;1;0;0;0;0
"13/02/2023";"03:06:00";"40";"AC03 - Aci";"179";"BR-116/RJ";"Pista Sul";"Colisão Traseira";2;0;0;0;0;0;0;0;0;0;2;0;0;0;0
"13/02/2023";"04:23:00";"53";"AC02 - Aci";"109.199";"BR-116/SP";"Pista Norte";"Choque em Barreira New Jersey";1;0;0;0;0;0;0;0;0;0;0;1;0;0;0
"13/02/2023";"05:17:00";"65";"AC02 - Aci";"204.5";"BR-116/SP";"Pista Norte";"Choque em Barreira New Jersey";0;0;1;0;0;0;0;0;0;0;1;1;0;0;0
"13/02/2023";"06:16:00";"82";"AC03 - Aci";"174.5";"BR-116/RJ";"Pista Norte";"Colisão Traseira";1;0;0;0;0;1;0;0;0;0;3;0;0;0;0
"13/02/2023";"07:35:00";"143";"AC02 - Aci";"271.600";"BR-116/RJ";"Pista Norte";"Colisão Traseira";1;0;1;0;0;0;0;0;0;0;1;1;0;0;0
"13/02/2023";"07:57:00";"160";"AC03 - Aci";"217.199";"BR-116/SP";"Pista Norte";"Choque em Barreira New Jersey";0;0;1;0;0;0;0;0;0;0;1;0;0;0;0
"13/02/2023";"08:19:00";"175";"AC03 - Aci";"422.5";"BR-101/RJ";"Pista Sul";"Engavetamento";3;0;0;0;0;0;0;0;0;0;3;0;0;0;0
"13/02/2023";"08:39:00";"194";"AC02 - Aci";"133";"BR-116/SP";"Pista Sul";"Queda de moto";0;0;0;1;0;0;0;0;0;0;0;0;1;0;0
"13/02/2023";"08:49:00";"199";"AC02 - Aci";"549";"BR-101/RJ";"Pista Norte";"Choque em objeto fixo";1;0;0;0;0;0;0;0;0;0;0;1;0;0;0
"13/02/2023";"09:03:00";"210";"AC02 - Aci";"230.199";"BR-116/SP";"Pista Sul";"Abalroamento Longitudinal";1;0;0;1;0;0;0;0;0;0;1;1;0;0;0
"13/02/2023";"09:45:00";"231";"AC03 - Aci";"245";"BR-116/RJ";"Pista Norte";"Choque em Barreira New Jersey";1;0;0;0;0;0;0;0;0;0;1;0;0;0;0
"13/02/2023";"10:32:00";"276";"AC02 - Aci";"311";"BR-116/RJ";"Pista Sul";"Colisão Traseira";1;0;1;0;0;0;0;0;0;0;3;1;0;0;0
"13/02/2023";"10:38:00";"282";"AC02 - Aci";"230.100";"BR-116/SP";"Pista Norte";"Abalroamento Longitudinal";0;0;0;1;0;1;0;0;0;0;0;2;0;0;0
"13/02/2023";"10:53:00";"285";"AC03 - Aci";"305";"BR-116/RJ";"Pista Sul";"Outros";1;0;1;0;0;0;0;0;0;0;2;0;0;0;0
"13/02/2023";"11:32:00";"312";"AC02 - Aci";"188";"BR-116/RJ";"Pista Norte";"Abalroamento Longitudinal";0;0;0;1;0;1;0;0;0;0;1;1;0;0;0
"13/02/2023";"01:03:00";"372";"AC03 - Aci";"214";"BR-116/RJ";"Pista Norte";"Choque em objeto fixo";0;0;1;0;0;0;0;0;0;0;1;0;0;0;0
"13/02/2023";"02:23:00";"426";"AC02 - Aci";"526.400";"BR-101/RJ";"Pista Sul";"Engavetamento";3;0;0;0;0;0;0;0;0;0;7;0;1;0;0
"13/02/2023";"03:44:00";"472";"AC02 - Aci";"216.899";"BR-116/RJ";"Pista Sul";"Abalroamento Longitudinal";1;0;0;1;0;0;0;0;0;0;2;1;0;0;0
"13/02/2023";"05:05:00";"524";"AC03 - Aci";"522.099";"BR-101/RJ";"Pista Sul";"Choque em objeto fixo";1;0;0;0;0;0;0;0;0;0;1;0;0;0;0
"13/02/2023";"06:13:00";"571";"AC04 - Atr";"473.299";"BR-101/RJ";"Pista Norte";"Atropelamento de Pedestre Atravessando";0;1;0;1;0;0;0;0;0;0;1;1;0;0;0
"13/02/2023";"08:39:00";"645";"AC03 - Aci";"233.600";"BR-116/RJ";"Pista Sul";"Choque em Barreira New Jersey";1;0;0;0;0;0;0;0;0;0;4;0;0;0;0