data;horario;n_da_ocorrencia;tipo_de_ocorrencia;km;trecho;sentido;tipo_de_acidente;automovel;bicicleta;caminhao;moto;onibus;outros;tracao_animal;transporte_de_cargas_especiais;trator_maquinas;utilitarios;ilesos;levemente_feridos;moderadamente_feridos;gravemente_feridos;mortos
"13/02/2023";"09:01:00";"652";"AC03 - Aci";"233.600";"BR-116/RJ";"Pista Sul";"Abalroamento Longitudinal";0;0;2;0;0;0;0;0;0;0;2;0;0;0;0
"13/02/2023";"11:19:00";"693";"AC02 - Aci";"284.149";"BR-116/RJ";"Pista Norte";"Colisão Traseira";0;0;2;0;0;0;0;0;0;0;1;0;1;0;0
"13/02/2023";"11:41:00";"696";"AC05 - Atr";"131.080";"BR-116/SP";"Pista Sul";"Atropelamento de Pedestre Atravessando";0;1;0;1;0;0;0;0;0;0;0;1;0;0;1
"14/02/2023";"01:55:00";"31";"AC03 - Aci";"226";"BR-116/SP";"Pista Norte";"Choque em objeto na pista";1;0;0;0;0;0;0;0;0;0;1;0;0;0;0
"14/02/2023";"03:50:00";"62";"AC01 - Aci";"394";"BR-101/RJ";"Pista Sul";"Engavetamento";2;0;1;0;0;0;0;0;0;0;1;1;0;0;1
"14/02/2023";"04:28:00";"64";"AC03 - Aci";"280.600";"BR-116/RJ";"Pista Norte";"Engavetamento";0;0;2;0;1;0;0;0;0;0;21;0;0;0;0
"14/02/2023";"06:08:00";"103";"AC03 - Aci";"294.700";"BR-116/RJ";"Pista Sul";"Choque em Defensa";1;0;0;0;0;0;0;0;0;0;1;0;0;0;0
"14/02/2023";"07:03:00";"148";"AC03 - Aci";"187";"BR-116/RJ";"Pista Norte";"Colisão Traseira";1;0;1;0;0;0;0;0;0;0;2;0;0;0;0
"14/02/2023";"07:29:00";"173";"AC02 - Aci";"219.800";"BR-116/SP";"Pista Sul";"Colisão Traseira";1;0;0;1;0;0;0;0;0;0;1;1;0;0;0
"14/02/2023";"08:16:00";"214";"AC02 - Aci";"179.800";"BR-116/RJ";"Pista Norte";"Queda de moto";0;0;0;1;0;0;0;0;0;0;0;2;0;0;0
"14/02/2023";"08:18:00";"218";"AC03 - Aci";"219.199";"BR-116/SP";"Pista Sul";"Colisão Traseira";1;0;0;0;0;1;0;0;0;0;2;0;0;0;0
"14/02/2023";"08:22:00";"219";"AC02 - Aci";"241";"BR-116/RJ";"Pista Sul";"Capotamento";1;0;0;0;0;0;0;0;0;0;0;0;1;0;0
"14/02/2023";"08:33:00";"232";"AC02 - Aci";"172.75";"BR-116/RJ";"Pista Norte";"Queda de moto";0;0;0;1;0;0;0;0;0;0;0;1;0;0;0
"14/02/2023";"08:34:00";"234";"AC03 - Aci";"172";"BR-116/RJ";"Pista Norte";"Queda de moto";0;0;0;1;0;0;0;0;0;0;1;0;0;0;0
"14/02/2023";"09:48:00";"312";"AC03 - Aci";"180";"BR-116/RJ";"Pista Sul";"Engavetamento";1;0;1;0;0;1;0;0;0;0;3;0;0;0;0
"14/02/2023";"10:44:00";"356";"AC03 - Aci";"143.600";"BR-116/SP";"Pista Norte";"Colisão Traseira";0;0;2;0;0;0;0;0;0;0;2;0;0;0;0
"14/02/2023";"11:20:00";"383";"AC02 - Aci";"204.5";"BR-116/SP";"Pista Sul";"Colisão Traseira";1;0;1;0;0;0;0;0;0;0;2;0;1;0;0
"14/02/2023";"01:28:00";"457";"AC03 - Aci";"185";"BR-116/RJ";"Pista Norte";"Engavetamento";3;0;0;0;0;0;0;0;0;0;3;0;0;0;0
"14/02/2023";"01:33:00";"462";"AC02 - Aci";"567";"BR-101/RJ";"Pista Norte";"Queda de ribanceira";1;0;0;0;0;0;0;0;0;0;1;1;0;0;0
"14/02/2023";"02:02:00";"478";"AC02 - Aci";"127";"BR-116/SP";"Pista Sul";"Colisão Traseira";1;0;1;0;0;0;0;0;0;0;1;1;0;0;0
"14/02/2023";"02:09:00";"487";"AC03 - Aci";"16.5";"BR-101/SP";"Pista Sul";"Colisão Traseira";2;0;0;0;0;0;0;0;0;0;3;0;0;0;0
"14/02/2023";"02:44:00";"511";"AC02 - Aci";"142.800";"BR-116/SP";"Pista Norte";"Colisão Traseira";0;0;2;0;0;0;0;0;0;0;0;2;0;0;0
"14/02/2023";"02:46:00";"512";"AC02 - Aci";"219.899";"BR-116/SP";"Pista Sul";"Colisão Traseira";1;0;0;2;0;0;0;0;0;0;2;1;0;0;0
"14/02/2023";"03:31:00";"541";"AC03 - Aci";"96";"BR-116/SP";"Pista Sul";"Colisão Traseira";1;0;1;0;0;0;0;0;0;0;2;0;0;0;0
"14/02/2023";"04:27:00";"584";"AC02 - Aci";"242.399";"BR-116/RJ";"Pista Sul";"Choque em objeto na pista";1;0;0;0;0;0;0;0;0;0;0;2;0;0;0
"14/02/2023";"04:46:00";"597";"AC02 - Aci";"108.699";"BR-116/SP";"Pista Sul";"Tombamento";0;0;1;0;0;0;0;0;0;0;0;1;0;0;0
"14/02/2023";"06:20:00";"655";"AC03 - Aci";"232";"BR-116/RJ";"Pista Norte";"Choque Talude";1;0;0;0;0;0;0;0;0;0;3;0;0;0;0
"14/02/2023";"06:34:00";"664";"AC03 - Aci";"106.800";"BR-116/SP";"Pista Sul";"Colisão Traseira";1;0;1;0;0;0;0;0;0;0;2;0;0;0;0
"14/02/2023";"08:29:00";"736";"AC03 - Aci";"24.75";"BR-116/SP";"Pista Norte";"Choque em objeto na pista";1;0;0;0;0;0;0;0;0;0;4;0;0;0;0
"14/02/2023";"09:10:00";"755";"AC03 - Aci";"327";"BR-116/RJ";"Pista Norte";"Atropelamento de Animal";1;0;0;0;0;0;0;0;0;0;2;0;0;0;0
"14/02/2023";"09:42:00";"773";"AC02 - Aci";"404";"BR-101/RJ";"Pista Sul";"Queda de moto";0;0;0;1;0;0;0;0;0;0;0;1;0;0;0
"15/02/2023";"04:47:00";"77";"AC02 - Aci";"46.9500";"BR-101/SP";"Pista Norte";"Capotamento";1;0;0;0;0;0;0;0;0;0;0;0;4;0;0
"15/02/2023";"06:05:00";"104";"AC03 - Aci";"294.600";"BR-116/RJ";"Pista Sul";"Abalroamento Longitudinal";1;0;0;0;0;0;0;0;0;0;1;0;0;0;0
"15/02/2023";"06:35:00";"125";"AC03 - Aci";"171.899";"BR-116/RJ";"Pista Norte";"Colisão Traseira";1;0;0;0;0;1;0;0;0;0;3;0;0;0;0
"15/02/2023";"08:24:00";"212";"AC02 - Aci";"229.100";"BR-116/SP";"Pista Sul";"Abalroamento Longitudinal";1;0;0;1;0;0;0;0;0;0;2;1;0;0;0
"15/02/2023";"09:38:00";"273";"AC02 - Aci";"137.850";"BR-116/SP";"Pista Sul";"Colisão Traseira";1;0;1;0;0;0;0;0;0;0;2;1;0;0;0
"15/02/2023";"11:26:00";"344";"AC03 - Aci";"78";"BR-116/SP";"Pista Norte";"Engavetamento";2;0;0;0;0;2;0;0;0;0;7;0;0;0;0
"15/02/2023";"11:56:00";"364";"AC03 - Aci";"178";"BR-116/RJ";"Pista Sul";"Colisão Traseira";2;0;0;0;0;0;0;0;0;0;2;0;0;0;0
"15/02/2023";"12:15:00";"376";"AC03 - Aci";"234.399";"BR-116/RJ";"Pista Sul";"Choque em objeto fixo";1;0;0;0;0;0;0;0;0;0;1;0;0;0;0
"15/02/2023";"12:20:00";"381";"AC03 - Aci";"229.949";"BR-116/SP";"Pista Sul";"Colisão Traseira";2;0;0;0;0;0;0;0;0;0;2;0;0;0;0
"15/02/2023";"12:50:00";"399";"AC03 - Aci";"130.800";"BR-116/SP";"Pista Sul";"Colisão Traseira";2;0;0;0;0;0;0;0;0;0;4;0;0;0;0
"15/02/2023";"01:09:00";"415";"AC03 - Aci";"230";"BR-116/SP";"Pista Norte";"Colisão Traseira";2;0;0;0;0;0;0;0;0;0;2;0;0;0;0
"15/02/2023";"03:36:00";"536";"AC03 - Aci";"50";"BR-116/SP";"Pista Norte";"Colisão Traseira";1;0;0;0;0;1;0;0;0;0;4;0;0;0;0
"15/02/2023";"03:37:00";"538";"AC02 - Aci";"429";"BR-101/RJ";"Pista Sul";"Queda de moto";0;0;0;1;0;0;0;0;0;0;0;1;0;0;0
"15/02/2023";"04:21:00";"576";"AC03 - Aci";"284";"BR-116/RJ";"Pista Norte";"Colisão Traseira";1;0;1;0;0;0;0;0;0;0;2;0;0;0;0
"15/02/2023";"05:17:00";"608";"AC03 - Aci";"172";"BR-116/RJ";"Pista Sul";"Colisão Frontal";0;0;1;0;0;1;0;0;0;0;2;0;0;0;0
"15/02/2023";"09:50:00";"780";"AC02 - Aci";"42";"BR-101/SP";"Pista Norte";"Atropelamento de Pedestre Atravessando";0;1;0;1;0;0;0;0;0;0;1;0;1;0;0
"15/02/2023";"10:10:00";"793";"AC02 - Aci";"383";"BR-101/RJ";"Pista Sul";"Queda de ribanceira";1;0;0;0;0;0;0;0;0;0;0;0;1;0;0
"15/02/2023";"10:46:00";"815";"AC02 - Aci";"46";"BR-101/SP";"Pista Norte";"Queda de moto";0;0;0;1;0;1;0;0;0;0;1;0;1;0;0
"15/02/2023";"11:55:00";"834";"AC02 - Aci";"200.899";"BR-116/RJ";"Pista Sul";"Colisão Traseira";0;0;2;0;0;0;0;0;0;0;1;0;2;0;0
"16/02/2023";"12:09:00";"17";"AC02 - Aci";"216";"BR-116/SP";"Pista Norte";"Colisão Traseira";0;0;0;1;0;0;0;0;0;0;0;1;0;0;0
"16/02/2023";"03:12:00";"44";"AC04 - Atr";"68.5500";"BR-116/SP";"Pista Sul";"Atropelamento de Pedestre Atravessando";1;0;0;0;0;0;0;0;0;0;1;0;0;1;0
"16/02/2023";"06:52:00";"121";"AC02 - Aci";"171";"BR-116/RJ";"Pista Norte";"Colisão Traseira";1;0;0;1;0;0;0;0;0;0;1;1;0;0;0
"16/02/2023";"06:58:00";"131";"AC03 - Aci";"221.199";"BR-116/SP";"Pista Sul";"Choque em Barreira New Jersey";1;0;0;0;0;0;0;0;0;0;4;0;0;0;0
"16/02/2023";"07:37:00";"159";"AC02 - Aci";"229.300";"BR-116/SP";"Pista Sul";"Queda de moto";0;0;0;1;0;1;0;0;0;0;1;1;0;0;0
"16/02/2023";"08:27:00";"219";"AC02 - Aci";"176";"BR-116/RJ";"Pista Norte";"Queda de moto";0;0;0;1;0;0;0;0;0;0;0;1;0;0;0
"16/02/2023";"08:43:00";"233";"AC02 - Aci";"224.300";"BR-116/SP";"Pista Sul";"Queda de moto";1;0;0;1;0;0;0;0;0;0;1;0;1;0;0
"16/02/2023";"11:08:00";"333";"AC02 - Aci";"223.199";"BR-116/SP";"Pista Sul";"Queda de moto";0;0;0;1;0;0;0;0;0;0;1;1;0;0;0
"16/02/2023";"12:06:00";"370";"AC04 - Atr";"271";"BR-116/RJ";"Pista Sul";"Atropelamento de Pedestre Atravessando";0;0;0;0;0;1;0;0;0;0;1;0;0;1;0
"16/02/2023";"12:09:00";"371";"AC03 - Aci";"187";"BR-116/RJ";"Pista Norte";"Colisão Traseira";2;0;0;0;0;0;0;0;0;0;2;0;0;0;0
"16/02/2023";"01:18:00";"404";"AC03 - Aci";"70.5999";"BR-116/SP";"Pista Sul";"Colisão Traseira";0;0;1;0;0;1;0;0;0;0;2;0;0;0;0
"16/02/2023";"01:33:00";"412";"AC03 - Aci";"202.5";"BR-116/RJ";"Pista Sul";"Abalroamento Longitudinal";2;0;0;0;0;0;0;0;0;0;2;0;0;0;0
"16/02/2023";"05:01:00";"554";"AC03 - Aci";"273.5";"BR-116/RJ";"Pista Norte";"Abalroamento Longitudinal";1;0;1;0;0;0;0;0;0;0;2;0;0;0;0
"16/02/2023";"05:05:00";"555";"AC03 - Aci";"216.199";"BR-116/SP";"Pista Norte";"Engavetamento";2;0;1;0;0;0;0;0;0;0;6;0;0;0;0
"16/02/2023";"06:13:00";"604";"AC03 - Aci";"309.799";"BR-116/RJ";"Pista Norte";"Colisão Traseira";1;0;0;1;0;0;0;0;0;0;5;0;0;0;0
"16/02/2023";"06:25:00";"613";"AC03 - Aci";"276.100";"BR-116/RJ";"Pista Sul";"Capotamento";1;0;0;0;0;1;0;0;0;0;3;0;0;0;0
"16/02/2023";"06:26:00";"616";"AC02 - Aci";"497";"BR-101/RJ";"Pista Sul";"Atropelamento de Pedestre Atravessando";0;0;0;1;0;0;0;0;0;0;0;0;2;0;0
"16/02/2023";"07:36:00";"671";"AC03 - Aci";"152";"BR-116/SP";"Pista Norte";"Engavetamento";1;0;0;0;0;3;0;0;0;0;4;0;0;0;0
"16/02/2023";"08:02:00";"684";"AC02 - Aci";"217.5";"BR-116/SP";"Pista Sul";"Choque em Barreira New Jersey";1;0;0;0;0;0;0;0;0;0;2;1;0;0;0
"16/02/2023";"08:05:00";"687";"AC03 - Aci";"57";"BR-116/SP";"Pista Sul";"Colisão Traseira";1;0;0;0;0;1;0;0;0;0;2;0;0;0;0
"16/02/2023";"08:06:00";"688";"AC02 - Aci";"196";"BR-116/SP";"Pista Norte";"Choque em Barreira New Jersey";1;0;0;0;0;0;0;0;0;0;1;1;0;0;0
"16/02/2023";"09:01:00";"715";"AC03 - Aci";"409";"BR-101/RJ";"Pista Norte";"Atropelamento de Animal";1;0;0;0;0;0;0;0;0;0;1;0;0;0;0
"16/02/2023";"09:41:00";"730";"AC02 - Aci";"146.800";"BR-116/SP";"Pista Norte";"Colisão Traseira";1;0;0;0;0;1;0;0;0;0;1;1;0;0;0
"16/02/2023";"10:35:00";"750";"AC02 - Aci";"98.5999";"BR-116/SP";"Pista Norte";"Queda de moto";0;0;0;1;0;0;0;0;0;0;0;2;0;0;0
"16/02/2023";"10:45:00";"756";"AC03 - Aci";"192";"BR-116/RJ";"Pista Norte";"Choque em Barreira New Jersey";1;0;0;0;0;0;0;0;0;0;1;0;0;0;0
"17/02/2023";"01:43:00";"30";"AC03 - Aci";"146";"BR-116/SP";"Pista Sul";"Choque em Defensa";1;0;0;0;0;0;0;0;0;0;1;0;0;0;0
"17/02/2023";"03:39:00";"55";"AC02 - Aci";"88";"BR-116/SP";"Pista Norte";"Choque em Barreira New Jersey";0;0;1;0;0;0;0;0;0;0;0;1;0;0;0
"17/02/2023";"03:42:00";"56";"AC02 - Aci";"169";"BR-116/SP";"Pista Sul";"Colisão Traseira";0;0;2;0;0;0;0;0;0;0;1;1;0;0;0
"17/02/2023";"06:38:00";"106";"AC05 - Atr";"220.600";"BR-116/SP";"Pista Norte";"Atropelamento de Pedestre Atravessando";0;0;1;1;0;0;0;0;0;0;1;0;0;0;1
"17/02/2023";"06:48:00";"118";"AC02 - Aci";"295";"BR-116/RJ";"Pista Sul";"Abalroamento Longitudinal";1;0;0;1;0;0;0;0;0;0;1;1;0;0;0
"17/02/2023";"07:24:00";"143";"AC02 - Aci";"223.600";"BR-116/SP";"Pista Norte";"Colisão Traseira";2;0;0;0;0;0;0;0;0;0;1;1;0;0;0
"17/02/2023";"07:33:00";"147";"AC03 - Aci";"147";"BR-116/SP";"Pista Norte";"Colisão Traseira";2;0;0;0;0;0;0;0;0;0;2;0;0;0;0
"17/02/2023";"07:58:00";"162";"AC02 - Aci";"146";"BR-116/SP";"Pista Sul";"Colisão Traseira";1;0;0;1;0;0;0;0;0;0;1;0;1;0;0
"17/02/2023";"08:57:00";"199";"AC02 - Aci";"138";"BR-116/SP";"Pista Sul";"Colisão Traseira";1;0;0;1;0;0;0;0;0;0;2;0;2;0;0
"17/02/2023";"11:49:00";"314";"AC03 - Aci";"211";"BR-116/SP";"Pista Norte";"Colisão Traseira";1;0;0;0;0;1;0;0;0;0;2;0;0;0;0
"17/02/2023";"01:17:00";"358";"AC01 - Aci";"475.5";"BR-101/RJ";"Pista Norte";"Colisão Frontal";1;0;0;1;0;0;0;0;0;0;1;0;0;0;1
"17/02/2023";"03:54:00";"447";"AC03 - Aci";"230";"BR-116/RJ";"Pista Norte";"Choque em objeto na pista";1;0;0;0;0;0;0;0;0;0;1;0;0;0;0
"17/02/2023";"04:06:00";"457";"AC03 - Aci";"273.200";"BR-116/RJ";"Pista Sul";"Colisão Traseira";1;0;0;0;0;1;0;0;0;0;2;0;0;0;0
"17/02/2023";"04:08:00";"459";"AC03 - Aci";"217.300";"BR-116/SP";"Pista Norte";"Colisão Traseira";2;0;0;0;0;0;0;0;0;0;2;0;0;0;0
"17/02/2023";"04:55:00";"493";"AC03 - Aci";"238.300";"BR-116/RJ";"Pista Norte";"Choque em Defensa";1;0;0;0;0;0;0;0;0;0;1;0;0;0;0
"17/02/2023";"05:52:00";"536";"AC03 - Aci";"108.900";"BR-116/SP";"Pista Norte";"Engavetamento";2;0;1;0;0;0;0;0;0;0;7;0;0;0;0
"17/02/2023";"06:34:00";"567";"AC03 - Aci";"486";"BR-101/RJ";"Pista Sul";"Abalroamento Longitudinal";2;0;0;0;0;0;0;0;0;0;4;0;0;0;0
"17/02/2023";"06:39:00";"572";"AC03 - Aci";"154";"BR-116/SP";"Pista Sul";"Engavetamento";1;0;1;1;0;0;0;0;0;0;3;0;0;0;0
"17/02/2023";"06:40:00";"573";"AC03 - Aci";"186";"BR-116/SP";"Pista Norte";"Choque em Defensa";1;0;0;0;0;0;0;0;0;0;1;0;0;0;0
"17/02/2023";"06:45:00";"576";"AC02 - Aci";"186.300";"BR-116/RJ";"Pista Norte";"Abalroamento Longitudinal";1;0;0;0;0;1;0;0;0;0;2;1;0;0;0
"17/02/2023";"07:12:00";"587";"AC02 - Aci";"281";"BR-116/RJ";"Pista Sul";"Abalroamento Longitudinal";1;0;1;0;0;0;0;0;0;0;1;1;0;0;0
"17/02/2023";"08:01:00";"610";"AC03 - Aci";"491";"BR-101/RJ";"Pista Norte";"Choque em objeto fixo";1;0;0;0;0;0;0;0;0;0;1;0;0;0;0
"17/02/2023";"08:44:00";"629";"AC03 - Aci";"180";"BR-116/SP";"Pista Norte";"Abalroamento Longitudinal";2;0;0;0;0;0;0;0;0;0;2;0;0;0;0
"17/02/2023";"09:10:00";"646";"AC03 - Aci";"42.4000";"BR-101/SP";"Pista Sul";"Choque em Barreira New Jersey";1;0;0;0;0;0;0;0;0;0;1;0;0;0;0
"17/02/2023";"09:17:00";"652";"AC02 - Aci";"99.8000";"BR-116/SP";"Pista Sul";"Engavetamento";3;0;0;0;0;0;0;0;0;0;0;2;1;0;0
"17/02/2023";"09:30:00";"658";"AC03 - Aci";"421";"BR-101/RJ";"Pista Sul";"Choque em objeto fixo";1;0;0;0;0;0;0;0;0;0;4;0;0;0;0
"17/02/2023";"11:30:00";"702";"AC03 - Aci";"182.199";"BR-116/SP";"Pista Norte";"Engavetamento";1;0;0;0;0;2;0;0;0;0;3;0;0;0;0
"17/02/2023";"11:57:00";"717";"AC03 - Aci";"226.5";"BR-116/RJ";"Pista Sul";"Choque em Barreira New Jersey";1;0;0;0;0;0;0;0;0;0;1;0;0;0;0
"18/02/2023";"12:14:00";"15";"AC04 - Atr";"134.149";"BR-116/SP";"Pista Norte";"Atropelamento de Pedestre Atravessando";0;0;1;0;0;1;0;0;0;0;1;1;0;0;0
"18/02/2023";"01:38:00";"36";"AC03 - Aci";"147.899";"BR-116/SP";"Pista Norte";"Choque em Barreira New Jersey";1;0;0;0;0;0;0;0;0;0;3;0;0;0;0
"18/02/2023";"01:58:00";"44";"AC03 - Aci";"510";"BR-101/RJ";"Pista Norte";"Colisão Traseira";2;0;0;0;0;0;0;0;0;0;3;0;0;0;0
"18/02/2023";"02:24:00";"51";"AC02 - Aci";"174";"BR-116/RJ";"Pista Norte";"Abalroamento Longitudinal";2;0;0;0;0;0;0;0;0;0;1;1;0;0;0
"18/02/2023";"02:26:00";"52";"AC02 - Aci";"196";"BR-116/RJ";"Pista Norte";"Queda de moto";0;0;0;1;0;0;0;0;0;0;1;0;1;0;0
"18/02/2023";"03:18:00";"57";"AC03 - Aci";"176.399";"BR-116/SP";"Pista Norte";"Atropelamento de Animal";1;0;0;0;0;0;0;0;0;0;3;0;0;0;0
"18/02/2023";"03:35:00";"64";"AC05 - Atr";"228.800";"BR-116/SP";"Pista Norte";"Atropelamento de Pedestre Caminhando";0;0;0;0;0;1;0;0;0;0;1;0;0;0;1
"18/02/2023";"04:05:00";"68";"AC03 - Aci";"102.800";"BR-116/SP";"Pista Norte";"Abalroamento Longitudinal";1;0;0;0;0;1;0;0;0;0;6;0;0;0;0
"18/02/2023";"05:00:00";"83";"AC02 - Aci";"196";"BR-116/RJ";"Pista Norte";"Abalroamento Longitudinal";2;0;0;0;0;0;0;0;0;0;2;2;0;0;0
"18/02/2023";"05:11:00";"85";"AC02 - Aci";"121.699";"BR-116/SP";"Pista Sul";"Choque Talude";1;0;0;0;0;0;0;0;0;0;0;1;0;0;0
"18/02/2023";"06:30:00";"117";"AC03 - Aci";"337.299";"BR-116/RJ";"Pista Sul";"Abalroamento Longitudinal";1;0;0;0;0;1;0;0;0;0;2;0;0;0;0
"18/02/2023";"06:51:00";"130";"AC02 - Aci";"161.899";"BR-116/SP";"Pista Norte";"Engavetamento";3;0;0;0;0;0;0;0;0;0;5;1;0;0;0
"18/02/2023";"06:56:00";"135";"AC03 - Aci";"134.600";"BR-116/SP";"Pista Norte";"Colisão Traseira";2;0;0;0;0;0;0;0;0;0;5;0;0;0;0
"18/02/2023";"08:49:00";"219";"AC03 - Aci";"204.5";"BR-116/SP";"Pista Norte";"Abalroamento Longitudinal";1;0;1;0;0;0;0;0;0;0;3;0;0;0;0
"18/02/2023";"09:07:00";"235";"AC02 - Aci";"131.100";"BR-116/SP";"Pista Norte";"Colisão Traseira";1;0;0;1;0;0;0;0;0;0;2;0;0;1;0
"18/02/2023";"09:14:00";"244";"AC03 - Aci";"162.399";"BR-116/SP";"Pista Norte";"Engavetamento";3;0;0;0;0;0;0;0;0;0;11;0;0;0;0
"18/02/2023";"09:43:00";"256";"AC02 - Aci";"423";"BR-101/RJ";"Pista Sul";"Engavetamento";2;0;0;0;0;1;0;0;0;0;2;2;0;0;0
"18/02/2023";"10:08:00";"272";"AC03 - Aci";"131.399";"BR-116/SP";"Pista Norte";"Colisão Traseira";2;0;0;0;0;0;0;0;0;0;2;0;0;0;0
"18/02/2023";"11:32:00";"320";"AC03 - Aci";"485";"BR-101/RJ";"Pista Sul";"Colisão Frontal";1;0;1;0;0;0;0;0;0;0;2;0;0;0;0
"18/02/2023";"12:14:00";"351";"AC03 - Aci";"471";"BR-101/RJ";"Pista Norte";"Colisão Traseira";2;0;0;0;0;0;0;0;0;0;2;0;0;0;0
"18/02/2023";"02:15:00";"424";"AC03 - Aci";"163.899";"BR-116/SP";"Pista Norte";"Engavetamento";3;0;0;0;0;0;0;0;0;0;6;0;0;0;0
"18/02/2023";"02:17:00";"428";"AC03 - Aci";"27";"BR-116/SP";"Pista Sul";"Outros";1;0;0;0;0;0;0;0;0;0;4;0;0;0;0
"18/02/2023";"02:17:00";"427";"AC03 - Aci";"218.350";"BR-116/SP";"Pista Norte";"Colisão Traseira";2;0;0;0;0;0;0;0;0;0;5;0;0;0;0
"18/02/2023";"02:32:00";"440";"AC03 - Aci";"161.899";"BR-116/SP";"Pista Norte";"Engavetamento";3;0;0;0;0;0;0;0;0;0;5;0;0;0;0
"18/02/2023";"02:48:00";"447";"AC03 - Aci";"161.300";"BR-116/SP";"Pista Norte";"Colisão Traseira";2;0;0;0;0;0;0;0;0;0;4;0;0;0;0
"18/02/2023";"03:31:00";"466";"AC03 - Aci";"521";"BR-101/RJ";"Pista Norte";"Abalroamento Longitudinal";2;0;0;0;0;0;0;0;0;0;4;0;0;0;0
"18/02/2023";"03:46:00";"478";"AC03 - Aci";"189.899";"BR-116/RJ";"Pista Norte";"Colisão Traseira";1;0;0;1;0;0;0;0;0;0;2;0;0;0;0
"18/02/2023";"04:27:00";"506";"AC03 - Aci";"204.5";"BR-116/SP";"Pista Sul";"Abalroamento Longitudinal";1;0;0;0;0;0;0;0;0;0;1;0;0;0;0
"18/02/2023";"04:29:00";"508";"AC02 - Aci";"199.300";"BR-116/RJ";"Pista Norte";"Engavetamento";4;0;0;0;0;0;0;0;0;0;5;2;0;0;0
"18/02/2023";"04:34:00";"511";"AC03 - Aci";"5";"BR-116/SP";"Pista Sul";"Capotamento";1;0;0;0;0;0;0;0;0;0;1;0;0;0;0
"18/02/2023";"05:58:00";"552";"AC03 - Aci";"129";"BR-116/SP";"Pista Norte";"Colisão Traseira";2;0;0;0;0;0;0;0;0;0;4;0;0;0;0
"18/02/2023";"06:35:00";"576";"AC03 - Aci";"335.200";"BR-116/RJ";"Pista Norte";"Abalroamento Longitudinal";2;0;0;0;0;0;0;0;0;0;5;0;0;0;0
"18/02/2023";"09:13:00";"644";"AC02 - Aci";"277.399";"BR-116/RJ";"Pista Sul";"Queda de moto";0;0;0;1;0;0;0;0;0;0;0;2;0;0;0
"18/02/2023";"10:48:00";"673";"AC03 - Aci";"223";"BR-116/SP";"Pista Sul";"Choque em Defensa";1;0;0;0;0;0;0;0;0;0;3;0;0;0;0
"18/02/2023";"11:49:00";"686";"AC03 - Aci";"532";"BR-101/RJ";"Pista Sul";"Choque em Defensa";1;0;0;0;0;0;0;0;0;0;1;0;0;0;0
"19/02/2023";"12:30:00";"17";"AC03 - Aci";"146.800";"BR-116/SP";"Pista Sul";"Colisão Traseira";2;0;0;0;0;0;0;0;0;0;4;0;0;0;0
"19/02/2023";"12:56:00";"27";"AC02 - Aci";"222";"BR-116/SP";"Pista Norte";"Choque em objeto fixo";1;0;0;0;0;0;0;0;0;0;0;1;0;0;0
"19/02/2023";"01:49:00";"43";"AC02 - Aci";"319";"BR-116/RJ";"Pista Sul";"Colisão Traseira";1;0;1;0;0;0;0;0;0;0;1;1;0;0;0
"19/02/2023";"02:27:00";"49";"AC03 - Aci";"49";"BR-116/SP";"Pista Sul";"Capotamento";1;0;0;0;0;0;0;0;0;0;2;0;0;0;0
"19/02/2023";"02:32:00";"50";"AC03 - Aci";"125.800";"BR-116/SP";"Pista Sul";"Choque em Barreira New Jersey";1;0;0;0;0;0;0;0;0;0;5;0;0;0;0
"19/02/2023";"02:37:00";"51";"AC03 - Aci";"532";"BR-101/RJ";"Pista Norte";"Colisão Frontal";2;0;1;0;0;0;0;0;0;0;4;0;0;0;0
"19/02/2023";"05:27:00";"98";"AC03 - Aci";"339";"BR-116/RJ";"Pista Sul";"Choque Talude";1;0;0;0;0;0;0;0;0;0;1;0;0;0;0
"19/02/2023";"05:28:00";"99";"AC03 - Aci";"212.899";"BR-116/SP";"Pista Sul";"Abalroamento Longitudinal";1;0;0;0;0;0;0;0;0;0;1;0;0;0;0
"19/02/2023";"05:55:00";"109";"AC03 - Aci";"211.5";"BR-116/SP";"Pista Norte";"Choque em Barreira New Jersey";1;0;0;0;0;0;0;0;0;0;1;0;0;0;0
"19/02/2023";"06:14:00";"113";"AC03 - Aci";"314";"BR-116/RJ";"Pista Sul";"Queda de moto";0;0;0;1;0;0;0;0;0;0;1;0;0;0;0
"19/02/2023";"06:21:00";"116";"AC03 - Aci";"40";"BR-101/SP";"Pista Sul";"Queda de ribanceira";1;0;0;0;0;0;0;0;0;0;1;0;0;0;0
"19/02/2023";"07:17:00";"133";"AC03 - Aci";"316";"BR-116/RJ";"Pista Norte";"Outros";1;0;0;0;0;0;0;0;0;0;2;0;0;0;0
"19/02/2023";"07:53:00";"147";"AC02 - Aci";"34.5999";"BR-116/SP";"Pista Sul";"Choque em objeto fixo";2;0;0;0;0;0;0;0;0;0;3;2;0;0;0
"19/02/2023";"08:16:00";"155";"AC02 - Aci";"241.800";"BR-116/RJ";"Pista Sul";"Queda de ribanceira";1;0;0;0;0;0;0;0;0;0;0;2;0;0;0
"19/02/2023";"08:36:00";"165";"AC02 - Aci";"224.899";"BR-116/SP";"Pista Norte";"Colisão Traseira";1;0;1;0;0;0;0;0;0;0;2;2;0;0;0
"19/02/2023";"09:01:00";"171";"AC02 - Aci";"227";"BR-116/RJ";"Pista Sul";"Tombamento";0;0;1;0;0;0;0;0;0;0;0;1;0;0;0
"19/02/2023";"09:24:00";"179";"AC03 - Aci";"227";"BR-116/RJ";"Pista Sul";"Outros";0;0;1;0;0;0;0;0;0;0;1;0;0;0;0
"19/02/2023";"10:32:00";"221";"AC02 - Aci";"18";"BR-101/SP";"Pista Norte";"Abalroamento Longitudinal";2;0;0;0;0;0;0;0;0;0;7;1;0;0;0
"19/02/2023";"11:11:00";"242";"AC03 - Aci";"417";"BR-101/RJ";"Pista Norte";"Engavetamento";4;0;1;0;0;1;0;0;0;0;6;0;0;0;0
"19/02/2023";"12:01:00";"270";"AC02 - Aci";"126";"BR-116/SP";"Pista Sul";"Choque em Defensa";1;0;0;0;0;0;0;0;0;0;0;1;0;0;0
"19/02/2023";"12:54:00";"300";"AC03 - Aci";"425";"BR-101/RJ";"Pista Norte";"Abalroamento Longitudinal";2;0;0;0;0;0;0;0;0;0;2;0;0;0;0