data;horario;n_da_ocorrencia;tipo_de_ocorrencia;km;trecho;sentido;tipo_de_acidente;automovel;bicicleta;caminhao;moto;onibus;outros;tracao_animal;transporte_de_cargas_especiais;trator_maquinas;utilitarios;ilesos;levemente_feridos;moderadamente_feridos;gravemente_feridos;mortos
"19/02/2023";"02:18:00";"356";"AC03 - Aci";"236";"BR-116/RJ";"Pista Norte";"Choque em Barreira New Jersey";1;0;0;0;0;0;0;0;0;0;1;0;0;0;0
"19/02/2023";"02:27:00";"358";"AC03 - Aci";"25";"BR-101/SP";"Pista Sul";"Choque em Barreira New Jersey";1;0;0;0;0;0;0;0;0;0;1;0;0;0;0
"19/02/2023";"04:02:00";"400";"AC03 - Aci";"387";"BR-101/RJ";"Pista Sul";"Abalroamento Longitudinal";2;0;0;0;0;0;0;0;0;0;1;1;0;0;0
"19/02/2023";"05:08:00";"441";"AC04 - Atr";"48.2000";"BR-101/SP";"Pista Norte";"Atropelamento de Pedestre Atravessando";1;1;0;0;0;0;0;0;0;0;3;1;0;0;0
"19/02/2023";"05:49:00";"456";"AC04 - Atr";"544";"BR-101/RJ";"Pista Norte";"Atropelamento de Pedestre Atravessando";1;0;0;0;0;0;0;0;0;0;5;0;1;0;0
"19/02/2023";"07:51:00";"507";"AC05 - Atr";"144.300";"BR-116/SP";"Pista Sul";"Atropelamento de Pedestre Caminhando";0;0;0;0;0;1;0;0;0;0;1;0;0;0;1
"19/02/2023";"08:49:00";"525";"AC03 - Aci";"421.5";"BR-101/RJ";"Pista Sul";"Choque em Defensa";1;0;0;0;0;0;0;0;0;0;1;0;0;0;0
"19/02/2023";"09:18:00";"537";"AC03 - Aci";"176";"BR-116/RJ";"Pista Sul";"Abalroamento Longitudinal";1;0;1;0;0;0;0;0;0;0;3;0;0;0;0
"19/02/2023";"10:59:00";"566";"AC03 - Aci";"219";"BR-116/SP";"Pista Sul";"Choque em objeto fixo";1;0;0;0;0;0;0;0;0;0;4;0;0;0;0
"20/02/2023";"12:00:00";"2";"AC02 - Aci";"507";"BR-101/RJ";"Pista Norte";"Abalroamento Longitudinal";2;0;0;0;0;0;0;0;0;0;4;2;0;0;0
"20/02/2023";"12:14:00";"16";"AC01 - Aci";"61.9000";"BR-116/SP";"Pista Norte";"Queda de moto";0;0;1;1;0;0;0;0;0;0;1;0;0;0;1
"20/02/2023";"03:38:00";"45";"AC03 - Aci";"446";"BR-101/RJ";"Pista Norte";"Choque em objeto fixo";1;0;0;0;0;0;0;0;0;0;2;0;0;0;0
"20/02/2023";"08:20:00";"118";"AC03 - Aci";"564";"BR-101/RJ";"Pista Sul";"Abalroamento Longitudinal";2;0;0;0;0;0;0;0;0;0;4;0;0;0;0
"20/02/2023";"08:25:00";"121";"AC02 - Aci";"174.600";"BR-116/RJ";"Pista Sul";"Colisão Traseira";2;0;0;0;0;0;0;0;0;0;1;1;0;0;0
"20/02/2023";"08:59:00";"132";"AC02 - Aci";"139.699";"BR-116/SP";"Pista Norte";"Queda de moto";0;0;0;1;0;0;0;0;0;0;0;1;0;1;0
"20/02/2023";"09:22:00";"145";"AC03 - Aci";"220.600";"BR-116/SP";"Pista Norte";"Abalroamento Longitudinal";1;0;0;0;0;1;0;0;0;0;2;0;0;0;0
"20/02/2023";"09:38:00";"151";"AC02 - Aci";"228.199";"BR-116/SP";"Pista Sul";"Queda de moto";0;0;0;1;0;0;0;0;0;0;0;2;0;0;0
"20/02/2023";"10:01:00";"165";"AC02 - Aci";"531";"BR-101/RJ";"Pista Norte";"Choque em Defensa";1;0;0;0;0;0;0;0;0;0;3;1;0;0;0
"20/02/2023";"10:11:00";"174";"AC02 - Aci";"215.800";"BR-116/RJ";"Pista Norte";"Capotamento";1;0;0;0;0;0;0;0;0;0;0;0;0;1;0
"20/02/2023";"10:24:00";"179";"AC02 - Aci";"417";"BR-101/RJ";"Pista Sul";"Engavetamento";3;0;0;0;0;0;0;0;0;0;6;1;1;0;0
"20/02/2023";"11:31:00";"209";"AC03 - Aci";"411";"BR-101/RJ";"Pista Sul";"Abalroamento Longitudinal";1;0;0;1;0;0;0;0;0;0;2;0;0;0;0
"20/02/2023";"11:57:00";"217";"AC02 - Aci";"213";"BR-116/SP";"Pista Sul";"Engavetamento";1;0;2;0;0;0;0;0;0;0;2;3;0;0;0
"20/02/2023";"12:25:00";"233";"AC02 - Aci";"237.800";"BR-116/RJ";"Pista Norte";"Queda de moto";0;0;0;1;0;0;0;0;0;0;0;0;1;0;0
"20/02/2023";"12:32:00";"241";"AC03 - Aci";"237.800";"BR-116/RJ";"Pista Norte";"Outros";1;0;0;0;0;0;0;0;0;0;1;0;0;0;0
"20/02/2023";"03:33:00";"326";"AC03 - Aci";"145.5";"BR-116/SP";"Pista Norte";"Engavetamento";3;0;0;0;0;0;0;0;0;0;6;0;0;0;0
"20/02/2023";"04:05:00";"348";"AC02 - Aci";"186.800";"BR-116/RJ";"Pista Norte";"Colisão Traseira";1;0;1;0;0;0;0;0;0;0;1;4;0;0;0
"20/02/2023";"04:40:00";"365";"AC03 - Aci";"121.699";"BR-116/SP";"Pista Norte";"Colisão Traseira";1;0;0;0;0;1;0;0;0;0;2;0;0;0;0
"20/02/2023";"05:18:00";"388";"AC03 - Aci";"512";"BR-101/RJ";"Pista Norte";"Colisão Frontal";2;0;0;0;0;0;0;0;0;0;2;0;0;0;0
"20/02/2023";"05:19:00";"389";"AC03 - Aci";"512";"BR-101/RJ";"Pista Norte";"Outros";1;0;0;0;0;0;0;0;0;0;1;0;0;0;0
"20/02/2023";"05:42:00";"402";"AC04 - Atr";"199";"BR-116/RJ";"Pista Norte";"Atropelamento de Pedestre Atravessando";0;1;0;1;0;0;0;0;0;0;1;1;0;0;0
"20/02/2023";"05:46:00";"405";"AC03 - Aci";"210.100";"BR-116/SP";"Pista Sul";"Abalroamento Longitudinal";1;0;0;1;0;0;0;0;0;0;3;0;0;0;0
"20/02/2023";"05:53:00";"410";"AC02 - Aci";"202.300";"BR-116/SP";"Pista Norte";"Abalroamento Longitudinal";0;0;0;1;0;1;0;0;0;0;1;0;0;1;0
"20/02/2023";"05:58:00";"412";"AC03 - Aci";"580";"BR-101/RJ";"Pista Sul";"Colisão Frontal";2;0;0;0;0;0;0;0;0;0;2;0;0;0;0
"20/02/2023";"07:17:00";"449";"AC02 - Aci";"36";"BR-101/SP";"Pista Norte";"Colisão Frontal";1;0;0;1;0;0;0;0;0;0;1;0;1;0;0
"20/02/2023";"07:27:00";"455";"AC05 - Atr";"400.200";"BR-101/RJ";"Pista Sul";"Atropelamento de Pedestre Atravessando";2;0;0;0;0;0;0;0;0;0;2;0;0;0;1
"20/02/2023";"09:18:00";"515";"AC02 - Aci";"146.899";"BR-116/SP";"Pista Norte";"Abalroamento Longitudinal";1;0;1;0;0;0;0;0;0;0;1;4;0;0;0
"20/02/2023";"09:39:00";"524";"AC03 - Aci";"330.799";"BR-116/RJ";"Pista Norte";"Choque em Barreira New Jersey";1;0;0;0;0;0;0;0;0;0;1;0;0;0;0
"20/02/2023";"11:20:00";"563";"AC03 - Aci";"191";"BR-116/SP";"Pista Norte";"Choque em objeto fixo";1;0;0;0;0;0;0;0;0;0;1;0;0;0;0
"21/02/2023";"12:06:00";"13";"AC03 - Aci";"312.700";"BR-116/RJ";"Pista Sul";"Choque em Defensa";0;0;1;0;0;0;0;0;0;0;1;0;0;0;0
"21/02/2023";"02:59:00";"58";"AC03 - Aci";"180";"BR-116/SP";"Pista Norte";"Atropelamento de Animal";1;0;0;0;0;0;0;0;0;0;2;0;0;0;0
"21/02/2023";"05:58:00";"95";"AC02 - Aci";"37.7999";"BR-116/SP";"Pista Norte";"Choque em Barreira New Jersey";1;0;0;0;0;0;0;0;0;0;1;0;1;0;0
"21/02/2023";"06:21:00";"101";"AC03 - Aci";"415";"BR-101/RJ";"Pista Norte";"Choque em objeto fixo";1;0;0;0;0;0;0;0;0;0;1;0;0;0;0
"21/02/2023";"06:33:00";"104";"AC03 - Aci";"72.3000";"BR-116/SP";"Pista Norte";"Queda de ribanceira";1;0;0;0;0;0;0;0;0;0;1;0;0;0;0
"21/02/2023";"07:28:00";"127";"AC03 - Aci";"36";"BR-101/SP";"Pista Norte";"Colisão Traseira";1;0;0;0;0;1;0;0;0;0;2;0;0;0;0
"21/02/2023";"09:22:00";"165";"AC03 - Aci";"283";"BR-116/RJ";"Pista Sul";"Colisão Traseira";2;0;0;0;0;0;0;0;0;0;3;0;0;0;0
"21/02/2023";"11:17:00";"232";"AC03 - Aci";"421";"BR-101/RJ";"Pista Sul";"Colisão Traseira";1;0;0;0;0;1;0;0;0;0;2;0;0;0;0
"21/02/2023";"12:54:00";"266";"AC03 - Aci";"138.699";"BR-116/SP";"Pista Sul";"Colisão Traseira";2;0;0;0;0;0;0;0;0;0;8;0;0;0;0
"21/02/2023";"02:36:00";"329";"AC02 - Aci";"437";"BR-101/RJ";"Pista Norte";"Capotamento";1;0;0;0;0;0;0;0;0;0;0;3;0;0;0
"21/02/2023";"03:14:00";"347";"AC03 - Aci";"47.2999";"BR-116/SP";"Pista Norte";"Choque em objeto fixo";1;0;0;0;0;0;0;0;0;0;2;0;0;0;0
"21/02/2023";"03:53:00";"365";"AC03 - Aci";"442.799";"BR-101/RJ";"Pista Sul";"Capotamento";1;0;0;0;0;0;0;0;0;0;1;0;0;0;0
"21/02/2023";"04:20:00";"384";"AC03 - Aci";"123.800";"BR-116/SP";"Pista Sul";"Abalroamento Longitudinal";2;0;0;0;0;0;0;0;0;0;5;0;0;0;0
"21/02/2023";"06:34:00";"451";"AC03 - Aci";"40";"BR-101/SP";"Pista Sul";"Engavetamento";3;0;0;0;0;0;0;0;0;0;10;0;0;0;0
"21/02/2023";"07:25:00";"494";"AC03 - Aci";"530";"BR-101/RJ";"Pista Sul";"Colisão Traseira";1;0;0;0;0;1;0;0;0;0;2;0;0;0;0
"21/02/2023";"08:21:00";"534";"AC03 - Aci";"208.300";"BR-116/SP";"Pista Norte";"Choque em objeto fixo";1;0;0;0;0;0;0;0;0;0;1;0;0;0;0
"21/02/2023";"08:22:00";"535";"AC03 - Aci";"413";"BR-101/RJ";"Pista Sul";"Choque em objeto fixo";1;0;0;0;0;0;0;0;0;0;4;0;0;0;0
"21/02/2023";"09:43:00";"572";"AC03 - Aci";"222";"BR-116/SP";"Pista Norte";"Queda de moto";0;0;0;1;0;0;0;0;0;0;2;0;0;0;0
"21/02/2023";"09:46:00";"573";"AC03 - Aci";"275";"BR-116/RJ";"Pista Sul";"Colisão Frontal";1;0;0;0;0;1;0;0;0;0;3;0;0;0;0
"21/02/2023";"09:57:00";"578";"AC03 - Aci";"489";"BR-101/RJ";"Pista Sul";"Colisão Traseira";2;0;0;0;0;0;0;0;0;0;8;0;0;0;0
"21/02/2023";"09:59:00";"579";"AC04 - Atr";"58.4000";"BR-116/SP";"Pista Sul";"Atropelamento de Pedestre Caminhando";1;0;0;0;0;0;0;0;0;0;1;0;0;1;0
"21/02/2023";"10:25:00";"589";"AC02 - Aci";"264.600";"BR-116/RJ";"Pista Norte";"Choque em Barreira New Jersey";2;0;1;0;0;0;0;0;0;0;0;5;0;0;0
"21/02/2023";"10:31:00";"590";"AC02 - Aci";"575";"BR-101/RJ";"Pista Norte";"Choque em objeto fixo";1;0;0;0;0;0;0;0;0;0;0;3;0;0;0
"22/02/2023";"12:48:00";"20";"AC03 - Aci";"434";"BR-101/RJ";"Pista Sul";"Choque em objeto fixo";1;0;0;0;0;1;0;0;0;0;2;0;0;0;0
"22/02/2023";"03:07:00";"50";"AC02 - Aci";"485";"BR-101/RJ";"Pista Norte";"Choque em objeto fixo";1;0;0;0;0;0;0;0;0;0;0;2;0;0;0
"22/02/2023";"03:08:00";"51";"AC02 - Aci";"226.199";"BR-116/SP";"Pista Sul";"Colisão Traseira";0;0;2;0;0;0;0;0;0;0;1;3;0;0;0
"22/02/2023";"03:45:00";"58";"AC03 - Aci";"224.600";"BR-116/SP";"Pista Sul";"Engavetamento";1;0;2;0;0;0;0;0;0;0;3;0;0;0;0
"22/02/2023";"03:58:00";"63";"AC02 - Aci";"297";"BR-116/RJ";"Pista Sul";"Choque em objeto fixo";1;0;0;0;0;0;0;0;0;0;4;1;0;0;0
"22/02/2023";"06:20:00";"108";"AC02 - Aci";"161";"BR-116/SP";"Pista Sul";"Colisão Traseira";0;0;0;1;0;1;0;0;0;0;1;0;1;0;0
"22/02/2023";"07:06:00";"135";"AC03 - Aci";"578.099";"BR-101/RJ";"Pista Norte";"Choque em objeto fixo";1;0;0;0;0;0;0;0;0;0;1;0;0;0;0
"22/02/2023";"07:34:00";"157";"AC03 - Aci";"223.350";"BR-116/SP";"Pista Sul";"Choque em objeto fixo";1;0;0;0;0;0;0;0;0;0;0;1;0;0;0
"22/02/2023";"07:45:00";"167";"AC02 - Aci";"282";"BR-116/RJ";"Pista Norte";"Colisão Traseira";1;0;1;0;0;0;0;0;0;0;1;1;0;0;0
"22/02/2023";"08:17:00";"189";"AC02 - Aci";"84";"BR-116/SP";"Pista Norte";"Queda de moto";0;0;0;1;0;0;0;0;0;0;0;1;0;0;0
"22/02/2023";"09:22:00";"230";"AC02 - Aci";"220";"BR-116/SP";"Pista Sul";"Queda de moto";0;0;0;1;0;0;0;0;0;0;1;0;1;0;0
"22/02/2023";"09:37:00";"239";"AC03 - Aci";"419";"BR-101/RJ";"Pista Norte";"Colisão Traseira";2;0;0;0;0;0;0;0;0;0;7;0;0;0;0
"22/02/2023";"09:58:00";"251";"AC02 - Aci";"442";"BR-101/RJ";"Pista Norte";"Queda de moto";0;0;0;1;0;0;0;0;0;0;0;1;0;0;0
"22/02/2023";"10:02:00";"253";"AC02 - Aci";"419";"BR-101/RJ";"Pista Norte";"Engavetamento";3;0;0;0;0;0;0;0;0;0;2;1;0;0;0
"22/02/2023";"10:38:00";"272";"AC03 - Aci";"324.899";"BR-116/RJ";"Pista Sul";"Colisão Traseira";2;0;0;0;0;0;0;0;0;0;6;0;0;0;0
"22/02/2023";"11:49:00";"312";"AC02 - Aci";"108.800";"BR-116/SP";"Pista Sul";"Colisão Traseira";1;0;0;1;0;0;0;0;0;0;2;0;1;0;0
"22/02/2023";"12:55:00";"353";"AC03 - Aci";"144.399";"BR-116/SP";"Pista Sul";"Engavetamento";3;0;0;0;0;1;0;0;0;0;4;0;0;0;0
"22/02/2023";"01:18:00";"364";"AC02 - Aci";"434";"BR-101/RJ";"Pista Norte";"Abalroamento Longitudinal";1;0;0;1;0;0;0;0;0;0;2;1;0;0;0
"22/02/2023";"01:41:00";"372";"AC03 - Aci";"106.900";"BR-116/SP";"Pista Sul";"Abalroamento Longitudinal";2;0;0;0;0;0;0;0;0;0;5;0;0;0;0
"22/02/2023";"01:48:00";"376";"AC02 - Aci";"48.0999";"BR-101/SP";"Pista Norte";"Queda de moto";0;0;0;1;0;0;0;0;0;0;0;1;0;0;0
"22/02/2023";"03:23:00";"428";"AC03 - Aci";"228";"BR-116/SP";"Pista Sul";"Colisão Traseira";2;0;0;0;0;0;0;0;0;0;2;0;0;0;0
"22/02/2023";"03:46:00";"444";"AC02 - Aci";"432";"BR-101/RJ";"Pista Norte";"Colisão Traseira";2;0;0;0;0;0;0;0;0;0;3;1;0;0;0
"22/02/2023";"04:22:00";"472";"AC03 - Aci";"210.199";"BR-116/SP";"Pista Sul";"Colisão Traseira";2;0;0;0;0;0;0;0;0;0;7;0;0;0;0
"22/02/2023";"05:04:00";"496";"AC03 - Aci";"105";"BR-116/SP";"Pista Sul";"Colisão Traseira";0;0;0;1;0;1;0;0;0;0;2;0;0;0;0
"22/02/2023";"05:40:00";"527";"AC03 - Aci";"154.5";"BR-116/SP";"Pista Sul";"Choque em Barreira New Jersey";1;0;0;0;0;0;0;0;0;0;3;0;0;0;0
"22/02/2023";"06:25:00";"568";"AC02 - Aci";"40.5";"BR-101/SP";"Pista Sul";"Queda de moto";0;0;0;1;0;0;0;0;0;0;1;0;1;0;0
"22/02/2023";"07:43:00";"603";"AC03 - Aci";"193";"BR-116/SP";"Pista Sul";"Choque em objeto fixo";1;0;0;0;0;0;0;0;0;0;2;0;0;0;0
"22/02/2023";"07:54:00";"608";"AC02 - Aci";"214.600";"BR-116/SP";"Pista Sul";"Queda de moto";0;0;0;1;0;0;0;0;0;0;0;1;0;0;0
"22/02/2023";"08:12:00";"618";"AC03 - Aci";"285.200";"BR-116/RJ";"Pista Norte";"Choque em Barreira New Jersey";1;0;0;0;0;0;0;0;0;0;1;0;0;0;0
"23/02/2023";"02:53:00";"37";"AC02 - Aci";"4.15000";"BR-116/SP";"Pista Norte";"Tombamento";0;0;2;0;0;0;0;0;0;0;3;1;0;0;0
"23/02/2023";"06:38:00";"95";"AC02 - Aci";"80.6999";"BR-116/SP";"Pista Norte";"Queda de moto";0;0;0;1;0;0;0;0;0;0;1;1;0;0;0
"23/02/2023";"08:01:00";"171";"AC02 - Aci";"174";"BR-116/RJ";"Pista Norte";"Engavetamento";3;0;0;0;0;0;0;0;0;0;3;1;0;0;0
"23/02/2023";"09:09:00";"216";"AC02 - Aci";"38.2999";"BR-116/SP";"Pista Sul";"Colisão Traseira";2;0;0;0;0;0;0;0;0;0;5;2;0;0;0
"23/02/2023";"10:24:00";"272";"AC03 - Aci";"434";"BR-101/RJ";"Pista Norte";"Colisão Traseira";2;0;0;0;0;0;0;0;0;0;8;0;0;0;0
"23/02/2023";"10:26:00";"275";"AC02 - Aci";"68";"BR-116/SP";"Pista Sul";"Abalroamento Longitudinal";0;0;0;1;0;1;0;0;0;0;1;1;0;0;0
"23/02/2023";"12:29:00";"350";"AC02 - Aci";"172.800";"BR-116/RJ";"Pista Sul";"Colisão Traseira";1;0;0;1;0;0;0;0;0;0;1;0;1;0;0
"23/02/2023";"01:16:00";"383";"AC02 - Aci";"308.899";"BR-116/RJ";"Pista Sul";"Choque em objeto fixo";1;0;0;0;0;0;0;0;0;0;0;1;0;0;0
"23/02/2023";"01:23:00";"388";"AC03 - Aci";"80.1999";"BR-116/SP";"Pista Sul";"Colisão Traseira";1;0;0;0;0;1;0;0;0;0;2;0;0;0;0
"23/02/2023";"02:01:00";"406";"AC03 - Aci";"432.899";"BR-101/RJ";"Pista Norte";"Colisão Traseira";2;0;0;0;0;0;0;0;0;0;3;0;0;0;0
"23/02/2023";"02:01:00";"407";"AC02 - Aci";"195.100";"BR-116/SP";"Pista Norte";"Colisão Traseira";0;0;2;0;0;0;0;0;0;0;1;0;1;0;0
"23/02/2023";"02:25:00";"426";"AC02 - Aci";"212.699";"BR-116/SP";"Pista Norte";"Queda de moto";0;0;0;1;0;0;0;0;0;0;1;1;0;0;0
"23/02/2023";"03:15:00";"457";"AC03 - Aci";"221.5";"BR-116/SP";"Pista Norte";"Colisão Traseira";1;0;1;0;0;0;0;0;0;0;3;0;0;0;0
"23/02/2023";"04:05:00";"489";"AC03 - Aci";"430";"BR-101/RJ";"Pista Sul";"Choque em Barreira New Jersey";1;0;0;0;0;0;0;0;0;0;1;0;0;0;0
"23/02/2023";"05:31:00";"543";"AC03 - Aci";"229.399";"BR-116/RJ";"Pista Norte";"Choque Talude";0;0;1;0;0;0;0;0;0;0;1;0;0;0;0
"23/02/2023";"05:41:00";"549";"AC03 - Aci";"287.299";"BR-116/RJ";"Pista Norte";"Abalroamento Longitudinal";1;0;1;0;0;0;0;0;0;0;3;0;0;0;0
"23/02/2023";"06:23:00";"580";"AC03 - Aci";"191.699";"BR-116/SP";"Pista Norte";"Choque Talude";1;0;0;0;0;0;0;0;0;0;2;0;0;0;0
"23/02/2023";"07:23:00";"618";"AC03 - Aci";"185.300";"BR-116/RJ";"Pista Norte";"Colisão Traseira";2;0;0;0;0;0;0;0;0;0;2;0;0;0;0
"23/02/2023";"07:38:00";"626";"AC03 - Aci";"220";"BR-116/SP";"Pista Norte";"Abalroamento Longitudinal";2;0;1;0;0;0;0;0;0;0;3;0;0;0;0
"23/02/2023";"08:24:00";"657";"AC02 - Aci";"50.5";"BR-101/SP";"Pista Sul";"Atropelamento de Pedestre Atravessando";0;1;0;1;0;0;0;0;0;0;1;1;0;0;0
"23/02/2023";"09:28:00";"679";"AC02 - Aci";"309.5";"BR-116/RJ";"Pista Norte";"Colisão Traseira";2;0;0;0;0;0;0;0;0;0;2;1;0;0;0
"23/02/2023";"10:38:00";"706";"AC02 - Aci";"174";"BR-116/RJ";"Pista Sul";"Colisão Traseira";2;0;0;0;0;0;0;0;0;0;1;3;0;0;0
"23/02/2023";"11:46:00";"729";"AC03 - Aci";"496";"BR-101/RJ";"Pista Norte";"Choque em objeto fixo";1;0;0;0;0;0;0;0;0;0;1;0;0;0;0
"24/02/2023";"01:42:00";"26";"AC03 - Aci";"393";"BR-101/RJ";"Pista Sul";"Atropelamento de Animal";1;0;0;0;0;0;0;0;0;0;1;0;0;0;0
"24/02/2023";"03:01:00";"40";"AC03 - Aci";"245.899";"BR-116/RJ";"Pista Norte";"Choque em Barreira New Jersey";0;0;0;0;0;1;0;0;0;0;1;0;0;0;0
"24/02/2023";"03:45:00";"44";"AC03 - Aci";"245.899";"BR-116/RJ";"Pista Sul";"Choque em objeto na pista";0;0;1;0;0;0;0;0;0;0;1;0;0;0;0
"24/02/2023";"04:06:00";"47";"AC05 - Atr";"69.9000";"BR-116/SP";"Pista Norte";"Atropelamento de Pedestre Caminhando";0;0;0;0;0;1;0;0;0;0;1;0;0;0;1
"24/02/2023";"05:23:00";"67";"AC04 - Atr";"187.600";"BR-116/RJ";"Pista Norte";"Atropelamento de Pedestre Caminhando";0;0;0;0;0;1;0;0;0;0;1;0;0;1;0
"24/02/2023";"06:43:00";"110";"AC03 - Aci";"146.600";"BR-116/SP";"Pista Norte";"Colisão Traseira";1;0;1;0;0;0;0;0;0;0;3;0;0;0;0
"24/02/2023";"08:47:00";"211";"AC02 - Aci";"227.800";"BR-116/SP";"Pista Sul";"Engavetamento";3;0;0;1;0;0;0;0;0;0;2;2;0;0;0
"24/02/2023";"10:19:00";"284";"AC03 - Aci";"32.7999";"BR-116/SP";"Pista Norte";"Colisão Traseira";1;0;1;0;0;0;0;0;0;0;2;0;0;0;0
"24/02/2023";"11:03:00";"309";"AC03 - Aci";"408.5";"BR-101/RJ";"Pista Sul";"Atropelamento de Animal";1;0;0;0;0;0;0;0;0;0;1;0;0;0;0
"24/02/2023";"12:03:00";"339";"AC04 - Atr";"147.800";"BR-116/SP";"Pista Sul";"Atropelamento de Pedestre Caminhando";1;1;0;0;0;0;0;0;0;0;1;0;1;0;0
"24/02/2023";"01:16:00";"371";"AC03 - Aci";"224.100";"BR-116/SP";"Pista Sul";"Abalroamento Longitudinal";1;0;1;0;0;0;0;0;0;0;2;0;0;0;0
"24/02/2023";"02:24:00";"413";"AC02 - Aci";"427";"BR-101/RJ";"Pista Norte";"Engavetamento";1;0;0;0;0;2;0;0;0;0;2;1;0;0;0
"24/02/2023";"03:19:00";"443";"AC03 - Aci";"320.700";"BR-116/RJ";"Pista Norte";"Colisão Traseira";1;0;1;0;0;0;0;0;0;0;4;0;0;0;0
"24/02/2023";"05:28:00";"518";"AC02 - Aci";"200";"BR-116/RJ";"Pista Sul";"Capotamento";1;0;0;0;0;0;0;0;0;0;0;2;1;0;0
"24/02/2023";"05:54:00";"532";"AC02 - Aci";"144";"BR-116/SP";"Pista Norte";"Queda de moto";0;0;0;1;0;0;0;0;0;0;0;0;1;0;0
"24/02/2023";"07:27:00";"588";"AC03 - Aci";"579";"BR-101/RJ";"Pista Sul";"Colisão Traseira";1;0;0;0;0;1;0;0;0;0;2;0;0;0;0
"24/02/2023";"08:28:00";"614";"AC03 - Aci";"142.800";"BR-116/SP";"Pista Sul";"Colisão Traseira";1;0;0;0;0;1;0;0;0;0;2;0;0;0;0
"24/02/2023";"08:30:00";"615";"AC02 - Aci";"417";"BR-101/RJ";"Pista Sul";"Colisão Frontal";2;0;0;0;0;0;0;0;0;0;0;0;3;1;0
"24/02/2023";"09:13:00";"634";"AC03 - Aci";"64";"BR-116/SP";"Pista Norte";"Choque em objeto fixo";1;0;0;0;0;0;0;0;0;0;2;0;0;0;0
"24/02/2023";"10:22:00";"660";"AC02 - Aci";"304";"BR-116/RJ";"Pista Norte";"Colisão Traseira";1;0;1;0;0;0;0;0;0;0;4;1;0;0;0
"24/02/2023";"10:41:00";"665";"AC03 - Aci";"225";"BR-116/SP";"Pista Norte";"Choque em objeto fixo";1;0;0;0;0;0;0;0;0;0;1;0;0;0;0
"24/02/2023";"10:54:00";"669";"AC02 - Aci";"215";"BR-116/SP";"Pista Sul";"Choque em Barreira New Jersey";0;0;0;1;0;0;0;0;0;0;0;0;0;1;0
"24/02/2023";"11:32:00";"677";"AC02 - Aci";"56.2000";"BR-116/SP";"Pista Sul";"Queda de ribanceira";0;0;1;0;0;0;0;0;0;0;0;1;0;0;0
"25/02/2023";"01:30:00";"35";"AC03 - Aci";"522";"BR-101/RJ";"Pista Norte";"Choque em objeto fixo";1;0;0;0;0;0;0;0;0;0;1;0;0;0;0
"25/02/2023";"02:12:00";"41";"AC02 - Aci";"209.899";"BR-116/SP";"Pista Sul";"Choque em Barreira New Jersey";0;0;0;1;0;0;0;0;0;0;0;0;0;1;0
"25/02/2023";"01:57:00";"341";"AC02 - Aci";"128.300";"BR-116/SP";"Pista Sul";"Colisão Traseira";1;0;1;0;0;0;0;0;0;0;1;1;0;0;0
"25/02/2023";"04:01:00";"419";"AC03 - Aci";"230.100";"BR-116/SP";"Pista Norte";"Engavetamento";3;0;0;0;0;0;0;0;0;0;3;0;0;0;0
"25/02/2023";"07:31:00";"526";"AC04 - Atr";"506";"BR-101/RJ";"Pista Sul";"Atropelamento de Pedestre Atravessando";1;0;0;0;0;0;0;0;0;0;1;1;0;0;0
"25/02/2023";"07:31:00";"527";"AC04 - Atr";"193";"BR-116/RJ";"Pista Norte";"Atropelamento de Pedestre Atravessando";1;0;0;0;0;0;0;0;0;0;1;0;0;1;0
"25/02/2023";"07:52:00";"534";"AC03 - Aci";"267";"BR-116/RJ";"Pista Norte";"Atropelamento de Animal";1;0;0;0;0;0;0;0;0;0;4;0;0;0;0
"26/02/2023";"07:21:00";"83";"AC02 - Aci";"176.399";"BR-116/RJ";"Pista Sul";"Colisão Traseira";1;0;0;1;0;0;0;0;0;0;2;1;0;0;0
"26/02/2023";"08:52:00";"114";"AC02 - Aci";"183";"BR-116/RJ";"Pista Sul";"Abalroamento Longitudinal";1;0;0;1;0;0;0;0;0;0;1;1;0;0;0
"26/02/2023";"08:53:00";"115";"AC02 - Aci";"229";"BR-116/SP";"Pista Sul";"Choque em Barreira New Jersey";1;0;0;0;0;0;0;0;0;0;0;0;1;0;0
"26/02/2023";"11:26:00";"185";"AC02 - Aci";"423";"BR-101/RJ";"Pista Norte";"Colisão Frontal";1;0;0;1;0;0;0;0;0;0;3;0;0;1;0
"26/02/2023";"11:34:00";"192";"AC02 - Aci";"471";"BR-101/RJ";"Pista Norte";"Colisão Traseira";1;0;0;1;0;0;0;0;0;0;1;1;0;0;0
"26/02/2023";"02:23:00";"262";"AC03 - Aci";"37";"BR-116/SP";"Pista Sul";"Choque em objeto fixo";1;0;0;0;0;0;0;0;0;0;2;0;0;0;0
"26/02/2023";"04:41:00";"332";"AC02 - Aci";"103.099";"BR-116/SP";"Pista Sul";"Engavetamento";3;0;0;0;0;0;0;0;0;0;8;1;0;0;0
"26/02/2023";"05:51:00";"383";"AC03 - Aci";"295.299";"BR-116/RJ";"Pista Norte";"Choque em objeto fixo";1;0;0;0;0;0;0;0;0;0;2;0;0;0;0
"26/02/2023";"08:03:00";"459";"AC02 - Aci";"230.149";"BR-116/SP";"Pista Norte";"Colisão Traseira";1;0;0;1;0;0;0;0;0;0;1;1;0;0;0
"26/02/2023";"08:56:00";"476";"AC02 - Aci";"172.300";"BR-116/RJ";"Pista Sul";"Queda de moto";0;0;0;1;0;0;0;0;0;0;0;1;0;0;0
"26/02/2023";"09:05:00";"480";"AC02 - Aci";"216.899";"BR-116/SP";"Pista Sul";"Abalroamento Longitudinal";0;0;0;1;0;1;0;0;0;0;1;1;0;0;0
"27/02/2023";"02:28:00";"36";"AC02 - Aci";"55.7999";"BR-116/SP";"Pista Norte";"Tombamento";0;0;0;0;1;0;0;0;0;0;0;8;0;0;0
"27/02/2023";"03:17:00";"42";"AC01 - Aci";"184.5";"BR-116/RJ";"Pista Sul";"Engavetamento";2;0;1;0;0;0;0;0;0;0;5;0;0;0;1
"27/02/2023";"04:52:00";"57";"AC03 - Aci";"270.100";"BR-116/RJ";"Pista Norte";"Colisão Traseira";0;0;1;0;1;0;0;0;0;0;16;0;0;0;0
"27/02/2023";"06:49:00";"105";"AC02 - Aci";"183";"BR-116/RJ";"Pista Sul";"Engavetamento";4;0;0;1;0;0;0;0;0;0;3;2;0;0;0