data;horario;n_da_ocorrencia;tipo_de_ocorrencia;km;trecho;sentido;tipo_de_acidente;automovel;bicicleta;caminhao;moto;onibus;outros;tracao_animal;transporte_de_cargas_especiais;trator_maquinas;utilitarios;ilesos;levemente_feridos;moderadamente_feridos;gravemente_feridos;mortos
"27/02/2023";"06:56:00";"110";"AC03 - Aci";"472.600";"BR-101/RJ";"Pista Norte";"Choque em Defensa";1;0;0;0;0;0;0;0;0;0;1;0;0;0;0
"27/02/2023";"07:02:00";"116";"AC02 - Aci";"247";"BR-116/RJ";"Pista Sul";"Abalroamento Longitudinal";2;0;0;0;0;0;0;0;0;0;1;1;0;0;0
"27/02/2023";"07:07:00";"124";"AC03 - Aci";"336";"BR-116/RJ";"Pista Norte";"Choque em objeto fixo";1;0;0;0;0;0;0;0;0;0;1;0;0;0;0
"27/02/2023";"07:08:00";"127";"AC03 - Aci";"220.100";"BR-116/SP";"Pista Sul";"Colisão Traseira";1;0;1;0;0;0;0;0;0;0;3;0;0;0;0
"27/02/2023";"07:16:00";"133";"AC03 - Aci";"202.600";"BR-116/RJ";"Pista Sul";"Choque em Defensa";1;0;0;0;0;0;0;0;0;0;1;0;0;0;0
"27/02/2023";"07:57:00";"159";"AC02 - Aci";"165";"BR-116/SP";"Pista Norte";"Queda de moto";0;0;0;1;0;0;0;0;0;0;0;1;0;0;0
"27/02/2023";"09:09:00";"213";"AC02 - Aci";"101.900";"BR-116/SP";"Pista Sul";"Queda de moto";0;0;0;1;0;0;0;0;0;0;0;0;2;0;0
"27/02/2023";"09:10:00";"214";"AC03 - Aci";"140.699";"BR-116/SP";"Pista Norte";"Engavetamento";3;0;0;0;0;0;0;0;0;0;5;0;0;0;0
"27/02/2023";"10:49:00";"280";"AC02 - Aci";"130.5";"BR-116/SP";"Pista Norte";"Capotamento";1;0;0;0;0;0;0;0;0;0;1;1;0;0;0
"27/02/2023";"11:07:00";"294";"AC02 - Aci";"228";"BR-116/SP";"Pista Sul";"Colisão Traseira";1;0;1;0;0;0;0;0;0;0;2;1;0;0;0
"27/02/2023";"11:59:00";"317";"AC03 - Aci";"418";"BR-101/RJ";"Pista Sul";"Choque em objeto fixo";0;0;1;0;0;0;0;0;0;0;1;0;0;0;0
"27/02/2023";"12:32:00";"334";"AC02 - Aci";"93.8000";"BR-116/SP";"Pista Norte";"Choque em Barreira New Jersey";0;0;0;1;0;0;0;0;0;0;0;0;1;0;0
"27/02/2023";"02:39:00";"391";"AC03 - Aci";"324";"BR-116/RJ";"Pista Norte";"Colisão Traseira";1;0;1;0;0;0;0;0;0;0;3;0;0;0;0
"27/02/2023";"03:39:00";"417";"AC03 - Aci";"566";"BR-101/RJ";"Pista Norte";"Queda de ribanceira";1;0;0;0;0;0;0;0;0;0;2;0;0;0;0
"27/02/2023";"05:05:00";"468";"AC03 - Aci";"36.5999";"BR-116/SP";"Pista Sul";"Choque em Barreira New Jersey";1;0;0;0;0;0;0;0;0;0;1;0;0;0;0
"27/02/2023";"05:08:00";"470";"AC03 - Aci";"69.3000";"BR-116/SP";"Pista Norte";"Colisão Traseira";2;0;0;0;0;0;0;0;0;0;2;0;0;0;0
"27/02/2023";"05:26:00";"479";"AC03 - Aci";"219";"BR-116/SP";"Pista Norte";"Abalroamento Longitudinal";1;0;1;0;0;0;0;0;0;0;2;0;0;0;0
"27/02/2023";"06:51:00";"533";"AC02 - Aci";"389";"BR-101/RJ";"Pista Norte";"Abalroamento Longitudinal";1;0;0;1;0;1;0;0;0;0;4;0;1;0;0
"27/02/2023";"06:52:00";"535";"AC03 - Aci";"515";"BR-101/RJ";"Pista Sul";"Choque em objeto fixo";1;0;0;0;0;0;0;0;0;0;1;0;0;0;0
"27/02/2023";"07:51:00";"551";"AC02 - Aci";"163";"BR-116/SP";"Pista Sul";"Abalroamento Longitudinal";1;0;1;0;0;0;0;0;0;0;2;1;0;0;0
"27/02/2023";"08:35:00";"567";"AC03 - Aci";"310";"BR-116/RJ";"Pista Norte";"Colisão Traseira";2;0;0;0;0;0;0;0;0;0;8;0;0;0;0
"27/02/2023";"09:42:00";"590";"AC02 - Aci";"323.049";"BR-116/RJ";"Pista Sul";"Tombamento";0;0;1;0;0;0;0;0;0;0;0;0;0;1;0
"27/02/2023";"10:57:00";"610";"AC03 - Aci";"429";"BR-101/RJ";"Pista Norte";"Choque em objeto fixo";1;0;0;0;0;0;0;0;0;0;1;0;0;0;0
"28/02/2023";"01:05:00";"19";"AC03 - Aci";"225.300";"BR-116/RJ";"Pista Norte";"Tombamento";0;0;1;0;0;0;0;0;0;0;1;0;0;0;0
"28/02/2023";"03:19:00";"31";"AC03 - Aci";"237";"BR-116/RJ";"Pista Norte";"Choque em Barreira New Jersey";0;0;1;0;0;0;0;0;0;0;1;0;0;0;0
"28/02/2023";"06:31:00";"67";"AC02 - Aci";"133";"BR-116/SP";"Pista Norte";"Queda de moto";0;0;0;1;0;0;0;0;0;0;0;0;1;0;0
"28/02/2023";"06:44:00";"74";"AC03 - Aci";"207.100";"BR-116/SP";"Pista Sul";"Colisão Traseira";1;0;0;1;0;0;0;0;0;0;3;0;0;0;0
"28/02/2023";"06:49:00";"76";"AC02 - Aci";"219.899";"BR-116/SP";"Pista Sul";"Abalroamento Longitudinal";0;0;0;1;0;1;0;0;0;0;1;0;1;1;0
"28/02/2023";"06:59:00";"84";"AC02 - Aci";"220.399";"BR-116/SP";"Pista Sul";"Abalroamento Longitudinal";1;0;0;1;0;0;0;0;0;0;1;2;0;0;0
"28/02/2023";"07:06:00";"90";"AC02 - Aci";"173";"BR-116/RJ";"Pista Norte";"Colisão Traseira";1;0;0;1;0;0;0;0;0;0;2;1;0;0;0
"28/02/2023";"08:28:00";"145";"AC03 - Aci";"208";"BR-116/SP";"Pista Sul";"Abalroamento Longitudinal";0;0;0;1;0;1;0;0;0;0;2;0;0;0;0
"28/02/2023";"09:36:00";"191";"AC03 - Aci";"209.899";"BR-116/SP";"Pista Sul";"Colisão Traseira";1;0;0;0;0;1;0;0;0;0;2;0;0;0;0
"28/02/2023";"10:19:00";"210";"AC03 - Aci";"178.800";"BR-116/RJ";"Pista Norte";"Colisão Traseira";2;0;0;0;0;0;0;0;0;0;5;0;0;0;0
"28/02/2023";"10:22:00";"211";"AC03 - Aci";"204.5";"BR-116/SP";"Pista Sul";"Queda de moto";0;0;0;1;0;0;0;0;0;0;1;0;0;0;0
"28/02/2023";"11:33:00";"244";"AC03 - Aci";"302";"BR-116/RJ";"Pista Sul";"Outros";0;0;1;0;0;0;0;0;0;0;1;0;0;0;0
"28/02/2023";"12:42:00";"285";"AC03 - Aci";"310";"BR-116/RJ";"Pista Sul";"Colisão Traseira";1;0;1;0;0;0;0;0;0;0;2;0;0;0;0
"28/02/2023";"01:21:00";"303";"AC03 - Aci";"283.399";"BR-116/RJ";"Pista Sul";"Abalroamento Longitudinal";1;0;1;0;0;0;0;0;0;0;2;0;0;0;0
"28/02/2023";"01:58:00";"321";"AC02 - Aci";"311";"BR-116/RJ";"Pista Norte";"Queda de moto";0;0;0;1;0;0;0;0;0;0;0;1;0;0;0
"28/02/2023";"02:09:00";"327";"AC03 - Aci";"312.899";"BR-116/RJ";"Pista Norte";"Colisão Traseira";1;0;0;0;1;0;0;0;0;0;2;0;0;0;0
"28/02/2023";"02:34:00";"343";"AC03 - Aci";"312.200";"BR-116/RJ";"Pista Norte";"Colisão Traseira";2;0;0;0;0;0;0;0;0;0;2;0;0;0;0
"28/02/2023";"03:25:00";"377";"AC02 - Aci";"59";"BR-116/SP";"Pista Sul";"Queda de moto";0;0;0;1;0;1;0;0;0;0;1;1;0;0;0
"28/02/2023";"03:28:00";"380";"AC02 - Aci";"462";"BR-101/RJ";"Pista Sul";"Abalroamento Longitudinal";1;0;1;0;0;0;0;0;0;0;1;2;0;0;0
"28/02/2023";"04:27:00";"417";"AC03 - Aci";"14";"BR-101/SP";"Pista Sul";"Queda de ribanceira";1;0;0;0;0;0;0;0;0;0;3;0;0;0;0
"28/02/2023";"04:37:00";"422";"AC02 - Aci";"214.800";"BR-116/SP";"Pista Norte";"Engavetamento";3;0;0;0;0;0;0;0;0;0;2;1;0;0;0
"28/02/2023";"05:39:00";"457";"AC02 - Aci";"308";"BR-116/RJ";"Pista Norte";"Colisão Traseira";1;0;1;0;0;0;0;0;0;0;1;3;1;0;0
"28/02/2023";"05:48:00";"459";"AC03 - Aci";"328.700";"BR-116/RJ";"Pista Norte";"Choque em objeto na pista";3;0;0;0;0;0;0;0;0;0;3;0;0;0;0
"28/02/2023";"06:06:00";"470";"AC02 - Aci";"515";"BR-101/RJ";"Pista Sul";"Capotamento";2;0;0;0;0;0;0;0;0;0;0;3;0;0;0
"28/02/2023";"06:09:00";"473";"AC03 - Aci";"157";"BR-116/SP";"Pista Sul";"Colisão Traseira";1;0;0;0;0;1;0;0;0;0;3;0;0;0;0
"28/02/2023";"06:59:00";"509";"AC02 - Aci";"123.099";"BR-116/SP";"Pista Norte";"Engavetamento";1;0;0;1;1;0;0;0;0;0;30;1;0;0;0
"28/02/2023";"08:12:00";"555";"AC02 - Aci";"50";"BR-101/SP";"Pista Norte";"Queda de moto";0;0;0;1;0;0;0;0;0;0;0;1;0;0;0
"28/02/2023";"08:24:00";"562";"AC03 - Aci";"287";"BR-116/RJ";"Pista Sul";"Abalroamento Longitudinal";1;0;2;0;0;0;0;0;0;0;3;0;0;0;0
"28/02/2023";"08:41:00";"575";"AC03 - Aci";"304";"BR-116/RJ";"Pista Norte";"Colisão Traseira";1;0;1;0;0;0;0;0;0;0;2;0;0;0;0
"28/02/2023";"09:18:00";"589";"AC03 - Aci";"221";"BR-116/RJ";"Pista Sul";"Atropelamento de Animal";1;0;0;0;0;0;0;0;0;0;1;0;0;0;0
"28/02/2023";"09:40:00";"599";"AC03 - Aci";"305.399";"BR-116/RJ";"Pista Norte";"Colisão Traseira";0;0;2;0;0;0;0;0;0;0;2;0;0;0;0
"28/02/2023";"10:41:00";"629";"AC03 - Aci";"308.799";"BR-116/RJ";"Pista Sul";"Abalroamento Longitudinal";1;0;1;0;0;0;0;0;0;0;2;0;0;0;0
"28/02/2023";"11:55:00";"654";"AC03 - Aci";"523";"BR-101/RJ";"Pista Sul";"Capotamento";1;0;0;0;0;0;0;0;0;0;1;0;0;0;0
"01/03/2023";"02:29:00";"48";"Acidente s";"230";"BR-116/RJ";"Pista Sul";"Atropelamento de animal";0;0;0;0;0;0;0;0;1;0;2;0;0;0;0
"01/03/2023";"03:02:00";"53";"Acidente c";"168";"BR-116/SP";"Pista Norte";"Colisão traseira";1;0;0;0;0;0;0;0;1;0;0;2;0;0;0
"01/03/2023";"06:18:00";"111";"Acidente c";"481";"BR-101/RJ";"Pista Norte";"Choque em objeto fixo";0;0;0;0;0;0;0;0;1;0;0;1;0;0;0
"01/03/2023";"06:53:00";"138";"Acidente s";"56";"BR-116/SP";"Pista Norte";"Colisão traseira";0;0;0;0;0;0;0;0;1;1;2;0;0;0;0
"01/03/2023";"07:32:00";"169";"Acidente s";"56";"BR-116/SP";"Pista Norte";"Choque em objeto fixo";0;0;0;0;0;0;0;0;1;0;1;0;0;0;0
"01/03/2023";"08:21:00";"206";"Acidente c";"228.3";"BR-116/SP";"Pista Sul";"Abalroamento longitudinal";0;1;0;0;0;0;0;0;1;0;1;1;0;0;0
"01/03/2023";"10:05:00";"279";"Acidente c";"456";"BR-101/RJ";"Pista Norte";"Abalroamento longitudinal";1;1;0;0;0;0;0;0;0;0;3;1;0;0;0
"01/03/2023";"10:20:00";"291";"Acidente c";"411.5";"BR-101/RJ";"Pista Sul";"Colisão traseira";0;1;0;0;0;0;0;0;1;0;1;1;0;0;0
"01/03/2023";"11:24:00";"326";"Acidente s";"168";"BR-116/SP";"Pista Sul";"Choque em objeto fixo";1;0;0;0;0;0;0;0;0;0;1;0;0;0;0
"01/03/2023";"12:14:00";"351";"Acidente s";"57.8";"BR-116/SP";"Pista Sul";"Colisão traseira";0;0;0;0;0;0;0;0;1;1;2;0;0;0;0
"01/03/2023";"12:15:00";"352";"Acidente c";"487";"BR-101/RJ";"Pista Norte";"Abalroamento longitudinal";0;1;0;0;0;0;0;0;1;0;1;1;0;0;0
"01/03/2023";"01:16:00";"379";"Acidente c";"188.5";"BR-116/SP";"Pista Norte";"Colisão traseira";0;1;0;0;0;0;0;0;1;0;1;0;0;1;1
"01/03/2023";"02:11:00";"407";"Atropelame";"233.15";"BR-116/RJ";"Pista Norte";"Atropelamento de pedestre caminhando";0;0;0;0;0;0;0;0;0;0;0;0;0;0;1
"01/03/2023";"03:30:00";"448";"Acidente s";"156.7";"BR-116/SP";"Pista Norte";"Abalroamento longitudinal";1;0;0;0;0;0;0;0;1;0;3;0;0;0;0
"01/03/2023";"03:48:00";"455";"Acidente c";"188.4";"BR-116/SP";"Pista Sul";"Colisão traseira";2;0;0;0;0;0;0;0;0;0;1;1;0;0;0
"01/03/2023";"03:59:00";"466";"Acidente s";"57";"BR-116/SP";"Pista Norte";"Colisão traseira";0;0;0;0;0;0;0;0;2;0;5;2;0;0;0
"01/03/2023";"04:19:00";"477";"Acidente s";"158.4";"BR-116/SP";"Pista Norte";"Colisão traseira";0;0;0;0;0;0;0;0;1;1;2;0;0;0;0
"01/03/2023";"05:27:00";"519";"Acidente c";"220.5";"BR-116/SP";"Pista Norte";"Colisão traseira";1;0;0;0;0;0;0;0;1;0;1;1;0;0;0
"01/03/2023";"07:26:00";"595";"Acidente s";"103.9";"BR-116/SP";"Pista Sul";"Colisão traseira";1;0;0;0;0;1;0;0;0;0;0;0;0;0;0
"01/03/2023";"07:55:00";"608";"Acidente c";"154.3";"BR-116/SP";"Pista Sul";"Colisão traseira";1;0;0;0;0;0;0;0;1;0;1;1;0;0;0
"01/03/2023";"09:17:00";"650";"Acidente c";"153";"BR-116/SP";"Pista Sul";"Queda de moto";0;1;0;0;0;0;0;0;0;0;0;1;0;0;0
"01/03/2023";"10:00:00";"664";"Acidente s";"524.6";"BR-101/RJ";"Pista Norte";"Choque em objeto fixo";0;0;0;0;0;0;0;0;1;0;1;0;0;0;0
"02/03/2023";"05:52:00";"64";"Acidente c";"228";"BR-116/SP";"Pista Sul";"Abalroamento longitudinal";0;1;0;0;0;0;0;0;0;1;1;2;0;0;0
"02/03/2023";"07:16:00";"121";"Acidente c";"35.1";"BR-116/SP";"Pista Norte";"Abalroamento longitudinal";1;0;0;0;0;0;0;0;1;0;2;2;2;0;0
"02/03/2023";"09:01:00";"195";"Acidente c";"131.8";"BR-116/SP";"Pista Sul";"Abalroamento longitudinal";1;1;0;0;0;0;0;0;0;0;2;1;1;0;0
"02/03/2023";"09:38:00";"217";"Acidente s";"219";"BR-116/SP";"Pista Sul";"Abalroamento longitudinal";0;0;0;0;0;0;0;0;2;0;0;0;0;0;0
"02/03/2023";"10:50:00";"259";"Acidente c";"289.7";"BR-116/RJ";"Pista Norte";"Capotamento";0;0;0;0;0;0;0;0;1;0;0;0;1;0;0
"02/03/2023";"12:13:00";"311";"Acidente c";"228.6";"BR-116/RJ";"Pista Norte";"Tombamento";1;0;0;0;0;0;0;0;0;0;0;2;0;0;0
"02/03/2023";"12:22:00";"316";"Acidente s";"420";"BR-101/RJ";"Pista Sul";"Choque em objeto fixo";0;0;0;0;0;0;0;0;1;0;0;0;0;0;0
"02/03/2023";"01:49:00";"370";"Acidente s";"116.6";"BR-116/SP";"Pista Sul";"Colisão traseira";1;0;0;0;0;1;0;0;0;0;5;0;0;0;0
"02/03/2023";"03:30:00";"432";"Acidente c";"35";"BR-101/SP";"Pista Sul";"Abalroamento longitudinal";0;1;0;0;0;0;0;0;1;0;1;1;1;0;0
"02/03/2023";"03:41:00";"436";"Acidente s";"100.15";"BR-116/SP";"Pista Sul";"Colisão traseira";1;1;0;0;0;0;0;0;0;0;3;0;0;0;0
"02/03/2023";"05:14:00";"482";"Acidente s";"233";"BR-116/RJ";"Pista Norte";"Choque em objeto fixo";0;0;0;0;0;0;0;0;1;0;0;0;0;0;0
"02/03/2023";"05:24:00";"491";"Acidente c";"219";"BR-116/SP";"Pista Sul";"Abalroamento longitudinal";0;1;0;0;0;0;0;0;1;0;1;2;0;0;0
"02/03/2023";"05:52:00";"509";"Acidente c";"157.5";"BR-116/SP";"Pista Sul";"Engavetamento";0;0;0;0;0;0;0;0;5;0;7;2;0;0;0
"02/03/2023";"05:58:00";"513";"Acidente s";"157";"BR-116/SP";"Pista Sul";"Colisão traseira";1;0;0;0;0;0;0;0;1;0;2;0;0;0;0
"02/03/2023";"06:14:00";"522";"Acidente s";"116.5";"BR-116/SP";"Pista Sul";"Abalroamento longitudinal";1;0;0;0;0;0;0;0;1;0;3;0;0;0;0
"02/03/2023";"07:48:00";"574";"Acidente s";"557.3";"BR-101/RJ";"Pista Norte";"Choque em defensa";0;0;0;0;0;0;0;0;1;0;2;0;0;0;0
"02/03/2023";"10:08:00";"633";"Atropelame";"238.5";"BR-116/RJ";"Pista Sul";"Atropelamento de pedestre atravessando";0;0;0;0;0;0;0;0;0;1;1;0;0;0;1
"03/03/2023";"02:13:00";"33";"Acidente c";"106.4";"BR-116/SP";"Pista Norte";"Engavetamento";2;0;0;0;0;0;1;0;0;0;3;1;0;0;0
"03/03/2023";"02:16:00";"35";"Acidente c";"218.8";"BR-116/SP";"Pista Sul";"Choque em barreira New Jersey";0;0;0;0;0;0;0;0;1;0;0;1;0;0;0
"03/03/2023";"05:39:00";"62";"Acidente s";"147";"BR-116/SP";"Pista Norte";"Engavetamento";1;0;0;0;0;0;0;0;1;1;3;0;0;0;0
"03/03/2023";"05:53:00";"66";"Acidente c";"217.7";"BR-116/SP";"Pista Sul";"Abalroamento longitudinal";0;0;0;0;0;0;0;0;2;0;4;1;0;0;1
"03/03/2023";"06:29:00";"81";"Acidente c";"219.85";"BR-116/SP";"Pista Sul";"Colisão traseira";0;1;0;0;0;0;0;0;1;0;2;2;0;0;0
"03/03/2023";"06:43:00";"93";"Acidente c";"227";"BR-116/SP";"Pista Sul";"Colisão traseira";0;1;0;0;0;0;0;0;1;0;1;2;0;0;0
"03/03/2023";"07:02:00";"106";"Acidente s";"229";"BR-116/RJ";"Pista Norte";"Choque Talude";1;0;0;0;0;0;0;0;0;0;1;0;0;0;0
"03/03/2023";"07:48:00";"142";"Acidente s";"213.55";"BR-116/SP";"Pista Sul";"Engavetamento";2;0;0;0;0;0;0;0;2;0;7;0;0;0;0
"03/03/2023";"08:02:00";"147";"Acidente s";"229.9";"BR-116/RJ";"Pista Norte";"Abalroamento longitudinal";1;0;0;0;0;0;0;0;2;1;5;0;0;0;0
"03/03/2023";"08:09:00";"151";"Acidente s";"35.7";"BR-116/SP";"Pista Sul";"Abalroamento longitudinal";2;0;0;0;0;0;0;0;0;0;4;0;0;0;0
"03/03/2023";"09:19:00";"197";"Acidente s";"227.9";"BR-116/SP";"Pista Norte";"Choque em defensa";0;0;0;0;0;0;0;0;1;0;1;0;0;0;0
"03/03/2023";"11:55:00";"286";"Acidente s";"61.55";"BR-116/SP";"Pista Sul";"Choque em barreira New Jersey";0;0;0;0;0;0;0;0;1;0;1;0;0;0;0
"03/03/2023";"01:56:00";"342";"Acidente s";"322.8";"BR-116/RJ";"Pista Norte";"Choque em defensa";0;0;0;0;0;0;0;0;1;0;2;0;0;0;0
"03/03/2023";"04:07:00";"421";"Acidente s";"275";"BR-116/RJ";"Pista Norte";"Colisão traseira";0;0;0;0;0;0;0;0;2;0;2;0;0;0;0
"03/03/2023";"04:22:00";"435";"Acidente s";"555";"BR-101/RJ";"Pista Norte";"Colisão traseira";0;0;0;0;0;0;0;0;2;1;4;0;0;0;0
"03/03/2023";"05:10:00";"479";"Acidente c";"320.5";"BR-116/RJ";"Pista Norte";"Choque em barreira New Jersey";0;0;0;0;0;0;0;0;1;0;0;1;0;0;0
"03/03/2023";"05:38:00";"499";"Acidente s";"209.6";"BR-116/SP";"Pista Sul";"Colisão traseira";0;0;0;0;0;0;0;0;2;0;3;0;0;0;0
"03/03/2023";"07:20:00";"562";"Acidente c";"385";"BR-101/RJ";"Pista Norte";"Engavetamento";0;0;0;0;0;0;0;0;1;2;2;1;0;0;0
"03/03/2023";"07:30:00";"564";"Acidente c";"481";"BR-101/RJ";"Pista Sul";"Colisão frontal";0;0;0;0;0;0;0;0;2;0;4;1;0;0;0
"03/03/2023";"10:49:00";"639";"Acidente c";"146";"BR-116/SP";"Pista Norte";"Abalroamento longitudinal";1;1;0;0;0;0;0;0;0;0;1;2;0;0;0
"03/03/2023";"11:36:00";"661";"Acidente s";"137.3";"BR-116/SP";"Pista Sul";"Abalroamento longitudinal";1;0;0;0;0;0;0;0;1;0;2;0;0;0;0
"04/03/2023";"05:28:00";"39";"Acidente c";"227.5";"BR-116/SP";"Pista Sul";"Queda de moto";0;1;0;0;0;0;0;0;0;0;0;0;0;0;1
"04/03/2023";"06:33:00";"56";"Acidente c";"467";"BR-101/RJ";"Pista Norte";"Choque Talude";0;0;0;0;0;0;0;0;1;0;0;1;0;0;0
"04/03/2023";"08:35:00";"132";"Acidente s";"44.6";"BR-116/SP";"Pista Norte";"Colisão traseira";0;0;0;0;0;0;0;0;1;1;5;0;0;0;0
"04/03/2023";"02:34:00";"294";"Acidente c";"205.1";"BR-116/SP";"Pista Norte";"Colisão traseira";0;0;0;0;0;0;0;0;2;0;0;0;2;0;0
"04/03/2023";"03:52:00";"337";"Acidente s";"141.1";"BR-116/SP";"Pista Norte";"Queda de ribanceira";0;0;0;0;0;0;0;0;1;0;1;0;0;0;0
"04/03/2023";"04:10:00";"347";"Acidente s";"517";"BR-101/RJ";"Pista Norte";"Choque em objeto fixo";0;0;0;0;0;0;0;0;1;0;1;0;0;0;0
"04/03/2023";"06:03:00";"392";"Acidente c";"229.15";"BR-116/SP";"Pista Sul";"Abalroamento longitudinal";0;2;0;0;0;0;0;0;0;0;1;2;0;0;0
"04/03/2023";"08:13:00";"469";"Acidente s";"291.4";"BR-116/RJ";"Pista Sul";"Capotamento";0;0;0;0;0;0;0;0;1;0;1;0;0;0;0
"04/03/2023";"08:17:00";"473";"Acidente s";"387.1";"BR-101/RJ";"Pista Norte";"Choque em objeto fixo";0;0;0;0;0;0;0;0;1;0;1;0;0;0;0
"04/03/2023";"09:59:00";"506";"Acidente s";"573";"BR-101/RJ";"Pista Norte";"Choque em objeto fixo";0;0;0;0;0;0;0;0;1;0;1;0;0;0;0
"04/03/2023";"10:23:00";"516";"Atropelame";"230.45";"BR-116/SP";"Pista Sul";"Atropelamento de pedestre caminhando";1;0;0;0;0;0;0;0;0;0;1;1;0;0;0
"04/03/2023";"10:53:00";"522";"Acidente s";"108.2";"BR-116/SP";"Pista Sul";"Colisão traseira";0;0;0;0;0;0;0;0;1;1;2;0;0;0;0
"05/03/2023";"12:24:00";"20";"Acidente s";"208";"BR-116/SP";"Pista Sul";"Outros";0;0;0;0;0;0;0;0;1;0;1;0;0;0;0
"05/03/2023";"12:45:00";"24";"Acidente c";"208.2";"BR-116/SP";"Pista Sul";"Colisão traseira";0;1;0;0;0;0;0;0;1;0;3;2;0;0;0
"05/03/2023";"01:13:00";"34";"Acidente s";"300";"BR-116/RJ";"Pista Sul";"Choque em defensa";1;0;0;0;0;0;0;0;0;0;1;0;0;0;0
"05/03/2023";"02:50:00";"51";"Acidente c";"267";"BR-116/RJ";"Pista Sul";"Choque em barreira New Jersey";0;0;0;0;0;0;0;0;1;0;0;0;1;0;0
"05/03/2023";"03:05:00";"53";"Acidente s";"125.1";"BR-116/SP";"Pista Sul";"Capotamento";0;0;0;0;0;0;0;0;1;0;1;0;0;0;0
"05/03/2023";"06:14:00";"77";"Acidente s";"268.9";"BR-116/RJ";"Pista Sul";"Queda de ribanceira";0;0;0;0;0;0;0;0;1;0;3;0;0;0;0
"05/03/2023";"09:09:00";"125";"Acidente c";"420";"BR-101/RJ";"Pista Norte";"Colisão traseira";0;0;0;0;0;0;0;0;2;0;0;1;1;0;0
"05/03/2023";"11:37:00";"194";"Acidente s";"188.2";"BR-116/SP";"Pista Norte";"Choque em defensa";0;0;0;0;0;0;0;0;1;0;1;0;0;0;0
"05/03/2023";"12:16:00";"215";"Acidente c";"413";"BR-101/RJ";"Pista Norte";"Capotamento";0;0;0;0;0;0;0;0;1;0;1;0;0;1;0
"05/03/2023";"03:58:00";"296";"Acidente s";"64.6";"BR-116/SP";"Pista Sul";"Abalroamento longitudinal";0;0;0;0;0;0;0;0;2;0;2;0;0;0;0
"05/03/2023";"04:02:00";"301";"Acidente s";"147.9";"BR-116/SP";"Pista Norte";"Choque em barreira New Jersey";0;0;0;0;0;0;0;0;1;0;1;0;0;0;0
"05/03/2023";"05:35:00";"348";"Acidente c";"50";"BR-101/SP";"Pista Norte";"Abalroamento longitudinal";0;1;0;0;0;0;0;0;1;0;0;1;0;0;0
"05/03/2023";"06:38:00";"393";"Atropelame";"470";"BR-101/RJ";"Pista Norte";"Atropelamento de pedestre atravessando";0;1;0;0;0;0;0;0;0;0;1;1;0;0;0
"05/03/2023";"06:39:00";"394";"Acidente s";"124.7";"BR-116/SP";"Pista Sul";"Engavetamento";0;0;0;0;0;1;0;0;2;0;7;0;0;0;0
"05/03/2023";"06:55:00";"403";"Acidente c";"490";"BR-101/RJ";"Pista Sul";"Colisão frontal";0;0;0;0;0;0;0;0;2;0;0;0;1;0;0
"05/03/2023";"06:58:00";"404";"Acidente s";"122.5";"BR-116/SP";"Pista Sul";"Outros";0;0;0;0;0;0;0;0;1;0;1;0;0;0;0
"05/03/2023";"07:58:00";"430";"Acidente c";"7.2";"BR-116/SP";"Pista Sul";"Capotamento";0;0;0;0;0;0;0;0;1;0;1;0;1;0;0
"05/03/2023";"09:47:00";"474";"Acidente s";"110";"BR-116/SP";"Pista Norte";"Choque em objeto na pista";0;0;0;0;0;0;0;0;1;0;3;0;0;0;0
"05/03/2023";"10:43:00";"489";"Acidente c";"5";"BR-116/SP";"Pista Norte";"Choque em objeto fixo";0;0;0;0;0;0;0;0;1;0;0;1;0;0;0
"05/03/2023";"10:54:00";"496";"Acidente c";"274";"BR-116/RJ";"Pista Sul";"Queda de moto";0;1;0;0;0;0;0;0;0;0;0;0;1;0;0
"05/03/2023";"11:08:00";"504";"Acidente c";"409";"BR-101/RJ";"Pista Norte";"Colisão traseira";0;1;0;0;0;0;0;0;1;0;0;0;1;0;0
"06/03/2023";"12:43:00";"26";"Acidente s";"98";"BR-116/SP";"Pista Sul";"Colisão traseira";1;0;0;0;0;0;0;0;1;0;5;0;0;0;0
"06/03/2023";"01:37:00";"37";"Acidente s";"228";"BR-116/SP";"Pista Sul";"Choque em defensa";0;0;0;0;0;0;0;0;1;0;1;0;0;0;0
"06/03/2023";"04:10:00";"67";"Acidente s";"330.1";"BR-116/RJ";"Pista Sul";"Atropelamento de animal";1;0;0;0;0;0;0;0;0;0;1;0;0;0;0
"06/03/2023";"05:03:00";"72";"Acidente c";"220.7";"BR-116/SP";"Pista Sul";"Queda de moto";0;1;0;0;0;0;0;0;0;0;0;1;0;0;0
"06/03/2023";"05:55:00";"79";"Acidente c";"212.2";"BR-116/SP";"Pista Sul";"Engavetamento";1;0;0;0;0;1;0;0;1;0;3;1;0;0;0
"06/03/2023";"05:59:00";"81";"Acidente s";"229.05";"BR-116/SP";"Pista Sul";"Colisão traseira";0;0;0;0;0;0;0;0;2;0;2;0;0;0;0
"06/03/2023";"06:07:00";"91";"Acidente s";"182.3";"BR-116/SP";"Pista Norte";"Colisão traseira";2;0;0;0;0;0;0;0;0;0;2;0;0;0;0
"06/03/2023";"06:25:00";"97";"Acidente c";"302";"BR-116/RJ";"Pista Norte";"Queda de Carga";0;1;0;0;0;0;0;0;0;0;0;1;1;0;0
"06/03/2023";"06:57:00";"113";"Acidente s";"185.9";"BR-116/SP";"Pista Norte";"Queda de ribanceira";0;0;0;0;0;0;0;0;1;0;1;0;0;0;0
"06/03/2023";"07:40:00";"142";"Acidente s";"111.2";"BR-116/SP";"Pista Norte";"Abalroamento longitudinal";0;1;0;0;0;0;0;0;0;1;2;0;0;0;0
"06/03/2023";"07:48:00";"147";"Acidente c";"138.87";"BR-116/SP";"Pista Sul";"Abalroamento longitudinal";0;1;0;0;0;0;0;0;2;0;4;0;1;0;0