data;horario;n_da_ocorrencia;tipo_de_ocorrencia;km;trecho;sentido;tipo_de_acidente;automovel;bicicleta;caminhao;moto;onibus;outros;tracao_animal;transporte_de_cargas_especiais;trator_maquinas;utilitarios;ilesos;levemente_feridos;moderadamente_feridos;gravemente_feridos;mortos
"06/03/2023";"07:48:00";"146";"Acidente s";"229.8";"BR-116/RJ";"Pista Norte";"Abalroamento longitudinal";0;0;0;0;0;0;0;0;1;1;2;0;0;0;0
"06/03/2023";"08:54:00";"182";"Acidente s";"417.8";"BR-101/RJ";"Pista Sul";"Engavetamento";0;0;0;1;0;0;0;0;3;0;47;0;0;0;0
"06/03/2023";"09:07:00";"190";"Acidente s";"45.85";"BR-101/SP";"Pista Norte";"Colisão traseira";0;0;0;0;0;0;0;0;2;0;3;0;0;0;0
"06/03/2023";"09:26:00";"200";"Acidente s";"232";"BR-116/RJ";"Pista Norte";"Capotamento";0;0;0;0;0;0;0;0;1;0;1;0;0;0;0
"06/03/2023";"09:42:00";"210";"Acidente s";"232";"BR-116/RJ";"Pista Norte";"Outros";0;0;0;0;0;0;0;0;1;0;1;0;0;0;0
"06/03/2023";"10:33:00";"248";"Acidente s";"226.7";"BR-116/RJ";"Pista Sul";"Choque em objeto fixo";0;0;0;0;0;0;0;0;1;0;1;0;0;0;0
"06/03/2023";"10:36:00";"252";"Acidente s";"226";"BR-116/RJ";"Pista Sul";"Choque em defensa";0;0;0;0;0;0;0;0;1;0;1;0;0;0;0
"06/03/2023";"10:37:00";"253";"Acidente s";"429.5";"BR-101/RJ";"Pista Sul";"Choque em objeto fixo";1;0;0;0;0;0;0;0;0;0;2;0;0;0;0
"06/03/2023";"12:41:00";"313";"Acidente s";"182.3";"BR-116/SP";"Pista Norte";"Colisão traseira";2;0;0;0;0;0;0;0;0;0;2;0;0;0;0
"06/03/2023";"02:43:00";"370";"Acidente c";"222.58";"BR-116/SP";"Pista Norte";"Colisão traseira";0;1;0;0;0;0;0;0;1;0;1;0;1;0;0
"06/03/2023";"02:53:00";"378";"Acidente s";"514";"BR-101/RJ";"Pista Sul";"Choque em objeto fixo";0;0;0;0;0;0;0;0;1;0;1;0;0;0;0
"06/03/2023";"03:21:00";"397";"Acidente s";"121.9";"BR-116/SP";"Pista Sul";"Colisão traseira";1;0;0;0;0;0;0;0;1;0;2;0;0;0;0
"06/03/2023";"04:00:00";"416";"Acidente c";"51";"BR-101/SP";"Pista Sul";"Colisão traseira";0;0;0;1;0;0;0;0;1;0;1;0;1;0;0
"06/03/2023";"04:05:00";"422";"Acidente c";"216.8";"BR-116/RJ";"Pista Sul";"Queda de moto";0;1;0;0;0;0;0;0;0;0;0;0;1;0;0
"06/03/2023";"04:09:00";"426";"Acidente c";"67";"BR-116/SP";"Pista Sul";"Queda de moto";0;1;0;0;0;0;0;0;0;0;0;1;0;0;0
"06/03/2023";"10:22:00";"597";"Acidente c";"161";"BR-116/SP";"Pista Norte";"Queda de moto";0;1;0;0;0;0;0;0;0;0;0;1;0;0;0
"06/03/2023";"11:01:00";"611";"Acidente c";"169";"BR-116/SP";"Pista Sul";"Colisão traseira";1;0;0;0;0;0;0;0;1;0;1;0;1;0;0
"06/03/2023";"11:13:00";"614";"Atropelame";"264.5";"BR-116/RJ";"Pista Sul";"Atropelamento de pedestre atravessando";1;0;0;0;0;0;0;0;0;0;1;1;0;0;0
"07/03/2023";"02:28:00";"43";"Acidente s";"230";"BR-116/SP";"Pista Sul";"Colisão traseira";2;0;0;0;0;0;0;0;0;0;2;0;0;0;0
"07/03/2023";"05:02:00";"57";"Acidente c";"481";"BR-101/RJ";"Pista Norte";"Queda de moto";0;1;0;0;0;0;0;0;0;0;0;1;0;0;0
"07/03/2023";"07:07:00";"115";"Acidente s";"159";"BR-116/SP";"Pista Norte";"Abalroamento longitudinal";0;0;0;0;0;0;0;0;2;0;3;0;0;0;0
"07/03/2023";"11:20:00";"270";"Acidente s";"67";"BR-116/SP";"Pista Sul";"Colisão traseira";0;0;0;0;0;0;0;0;2;0;1;0;0;0;0
"07/03/2023";"11:52:00";"291";"Acidente s";"206.6";"BR-116/SP";"Pista Sul";"Capotamento";0;0;0;0;0;0;0;0;1;1;5;0;0;0;0
"07/03/2023";"01:33:00";"341";"Acidente s";"269";"BR-116/RJ";"Pista Norte";"Choque em objeto fixo";0;0;0;0;0;0;0;0;1;0;0;0;0;0;0
"07/03/2023";"02:44:00";"381";"Acidente s";"429";"BR-101/RJ";"Pista Sul";"Choque em objeto fixo";0;0;0;0;0;0;0;0;1;0;0;0;0;0;0
"07/03/2023";"02:50:00";"385";"Acidente s";"123.1";"BR-116/SP";"Pista Sul";"Choque em objeto na pista";0;0;0;0;0;0;0;0;1;0;1;0;0;0;0
"07/03/2023";"03:05:00";"397";"Acidente s";"230";"BR-116/SP";"Pista Norte";"Abalroamento longitudinal";0;0;0;0;0;0;0;0;2;1;3;0;0;0;0
"07/03/2023";"04:12:00";"426";"Acidente s";"103.4";"BR-116/SP";"Pista Norte";"Engavetamento";2;0;0;0;0;0;0;0;1;0;4;0;0;0;0
"07/03/2023";"04:18:00";"429";"Acidente c";"482.6";"BR-101/RJ";"Pista Norte";"Queda de moto";0;1;0;0;0;0;0;0;0;0;0;2;0;0;0
"07/03/2023";"04:58:00";"446";"Atropelame";"50.8";"BR-101/SP";"Pista Norte";"Atropelamento de pedestre atravessando";0;1;1;0;0;0;0;0;0;0;1;1;1;0;0
"07/03/2023";"05:28:00";"460";"Acidente c";"233";"BR-116/RJ";"Pista Norte";"Queda de moto";0;1;0;0;0;0;0;0;0;0;0;2;0;0;0
"07/03/2023";"05:32:00";"464";"Acidente c";"157.3";"BR-116/SP";"Pista Sul";"Colisão traseira";0;1;0;0;0;0;0;0;1;0;1;0;1;0;0
"07/03/2023";"05:59:00";"481";"Acidente s";"41";"BR-116/SP";"Pista Norte";"Choque em objeto fixo";0;0;0;0;0;0;0;0;1;0;1;0;0;0;0
"07/03/2023";"08:46:00";"550";"Atropelame";"385.9";"BR-101/RJ";"Pista Sul";"Atropelamento de pedestre atravessando";0;0;0;0;0;0;0;0;0;1;1;0;0;0;1
"07/03/2023";"10:06:00";"570";"Acidente c";"459";"BR-101/RJ";"Pista Sul";"Capotamento";0;0;0;0;0;0;0;0;1;0;0;0;1;0;0
"08/03/2023";"03:40:00";"44";"Acidente s";"400";"BR-101/RJ";"Pista Norte";"Atropelamento de animal";0;0;0;0;0;0;0;0;1;0;1;0;0;0;0
"08/03/2023";"09:10:00";"156";"Acidente c";"542";"BR-101/RJ";"Pista Norte";"Abalroamento longitudinal";0;1;0;0;0;0;0;0;1;0;1;1;0;0;0
"08/03/2023";"10:20:00";"207";"Acidente s";"83.6";"BR-116/SP";"Pista Norte";"Choque em objeto fixo";1;0;0;0;0;0;0;0;0;0;2;0;0;0;0
"08/03/2023";"10:25:00";"212";"Acidente c";"211.15";"BR-116/SP";"Pista Norte";"Engavetamento";0;1;0;1;0;0;0;0;2;0;11;2;0;0;0
"08/03/2023";"10:28:00";"213";"Acidente c";"110.4";"BR-116/SP";"Pista Norte";"Abalroamento longitudinal";1;0;0;0;0;0;0;0;1;0;1;2;0;0;0
"08/03/2023";"10:56:00";"225";"Atropelame";"45";"BR-101/SP";"Pista Sul";"Atropelamento de pedestre atravessando";0;0;1;0;0;0;0;0;1;0;0;1;0;0;0
"08/03/2023";"11:25:00";"243";"Acidente c";"85.1";"BR-116/SP";"Pista Sul";"Tombamento";1;0;0;0;0;0;0;0;0;0;0;0;1;0;0
"08/03/2023";"12:40:00";"282";"Acidente c";"424";"BR-101/RJ";"Pista Norte";"Engavetamento";0;0;0;1;0;0;1;0;1;1;1;1;0;0;0
"08/03/2023";"01:21:00";"298";"Acidente c";"194";"BR-116/SP";"Pista Sul";"Queda de moto";0;1;0;0;0;0;0;0;0;0;0;1;0;0;0
"08/03/2023";"01:51:00";"310";"Acidente c";"138.8";"BR-116/SP";"Pista Norte";"Engavetamento";0;0;0;0;0;0;0;0;3;0;2;2;0;0;0
"08/03/2023";"03:15:00";"348";"Acidente s";"250.4";"BR-116/RJ";"Pista Norte";"Colisão traseira";1;0;0;0;0;0;0;0;1;0;0;0;0;0;0
"08/03/2023";"03:20:00";"350";"Acidente c";"230";"BR-116/SP";"Pista Sul";"Colisão traseira";0;1;0;0;0;0;0;0;1;0;1;1;0;0;0
"08/03/2023";"05:39:00";"423";"Acidente s";"219.1";"BR-116/SP";"Pista Sul";"Engavetamento";0;0;0;0;0;0;0;0;3;0;3;0;0;0;0
"08/03/2023";"06:01:00";"436";"Acidente s";"228";"BR-116/SP";"Pista Sul";"Choque em defensa";0;0;0;0;0;0;0;0;1;0;2;0;0;0;0
"08/03/2023";"06:07:00";"442";"Acidente c";"504";"BR-101/RJ";"Pista Sul";"Abalroamento longitudinal";0;1;0;0;0;0;1;0;0;0;1;0;1;0;0
"08/03/2023";"06:27:00";"456";"Acidente c";"107.2";"BR-116/SP";"Pista Sul";"Queda de moto";0;1;0;0;0;0;0;0;0;0;0;0;1;0;0
"08/03/2023";"06:53:00";"472";"Acidente s";"230";"BR-116/SP";"Pista Sul";"Choque em defensa";0;0;0;0;0;1;0;0;0;0;1;0;0;0;0
"08/03/2023";"07:28:00";"501";"Acidente s";"157.5";"BR-116/SP";"Pista Sul";"Colisão traseira";0;0;0;0;0;0;0;0;1;1;4;0;0;0;0
"08/03/2023";"11:58:00";"575";"Acidente c";"575";"BR-101/RJ";"Pista Sul";"Queda de moto";0;1;0;0;0;0;0;0;0;0;1;1;0;0;0
"09/03/2023";"05:24:00";"58";"Acidente s";"181.4";"BR-116/SP";"Pista Sul";"Abalroamento longitudinal";1;0;0;0;0;0;0;0;1;0;3;0;0;0;0
"09/03/2023";"07:23:00";"120";"Acidente c";"208.2";"BR-116/SP";"Pista Sul";"Engavetamento";1;2;0;0;0;0;0;0;0;0;1;4;0;0;0
"09/03/2023";"07:24:00";"121";"Acidente s";"278";"BR-116/RJ";"Pista Norte";"Colisão traseira";1;0;0;0;0;0;0;0;0;1;2;0;0;0;0
"09/03/2023";"07:35:00";"131";"Acidente c";"219.9";"BR-116/SP";"Pista Sul";"Queda de moto";0;1;0;0;0;0;0;0;1;0;1;1;0;0;0
"09/03/2023";"07:42:00";"137";"Acidente c";"105";"BR-116/SP";"Pista Sul";"Abalroamento longitudinal";1;1;0;0;0;0;0;0;1;0;2;0;0;0;1
"09/03/2023";"07:47:00";"140";"Acidente c";"229.85";"BR-116/SP";"Pista Sul";"Queda de moto";0;1;0;0;0;0;0;0;0;0;2;1;0;1;0
"09/03/2023";"08:11:00";"152";"Acidente c";"575";"BR-101/RJ";"Pista Norte";"Abalroamento longitudinal";1;1;0;0;0;0;0;0;0;0;1;1;0;0;0
"09/03/2023";"08:53:00";"182";"Acidente c";"183.1";"BR-116/SP";"Pista Sul";"Choque em defensa";0;0;0;0;0;0;0;0;1;0;0;1;0;0;0
"09/03/2023";"09:41:00";"202";"Acidente s";"67";"BR-116/SP";"Pista Sul";"Colisão traseira";0;0;0;0;0;0;0;0;1;1;0;0;0;0;0
"09/03/2023";"09:47:00";"205";"Acidente c";"228";"BR-116/SP";"Pista Sul";"Colisão traseira";0;0;0;0;0;0;0;0;2;0;2;0;1;0;0
"09/03/2023";"10:01:00";"214";"Acidente s";"225";"BR-116/SP";"Pista Sul";"Engavetamento";1;0;0;0;0;0;1;0;2;0;4;0;0;0;0
"09/03/2023";"12:01:00";"279";"Acidente c";"222.1";"BR-116/SP";"Pista Sul";"Queda de moto";0;1;0;0;0;0;0;0;0;1;1;1;0;0;0
"09/03/2023";"12:35:00";"298";"Acidente s";"228";"BR-116/RJ";"Pista Sul";"Choque em objeto fixo";0;0;0;0;0;0;0;0;1;0;1;0;0;0;0
"09/03/2023";"04:24:00";"424";"Acidente c";"228";"BR-116/RJ";"Pista Sul";"Engavetamento";2;0;0;0;0;0;0;0;1;0;3;2;0;0;0
"09/03/2023";"04:59:00";"439";"Acidente s";"388.4";"BR-101/RJ";"Pista Sul";"Capotamento";0;0;0;0;0;0;0;0;2;0;2;0;0;0;0
"09/03/2023";"05:32:00";"461";"Acidente s";"154.4";"BR-116/SP";"Pista Sul";"Choque em objeto fixo";0;0;0;0;0;0;0;0;1;0;2;0;0;0;0
"09/03/2023";"05:40:00";"468";"Acidente s";"231";"BR-116/SP";"Pista Sul";"Engavetamento";0;0;0;0;0;0;0;0;1;2;3;0;0;0;0
"09/03/2023";"06:50:00";"501";"Acidente s";"220.3";"BR-116/SP";"Pista Norte";"Colisão traseira";0;0;0;0;0;0;0;0;1;1;2;0;0;0;0
"09/03/2023";"07:04:00";"511";"Acidente s";"236";"BR-116/RJ";"Pista Norte";"Abalroamento longitudinal";2;0;0;0;0;0;0;0;0;0;2;0;0;0;0
"09/03/2023";"09:46:00";"591";"Acidente s";"23.6";"BR-116/SP";"Pista Norte";"Choque em objeto fixo";1;0;0;0;0;0;0;0;0;0;1;0;0;0;0
"09/03/2023";"11:33:00";"624";"Acidente s";"229.3";"BR-116/SP";"Pista Norte";"Choque em objeto fixo";0;0;0;0;0;0;0;0;1;0;1;0;0;0;0
"09/03/2023";"11:36:00";"626";"Acidente s";"336";"BR-116/RJ";"Pista Norte";"Choque em objeto fixo";0;0;0;0;0;0;0;0;1;0;1;0;0;0;0
"10/03/2023";"01:53:00";"45";"Acidente s";"179.5";"BR-116/SP";"Pista Sul";"Atropelamento de animal";0;0;0;0;0;0;0;0;1;0;2;0;0;0;0
"10/03/2023";"02:22:00";"52";"Acidente s";"135.5";"BR-116/SP";"Pista Sul";"Choque em objeto na pista";0;0;0;0;0;0;0;0;1;0;4;0;0;0;0
"10/03/2023";"02:57:00";"62";"Acidente s";"172.7";"BR-116/SP";"Pista Sul";"Choque em objeto fixo";0;0;0;0;0;0;0;0;1;0;2;0;0;0;0
"10/03/2023";"04:24:00";"77";"Acidente s";"127.55";"BR-116/SP";"Pista Norte";"Atropelamento de animal";0;0;0;0;0;0;0;0;1;0;2;0;0;0;0
"10/03/2023";"06:42:00";"118";"Acidente s";"202";"BR-116/SP";"Pista Norte";"Abalroamento longitudinal";1;0;0;0;0;0;0;0;1;0;2;0;0;0;0
"10/03/2023";"07:39:00";"157";"Atropelame";"47.007";"BR-101/SP";"Pista Norte";"Atropelamento de pedestre atravessando";0;0;1;0;0;0;0;0;1;0;2;1;0;0;0
"10/03/2023";"07:52:00";"169";"Acidente s";"229";"BR-116/SP";"Pista Sul";"Colisão traseira";0;0;0;0;0;1;0;0;1;0;2;0;0;0;0
"10/03/2023";"08:06:00";"184";"Acidente c";"144.7";"BR-116/SP";"Pista Sul";"Queda de moto";0;1;0;0;0;0;0;0;0;0;0;2;0;0;0
"10/03/2023";"08:45:00";"207";"Acidente s";"41.7";"BR-101/SP";"Pista Norte";"Colisão traseira";1;0;0;0;0;0;0;0;1;0;2;0;0;0;0
"10/03/2023";"09:46:00";"254";"Acidente c";"220.5";"BR-116/SP";"Pista Sul";"Colisão traseira";0;1;0;0;0;0;0;0;1;0;1;1;0;0;0
"10/03/2023";"09:46:00";"253";"Acidente s";"497.5";"BR-101/RJ";"Pista Sul";"Engavetamento";0;0;0;0;0;0;0;0;2;1;6;0;0;0;0
"10/03/2023";"10:10:00";"270";"Acidente c";"274.1";"BR-116/RJ";"Pista Sul";"Choque em barreira New Jersey";0;0;0;0;0;0;0;0;1;0;0;1;0;0;0
"10/03/2023";"10:10:00";"269";"Acidente c";"144.15";"BR-116/SP";"Pista Sul";"Choque em defensa";1;0;0;0;0;0;0;0;0;0;0;0;0;0;1
"10/03/2023";"12:59:00";"366";"Acidente s";"525.5";"BR-101/RJ";"Pista Sul";"Abalroamento longitudinal";0;0;0;0;0;0;1;0;1;0;0;0;0;0;0
"10/03/2023";"01:34:00";"388";"Acidente c";"224.2";"BR-116/SP";"Pista Norte";"Colisão traseira";0;1;0;0;0;0;0;0;1;0;1;1;0;0;0
"10/03/2023";"01:54:00";"402";"Acidente c";"67";"BR-116/SP";"Pista Sul";"Colisão traseira";1;0;0;0;0;0;0;0;2;0;0;2;1;0;0
"10/03/2023";"02:55:00";"435";"Acidente c";"276.6";"BR-116/RJ";"Pista Sul";"Abalroamento longitudinal";0;1;0;0;0;0;0;0;1;0;2;1;0;0;0
"10/03/2023";"04:04:00";"485";"Acidente s";"201";"BR-116/SP";"Pista Norte";"Choque em objeto fixo";0;0;0;0;0;0;0;0;1;0;1;0;0;0;0
"10/03/2023";"05:37:00";"542";"Acidente s";"155";"BR-116/SP";"Pista Norte";"Colisão traseira";1;0;0;0;0;0;0;0;1;0;4;0;0;0;0
"10/03/2023";"06:10:00";"561";"Acidente s";"149.4";"BR-116/SP";"Pista Norte";"Engavetamento";0;0;0;0;0;0;0;0;3;0;4;0;0;0;0
"10/03/2023";"06:12:00";"564";"Acidente s";"1.4";"BR-101/SP";"Pista Norte";"Choque em objeto fixo";1;0;0;0;0;0;0;0;0;0;0;0;0;0;0
"10/03/2023";"09:10:00";"674";"Acidente s";"20.9";"BR-101/SP";"Pista Sul";"Choque em objeto fixo";0;0;0;0;0;0;0;0;1;0;1;0;0;0;0
"10/03/2023";"09:36:00";"687";"Acidente s";"222.4";"BR-116/SP";"Pista Sul";"Abalroamento longitudinal";1;0;0;1;0;0;0;0;1;0;3;0;0;0;0
"10/03/2023";"09:43:00";"690";"Acidente s";"125";"BR-116/SP";"Pista Norte";"Colisão traseira";0;0;0;0;0;0;0;0;1;1;3;0;0;0;0
"10/03/2023";"09:53:00";"697";"Acidente s";"202";"BR-116/SP";"Pista Sul";"Colisão traseira";1;0;0;0;0;0;0;0;0;1;2;0;0;0;0
"10/03/2023";"10:02:00";"699";"Acidente s";"482";"BR-101/RJ";"Pista Norte";"Abalroamento longitudinal";0;0;0;0;0;0;0;0;1;1;2;0;0;0;0
"10/03/2023";"11:34:00";"741";"Acidente s";"210.5";"BR-116/SP";"Pista Norte";"Colisão traseira";0;0;0;0;0;0;0;0;1;1;4;0;0;0;0
"10/03/2023";"11:42:00";"746";"Acidente c";"582";"BR-101/RJ";"Pista Sul";"Queda de moto";0;1;0;0;0;0;0;0;0;0;0;0;0;1;0
"10/03/2023";"11:44:00";"748";"Acidente s";"50";"BR-101/SP";"Pista Norte";"Abalroamento longitudinal";0;1;0;0;0;0;0;0;1;0;2;0;0;0;0
"11/03/2023";"12:15:00";"17";"Acidente c";"483";"BR-101/RJ";"Pista Norte";"Colisão traseira";0;1;0;0;0;0;0;0;0;1;1;1;1;0;0
"11/03/2023";"02:05:00";"48";"Acidente s";"524";"BR-101/RJ";"Pista Sul";"Choque em objeto fixo";0;0;0;0;0;0;0;0;1;0;1;0;0;0;0
"11/03/2023";"03:01:00";"60";"Acidente s";"212";"BR-116/SP";"Pista Norte";"Colisão traseira";0;0;0;0;0;0;0;0;1;1;4;0;0;0;0
"11/03/2023";"08:34:00";"157";"Acidente c";"103.1";"BR-116/SP";"Pista Sul";"Queda de moto";0;1;0;0;0;0;0;0;0;0;0;0;2;0;0
"11/03/2023";"10:11:00";"220";"Acidente s";"384";"BR-101/RJ";"Pista Sul";"Colisão traseira";0;0;0;0;0;0;0;0;2;0;0;0;0;0;0
"11/03/2023";"10:38:00";"237";"Acidente s";"228.3";"BR-116/RJ";"Pista Sul";"Colisão traseira";0;0;0;0;0;0;0;0;2;0;0;0;0;0;0
"11/03/2023";"12:32:00";"290";"Acidente s";"124.95";"BR-116/SP";"Pista Norte";"Colisão traseira";1;0;0;0;0;0;0;0;1;0;2;0;0;0;0
"11/03/2023";"01:11:00";"309";"Acidente s";"123";"BR-116/SP";"Pista Norte";"Abalroamento longitudinal";0;0;0;0;0;0;0;0;1;1;3;0;0;0;0
"11/03/2023";"03:00:00";"351";"Acidente c";"135";"BR-116/SP";"Pista Norte";"Colisão traseira";1;0;0;0;0;0;0;0;0;1;1;0;1;0;0
"11/03/2023";"03:07:00";"358";"Acidente s";"482.5";"BR-101/RJ";"Pista Norte";"Colisão traseira";0;1;0;0;0;0;0;0;0;1;1;0;0;0;0
"11/03/2023";"05:35:00";"427";"Acidente c";"222.68";"BR-116/SP";"Pista Norte";"Abalroamento longitudinal";0;1;0;0;0;0;0;0;1;0;1;0;1;0;0
"11/03/2023";"06:34:00";"452";"Acidente s";"557";"BR-101/RJ";"Pista Norte";"Choque em defensa";0;0;0;0;0;0;0;0;1;0;1;0;0;0;0
"11/03/2023";"07:27:00";"468";"Acidente s";"296";"BR-116/RJ";"Pista Sul";"Choque em objeto fixo";0;0;0;0;0;0;0;0;1;0;1;0;0;0;0
"11/03/2023";"07:39:00";"474";"Acidente c";"421.5";"BR-101/RJ";"Pista Norte";"Queda de moto";0;1;0;0;0;0;0;0;0;0;0;0;1;0;0
"11/03/2023";"08:20:00";"490";"Acidente c";"384";"BR-101/RJ";"Pista Norte";"Capotamento";0;0;0;0;0;0;0;0;1;0;0;0;0;0;1
"11/03/2023";"08:26:00";"496";"Acidente s";"381";"BR-101/RJ";"Pista Norte";"Choque em barreira New Jersey";0;0;0;0;0;0;1;0;0;0;1;0;0;0;0
"11/03/2023";"08:50:00";"514";"Acidente s";"583";"BR-101/RJ";"Pista Norte";"Choque em objeto fixo";0;0;0;0;0;0;0;0;1;0;1;0;0;0;0
"11/03/2023";"09:24:00";"523";"Acidente s";"423";"BR-101/RJ";"Pista Norte";"Colisão traseira";1;0;0;0;0;0;0;0;1;0;2;0;0;0;0
"11/03/2023";"10:00:00";"539";"Acidente s";"51.2";"BR-116/SP";"Pista Norte";"Abalroamento longitudinal";1;0;0;0;0;0;0;0;0;1;2;0;0;0;0
"11/03/2023";"10:47:00";"551";"Atropelame";"145.3";"BR-116/SP";"Pista Norte";"Atropelamento de pedestre atravessando";0;0;0;0;0;0;0;0;1;0;1;1;0;0;0
"11/03/2023";"11:45:00";"562";"Acidente s";"215.6";"BR-116/SP";"Pista Norte";"Choque em barreira New Jersey";0;0;0;0;0;0;0;0;1;0;2;0;0;0;0
"12/03/2023";"02:52:00";"46";"Acidente c";"268.4";"BR-116/RJ";"Pista Sul";"Choque em defensa";0;0;0;0;0;0;0;0;1;0;0;1;0;0;0
"12/03/2023";"04:41:00";"58";"Acidente c";"227";"BR-116/SP";"Pista Sul";"Colisão traseira";1;0;0;0;0;0;0;0;1;0;1;1;0;0;0
"12/03/2023";"04:45:00";"61";"Acidente s";"39";"BR-116/SP";"Pista Norte";"Choque em objeto fixo";0;0;0;0;0;0;0;0;1;0;2;0;0;0;0
"12/03/2023";"06:26:00";"81";"Acidente s";"162.2";"BR-116/SP";"Pista Norte";"Choque em objeto na pista";0;0;0;0;0;0;0;0;1;0;1;0;0;0;0
"12/03/2023";"07:49:00";"114";"Acidente c";"231.9";"BR-116/RJ";"Pista Norte";"Choque em barreira New Jersey";1;0;0;0;0;0;0;0;0;0;0;1;0;0;0
"12/03/2023";"11:09:00";"175";"Acidente c";"72";"BR-116/SP";"Pista Sul";"Colisão traseira";0;0;0;0;0;0;0;0;2;0;3;1;0;0;0
"12/03/2023";"03:29:00";"270";"Acidente s";"264.5";"BR-116/RJ";"Pista Norte";"Abalroamento longitudinal";0;0;0;0;0;0;0;0;1;1;1;0;0;0;0
"12/03/2023";"04:01:00";"291";"Acidente c";"236";"BR-116/RJ";"Pista Norte";"Engavetamento";0;0;0;0;0;0;0;0;1;2;2;1;0;0;0
"12/03/2023";"04:04:00";"292";"Acidente s";"94.5";"BR-116/SP";"Pista Sul";"Abalroamento longitudinal";0;0;0;0;0;0;0;0;3;1;7;0;0;0;0
"12/03/2023";"04:24:00";"305";"Acidente s";"100.1";"BR-116/SP";"Pista Sul";"Colisão traseira";0;0;0;0;0;0;0;0;1;1;2;0;0;0;0
"12/03/2023";"04:27:00";"306";"Acidente c";"502";"BR-101/RJ";"Pista Norte";"Colisão frontal";0;0;0;0;0;0;0;0;2;0;0;0;2;0;0
"12/03/2023";"04:44:00";"314";"Acidente s";"208.1";"BR-116/SP";"Pista Sul";"Engavetamento";0;0;0;0;0;0;0;0;4;1;0;0;0;0;0
"12/03/2023";"05:39:00";"341";"Acidente s";"506";"BR-101/RJ";"Pista Norte";"Colisão traseira";0;1;0;0;0;0;0;0;1;0;2;0;0;0;0
"12/03/2023";"05:41:00";"343";"Acidente s";"267.2";"BR-116/RJ";"Pista Norte";"Choque em barreira New Jersey";0;0;0;0;0;0;0;0;1;0;1;0;0;0;0
"12/03/2023";"06:01:00";"351";"Acidente s";"141.2";"BR-116/SP";"Pista Sul";"Abalroamento longitudinal";0;0;0;0;0;0;0;0;1;0;1;0;0;0;0
"12/03/2023";"06:02:00";"353";"Acidente s";"437";"BR-101/RJ";"Pista Norte";"Choque em defensa";0;0;0;0;0;0;0;0;1;0;1;0;0;0;0
"12/03/2023";"06:11:00";"355";"Acidente c";"565";"BR-101/RJ";"Pista Norte";"Choque em objeto fixo";0;0;0;0;0;0;0;0;1;0;0;4;1;0;0
"12/03/2023";"07:22:00";"394";"Acidente s";"2";"BR-101/SP";"Pista Norte";"Choque em objeto fixo";0;0;0;0;0;0;0;0;1;0;1;0;0;0;0
"12/03/2023";"07:58:00";"406";"Acidente c";"387";"BR-101/RJ";"Pista Sul";"Colisão traseira";0;0;0;0;0;0;0;0;2;0;1;2;0;0;0
"12/03/2023";"08:24:00";"414";"Acidente c";"576";"BR-101/RJ";"Pista Norte";"Abalroamento longitudinal";0;1;0;0;0;0;0;0;0;1;1;1;0;0;0
"12/03/2023";"09:23:00";"434";"Acidente s";"166.8";"BR-116/SP";"Pista Sul";"Choque em barreira New Jersey";0;0;0;0;0;0;0;0;1;0;2;0;0;0;0
"12/03/2023";"09:58:00";"446";"Acidente s";"117.3";"BR-116/SP";"Pista Norte";"Choque em objeto fixo";0;0;0;0;0;0;0;0;1;0;1;0;0;0;0
"12/03/2023";"10:11:00";"452";"Acidente s";"267.1";"BR-116/RJ";"Pista Sul";"Abalroamento longitudinal";0;0;0;0;0;0;0;0;2;0;3;0;0;0;0
"12/03/2023";"11:23:00";"473";"Acidente s";"595";"BR-101/RJ";"Pista Norte";"Choque em objeto fixo";0;0;0;0;0;0;0;0;1;0;1;0;0;0;0
"12/03/2023";"11:27:00";"475";"Acidente s";"476";"BR-101/RJ";"Pista Norte";"Capotamento";0;0;0;0;0;0;0;0;1;0;1;0;0;0;0
"13/03/2023";"01:09:00";"25";"Acidente s";"277.9";"BR-116/RJ";"Pista Norte";"Choque em barreira New Jersey";0;0;0;0;0;0;0;0;1;0;1;0;0;0;0
"13/03/2023";"02:42:00";"35";"Acidente c";"319.8";"BR-116/RJ";"Pista Norte";"Colisão traseira";2;0;0;0;0;0;0;0;0;0;1;0;1;0;0
"13/03/2023";"05:18:00";"47";"Acidente s";"453";"BR-101/RJ";"Pista Sul";"Capotamento";0;0;0;0;0;0;0;0;1;0;1;0;0;0;0
"13/03/2023";"06:29:00";"73";"Acidente c";"206.35";"BR-116/SP";"Pista Sul";"Abalroamento longitudinal";0;1;0;0;0;0;0;0;1;0;1;1;0;0;0
"13/03/2023";"07:32:00";"113";"Atropelame";"282.1";"BR-116/RJ";"Pista Sul";"Atropelamento de pedestre atravessando";0;0;0;0;0;1;0;0;0;0;0;1;0;0;1
"13/03/2023";"08:00:00";"133";"Acidente c";"225.5";"BR-116/SP";"Pista Sul";"Colisão traseira";0;1;0;0;0;0;0;0;1;0;0;3;0;0;0
"13/03/2023";"08:55:00";"160";"Acidente s";"233.6";"BR-116/RJ";"Pista Norte";"Colisão traseira";1;0;0;0;0;0;0;0;1;0;2;0;0;0;0
"13/03/2023";"10:26:00";"212";"Acidente c";"223";"BR-116/SP";"Pista Sul";"Abalroamento longitudinal";1;0;0;0;0;0;0;0;0;1;1;1;0;0;0