data;horario;n_da_ocorrencia;tipo_de_ocorrencia;km;trecho;sentido;tipo_de_acidente;automovel;bicicleta;caminhao;moto;onibus;outros;tracao_animal;transporte_de_cargas_especiais;trator_maquinas;utilitarios;ilesos;levemente_feridos;moderadamente_feridos;gravemente_feridos;mortos
"13/03/2023";"05:02:00";"396";"Acidente s";"145";"BR-116/SP";"Pista Norte";"Colisão traseira";2;0;0;0;0;0;0;0;0;0;4;0;0;0;0
"13/03/2023";"05:57:00";"418";"Acidente s";"127";"BR-116/SP";"Pista Sul";"Abalroamento longitudinal";0;1;0;0;0;0;0;0;1;0;2;0;0;0;0
"13/03/2023";"07:29:00";"457";"Acidente s";"145.8";"BR-116/SP";"Pista Norte";"Abalroamento longitudinal";1;0;0;0;0;0;0;0;1;0;2;0;0;0;0
"13/03/2023";"10:36:00";"524";"Acidente c";"53";"BR-116/SP";"Pista Sul";"Abalroamento longitudinal";0;0;0;0;0;0;0;0;2;0;1;1;0;0;0
"14/03/2023";"03:50:00";"39";"Acidente c";"107";"BR-116/SP";"Pista Norte";"Colisão traseira";1;0;0;0;0;0;1;0;0;0;1;0;1;0;0
"14/03/2023";"07:43:00";"126";"Acidente c";"223.5";"BR-116/SP";"Pista Sul";"Colisão traseira";0;1;0;0;0;0;0;0;1;0;1;1;0;0;0
"14/03/2023";"08:17:00";"145";"Acidente c";"277.75";"BR-116/RJ";"Pista Sul";"Colisão traseira";2;0;0;0;0;0;0;0;0;0;1;1;0;0;0
"14/03/2023";"10:33:00";"231";"Atropelame";"70.7";"BR-116/SP";"Pista Norte";"Atropelamento de pedestre caminhando";0;0;0;0;0;0;0;0;1;0;1;0;1;0;0
"14/03/2023";"10:44:00";"234";"Acidente s";"387.9";"BR-101/RJ";"Pista Sul";"Colisão traseira";0;0;0;0;0;0;0;0;2;0;2;0;0;0;0
"14/03/2023";"11:54:00";"260";"Acidente s";"137.3";"BR-116/SP";"Pista Norte";"Choque em defensa";0;0;0;0;0;0;0;0;2;0;2;0;0;0;0
"14/03/2023";"01:44:00";"317";"Acidente s";"219.65";"BR-116/SP";"Pista Norte";"Colisão traseira";0;1;0;0;0;0;0;0;0;1;2;0;0;0;0
"14/03/2023";"02:48:00";"354";"Acidente c";"384";"BR-101/RJ";"Pista Norte";"Colisão traseira";0;1;0;0;0;0;0;0;1;0;1;1;0;0;0
"14/03/2023";"07:24:00";"502";"Acidente s";"152";"BR-116/SP";"Pista Norte";"Engavetamento";0;0;0;0;0;0;0;0;1;2;3;0;0;0;0
"14/03/2023";"07:43:00";"516";"Acidente s";"213.9";"BR-116/SP";"Pista Norte";"Colisão traseira";0;0;0;0;0;0;0;0;2;0;2;0;0;0;0
"14/03/2023";"07:45:00";"519";"Acidente s";"95.38";"BR-116/SP";"Pista Sul";"Engavetamento";0;0;0;0;0;0;0;0;2;1;4;0;0;0;0
"14/03/2023";"10:46:00";"588";"Acidente s";"295.8";"BR-116/RJ";"Pista Sul";"Tombamento";1;0;0;0;0;0;0;0;0;0;1;0;0;0;0
"15/03/2023";"12:57:00";"16";"Acidente c";"223";"BR-116/SP";"Pista Norte";"Colisão frontal";0;1;0;0;0;0;0;0;1;0;1;1;0;0;0
"15/03/2023";"01:08:00";"18";"Acidente s";"204.8";"BR-116/SP";"Pista Sul";"Choque em barreira New Jersey";0;0;0;0;0;0;0;0;1;0;1;0;0;0;0
"15/03/2023";"03:06:00";"42";"Acidente s";"23.1";"BR-116/SP";"Pista Norte";"Colisão traseira";3;0;0;0;0;0;0;0;0;0;3;0;0;0;0
"15/03/2023";"06:01:00";"73";"Atropelame";"147";"BR-116/SP";"Pista Norte";"Atropelamento de pedestre atravessando";0;0;1;0;0;0;0;0;1;0;1;0;1;0;0
"15/03/2023";"06:54:00";"97";"Acidente c";"1";"BR-116/SP";"Pista Norte";"Colisão traseira";1;0;0;0;0;0;0;0;1;0;1;1;0;0;0
"15/03/2023";"07:07:00";"104";"Acidente s";"200.9";"BR-116/SP";"Pista Norte";"Colisão traseira";1;0;0;0;0;0;0;0;1;0;4;0;0;0;0
"15/03/2023";"11:54:00";"277";"Acidente s";"486";"BR-101/RJ";"Pista Sul";"Abalroamento longitudinal";1;1;0;0;0;0;0;0;0;0;2;0;0;0;0
"15/03/2023";"12:46:00";"304";"Atropelame";"433";"BR-101/RJ";"Pista Norte";"Atropelamento de pedestre atravessando";0;0;1;0;0;0;0;0;1;0;1;1;0;0;0
"15/03/2023";"01:05:00";"314";"Acidente s";"109";"BR-116/SP";"Pista Norte";"Engavetamento";2;0;0;0;0;0;0;0;1;2;5;0;0;0;0
"15/03/2023";"04:33:00";"426";"Acidente c";"220.4";"BR-116/SP";"Pista Norte";"Abalroamento longitudinal";0;1;0;0;0;0;0;0;1;0;1;1;0;0;0
"15/03/2023";"04:46:00";"433";"Acidente s";"46";"BR-101/SP";"Pista Sul";"Engavetamento";0;0;0;0;0;0;0;0;3;0;3;0;0;0;0
"15/03/2023";"05:03:00";"440";"Acidente s";"205";"BR-116/SP";"Pista Norte";"Abalroamento longitudinal";1;0;0;0;0;0;0;0;1;0;2;0;0;0;0
"15/03/2023";"06:26:00";"491";"Acidente c";"215.6";"BR-116/SP";"Pista Sul";"Colisão traseira";0;1;0;0;0;0;0;0;1;0;0;2;0;0;0
"15/03/2023";"07:20:00";"524";"Acidente c";"218";"BR-116/SP";"Pista Norte";"Colisão traseira";0;1;0;0;0;0;0;0;1;0;4;0;0;1;0
"16/03/2023";"02:28:00";"43";"Acidente s";"187";"BR-116/SP";"Pista Norte";"Choque em objeto na pista";0;0;0;0;0;0;1;0;0;0;2;0;0;0;0
"16/03/2023";"03:00:00";"46";"Acidente s";"180.9";"BR-116/SP";"Pista Sul";"Choque em barreira New Jersey";1;0;0;0;0;0;0;0;0;0;1;0;0;0;0
"16/03/2023";"07:38:00";"147";"Acidente c";"152.19";"BR-116/SP";"Pista Norte";"Colisão traseira";1;0;0;0;0;0;0;0;1;0;1;2;0;0;0
"16/03/2023";"07:44:00";"155";"Acidente s";"97.15";"BR-116/SP";"Pista Sul";"Colisão traseira";1;0;0;0;0;0;0;0;2;0;4;0;0;0;0
"16/03/2023";"07:54:00";"161";"Acidente s";"394";"BR-101/RJ";"Pista Sul";"Engavetamento";0;0;0;0;0;0;0;0;3;0;4;0;0;0;0
"16/03/2023";"08:01:00";"169";"Acidente c";"95.4";"BR-116/SP";"Pista Sul";"Colisão traseira";0;0;0;0;0;1;0;0;2;0;6;4;1;0;0
"16/03/2023";"09:06:00";"215";"Acidente s";"165.2";"BR-116/SP";"Pista Sul";"Colisão traseira";0;0;0;0;0;0;0;0;1;1;2;0;0;0;0
"16/03/2023";"09:28:00";"226";"Acidente s";"89.5";"BR-116/SP";"Pista Sul";"Colisão traseira";1;0;0;0;0;0;0;0;1;0;4;0;0;0;0
"16/03/2023";"10:24:00";"252";"Acidente c";"495";"BR-101/RJ";"Pista Norte";"Colisão frontal";0;0;0;0;0;0;0;0;2;0;3;0;2;0;1
"16/03/2023";"11:28:00";"286";"Acidente s";"319";"BR-116/RJ";"Pista Sul";"Choque em objeto na pista";1;0;0;0;0;0;0;0;1;0;2;0;0;0;0
"16/03/2023";"11:36:00";"293";"Acidente c";"222.8";"BR-116/SP";"Pista Sul";"Abalroamento longitudinal";0;1;0;0;0;0;0;0;0;1;0;1;0;0;0
"16/03/2023";"12:32:00";"311";"Acidente c";"229";"BR-116/SP";"Pista Sul";"Abalroamento longitudinal";0;1;0;0;0;0;0;0;1;0;1;1;0;0;0
"16/03/2023";"02:26:00";"366";"Acidente s";"304.6";"BR-116/RJ";"Pista Sul";"Abalroamento longitudinal";1;0;0;0;0;0;0;0;1;0;3;0;0;0;0
"16/03/2023";"02:32:00";"369";"Acidente c";"312.3";"BR-116/RJ";"Pista Norte";"Colisão traseira";0;1;0;0;0;0;0;0;1;0;1;1;0;0;0
"16/03/2023";"02:48:00";"375";"Acidente s";"312.2";"BR-116/RJ";"Pista Norte";"Colisão traseira";0;0;0;0;0;0;0;0;2;0;8;0;0;0;0
"16/03/2023";"03:22:00";"397";"Acidente s";"72.1";"BR-116/SP";"Pista Norte";"Choque em defensa";1;0;0;0;0;0;0;0;0;0;1;0;0;0;0
"16/03/2023";"03:49:00";"412";"Acidente s";"209";"BR-116/SP";"Pista Norte";"Abalroamento longitudinal";1;0;0;0;0;0;0;0;1;0;2;0;0;0;0
"16/03/2023";"04:44:00";"443";"Acidente s";"147.8";"BR-116/SP";"Pista Norte";"Abalroamento longitudinal";1;0;0;0;0;0;0;0;1;0;4;0;0;0;0
"16/03/2023";"05:49:00";"483";"Acidente s";"89.7";"BR-116/SP";"Pista Sul";"Colisão traseira";0;0;0;0;0;0;0;0;2;0;2;0;0;0;0
"16/03/2023";"05:59:00";"487";"Acidente c";"92";"BR-116/SP";"Pista Sul";"Engavetamento";0;1;0;0;0;0;0;0;2;0;3;1;0;0;0
"16/03/2023";"07:03:00";"517";"Acidente c";"387";"BR-101/RJ";"Pista Sul";"Choque em barreira New Jersey";0;0;0;0;0;0;0;0;1;0;0;1;0;0;0
"16/03/2023";"07:27:00";"528";"Acidente s";"95";"BR-116/SP";"Pista Sul";"Engavetamento";1;0;0;0;0;0;0;0;2;0;3;0;0;0;0
"16/03/2023";"07:58:00";"540";"Acidente s";"30.5";"BR-116/SP";"Pista Sul";"Colisão traseira";1;0;0;0;0;0;0;0;1;0;2;0;0;0;0
"16/03/2023";"10:18:00";"592";"Acidente s";"79.7";"BR-116/SP";"Pista Sul";"Abalroamento longitudinal";1;0;0;0;0;0;0;0;0;1;2;0;0;0;0
"16/03/2023";"10:25:00";"595";"Acidente c";"79.7";"BR-116/SP";"Pista Sul";"Colisão traseira";0;1;0;0;0;0;0;0;1;0;0;0;2;0;0
"16/03/2023";"10:40:00";"600";"Acidente s";"229.5";"BR-116/SP";"Pista Norte";"Colisão traseira";0;1;0;0;0;0;0;0;1;0;2;0;0;0;0
"16/03/2023";"11:06:00";"605";"Acidente s";"157.5";"BR-116/SP";"Pista Sul";"Choque em defensa";0;0;0;0;0;0;0;0;1;0;1;0;0;0;0
"16/03/2023";"11:18:00";"606";"Acidente s";"214";"BR-116/SP";"Pista Norte";"Colisão traseira";0;0;0;0;0;0;0;0;2;0;2;0;0;0;0
"17/03/2023";"12:43:00";"26";"Acidente s";"157";"BR-116/SP";"Pista Norte";"Colisão traseira";2;0;0;0;0;0;0;0;0;0;2;0;0;0;0
"17/03/2023";"12:58:00";"28";"Atropelame";"16.35";"BR-116/SP";"Pista Sul";"Atropelamento de pedestre atravessando";1;0;0;0;0;0;0;0;0;0;1;0;0;0;1
"17/03/2023";"01:48:00";"35";"Acidente s";"220.6";"BR-116/RJ";"Pista Norte";"Choque em defensa";1;0;0;0;0;0;0;0;0;1;1;0;0;0;0
"17/03/2023";"02:05:00";"39";"Acidente c";"334.3";"BR-116/RJ";"Pista Sul";"Tombamento";1;0;0;0;0;0;0;0;0;0;0;1;0;0;0
"17/03/2023";"06:56:00";"110";"Acidente c";"102.3";"BR-116/SP";"Pista Norte";"Colisão traseira";2;1;0;0;0;0;0;0;0;0;0;1;2;0;0
"17/03/2023";"09:16:00";"199";"Acidente s";"229.7";"BR-116/RJ";"Pista Norte";"Engavetamento";0;0;0;0;0;0;0;0;1;3;4;0;0;0;0
"17/03/2023";"10:36:00";"259";"Acidente c";"315.5";"BR-116/RJ";"Pista Norte";"Engavetamento";0;0;0;0;0;0;0;0;3;0;3;3;0;0;0
"17/03/2023";"12:48:00";"320";"Acidente s";"117";"BR-116/SP";"Pista Norte";"Choque em objeto fixo";0;0;0;0;0;0;0;0;1;0;2;0;0;0;0
"17/03/2023";"04:22:00";"434";"Acidente s";"486";"BR-101/RJ";"Pista Norte";"Engavetamento";0;0;0;0;0;0;0;0;3;0;3;0;0;0;0
"17/03/2023";"04:48:00";"449";"Acidente c";"487.4";"BR-101/RJ";"Pista Norte";"Abalroamento longitudinal";0;1;0;1;0;0;0;0;0;0;1;1;0;0;0
"17/03/2023";"05:34:00";"475";"Acidente s";"221";"BR-116/SP";"Pista Norte";"Abalroamento longitudinal";1;0;0;0;0;0;0;0;1;0;3;0;0;0;0
"17/03/2023";"06:45:00";"504";"Acidente s";"574";"BR-101/RJ";"Pista Sul";"Choque em objeto na pista";0;0;0;0;0;0;0;0;1;0;1;0;0;0;0
"17/03/2023";"06:51:00";"508";"Acidente s";"574";"BR-101/RJ";"Pista Sul";"Choque em objeto na pista";0;0;0;0;0;0;0;0;1;0;1;0;0;0;0
"17/03/2023";"06:51:00";"509";"Acidente s";"574";"BR-101/RJ";"Pista Sul";"Choque em objeto na pista";0;0;0;0;0;0;0;0;1;0;1;0;0;0;0
"17/03/2023";"08:13:00";"539";"Acidente s";"51.5";"BR-101/SP";"Pista Norte";"Colisão traseira";0;0;0;0;0;0;0;0;1;1;2;0;0;0;0
"18/03/2023";"12:39:00";"25";"Acidente s";"425";"BR-101/RJ";"Pista Norte";"Colisão traseira";0;0;0;0;0;0;1;0;1;0;4;0;0;0;0
"18/03/2023";"05:53:00";"73";"Acidente s";"176.8";"BR-116/SP";"Pista Norte";"Colisão traseira";0;0;0;0;0;0;0;0;1;0;1;0;0;0;0
"18/03/2023";"06:48:00";"101";"Atropelame";"227.6";"BR-116/SP";"Pista Sul";"Atropelamento de pedestre atravessando";0;0;1;0;0;0;0;0;0;1;1;1;0;0;0
"18/03/2023";"08:13:00";"141";"Acidente s";"123.3";"BR-116/SP";"Pista Norte";"Colisão traseira";0;0;0;0;0;0;0;0;3;0;7;0;0;0;0
"18/03/2023";"08:28:00";"146";"Acidente c";"210";"BR-116/SP";"Pista Norte";"Abalroamento longitudinal";0;1;0;0;0;0;0;0;1;0;3;1;0;0;0
"18/03/2023";"08:41:00";"152";"Acidente s";"123.3";"BR-116/SP";"Pista Norte";"Colisão traseira";0;0;0;0;0;0;0;0;2;0;2;0;0;0;0
"18/03/2023";"08:50:00";"156";"Acidente c";"225.4";"BR-116/SP";"Pista Sul";"Engavetamento";0;1;0;0;0;0;1;0;1;0;3;0;0;1;0
"18/03/2023";"08:54:00";"157";"Acidente c";"175.65";"BR-116/SP";"Pista Sul";"Choque em objeto fixo";0;0;0;0;0;0;0;0;1;0;0;0;1;0;0
"18/03/2023";"09:15:00";"167";"Acidente c";"418";"BR-101/RJ";"Pista Sul";"Queda de moto";0;1;0;0;0;0;0;0;0;0;0;0;1;0;0
"18/03/2023";"09:49:00";"179";"Acidente c";"25.4";"BR-116/SP";"Pista Norte";"Queda de moto";0;2;0;0;0;0;0;0;0;1;2;0;1;0;0
"18/03/2023";"10:09:00";"191";"Acidente c";"202.4";"BR-116/SP";"Pista Norte";"Choque em barreira New Jersey";0;0;0;0;0;0;0;0;1;0;0;0;0;1;0
"18/03/2023";"11:12:00";"212";"Acidente c";"482";"BR-101/RJ";"Pista Norte";"Colisão traseira";0;1;0;0;0;0;0;0;1;0;1;1;0;0;0
"18/03/2023";"11:52:00";"229";"Acidente s";"61";"BR-116/SP";"Pista Sul";"Engavetamento";0;0;0;0;0;0;0;0;3;0;3;0;0;0;0
"18/03/2023";"01:35:00";"276";"Acidente c";"142.9";"BR-116/SP";"Pista Sul";"Queda de moto";0;1;0;0;0;0;0;0;0;0;0;0;2;0;0
"18/03/2023";"03:14:00";"322";"Acidente s";"229";"BR-116/SP";"Pista Sul";"Choque em barreira New Jersey";0;0;0;0;0;0;0;0;1;0;1;0;0;0;0
"18/03/2023";"04:12:00";"344";"Acidente s";"140.8";"BR-116/SP";"Pista Sul";"Colisão traseira";1;0;0;1;0;0;0;0;0;0;2;0;0;0;0
"18/03/2023";"06:35:00";"415";"Acidente s";"147.8";"BR-116/SP";"Pista Sul";"Choque em objeto fixo";0;0;0;0;0;0;0;0;1;0;1;0;0;0;0
"18/03/2023";"06:49:00";"422";"Acidente c";"120.9";"BR-116/SP";"Pista Sul";"Queda de moto";0;1;0;0;0;0;0;0;0;0;0;1;0;0;0
"18/03/2023";"07:32:00";"441";"Acidente c";"250";"BR-116/RJ";"Pista Norte";"Colisão traseira";1;0;0;0;0;0;1;0;0;0;1;0;1;0;0
"18/03/2023";"07:45:00";"449";"Acidente s";"415";"BR-101/RJ";"Pista Sul";"Atropelamento de animal";0;0;0;0;0;0;0;0;1;0;2;0;0;0;0
"18/03/2023";"07:53:00";"454";"Acidente s";"216.4";"BR-116/RJ";"Pista Sul";"Choque em barreira New Jersey";0;0;0;0;0;0;0;0;1;0;1;0;0;0;0
"18/03/2023";"08:54:00";"481";"Acidente c";"52";"BR-101/SP";"Pista Sul";"Atropelamento de pedestre atravessando";0;1;0;0;0;0;0;0;0;0;0;1;1;0;0
"18/03/2023";"08:56:00";"483";"Acidente s";"297";"BR-116/RJ";"Pista Norte";"Choque em objeto na pista";0;0;0;0;0;0;0;0;1;0;1;0;0;0;0
"18/03/2023";"09:24:00";"494";"Acidente s";"82.5";"BR-116/SP";"Pista Sul";"Choque em objeto na pista";0;0;0;0;0;0;0;0;1;0;3;0;0;0;0
"18/03/2023";"09:35:00";"500";"Acidente s";"82.5";"BR-116/SP";"Pista Sul";"Choque em objeto na pista";0;0;0;0;0;0;0;0;1;0;2;0;0;0;0
"18/03/2023";"11:47:00";"537";"Acidente c";"115.1";"BR-116/SP";"Pista Sul";"Colisão traseira";0;0;0;0;0;0;0;0;1;1;1;1;0;0;0
"19/03/2023";"01:15:00";"26";"Acidente s";"98";"BR-116/SP";"Pista Norte";"Colisão traseira";0;0;0;0;0;1;0;0;1;0;0;0;0;0;0
"19/03/2023";"01:50:00";"32";"Acidente s";"99";"BR-116/SP";"Pista Sul";"Choque em barreira New Jersey";0;0;0;0;0;0;0;0;1;0;1;0;0;0;0
"19/03/2023";"04:34:00";"55";"Acidente c";"534";"BR-101/RJ";"Pista Sul";"Queda de Carga";0;1;0;0;0;0;0;0;0;0;0;0;1;0;0
"19/03/2023";"10:29:00";"192";"Atropelame";"52";"BR-101/SP";"Pista Sul";"Atropelamento de pedestre atravessando";0;0;0;0;0;0;0;0;1;0;1;1;0;0;0
"19/03/2023";"12:12:00";"244";"Acidente c";"230";"BR-116/SP";"Pista Sul";"Abalroamento longitudinal";0;1;0;0;0;0;0;0;1;0;3;0;1;0;0
"19/03/2023";"01:05:00";"274";"Acidente s";"96.3";"BR-116/SP";"Pista Sul";"Colisão traseira";0;0;0;0;0;0;0;0;2;0;3;0;0;0;0
"19/03/2023";"01:10:00";"279";"Acidente c";"144.3";"BR-116/SP";"Pista Norte";"Queda de moto";0;1;0;0;0;0;0;0;0;0;0;2;0;0;0
"19/03/2023";"01:48:00";"298";"Acidente s";"94.5";"BR-116/SP";"Pista Sul";"Engavetamento";0;0;0;0;0;0;0;0;6;0;14;0;0;0;0
"19/03/2023";"01:53:00";"300";"Acidente c";"281.4";"BR-116/RJ";"Pista Sul";"Abalroamento longitudinal";2;0;0;0;0;0;0;0;0;0;1;0;1;0;0
"19/03/2023";"02:17:00";"310";"Acidente s";"213.6";"BR-116/SP";"Pista Sul";"Engavetamento";0;0;0;0;0;0;0;0;1;2;3;0;0;0;0
"19/03/2023";"02:21:00";"311";"Acidente c";"188.4";"BR-116/SP";"Pista Sul";"Colisão traseira";0;2;0;0;0;0;0;0;0;0;0;2;0;0;0
"19/03/2023";"03:07:00";"328";"Acidente s";"91.8";"BR-116/SP";"Pista Sul";"Colisão traseira";0;0;0;0;0;0;0;0;2;0;1;0;0;0;0
"19/03/2023";"03:24:00";"334";"Acidente s";"91.3";"BR-116/SP";"Pista Sul";"Engavetamento";0;0;0;0;0;0;0;0;1;2;3;0;0;0;0
"19/03/2023";"03:59:00";"359";"Acidente c";"65";"BR-116/SP";"Pista Sul";"Queda de moto";0;1;0;0;0;0;0;0;0;0;0;0;1;0;0
"19/03/2023";"05:50:00";"428";"Acidente c";"436";"BR-101/RJ";"Pista Norte";"Abalroamento longitudinal";0;1;0;0;0;0;0;0;0;1;1;0;2;0;0
"19/03/2023";"07:21:00";"480";"Acidente c";"230.2";"BR-116/SP";"Pista Sul";"Colisão traseira";0;0;0;0;0;0;0;0;2;0;0;1;0;0;0
"19/03/2023";"08:50:00";"520";"Acidente s";"207.5";"BR-116/SP";"Pista Sul";"Engavetamento";1;0;0;0;0;0;0;0;2;0;0;0;0;0;0
"20/03/2023";"05:00:00";"62";"Acidente c";"214.95";"BR-116/SP";"Pista Sul";"Colisão traseira";0;0;0;0;0;0;0;0;2;0;1;1;0;0;0
"20/03/2023";"05:54:00";"78";"Acidente s";"146.7";"BR-116/SP";"Pista Norte";"Abalroamento longitudinal";0;0;0;0;0;0;0;0;1;1;2;0;0;0;0
"20/03/2023";"06:03:00";"84";"Acidente s";"211.2";"BR-116/SP";"Pista Sul";"Engavetamento";0;0;0;0;0;0;0;0;3;0;4;0;0;0;0
"20/03/2023";"08:06:00";"179";"Acidente s";"233.5";"BR-116/RJ";"Pista Norte";"Colisão traseira";2;0;0;0;0;0;0;0;0;0;2;0;0;0;0
"20/03/2023";"08:49:00";"214";"Acidente c";"99";"BR-116/SP";"Pista Norte";"Tombamento";1;0;0;0;0;0;0;0;0;0;0;0;2;0;0
"20/03/2023";"08:52:00";"215";"Acidente s";"99";"BR-116/SP";"Pista Norte";"Outros";1;0;0;0;0;0;0;0;0;0;1;0;0;0;0
"20/03/2023";"10:10:00";"267";"Acidente s";"138.3";"BR-116/SP";"Pista Sul";"Engavetamento";1;0;0;0;0;0;1;0;1;0;3;0;0;0;0
"20/03/2023";"10:38:00";"288";"Acidente s";"138.3";"BR-116/SP";"Pista Sul";"Outros";1;0;0;0;0;0;1;0;0;0;2;0;0;0;0
"20/03/2023";"11:22:00";"318";"Acidente s";"138.3";"BR-116/SP";"Pista Sul";"Colisão traseira";1;0;0;0;0;0;1;0;1;0;3;0;0;0;0
"20/03/2023";"02:05:00";"417";"Atropelame";"213.4";"BR-116/SP";"Pista Sul";"Atropelamento de pedestre atravessando";0;0;0;0;0;0;0;0;1;0;1;0;1;0;0
"20/03/2023";"02:34:00";"436";"Acidente c";"215";"BR-116/SP";"Pista Norte";"Abalroamento longitudinal";1;0;0;0;0;0;0;0;1;0;1;1;0;0;0
"20/03/2023";"03:28:00";"464";"Acidente s";"322.4";"BR-116/RJ";"Pista Norte";"Colisão traseira";0;0;0;0;0;0;0;0;2;0;2;0;0;0;0
"20/03/2023";"03:39:00";"472";"Acidente s";"275.4";"BR-116/RJ";"Pista Sul";"Choque em objeto fixo";0;0;0;0;0;0;0;0;1;0;6;0;0;0;0
"20/03/2023";"04:30:00";"496";"Acidente s";"419";"BR-101/RJ";"Pista Sul";"Choque em defensa";0;0;0;0;0;0;0;0;1;0;1;0;0;0;0
"20/03/2023";"04:40:00";"502";"Acidente c";"47.25";"BR-116/SP";"Pista Sul";"Capotamento";0;0;0;0;0;0;0;0;1;0;0;2;0;0;0
"20/03/2023";"06:00:00";"547";"Acidente c";"389";"BR-101/RJ";"Pista Sul";"Abalroamento longitudinal";0;1;0;0;0;0;0;0;1;0;0;0;1;0;0
"20/03/2023";"06:06:00";"557";"Acidente s";"295.5";"BR-116/RJ";"Pista Sul";"Choque em barreira New Jersey";0;0;0;0;0;0;0;0;1;0;0;0;0;0;0
"20/03/2023";"06:16:00";"566";"Acidente s";"157.7";"BR-116/SP";"Pista Norte";"Engavetamento";1;0;0;0;0;0;0;0;2;0;4;0;0;0;0
"20/03/2023";"07:06:00";"603";"Acidente s";"105.5";"BR-116/SP";"Pista Sul";"Choque em barreira New Jersey";0;0;0;0;0;0;0;0;1;0;0;0;0;0;0
"20/03/2023";"08:10:00";"629";"Acidente c";"160.8";"BR-116/SP";"Pista Sul";"Abalroamento longitudinal";1;1;0;0;0;0;0;0;0;0;1;0;0;0;1
"20/03/2023";"08:36:00";"642";"Acidente c";"219";"BR-116/SP";"Pista Norte";"Queda de moto";0;1;0;0;0;0;0;0;0;0;0;1;0;0;0
"21/03/2023";"12:10:00";"16";"Acidente s";"162.15";"BR-116/SP";"Pista Norte";"Tombamento";1;0;0;0;0;0;0;0;0;0;1;0;0;0;0
"21/03/2023";"02:36:00";"43";"Acidente s";"212.2";"BR-116/SP";"Pista Norte";"Atropelamento de animal";0;0;0;0;0;0;0;0;2;0;2;0;0;0;0
"21/03/2023";"06:13:00";"87";"Acidente s";"225.5";"BR-116/SP";"Pista Sul";"Abalroamento longitudinal";1;0;0;0;0;0;0;0;1;0;2;0;0;0;0
"21/03/2023";"07:27:00";"129";"Acidente s";"220.2";"BR-116/SP";"Pista Sul";"Queda de moto";0;1;0;0;0;0;0;0;0;1;1;0;0;0;0
"21/03/2023";"07:31:00";"131";"Acidente s";"165.4";"BR-116/SP";"Pista Sul";"Engavetamento";1;0;0;0;0;0;0;0;2;0;6;0;0;0;0
"21/03/2023";"07:59:00";"157";"Acidente c";"108.75";"BR-116/SP";"Pista Sul";"Engavetamento";0;1;0;0;0;0;0;0;4;0;5;0;1;0;0
"21/03/2023";"10:34:00";"249";"Acidente c";"494.4";"BR-101/RJ";"Pista Norte";"Queda de moto";0;1;0;0;0;0;0;0;0;0;0;1;0;0;0
"21/03/2023";"10:34:00";"250";"Acidente s";"494.4";"BR-101/RJ";"Pista Norte";"Choque em objeto fixo";0;0;0;0;0;0;0;0;1;0;1;0;0;0;0
"21/03/2023";"10:45:00";"255";"Acidente c";"219.3";"BR-116/SP";"Pista Sul";"Queda de moto";0;1;0;0;0;0;0;0;2;0;0;0;1;0;0
"21/03/2023";"10:52:00";"257";"Acidente c";"281";"BR-116/RJ";"Pista Sul";"Engavetamento";2;0;0;0;0;0;0;0;1;0;0;1;0;0;0
"21/03/2023";"10:59:00";"264";"Acidente c";"228.75";"BR-116/SP";"Pista Sul";"Queda de moto";0;2;0;0;0;0;0;0;0;0;1;0;2;0;0
"21/03/2023";"01:16:00";"323";"Acidente s";"138.4";"BR-116/SP";"Pista Norte";"Queda de ribanceira";0;0;0;0;0;0;0;0;1;0;3;0;0;0;0
"21/03/2023";"01:22:00";"329";"Acidente c";"104.7";"BR-116/SP";"Pista Sul";"Choque em objeto na pista";0;1;0;0;0;0;0;0;0;0;0;0;1;0;0
"21/03/2023";"01:47:00";"342";"Acidente c";"485";"BR-101/RJ";"Pista Norte";"Queda de moto";0;1;0;0;0;0;0;0;0;0;0;1;0;0;0
"21/03/2023";"02:01:00";"352";"Acidente s";"454";"BR-101/RJ";"Pista Norte";"Engavetamento";0;0;0;0;0;0;0;0;3;0;1;0;0;0;0
"21/03/2023";"03:50:00";"417";"Acidente s";"228.95";"BR-116/SP";"Pista Sul";"Engavetamento";2;0;0;0;0;0;0;0;2;0;8;0;0;0;0
"21/03/2023";"04:17:00";"429";"Acidente c";"110";"BR-116/SP";"Pista Sul";"Colisão traseira";0;1;0;0;0;0;0;0;0;1;1;1;1;0;0
"21/03/2023";"04:27:00";"439";"Acidente c";"165";"BR-116/SP";"Pista Sul";"Colisão traseira";1;1;0;0;0;0;0;0;0;0;1;0;1;0;0
"21/03/2023";"04:38:00";"443";"Acidente s";"209";"BR-116/SP";"Pista Sul";"Engavetamento";0;0;0;0;0;0;0;0;2;1;5;0;0;0;0
"21/03/2023";"04:39:00";"445";"Acidente c";"48.7";"BR-101/SP";"Pista Sul";"Abalroamento longitudinal";0;1;0;0;0;0;0;0;1;0;0;1;0;0;0
"21/03/2023";"05:53:00";"485";"Acidente c";"223.2";"BR-116/SP";"Pista Norte";"Queda de moto";0;2;0;0;0;0;0;0;0;0;1;1;0;0;0
"21/03/2023";"07:21:00";"532";"Acidente c";"134.5";"BR-116/SP";"Pista Norte";"Queda de moto";0;1;0;0;0;0;0;0;0;0;1;0;0;1;0
"21/03/2023";"07:23:00";"533";"Acidente s";"96";"BR-116/SP";"Pista Norte";"Atropelamento de animal";0;0;0;0;0;0;0;0;1;0;0;0;0;0;0