data;horario;n_da_ocorrencia;tipo_de_ocorrencia;km;trecho;sentido;tipo_de_acidente;automovel;bicicleta;caminhao;moto;onibus;outros;tracao_animal;transporte_de_cargas_especiais;trator_maquinas;utilitarios;ilesos;levemente_feridos;moderadamente_feridos;gravemente_feridos;mortos
"22/03/2023";"02:23:00";"31";"Acidente c";"319.6";"BR-116/RJ";"Pista Norte";"Colisão traseira";2;0;0;0;0;0;0;0;0;0;1;0;0;1;0
"22/03/2023";"06:50:00";"76";"Acidente s";"145";"BR-116/SP";"Pista Sul";"Colisão traseira";0;0;0;0;0;0;0;0;1;1;1;0;0;0;0
"22/03/2023";"07:17:00";"97";"Acidente s";"145";"BR-116/SP";"Pista Sul";"Colisão traseira";0;0;0;0;0;0;0;0;1;1;3;0;0;0;0
"22/03/2023";"07:47:00";"119";"Acidente c";"223.45";"BR-116/SP";"Pista Sul";"Colisão traseira";2;2;0;0;0;0;0;0;0;0;0;2;0;0;0
"22/03/2023";"08:04:00";"131";"Acidente s";"154.2";"BR-116/SP";"Pista Norte";"Colisão traseira";0;0;0;0;0;0;0;0;2;0;2;0;0;0;0
"22/03/2023";"09:15:00";"188";"Acidente c";"275";"BR-116/RJ";"Pista Norte";"Queda de moto";0;1;0;0;0;0;0;0;0;0;0;2;0;0;0
"22/03/2023";"09:47:00";"202";"Acidente c";"505";"BR-101/RJ";"Pista Sul";"Abalroamento longitudinal";0;1;0;0;0;0;0;0;1;0;1;1;0;0;0
"22/03/2023";"10:44:00";"239";"Acidente c";"145.2";"BR-116/SP";"Pista Norte";"Colisão traseira";0;1;0;0;0;0;0;0;1;0;1;0;0;1;0
"22/03/2023";"10:53:00";"244";"Acidente c";"227.8";"BR-116/SP";"Pista Sul";"Colisão traseira";0;1;0;0;0;0;0;0;1;0;1;0;1;0;0
"22/03/2023";"12:08:00";"277";"Acidente s";"159.9";"BR-116/SP";"Pista Sul";"Choque em defensa";0;0;0;0;0;0;0;0;1;0;1;0;0;0;0
"22/03/2023";"01:36:00";"315";"Acidente c";"204.5";"BR-116/SP";"Pista Norte";"Colisão traseira";0;1;0;0;0;0;0;0;1;0;1;1;0;0;0
"22/03/2023";"02:36:00";"349";"Acidente s";"224.5";"BR-116/SP";"Pista Norte";"Colisão traseira";2;0;0;0;0;0;0;0;0;0;3;0;0;0;0
"22/03/2023";"04:56:00";"412";"Acidente c";"145";"BR-116/SP";"Pista Sul";"Colisão traseira";0;1;0;0;0;0;0;0;1;0;1;1;0;0;0
"22/03/2023";"05:14:00";"422";"Acidente c";"212.2";"BR-116/SP";"Pista Norte";"Colisão traseira";1;1;0;0;0;0;0;0;1;0;3;0;0;1;1
"22/03/2023";"05:42:00";"429";"Acidente c";"193.5";"BR-116/SP";"Pista Sul";"Queda de moto";0;1;0;0;0;0;0;0;0;0;0;2;0;0;0
"22/03/2023";"06:20:00";"444";"Acidente s";"214.8";"BR-116/SP";"Pista Norte";"Queda de moto";0;2;0;0;0;0;0;0;0;0;3;0;0;0;0
"22/03/2023";"07:56:00";"483";"Acidente s";"407";"BR-101/RJ";"Pista Norte";"Atropelamento de animal";0;0;0;0;0;0;0;0;1;0;1;0;0;0;0
"22/03/2023";"07:57:00";"484";"Acidente s";"227.2";"BR-116/SP";"Pista Norte";"Engavetamento";0;0;0;0;0;0;0;0;2;1;3;0;0;0;0
"22/03/2023";"08:22:00";"491";"Acidente s";"191.4";"BR-116/SP";"Pista Sul";"Abalroamento longitudinal";1;0;0;0;0;0;0;0;1;0;5;0;0;0;0
"22/03/2023";"08:58:00";"505";"Atropelame";"86.95";"BR-116/SP";"Pista Sul";"Atropelamento de pedestre atravessando";0;0;0;0;0;0;0;0;1;0;1;0;1;0;0
"23/03/2023";"04:55:00";"50";"Acidente s";"540";"BR-101/RJ";"Pista Norte";"Choque em objeto fixo";0;0;0;0;0;0;0;0;1;0;2;0;0;0;0
"23/03/2023";"06:35:00";"92";"Acidente c";"475";"BR-101/RJ";"Pista Norte";"Colisão traseira";0;0;0;0;0;0;0;0;2;0;1;1;0;0;0
"23/03/2023";"06:54:00";"107";"Acidente c";"218.9";"BR-116/SP";"Pista Sul";"Colisão traseira";0;1;0;0;0;0;0;0;1;0;2;1;0;0;0
"23/03/2023";"07:18:00";"129";"Acidente c";"51";"BR-101/SP";"Pista Sul";"Abalroamento longitudinal";0;1;0;0;0;0;0;0;1;0;1;1;0;0;0
"23/03/2023";"08:39:00";"186";"Acidente s";"157.8";"BR-116/SP";"Pista Norte";"Engavetamento";0;0;0;0;0;0;1;0;2;0;3;0;0;0;0
"23/03/2023";"09:34:00";"222";"Acidente s";"229.8";"BR-116/SP";"Pista Sul";"Abalroamento longitudinal";0;1;0;0;0;0;0;0;0;1;2;0;0;0;0
"23/03/2023";"11:39:00";"302";"Acidente s";"219.8";"BR-116/SP";"Pista Sul";"Colisão traseira";1;0;0;0;0;0;0;0;1;0;2;0;0;0;0
"23/03/2023";"12:06:00";"316";"Acidente s";"504";"BR-101/RJ";"Pista Norte";"Colisão traseira";0;0;0;0;0;0;0;0;1;1;2;0;0;0;0
"23/03/2023";"12:10:00";"318";"Acidente s";"146.85";"BR-116/SP";"Pista Sul";"Choque em barreira New Jersey";1;0;0;0;0;0;0;0;1;0;2;0;0;0;0
"23/03/2023";"01:48:00";"370";"Acidente s";"160";"BR-116/SP";"Pista Norte";"Colisão traseira";1;0;0;0;0;0;0;0;1;0;2;0;0;0;0
"23/03/2023";"04:37:00";"457";"Acidente c";"275.5";"BR-116/RJ";"Pista Norte";"Choque em barreira New Jersey";0;0;0;0;0;0;0;0;1;0;0;0;1;0;0
"23/03/2023";"04:55:00";"463";"Acidente c";"49.3";"BR-116/SP";"Pista Sul";"Choque em barreira New Jersey";0;0;0;0;0;0;0;0;1;0;0;0;0;1;0
"23/03/2023";"04:56:00";"464";"Acidente c";"22";"BR-116/SP";"Pista Sul";"Colisão frontal";0;1;0;0;0;0;0;0;1;0;1;1;0;0;0
"23/03/2023";"05:11:00";"469";"Acidente c";"226.3";"BR-116/SP";"Pista Norte";"Abalroamento longitudinal";1;1;0;0;0;0;0;0;0;0;1;0;1;0;0
"23/03/2023";"06:54:00";"534";"Acidente c";"148.1";"BR-116/SP";"Pista Norte";"Colisão traseira";0;1;0;0;0;0;0;0;1;0;2;1;0;0;0
"23/03/2023";"11:48:00";"648";"Acidente s";"482";"BR-101/RJ";"Pista Norte";"Abalroamento longitudinal";0;1;0;0;0;0;0;0;0;1;1;0;0;0;0
"24/03/2023";"12:46:00";"23";"Acidente s";"550";"BR-101/RJ";"Pista Norte";"Choque em objeto fixo";0;0;0;0;0;0;0;0;1;0;0;0;0;0;0
"24/03/2023";"01:48:00";"35";"Acidente c";"133.93";"BR-116/SP";"Pista Norte";"Colisão traseira";1;0;0;0;0;0;0;0;0;1;1;0;0;1;0
"24/03/2023";"05:51:00";"67";"Acidente s";"57.3";"BR-116/SP";"Pista Norte";"Colisão traseira";0;0;0;0;0;0;1;0;0;1;2;0;0;0;0
"24/03/2023";"06:56:00";"105";"Acidente s";"209.8";"BR-116/SP";"Pista Norte";"Colisão traseira";0;0;0;0;0;0;0;0;2;0;3;0;0;0;0
"24/03/2023";"07:09:00";"111";"Acidente c";"229.5";"BR-116/SP";"Pista Sul";"Engavetamento";0;0;0;0;0;0;1;0;2;0;6;1;0;0;0
"24/03/2023";"07:49:00";"150";"Acidente s";"100.3";"BR-116/SP";"Pista Sul";"Colisão traseira";0;0;0;0;0;0;0;0;3;0;3;0;0;0;0
"24/03/2023";"09:42:00";"233";"Acidente c";"68.5";"BR-116/SP";"Pista Sul";"Queda de moto";0;1;0;0;0;0;0;0;0;0;0;0;1;0;0
"24/03/2023";"10:57:00";"276";"Acidente c";"225.15";"BR-116/SP";"Pista Sul";"Abalroamento longitudinal";1;0;0;0;0;0;0;0;2;0;4;1;0;0;0
"24/03/2023";"11:51:00";"296";"Acidente c";"145";"BR-116/SP";"Pista Norte";"Abalroamento longitudinal";1;0;0;0;0;0;0;0;1;0;2;1;0;0;0
"24/03/2023";"12:54:00";"323";"Atropelame";"46.5";"BR-101/SP";"Pista Norte";"Atropelamento de pedestre atravessando";0;0;1;0;0;0;0;0;1;0;3;1;0;0;0
"24/03/2023";"01:00:00";"328";"Acidente s";"294";"BR-116/RJ";"Pista Norte";"Choque em objeto fixo";0;0;0;0;0;0;0;0;1;0;1;0;0;0;0
"24/03/2023";"01:26:00";"340";"Acidente s";"141";"BR-116/SP";"Pista Sul";"Colisão traseira";0;0;0;0;0;0;0;0;2;0;2;0;0;0;0
"24/03/2023";"02:30:00";"375";"Acidente s";"124.4";"BR-116/SP";"Pista Norte";"Colisão traseira";0;0;0;0;0;0;0;0;2;0;2;0;0;0;0
"24/03/2023";"03:34:00";"422";"Acidente c";"232.3";"BR-116/RJ";"Pista Norte";"Queda de moto";0;1;0;0;0;0;0;0;0;0;0;1;0;0;0
"24/03/2023";"03:55:00";"434";"Acidente c";"311.9";"BR-116/RJ";"Pista Sul";"Abalroamento longitudinal";2;0;0;0;0;0;0;0;0;0;1;1;0;0;0
"24/03/2023";"03:55:00";"433";"Acidente s";"311.7";"BR-116/RJ";"Pista Sul";"Capotamento";0;0;0;0;0;0;0;0;1;0;1;0;0;0;0
"24/03/2023";"03:59:00";"437";"Acidente c";"174.6";"BR-116/SP";"Pista Norte";"Colisão traseira";0;0;0;1;0;0;0;0;1;0;41;2;1;0;0
"24/03/2023";"04:05:00";"441";"Atropelame";"50";"BR-101/SP";"Pista Norte";"Atropelamento de pedestre atravessando";0;1;1;0;0;0;0;0;0;0;1;1;0;0;0
"24/03/2023";"04:56:00";"480";"Acidente c";"223";"BR-116/SP";"Pista Norte";"Abalroamento longitudinal";0;1;0;0;0;0;0;0;1;0;2;2;0;0;0
"24/03/2023";"05:07:00";"492";"Atropelame";"305.8";"BR-116/RJ";"Pista Norte";"Atropelamento de pedestre atravessando";0;1;0;0;0;0;0;0;0;0;0;1;1;0;0
"24/03/2023";"05:41:00";"513";"Acidente c";"218.1";"BR-116/SP";"Pista Norte";"Colisão traseira";0;2;0;0;0;0;0;0;0;0;2;1;1;0;0
"24/03/2023";"06:33:00";"558";"Acidente s";"156.3";"BR-116/SP";"Pista Norte";"Engavetamento";0;0;0;0;0;0;0;0;4;0;3;1;0;0;0
"24/03/2023";"07:11:00";"579";"Acidente c";"390";"BR-101/RJ";"Pista Norte";"Choque em objeto fixo";0;0;0;0;0;0;0;0;1;0;0;1;0;0;0
"24/03/2023";"07:38:00";"584";"Acidente c";"35.1";"BR-101/SP";"Pista Sul";"Abalroamento longitudinal";0;1;0;0;0;0;0;0;1;0;1;1;0;0;0
"24/03/2023";"10:37:00";"658";"Acidente c";"51.1";"BR-116/SP";"Pista Sul";"Queda de moto";0;1;0;0;0;0;0;0;0;0;0;1;0;0;0
"25/03/2023";"05:15:00";"75";"Acidente s";"156.6";"BR-116/SP";"Pista Sul";"Colisão traseira";0;0;0;0;0;0;0;0;1;1;1;0;0;0;0
"25/03/2023";"06:51:00";"102";"Atropelame";"42.5";"BR-101/SP";"Pista Sul";"Atropelamento de pedestre atravessando";0;0;1;0;0;0;0;0;0;1;1;1;0;0;0
"25/03/2023";"07:10:00";"114";"Acidente s";"228.7";"BR-116/SP";"Pista Sul";"Abalroamento longitudinal";0;0;0;0;0;0;0;0;2;1;2;0;0;0;0
"25/03/2023";"07:42:00";"127";"Acidente c";"42.1";"BR-116/SP";"Pista Norte";"Choque em objeto fixo";0;0;0;0;0;0;0;0;1;0;2;1;0;0;0
"25/03/2023";"07:59:00";"143";"Acidente s";"119";"BR-116/SP";"Pista Norte";"Engavetamento";0;0;0;0;0;0;0;0;2;1;2;0;0;0;0
"25/03/2023";"08:24:00";"160";"Acidente s";"119";"BR-116/SP";"Pista Norte";"Engavetamento";3;0;0;0;0;0;0;0;0;0;5;0;0;0;0
"25/03/2023";"10:58:00";"238";"Acidente s";"189.7";"BR-116/SP";"Pista Norte";"Engavetamento";0;0;0;0;0;0;0;0;3;0;3;0;0;0;0
"25/03/2023";"11:03:00";"243";"Acidente s";"477";"BR-101/RJ";"Pista Norte";"Abalroamento longitudinal";0;0;0;0;0;0;0;0;2;0;2;0;0;0;0
"25/03/2023";"12:22:00";"278";"Acidente s";"135";"BR-116/SP";"Pista Sul";"Colisão traseira";0;0;0;0;0;0;0;0;2;0;5;0;0;0;0
"25/03/2023";"01:29:00";"307";"Acidente s";"164";"BR-116/SP";"Pista Norte";"Abalroamento longitudinal";1;0;0;0;0;0;0;0;0;0;3;0;0;0;0
"25/03/2023";"01:38:00";"315";"Acidente s";"219.7";"BR-116/RJ";"Pista Sul";"Colisão traseira";0;0;0;0;0;0;0;0;2;0;2;0;0;0;0
"25/03/2023";"03:45:00";"379";"Acidente s";"38.4";"BR-101/SP";"Pista Sul";"Choque em objeto fixo";0;0;0;0;0;0;0;0;1;0;0;0;0;0;0
"25/03/2023";"03:56:00";"386";"Acidente c";"222";"BR-116/RJ";"Pista Sul";"Abalroamento longitudinal";0;1;0;0;0;0;0;0;1;0;1;0;1;0;0
"25/03/2023";"03:57:00";"389";"Acidente s";"231";"BR-116/SP";"Pista Sul";"Colisão traseira";1;0;0;0;0;0;0;0;0;1;2;0;0;0;0
"25/03/2023";"04:22:00";"400";"Acidente s";"211.6";"BR-116/SP";"Pista Norte";"Engavetamento";0;0;0;0;0;0;0;0;3;0;7;0;0;0;0
"25/03/2023";"04:47:00";"410";"Acidente c";"229";"BR-116/SP";"Pista Norte";"Queda de moto";0;1;0;0;0;0;0;0;0;0;0;0;1;0;0
"25/03/2023";"06:58:00";"458";"Acidente s";"45.9";"BR-101/SP";"Pista Sul";"Colisão traseira";0;1;0;0;0;0;0;0;1;0;2;0;0;0;0
"25/03/2023";"07:39:00";"474";"Acidente c";"218.8";"BR-116/SP";"Pista Sul";"Colisão traseira";0;1;0;0;0;0;0;0;1;0;2;1;0;0;0
"25/03/2023";"07:43:00";"476";"Atropelame";"140.8";"BR-116/SP";"Pista Norte";"Atropelamento de pedestre atravessando";1;0;0;0;0;0;0;0;0;0;1;0;0;1;0
"25/03/2023";"07:52:00";"477";"Acidente s";"218.8";"BR-116/SP";"Pista Sul";"Engavetamento";0;0;0;0;0;0;0;0;3;0;6;0;0;0;0
"25/03/2023";"08:07:00";"484";"Atropelame";"409";"BR-101/RJ";"Pista Sul";"Atropelamento de pedestre caminhando";0;0;0;0;0;0;0;0;1;0;1;0;1;0;0
"25/03/2023";"08:36:00";"495";"Acidente c";"44.55";"BR-116/SP";"Pista Norte";"Choque em defensa";0;0;0;0;0;0;0;0;1;0;0;0;1;0;0
"25/03/2023";"10:10:00";"516";"Acidente s";"309.9";"BR-116/RJ";"Pista Norte";"Colisão traseira";0;0;0;0;0;0;0;0;1;1;2;0;0;0;0
"25/03/2023";"10:39:00";"522";"Acidente c";"490.8";"BR-101/RJ";"Pista Sul";"Colisão frontal";0;0;0;0;0;0;0;0;2;0;0;7;0;0;0
"25/03/2023";"11:23:00";"537";"Acidente c";"35.5";"BR-101/SP";"Pista Sul";"Atropelamento de animal";0;1;0;0;0;0;0;0;0;0;0;1;0;0;0
"26/03/2023";"12:55:00";"24";"Acidente s";"452";"BR-101/RJ";"Pista Sul";"Capotamento";0;0;0;0;0;0;0;0;1;0;1;0;0;0;0
"26/03/2023";"02:24:00";"39";"Acidente c";"46.3";"BR-116/SP";"Pista Sul";"Colisão traseira";0;1;0;0;0;0;0;0;1;0;5;1;0;0;0
"26/03/2023";"02:44:00";"42";"Acidente c";"232.2";"BR-116/RJ";"Pista Norte";"Tombamento";1;0;0;0;0;0;0;0;0;0;0;0;1;0;0
"26/03/2023";"05:06:00";"58";"Acidente s";"404";"BR-101/RJ";"Pista Norte";"Choque em barreira New Jersey";0;0;0;0;0;0;0;0;1;0;0;0;0;0;0
"26/03/2023";"06:13:00";"68";"Acidente s";"311";"BR-116/RJ";"Pista Norte";"Choque em objeto fixo";0;0;0;0;0;0;0;0;1;0;1;0;0;0;0
"26/03/2023";"10:11:00";"173";"Acidente s";"275";"BR-116/RJ";"Pista Norte";"Choque em defensa";0;0;0;0;0;0;0;0;1;0;2;0;0;0;0
"26/03/2023";"10:33:00";"189";"Acidente c";"40.8";"BR-101/SP";"Pista Sul";"Abalroamento longitudinal";0;0;0;0;0;0;0;0;2;0;0;2;0;0;0
"26/03/2023";"12:05:00";"229";"Acidente c";"227";"BR-116/RJ";"Pista Norte";"Choque em barreira New Jersey";0;0;0;0;0;0;0;0;1;0;0;1;0;0;0
"26/03/2023";"12:13:00";"237";"Acidente s";"389";"BR-101/RJ";"Pista Norte";"Abalroamento longitudinal";0;0;0;0;0;0;0;0;2;0;2;0;0;0;0
"26/03/2023";"12:50:00";"250";"Acidente s";"262";"BR-116/RJ";"Pista Norte";"Choque em objeto fixo";0;0;0;0;0;0;0;0;1;0;0;0;0;0;0
"26/03/2023";"02:02:00";"277";"Acidente s";"300.1";"BR-116/RJ";"Pista Norte";"Abalroamento longitudinal";0;1;0;0;0;0;0;0;0;1;3;0;0;0;0
"26/03/2023";"02:09:00";"280";"Acidente s";"106.2";"BR-116/SP";"Pista Sul";"Colisão traseira";0;0;0;0;0;0;0;0;2;0;3;0;0;0;0
"26/03/2023";"02:32:00";"287";"Acidente s";"120";"BR-116/SP";"Pista Sul";"Colisão traseira";0;0;0;0;0;0;0;0;2;0;5;0;0;0;0
"26/03/2023";"02:42:00";"293";"Acidente c";"104.95";"BR-116/SP";"Pista Sul";"Colisão traseira";0;1;0;0;0;0;0;0;1;0;2;0;1;0;0
"26/03/2023";"03:19:00";"314";"Acidente s";"210.2";"BR-116/SP";"Pista Sul";"Colisão traseira";0;0;0;0;0;0;0;0;1;1;2;0;0;0;0
"26/03/2023";"04:51:00";"366";"Acidente s";"236";"BR-116/RJ";"Pista Norte";"Colisão traseira";1;0;0;0;0;0;0;0;0;1;1;0;0;0;0
"26/03/2023";"05:14:00";"378";"Acidente c";"46";"BR-101/SP";"Pista Norte";"Abalroamento longitudinal";0;0;0;0;0;0;0;0;2;0;1;1;0;0;0
"26/03/2023";"07:13:00";"438";"Acidente c";"224.3";"BR-116/SP";"Pista Sul";"Abalroamento longitudinal";0;0;0;0;0;0;0;0;1;1;1;2;0;0;0
"26/03/2023";"08:21:00";"472";"Acidente c";"428";"BR-101/RJ";"Pista Sul";"Abalroamento longitudinal";0;0;0;0;0;0;0;0;2;0;6;0;2;0;0
"26/03/2023";"10:20:00";"512";"Acidente s";"207.2";"BR-116/SP";"Pista Sul";"Engavetamento";0;0;0;0;0;0;0;0;1;2;3;0;0;0;0
"26/03/2023";"10:23:00";"513";"Acidente s";"154";"BR-116/SP";"Pista Sul";"Choque em objeto fixo";0;0;0;0;0;0;0;0;1;0;2;0;0;0;0
"26/03/2023";"10:32:00";"519";"Acidente s";"309.9";"BR-116/RJ";"Pista Norte";"Choque em barreira New Jersey";0;0;0;0;0;0;0;0;1;0;1;0;0;0;0
"26/03/2023";"11:23:00";"529";"Acidente c";"292.75";"BR-116/RJ";"Pista Sul";"Abalroamento longitudinal";0;1;0;0;0;0;0;0;0;1;1;0;1;0;0
"27/03/2023";"05:59:00";"66";"Acidente s";"385";"BR-101/RJ";"Pista Sul";"Colisão traseira";0;0;0;0;0;0;0;0;2;0;3;0;0;0;0
"27/03/2023";"07:32:00";"105";"Acidente c";"211.6";"BR-116/SP";"Pista Sul";"Abalroamento longitudinal";0;1;0;0;0;0;0;0;1;0;1;1;0;0;0
"27/03/2023";"08:35:00";"140";"Acidente c";"492.5";"BR-101/RJ";"Pista Sul";"Abalroamento longitudinal";0;1;0;0;0;0;0;0;1;0;2;0;1;0;0
"27/03/2023";"09:34:00";"187";"Acidente c";"39.3";"BR-101/SP";"Pista Norte";"Queda de moto";0;1;0;0;0;0;0;0;0;0;0;1;0;0;0
"27/03/2023";"09:52:00";"201";"Acidente c";"204.5";"BR-116/SP";"Pista Sul";"Queda de moto";0;1;0;0;0;0;0;0;0;1;1;1;0;0;0
"27/03/2023";"10:34:00";"227";"Acidente c";"204.5";"BR-116/SP";"Pista Norte";"Colisão traseira";0;0;0;0;0;0;0;0;2;0;0;2;0;0;0
"27/03/2023";"10:34:00";"226";"Acidente c";"218.4";"BR-116/SP";"Pista Sul";"Engavetamento";0;2;0;0;0;0;0;0;0;1;3;1;0;0;0
"27/03/2023";"11:13:00";"250";"Acidente c";"91.75";"BR-116/SP";"Pista Sul";"Capotamento";0;0;0;0;0;0;0;0;1;0;0;0;0;0;1
"27/03/2023";"12:53:00";"308";"Acidente c";"58.6";"BR-116/SP";"Pista Sul";"Colisão traseira";1;0;0;0;0;0;0;0;1;0;1;1;0;0;0
"27/03/2023";"01:05:00";"316";"Acidente c";"419.9";"BR-101/RJ";"Pista Sul";"Engavetamento";0;0;0;0;0;0;0;0;3;0;0;1;0;0;0
"27/03/2023";"01:09:00";"320";"Acidente s";"499";"BR-101/RJ";"Pista Sul";"Choque em objeto fixo";0;0;0;0;0;0;0;0;1;0;0;0;0;0;0
"27/03/2023";"01:24:00";"325";"Acidente s";"18.85";"BR-116/SP";"Pista Sul";"Tombamento";1;0;0;0;0;0;0;0;0;0;0;0;0;0;0
"27/03/2023";"01:35:00";"333";"Acidente c";"52";"BR-101/SP";"Pista Norte";"Abalroamento longitudinal";0;1;0;0;0;0;0;0;1;0;0;1;0;0;0
"27/03/2023";"01:53:00";"340";"Acidente c";"417";"BR-101/RJ";"Pista Sul";"Choque em defensa";1;0;0;0;0;0;1;0;0;0;0;1;0;0;0
"27/03/2023";"02:17:00";"348";"Acidente c";"441";"BR-101/RJ";"Pista Sul";"Choque em defensa";1;0;0;0;0;0;0;0;1;0;0;1;0;0;0
"27/03/2023";"03:20:00";"374";"Acidente s";"153";"BR-116/SP";"Pista Norte";"Colisão traseira";0;0;0;0;0;0;0;0;1;1;2;0;0;0;0
"27/03/2023";"03:21:00";"376";"Acidente c";"538";"BR-101/RJ";"Pista Sul";"Queda de moto";0;1;0;0;0;0;0;0;0;0;0;1;0;0;0
"27/03/2023";"04:14:00";"395";"Acidente s";"320";"BR-116/RJ";"Pista Norte";"Choque em defensa";0;0;0;0;0;0;0;0;1;0;2;0;0;0;0
"27/03/2023";"05:26:00";"432";"Acidente c";"443";"BR-101/RJ";"Pista Sul";"Choque em barreira New Jersey";1;0;0;0;0;0;0;0;0;0;1;1;0;0;0
"27/03/2023";"06:19:00";"459";"Acidente s";"215";"BR-116/SP";"Pista Sul";"Engavetamento";0;0;0;0;0;0;0;0;3;0;4;0;0;0;0
"27/03/2023";"06:29:00";"467";"Acidente c";"148.3";"BR-116/SP";"Pista Norte";"Abalroamento longitudinal";0;1;0;0;0;0;0;0;1;0;1;0;1;0;0
"27/03/2023";"06:37:00";"471";"Acidente s";"105.4";"BR-116/SP";"Pista Sul";"Choque Talude";1;0;0;0;0;0;0;0;0;0;0;0;0;0;0
"27/03/2023";"07:28:00";"495";"Acidente s";"29.8";"BR-116/SP";"Pista Norte";"Colisão traseira";0;0;0;0;0;0;0;0;1;1;1;0;0;0;0
"27/03/2023";"11:22:00";"567";"Acidente s";"222.9";"BR-116/RJ";"Pista Sul";"Colisão traseira";2;0;0;0;0;0;0;0;0;0;2;0;0;0;0
"28/03/2023";"03:15:00";"46";"Acidente s";"243.5";"BR-116/RJ";"Pista Norte";"Tombamento";1;0;0;0;0;0;0;0;0;0;1;0;0;0;0
"28/03/2023";"03:58:00";"51";"Acidente s";"25.1";"BR-116/SP";"Pista Norte";"Colisão traseira";0;0;0;0;0;0;0;0;1;1;2;0;0;0;0
"28/03/2023";"06:04:00";"64";"Acidente c";"224.8";"BR-116/SP";"Pista Sul";"Colisão traseira";0;1;0;0;0;0;0;0;1;0;1;1;0;0;0
"28/03/2023";"07:00:00";"105";"Acidente s";"220.5";"BR-116/SP";"Pista Sul";"Colisão traseira";0;0;0;0;0;0;0;0;2;0;3;0;0;0;0
"28/03/2023";"07:14:00";"116";"Acidente c";"261.9";"BR-116/RJ";"Pista Norte";"Colisão traseira";2;0;0;0;0;0;0;0;0;0;1;1;0;0;0
"28/03/2023";"07:42:00";"143";"Acidente c";"390";"BR-101/RJ";"Pista Norte";"Queda de moto";0;1;0;0;0;0;0;0;0;0;0;0;1;0;0
"28/03/2023";"07:58:00";"155";"Acidente s";"390";"BR-101/RJ";"Pista Norte";"Colisão traseira";0;0;0;0;0;0;0;0;1;1;2;0;0;0;0
"28/03/2023";"08:12:00";"169";"Acidente c";"229.7";"BR-116/SP";"Pista Sul";"Colisão traseira";0;1;0;0;0;0;0;0;1;0;1;0;2;0;0
"28/03/2023";"09:54:00";"245";"Acidente s";"243.5";"BR-116/RJ";"Pista Norte";"Colisão traseira";2;0;0;0;0;0;0;0;0;0;2;0;0;0;0
"28/03/2023";"12:00:00";"307";"Acidente c";"198.3";"BR-116/SP";"Pista Sul";"Abalroamento longitudinal";0;1;0;0;0;0;0;0;1;0;1;0;0;1;0
"28/03/2023";"04:20:00";"423";"Acidente s";"298";"BR-116/RJ";"Pista Norte";"Abalroamento longitudinal";0;0;0;0;0;0;0;0;1;1;2;0;0;0;0
"28/03/2023";"05:53:00";"470";"Acidente c";"167.7";"BR-116/SP";"Pista Norte";"Atropelamento de pedestre atravessando";0;1;1;0;0;0;0;0;0;0;0;2;1;0;0
"28/03/2023";"06:48:00";"493";"Atropelame";"48.8";"BR-101/SP";"Pista Norte";"Atropelamento de pedestre atravessando";0;0;0;0;0;0;0;0;1;0;1;1;0;0;0
"28/03/2023";"07:22:00";"505";"Acidente s";"522";"BR-101/RJ";"Pista Sul";"Choque em objeto fixo";0;0;0;0;0;0;0;0;1;0;1;0;0;0;0
"28/03/2023";"10:04:00";"553";"Acidente c";"161";"BR-116/SP";"Pista Sul";"Choque em objeto fixo";0;0;0;0;0;0;0;0;1;0;0;1;0;0;0
"28/03/2023";"11:01:00";"565";"Acidente c";"186.1";"BR-116/SP";"Pista Sul";"Atropelamento de pedestre caminhando";0;1;0;0;0;0;0;0;0;0;0;2;0;0;0
"28/03/2023";"11:52:00";"574";"Acidente c";"228";"BR-116/RJ";"Pista Norte";"Queda de ribanceira";1;0;0;0;0;0;0;0;0;0;0;1;0;0;0
"29/03/2023";"02:45:00";"43";"Acidente c";"207";"BR-116/SP";"Pista Norte";"Colisão traseira";1;1;0;0;0;0;0;0;0;0;0;0;2;0;0
"29/03/2023";"06:58:00";"112";"Acidente c";"141.7";"BR-116/SP";"Pista Norte";"Abalroamento longitudinal";0;0;0;0;0;0;0;0;2;0;1;2;0;0;0
"29/03/2023";"07:04:00";"117";"Acidente s";"145.75";"BR-116/SP";"Pista Sul";"Engavetamento";0;0;0;0;0;0;0;0;2;3;6;0;0;0;0
"29/03/2023";"07:16:00";"124";"Acidente s";"145.4";"BR-116/SP";"Pista Norte";"Colisão traseira";0;0;0;0;0;0;0;0;1;1;2;0;0;0;0
"29/03/2023";"08:24:00";"169";"Acidente c";"228.9";"BR-116/SP";"Pista Sul";"Abalroamento longitudinal";0;1;0;0;0;0;0;0;1;0;1;1;1;0;0
"29/03/2023";"08:53:00";"187";"Acidente c";"266.4";"BR-116/RJ";"Pista Sul";"Abalroamento longitudinal";0;0;0;0;0;0;0;0;1;1;4;0;0;1;0
"29/03/2023";"09:34:00";"210";"Acidente s";"84";"BR-116/SP";"Pista Norte";"Engavetamento";0;0;0;0;0;0;0;0;2;1;1;0;0;0;0
"29/03/2023";"09:46:00";"216";"Acidente c";"275.1";"BR-116/RJ";"Pista Norte";"Colisão traseira";0;0;0;1;0;0;0;0;2;0;1;2;0;0;0
"29/03/2023";"11:28:00";"267";"Acidente s";"232.95";"BR-116/RJ";"Pista Norte";"Choque em objeto fixo";1;0;0;0;0;0;0;0;0;0;2;0;0;0;0