data;horario;n_da_ocorrencia;tipo_de_ocorrencia;km;trecho;sentido;tipo_de_acidente;automovel;bicicleta;caminhao;moto;onibus;outros;tracao_animal;transporte_de_cargas_especiais;trator_maquinas;utilitarios;ilesos;levemente_feridos;moderadamente_feridos;gravemente_feridos;mortos
"29/03/2023";"12:12:00";"292";"Acidente s";"139.15";"BR-116/SP";"Pista Norte";"Colisão traseira";0;0;0;0;0;0;0;0;2;0;3;0;0;0;0
"29/03/2023";"02:20:00";"354";"Acidente c";"124";"BR-116/SP";"Pista Norte";"Colisão traseira";0;0;0;0;0;0;1;0;1;0;0;3;0;0;0
"29/03/2023";"02:36:00";"359";"Acidente s";"170";"BR-116/SP";"Pista Norte";"Choque em defensa";0;0;0;0;0;0;0;0;1;0;1;0;0;0;0
"29/03/2023";"02:45:00";"368";"Acidente s";"215.5";"BR-116/SP";"Pista Sul";"Engavetamento";2;0;0;0;0;0;0;0;1;0;3;0;0;0;0
"29/03/2023";"04:11:00";"417";"Acidente c";"200.1";"BR-116/SP";"Pista Sul";"Abalroamento longitudinal";0;1;0;0;0;0;0;0;1;0;3;0;1;0;0
"29/03/2023";"04:13:00";"419";"Acidente c";"230.5";"BR-116/SP";"Pista Sul";"Engavetamento";2;0;0;0;0;0;0;0;1;0;0;1;0;0;0
"29/03/2023";"04:31:00";"427";"Acidente c";"230";"BR-116/SP";"Pista Norte";"Colisão traseira";0;1;0;0;0;0;0;0;0;1;2;1;0;0;0
"29/03/2023";"04:56:00";"443";"Acidente s";"262.1";"BR-116/RJ";"Pista Norte";"Abalroamento longitudinal";0;0;0;0;0;0;0;0;1;1;3;0;0;0;0
"29/03/2023";"05:53:00";"470";"Acidente s";"211";"BR-116/SP";"Pista Sul";"Engavetamento";1;0;0;0;0;0;0;0;1;2;4;0;0;0;0
"29/03/2023";"05:55:00";"472";"Acidente c";"227";"BR-116/SP";"Pista Norte";"Queda de moto";0;1;0;0;0;0;0;0;0;0;0;1;0;0;0
"29/03/2023";"06:37:00";"498";"Acidente c";"225.3";"BR-116/SP";"Pista Norte";"Engavetamento";0;2;0;0;0;0;0;0;1;0;3;1;0;0;0
"29/03/2023";"06:38:00";"499";"Acidente s";"258.7";"BR-116/RJ";"Pista Norte";"Colisão traseira";2;0;0;0;0;0;0;0;0;0;2;0;0;0;0
"29/03/2023";"07:03:00";"518";"Acidente s";"467";"BR-101/RJ";"Pista Norte";"Choque em objeto na pista";0;0;0;1;0;0;0;0;0;0;1;0;0;0;0
"29/03/2023";"07:05:00";"520";"Acidente s";"207.4";"BR-116/SP";"Pista Sul";"Colisão traseira";0;0;0;0;0;0;0;0;1;1;1;0;0;0;0
"29/03/2023";"07:15:00";"529";"Acidente c";"230";"BR-116/SP";"Pista Norte";"Engavetamento";0;0;0;0;0;1;0;0;1;1;4;1;0;0;0
"29/03/2023";"08:03:00";"551";"Acidente s";"153";"BR-116/SP";"Pista Norte";"Colisão traseira";0;0;0;0;0;0;0;0;2;0;3;0;0;0;0
"29/03/2023";"09:54:00";"597";"Acidente s";"204.1";"BR-116/SP";"Pista Sul";"Outros";1;0;0;0;0;0;0;0;0;0;1;0;0;0;0
"29/03/2023";"10:27:00";"609";"Acidente c";"184.7";"BR-116/SP";"Pista Norte";"Choque em defensa";0;0;0;0;0;0;0;0;1;0;0;0;1;0;0
"29/03/2023";"11:40:00";"628";"Acidente c";"226.5";"BR-116/SP";"Pista Norte";"Colisão traseira";0;0;0;0;0;0;0;0;2;0;0;2;0;0;0
"30/03/2023";"02:48:00";"51";"Acidente c";"115.3";"BR-116/SP";"Pista Norte";"Colisão traseira";1;0;0;0;0;0;0;0;1;0;1;0;2;0;0
"30/03/2023";"05:36:00";"82";"Atropelame";"211.9";"BR-116/SP";"Pista Norte";"Atropelamento de pedestre atravessando";0;0;1;1;0;0;0;0;1;0;25;1;0;0;1
"30/03/2023";"05:57:00";"88";"Acidente c";"212.1";"BR-116/SP";"Pista Norte";"Colisão traseira";0;1;0;0;0;0;0;0;2;0;2;2;0;0;0
"30/03/2023";"08:54:00";"202";"Acidente c";"144";"BR-116/SP";"Pista Sul";"Colisão traseira";0;2;0;0;0;0;0;0;0;0;0;1;0;0;0
"30/03/2023";"10:17:00";"257";"Acidente c";"322.3";"BR-116/RJ";"Pista Norte";"Abalroamento longitudinal";0;0;0;1;0;0;0;0;1;0;1;1;0;0;0
"30/03/2023";"11:27:00";"303";"Acidente c";"255";"BR-116/RJ";"Pista Sul";"Capotamento";0;0;0;0;0;0;0;0;1;0;0;0;1;0;0
"30/03/2023";"12:03:00";"320";"Acidente c";"107.8";"BR-116/SP";"Pista Norte";"Queda de moto";0;1;0;0;0;0;0;0;0;0;0;1;0;0;0
"30/03/2023";"12:40:00";"334";"Acidente s";"481.7";"BR-101/RJ";"Pista Sul";"Colisão traseira";1;0;0;0;0;0;0;0;1;0;0;0;0;0;0
"30/03/2023";"01:08:00";"350";"Acidente c";"224.8";"BR-116/SP";"Pista Sul";"Choque em defensa";1;0;0;0;0;0;0;0;0;0;0;1;0;0;0
"30/03/2023";"02:54:00";"399";"Acidente s";"209";"BR-116/SP";"Pista Norte";"Abalroamento longitudinal";1;0;0;0;0;0;0;0;1;0;2;0;0;0;0
"30/03/2023";"03:15:00";"406";"Acidente s";"210.5";"BR-116/SP";"Pista Sul";"Colisão traseira";0;0;0;0;0;0;1;0;1;0;4;0;0;0;0
"30/03/2023";"03:38:00";"419";"Acidente c";"269.2";"BR-116/RJ";"Pista Sul";"Engavetamento";0;0;0;0;0;0;0;0;3;0;5;1;0;0;0
"30/03/2023";"06:06:00";"498";"Acidente s";"449";"BR-101/RJ";"Pista Sul";"Colisão traseira";0;0;0;0;0;0;0;0;2;0;3;0;0;0;0
"30/03/2023";"06:25:00";"509";"Acidente c";"542";"BR-101/RJ";"Pista Norte";"Choque em objeto fixo";0;0;0;0;0;0;0;0;1;0;0;1;0;0;0
"30/03/2023";"06:43:00";"517";"Acidente c";"225";"BR-116/SP";"Pista Norte";"Colisão traseira";0;0;0;2;0;0;0;0;0;0;113;11;1;0;0
"30/03/2023";"10:02:00";"591";"Acidente s";"231.3";"BR-116/SP";"Pista Sul";"Colisão traseira";2;0;0;0;0;0;0;0;0;0;2;0;0;0;0
"30/03/2023";"10:24:00";"596";"Acidente c";"384.8";"BR-101/RJ";"Pista Norte";"Capotamento";0;0;0;0;0;0;1;0;0;0;0;1;0;0;0
"30/03/2023";"10:30:00";"601";"Acidente s";"134";"BR-116/SP";"Pista Norte";"Colisão traseira";1;0;0;0;0;0;0;0;1;0;3;0;0;0;0
"30/03/2023";"10:40:00";"607";"Acidente c";"134";"BR-116/SP";"Pista Norte";"Colisão traseira";0;1;0;0;0;0;0;0;1;0;3;1;0;0;0
"30/03/2023";"10:51:00";"611";"Acidente c";"231";"BR-116/RJ";"Pista Norte";"Choque em barreira New Jersey";0;0;0;0;0;0;0;0;1;0;3;1;0;0;0
"31/03/2023";"01:09:00";"25";"Acidente s";"292.6";"BR-116/RJ";"Pista Norte";"Choque em objeto na pista";0;0;0;0;0;0;0;0;1;0;1;0;0;0;0
"31/03/2023";"01:38:00";"30";"Acidente c";"303";"BR-116/RJ";"Pista Sul";"Queda de ribanceira";0;0;0;0;0;0;0;0;1;0;0;3;0;0;0
"31/03/2023";"02:28:00";"40";"Acidente s";"224.9";"BR-116/SP";"Pista Sul";"Choque em defensa";1;0;0;0;0;0;0;0;0;0;1;0;0;0;0
"31/03/2023";"07:25:00";"109";"Acidente c";"139.9";"BR-116/SP";"Pista Sul";"Colisão traseira";0;1;0;0;0;0;0;0;0;1;1;1;0;0;0
"31/03/2023";"07:37:00";"115";"Acidente s";"211.1";"BR-116/SP";"Pista Sul";"Colisão traseira";0;0;0;0;0;0;0;0;2;0;2;0;0;0;0
"31/03/2023";"08:11:00";"146";"Acidente s";"126.5";"BR-116/SP";"Pista Sul";"Queda de moto";0;1;0;0;0;0;0;0;0;0;2;0;0;0;0
"31/03/2023";"08:19:00";"152";"Acidente s";"226.3";"BR-116/RJ";"Pista Sul";"Choque em objeto fixo";1;0;0;0;0;0;0;0;0;0;0;0;0;0;0
"31/03/2023";"08:20:00";"153";"Acidente s";"96.1";"BR-116/SP";"Pista Norte";"Choque Talude";0;0;0;0;0;0;0;0;1;0;1;0;0;0;0
"31/03/2023";"09:24:00";"193";"Acidente s";"268";"BR-116/RJ";"Pista Norte";"Tombamento";0;0;0;0;0;0;0;0;1;0;2;0;0;0;0
"31/03/2023";"09:36:00";"201";"Acidente s";"216.5";"BR-116/SP";"Pista Sul";"Colisão traseira";0;1;0;0;0;0;0;0;1;0;2;0;0;0;0
"31/03/2023";"10:43:00";"247";"Acidente s";"186.5";"BR-116/SP";"Pista Sul";"Abalroamento longitudinal";1;0;0;0;0;0;0;0;1;0;2;0;0;0;0
"31/03/2023";"11:25:00";"270";"Acidente c";"41";"BR-116/SP";"Pista Norte";"Colisão traseira";0;0;0;0;0;0;0;0;1;1;4;1;0;0;0
"31/03/2023";"11:42:00";"277";"Acidente s";"227.5";"BR-116/SP";"Pista Sul";"Abalroamento longitudinal";0;0;0;0;0;0;0;0;1;1;2;0;0;0;0
"31/03/2023";"11:48:00";"281";"Acidente s";"324";"BR-116/RJ";"Pista Sul";"Colisão frontal";0;0;0;0;0;0;0;0;2;0;2;0;0;0;0
"31/03/2023";"12:28:00";"302";"Acidente c";"182.8";"BR-116/SP";"Pista Norte";"Colisão traseira";0;0;0;0;0;0;0;0;2;0;4;2;0;0;0
"31/03/2023";"12:38:00";"303";"Acidente c";"382";"BR-101/RJ";"Pista Sul";"Abalroamento longitudinal";0;0;0;0;0;0;0;0;2;0;0;1;0;0;0
"31/03/2023";"01:19:00";"320";"Acidente c";"512.9";"BR-101/RJ";"Pista Norte";"Abalroamento longitudinal";0;1;0;0;0;0;0;0;1;0;0;2;0;0;0
"31/03/2023";"01:35:00";"332";"Acidente s";"219.4";"BR-116/SP";"Pista Norte";"Abalroamento transversal";1;0;0;0;0;0;0;0;1;0;2;0;0;0;0
"31/03/2023";"01:39:00";"335";"Acidente s";"211.3";"BR-116/SP";"Pista Norte";"Colisão traseira";0;0;0;0;0;0;0;0;1;1;1;0;0;0;0
"31/03/2023";"02:10:00";"344";"Acidente c";"262";"BR-116/RJ";"Pista Norte";"Choque em barreira New Jersey";1;0;0;0;0;0;0;0;1;0;0;1;1;0;0
"31/03/2023";"03:29:00";"381";"Acidente c";"9";"BR-116/SP";"Pista Norte";"Colisão traseira";2;0;0;0;0;0;0;0;1;0;3;0;1;0;0
"31/03/2023";"03:29:00";"379";"Acidente s";"118";"BR-116/SP";"Pista Norte";"Engavetamento";0;0;0;0;0;0;0;0;1;0;3;0;0;0;0
"31/03/2023";"03:58:00";"395";"Acidente c";"108.8";"BR-116/SP";"Pista Sul";"Abalroamento longitudinal";0;1;0;0;0;0;0;0;1;0;2;0;1;0;0
"31/03/2023";"04:50:00";"425";"Acidente s";"219";"BR-116/SP";"Pista Sul";"Colisão traseira";0;0;0;0;0;0;0;0;1;1;2;0;0;0;0
"31/03/2023";"04:54:00";"428";"Acidente c";"35";"BR-101/SP";"Pista Sul";"Abalroamento longitudinal";0;1;0;0;0;0;0;0;1;0;1;0;1;0;0
"31/03/2023";"06:12:00";"467";"Acidente s";"111.6";"BR-116/SP";"Pista Norte";"Colisão traseira";0;0;0;0;0;0;0;0;2;0;2;0;0;0;0
"31/03/2023";"06:12:00";"468";"Acidente c";"539";"BR-101/RJ";"Pista Norte";"Capotamento";0;0;0;0;0;0;0;0;1;0;0;2;0;0;0
"31/03/2023";"06:41:00";"486";"Acidente c";"285.2";"BR-116/RJ";"Pista Sul";"Engavetamento";2;0;0;0;0;0;0;0;1;0;3;0;0;0;1
"31/03/2023";"06:46:00";"487";"Acidente c";"473";"BR-101/RJ";"Pista Sul";"Abalroamento longitudinal";0;1;0;0;0;0;0;0;1;0;1;0;1;0;0
"31/03/2023";"06:53:00";"491";"Acidente c";"216.5";"BR-116/SP";"Pista Sul";"Abalroamento longitudinal";1;0;0;0;0;0;0;0;1;0;1;1;0;0;0
"31/03/2023";"07:03:00";"496";"Acidente s";"114";"BR-116/SP";"Pista Norte";"Engavetamento";2;0;0;0;0;0;0;0;0;1;4;0;0;0;0
"31/03/2023";"07:44:00";"508";"Acidente s";"116.7";"BR-116/SP";"Pista Norte";"Colisão traseira";2;0;0;0;0;0;0;0;0;0;2;0;0;0;0
"31/03/2023";"07:51:00";"511";"Acidente s";"527";"BR-101/RJ";"Pista Sul";"Choque em objeto fixo";0;0;0;0;0;0;0;0;1;0;1;0;0;0;0
"31/03/2023";"07:55:00";"514";"Acidente s";"408";"BR-101/RJ";"Pista Norte";"Choque em objeto fixo";0;0;0;0;0;0;0;0;1;0;1;0;0;0;0
"31/03/2023";"08:02:00";"518";"Acidente s";"527";"BR-101/RJ";"Pista Sul";"Choque em objeto fixo";0;0;0;0;0;0;0;0;1;0;1;0;0;0;0
"31/03/2023";"08:16:00";"522";"Acidente s";"230";"BR-116/RJ";"Pista Norte";"Choque em objeto fixo";1;0;0;0;0;0;0;0;0;0;1;0;0;0;0
"31/03/2023";"08:25:00";"526";"Acidente s";"45.1";"BR-101/SP";"Pista Norte";"Queda de moto";0;1;0;0;0;0;0;0;1;0;2;0;0;0;0
"31/03/2023";"10:17:00";"574";"Acidente s";"233";"BR-116/RJ";"Pista Norte";"Choque em objeto fixo";0;0;0;0;0;0;0;0;1;0;1;0;0;0;0
"31/03/2023";"11:49:00";"600";"Acidente s";"284";"BR-116/RJ";"Pista Norte";"Abalroamento longitudinal";0;0;0;0;0;0;0;0;1;1;2;0;0;0;0
"01/04/2023";"05:24:00";"46";"Acidente c";"56.3";"BR-116/SP";"Pista Sul";"Colisão traseira";0;0;0;0;0;0;0;0;2;0;1;1;0;0;0
"01/04/2023";"06:29:00";"57";"Acidente c";"245.45";"BR-116/RJ";"Pista Norte";"Tombamento";1;0;0;0;0;0;0;0;1;0;0;2;1;1;0
"01/04/2023";"06:38:00";"61";"Acidente c";"229.5";"BR-116/RJ";"Pista Norte";"Engavetamento";2;0;0;0;0;0;0;0;3;0;4;0;0;2;0
"01/04/2023";"06:40:00";"62";"Acidente c";"113.1";"BR-116/SP";"Pista Norte";"Queda de moto";0;1;0;0;0;0;0;0;0;0;0;0;0;1;0
"01/04/2023";"06:54:00";"67";"Acidente s";"210";"BR-116/SP";"Pista Sul";"Engavetamento";2;0;0;0;0;0;0;0;1;0;0;3;0;0;0
"01/04/2023";"07:41:00";"90";"Acidente c";"212.6";"BR-116/SP";"Pista Norte";"Colisão traseira";0;0;0;0;0;0;0;0;1;2;2;1;0;0;0
"01/04/2023";"08:43:00";"122";"Acidente c";"226";"BR-116/SP";"Pista Sul";"Colisão traseira";0;0;0;0;0;0;1;0;1;0;5;0;1;0;0
"01/04/2023";"09:08:00";"133";"Acidente c";"230.8";"BR-116/SP";"Pista Sul";"Engavetamento";0;0;0;0;0;0;0;0;3;0;2;0;1;0;0
"01/04/2023";"09:55:00";"157";"Acidente c";"205.1";"BR-116/SP";"Pista Norte";"Queda de moto";0;1;0;0;0;0;0;0;0;0;0;2;0;0;0
"01/04/2023";"10:31:00";"175";"Acidente c";"230.5";"BR-116/SP";"Pista Sul";"Abalroamento longitudinal";0;1;0;0;0;0;0;0;1;0;2;0;1;0;0
"01/04/2023";"11:34:00";"197";"Acidente c";"233";"BR-116/RJ";"Pista Sul";"Queda de moto";0;1;0;0;0;0;0;0;0;0;0;1;0;0;0
"01/04/2023";"11:56:00";"214";"Acidente c";"228.1";"BR-116/RJ";"Pista Norte";"Tombamento";1;0;0;0;0;0;0;0;0;0;0;1;0;0;0
"01/04/2023";"12:22:00";"223";"Acidente s";"228.1";"BR-116/RJ";"Pista Norte";"Choque em objeto fixo";0;0;0;0;0;0;1;0;0;0;1;0;0;0;0
"01/04/2023";"12:38:00";"226";"Acidente s";"53.8";"BR-116/SP";"Pista Sul";"Abalroamento longitudinal";2;0;0;0;0;0;0;0;0;0;1;0;0;0;0
"01/04/2023";"01:04:00";"237";"Acidente c";"230.2";"BR-116/SP";"Pista Sul";"Queda de moto";0;1;0;0;0;0;0;0;0;0;0;1;0;0;0
"01/04/2023";"01:17:00";"244";"Acidente c";"230";"BR-116/SP";"Pista Sul";"Abalroamento longitudinal";0;1;0;0;0;0;0;0;1;0;1;0;1;0;0
"01/04/2023";"02:15:00";"269";"Acidente s";"474";"BR-116/RJ";"Pista Sul";"Colisão frontal";0;0;0;0;0;0;0;0;2;0;2;0;0;0;0
"01/04/2023";"02:18:00";"272";"Acidente c";"501.5";"BR-116/RJ";"Pista Sul";"Capotamento";0;0;0;0;0;0;0;0;1;0;0;1;0;0;0
"01/04/2023";"02:39:00";"280";"Acidente c";"134.6";"BR-116/SP";"Pista Norte";"Choque em barreira New Jersey";0;0;0;0;0;0;0;0;1;0;0;2;0;0;0
"01/04/2023";"03:25:00";"305";"Acidente c";"211.5";"BR-116/SP";"Pista Norte";"Colisão traseira";0;0;0;0;0;0;0;0;1;1;1;3;0;0;0
"01/04/2023";"04:26:00";"337";"Acidente c";"206.5";"BR-116/SP";"Pista Norte";"Choque em objeto fixo";0;0;0;0;0;0;0;0;1;0;0;0;1;0;0
"01/04/2023";"04:59:00";"355";"Acidente s";"413";"BR-116/RJ";"Pista Norte";"Choque em barreira New Jersey";0;0;0;0;0;0;0;0;1;0;0;0;0;0;0
"01/04/2023";"05:34:00";"375";"Acidente s";"264.7";"BR-116/RJ";"Pista Norte";"Choque em objeto fixo";0;0;0;0;0;0;1;0;0;0;1;0;0;0;0
"01/04/2023";"09:28:00";"475";"Acidente s";"91";"BR-116/SP";"Pista Norte";"Choque em objeto fixo";0;0;0;0;0;0;0;0;1;0;1;0;0;0;0
"01/04/2023";"09:31:00";"476";"Acidente c";"400";"BR-116/RJ";"Pista Norte";"Queda de moto";0;1;0;0;0;0;0;0;0;0;0;0;1;0;0
"01/04/2023";"09:36:00";"479";"Acidente s";"495";"BR-116/RJ";"Pista Sul";"Choque em objeto fixo";0;0;0;0;0;0;0;0;1;0;3;0;0;0;0
"01/04/2023";"09:47:00";"481";"Acidente c";"400.7";"BR-116/RJ";"Pista Norte";"Atropelamento de animal";0;1;0;1;0;0;0;0;0;0;1;0;1;0;0
"02/04/2023";"12:05:00";"16";"Acidente s";"47.7";"BR-116/SP";"Pista Sul";"Choque em barreira New Jersey";0;0;0;0;0;0;0;0;1;0;0;0;0;0;0
"02/04/2023";"12:41:00";"26";"Acidente s";"528";"BR-116/RJ";"Pista Norte";"Choque em objeto fixo";0;0;0;0;0;0;1;0;0;0;0;0;0;0;0
"02/04/2023";"01:59:00";"39";"Acidente c";"224.8";"BR-116/RJ";"Pista Norte";"Capotamento";0;0;0;0;0;0;0;0;1;0;0;1;0;0;0
"02/04/2023";"02:38:00";"46";"Acidente s";"165.7";"BR-116/SP";"Pista Norte";"Colisão traseira";0;0;0;0;0;0;0;0;1;1;2;0;0;0;0
"02/04/2023";"06:51:00";"90";"Acidente c";"224.8";"BR-116/RJ";"Pista Sul";"Capotamento";0;0;0;0;0;0;0;0;1;0;0;1;0;0;0
"02/04/2023";"10:59:00";"186";"Acidente c";"482";"BR-116/RJ";"Pista Sul";"Colisão traseira";0;0;0;0;0;0;0;0;1;1;2;1;0;0;0
"02/04/2023";"12:38:00";"215";"Acidente c";"125.5";"BR-116/SP";"Pista Sul";"Colisão traseira";0;0;0;0;0;0;0;0;2;0;0;8;0;0;0
"02/04/2023";"01:36:00";"235";"Acidente c";"166.6";"BR-116/SP";"Pista Norte";"Queda de ribanceira";0;1;0;0;0;0;0;0;0;0;0;1;0;0;0
"02/04/2023";"06:54:00";"368";"Acidente s";"393";"BR-116/RJ";"Pista Norte";"Colisão traseira";0;0;0;0;0;0;0;0;2;0;4;0;0;0;0
"02/04/2023";"08:00:00";"392";"Acidente c";"86.1";"BR-116/SP";"Pista Norte";"Colisão traseira";1;0;0;0;0;0;0;0;1;0;3;1;0;0;0
"02/04/2023";"09:36:00";"419";"Acidente s";"390";"BR-116/RJ";"Pista Sul";"Queda de ribanceira";0;0;0;0;0;0;0;0;1;0;0;0;0;0;0
"02/04/2023";"09:37:00";"420";"Acidente s";"37";"BR-116/SP";"Pista Sul";"Choque em barreira New Jersey";0;0;0;0;0;0;0;0;1;0;5;0;0;0;0
"02/04/2023";"11:44:00";"449";"Acidente s";"223.3";"BR-116/SP";"Pista Sul";"Choque em objeto fixo";0;0;0;0;0;0;0;0;1;0;1;0;0;0;0
"03/04/2023";"03:15:00";"38";"Acidente s";"157.5";"BR-116/SP";"Pista Norte";"Colisão traseira";0;0;0;0;0;0;0;0;2;0;5;0;0;0;0
"03/04/2023";"04:20:00";"45";"Acidente s";"407";"BR-116/RJ";"Pista Sul";"Choque em objeto fixo";0;0;0;0;0;0;0;0;1;0;0;0;0;0;0
"03/04/2023";"05:18:00";"55";"Acidente s";"226.7";"BR-116/SP";"Pista Norte";"Abalroamento longitudinal";2;0;0;0;0;0;0;0;0;0;2;0;0;0;0
"03/04/2023";"05:53:00";"63";"Acidente c";"224.1";"BR-116/SP";"Pista Sul";"Abalroamento longitudinal";0;1;0;0;0;0;0;0;1;0;2;0;1;0;0
"03/04/2023";"06:06:00";"65";"Acidente c";"212.5";"BR-116/SP";"Pista Sul";"Engavetamento";0;0;0;1;0;0;0;0;2;0;0;35;0;0;0
"03/04/2023";"07:00:00";"102";"Acidente s";"126";"BR-116/SP";"Pista Sul";"Engavetamento";0;0;0;0;0;1;0;0;2;0;4;0;0;0;0
"03/04/2023";"07:04:00";"106";"Acidente c";"298";"BR-116/RJ";"Pista Norte";"Abalroamento longitudinal";0;0;0;0;0;0;0;0;2;0;0;0;1;0;0
"03/04/2023";"07:09:00";"110";"Acidente s";"393";"BR-116/RJ";"Pista Norte";"Capotamento";0;0;0;0;0;0;0;0;1;0;1;0;0;0;0
"03/04/2023";"07:35:00";"126";"Acidente c";"312.15";"BR-116/RJ";"Pista Sul";"Engavetamento";0;0;0;0;0;0;0;0;3;0;1;2;0;0;0
"03/04/2023";"07:43:00";"129";"Acidente s";"302";"BR-116/RJ";"Pista Sul";"Queda de moto";0;1;0;0;0;0;0;0;0;0;1;0;0;0;0
"03/04/2023";"07:45:00";"133";"Acidente s";"298.1";"BR-116/RJ";"Pista Sul";"Choque em objeto na pista";0;1;0;0;0;0;0;0;0;0;2;0;0;0;0
"03/04/2023";"08:00:00";"142";"Acidente c";"225";"BR-116/SP";"Pista Sul";"Colisão traseira";0;0;0;0;0;0;0;0;2;0;2;1;0;0;0
"03/04/2023";"08:14:00";"153";"Acidente c";"225.6";"BR-116/SP";"Pista Sul";"Abalroamento longitudinal";0;1;0;0;0;0;0;0;2;0;4;1;0;0;0
"03/04/2023";"10:10:00";"222";"Acidente c";"577";"BR-116/RJ";"Pista Sul";"Queda de moto";0;1;0;0;0;0;0;0;0;0;0;1;0;0;0
"03/04/2023";"11:22:00";"254";"Acidente s";"204.5";"BR-116/SP";"Pista Norte";"Choque em objeto fixo";1;0;0;0;0;0;0;0;0;0;1;0;0;0;0
"03/04/2023";"12:35:00";"284";"Acidente c";"204.5";"BR-116/SP";"Pista Sul";"Abalroamento longitudinal";0;0;0;0;0;0;0;0;1;1;1;1;0;0;0
"03/04/2023";"12:52:00";"290";"Acidente c";"436";"BR-116/RJ";"Pista Sul";"Colisão frontal";0;1;0;0;0;0;0;0;1;0;2;0;1;0;1
"03/04/2023";"01:08:00";"300";"Acidente s";"437";"BR-116/RJ";"Pista Norte";"Queda de moto";0;1;0;0;0;0;0;0;0;0;1;0;0;0;0
"03/04/2023";"01:58:00";"318";"Acidente s";"166.2";"BR-116/SP";"Pista Sul";"Colisão traseira";1;0;0;0;0;0;0;0;0;0;1;0;0;0;0
"03/04/2023";"02:06:00";"323";"Acidente c";"394.9";"BR-116/RJ";"Pista Sul";"Tombamento";1;0;0;0;0;0;0;0;0;0;0;0;0;0;1
"03/04/2023";"02:28:00";"332";"Acidente s";"110";"BR-116/SP";"Pista Norte";"Abalroamento longitudinal";0;0;0;1;0;0;0;0;1;0;2;0;0;0;0
"03/04/2023";"03:19:00";"361";"Acidente c";"229";"BR-116/SP";"Pista Norte";"Abalroamento longitudinal";1;1;0;0;0;0;0;0;0;0;1;1;0;0;0
"03/04/2023";"04:08:00";"393";"Acidente s";"227.6";"BR-116/SP";"Pista Norte";"Choque em barreira New Jersey";0;0;0;0;0;0;0;0;1;0;1;0;0;0;0
"03/04/2023";"07:45:00";"501";"Acidente s";"428";"BR-116/RJ";"Pista Sul";"Choque em objeto fixo";0;0;0;0;0;0;0;0;1;0;3;0;0;0;0
"03/04/2023";"10:37:00";"546";"Acidente c";"291";"BR-116/RJ";"Pista Norte";"Choque em barreira New Jersey";0;0;0;0;0;0;0;0;1;0;1;1;0;0;0
"04/04/2023";"02:00:00";"37";"Acidente c";"224.3";"BR-116/SP";"Pista Sul";"Colisão traseira";0;0;0;0;0;0;0;0;1;1;1;0;0;1;0
"04/04/2023";"04:03:00";"48";"Acidente c";"185.8";"BR-116/SP";"Pista Norte";"Choque em defensa";1;0;0;0;0;0;0;0;0;0;0;1;0;0;0
"04/04/2023";"05:38:00";"62";"Acidente s";"36.3";"BR-116/SP";"Pista Norte";"Choque em objeto fixo";1;0;0;0;0;0;0;0;0;0;1;0;0;0;0
"04/04/2023";"05:40:00";"63";"Acidente c";"309.7";"BR-116/RJ";"Pista Norte";"Choque em defensa";0;0;0;0;0;0;0;0;1;0;0;1;0;0;0
"04/04/2023";"06:53:00";"80";"Acidente c";"221.65";"BR-116/SP";"Pista Sul";"Abalroamento longitudinal";0;1;0;0;0;0;0;0;1;0;1;1;0;0;0
"04/04/2023";"12:50:00";"243";"Acidente c";"510";"BR-116/RJ";"Pista Sul";"Abalroamento longitudinal";0;1;0;0;0;0;0;0;1;0;0;0;2;0;0
"04/04/2023";"01:38:00";"263";"Acidente c";"145.5";"BR-116/SP";"Pista Norte";"Choque em objeto na pista";0;0;0;0;0;0;0;0;0;1;0;2;0;0;0
"04/04/2023";"03:10:00";"308";"Acidente s";"313.4";"BR-116/RJ";"Pista Norte";"Choque em objeto fixo";0;0;0;0;0;0;0;0;1;0;1;0;0;0;0
"04/04/2023";"04:13:00";"334";"Acidente c";"229";"BR-116/RJ";"Pista Sul";"Colisão traseira";1;0;0;0;0;0;1;0;0;0;0;1;0;0;0
"04/04/2023";"04:23:00";"336";"Acidente c";"470";"BR-116/RJ";"Pista Norte";"Capotamento";0;0;0;0;0;0;0;0;1;0;0;1;0;0;0
"04/04/2023";"04:52:00";"348";"Acidente s";"243";"BR-116/RJ";"Pista Sul";"Colisão traseira";1;0;0;0;0;0;0;0;1;0;0;0;0;0;0
"04/04/2023";"06:18:00";"395";"Acidente s";"477";"BR-116/RJ";"Pista Sul";"Colisão traseira";0;0;0;0;0;0;0;0;2;0;2;0;0;0;0
"04/04/2023";"07:38:00";"434";"Acidente s";"152";"BR-116/SP";"Pista Norte";"Engavetamento";0;0;0;0;0;0;0;0;3;0;6;0;0;0;0
"04/04/2023";"07:56:00";"437";"Acidente c";"145";"BR-116/SP";"Pista Norte";"Choque em barreira New Jersey";0;0;0;0;0;0;0;0;1;0;0;1;0;0;0
"05/04/2023";"03:17:00";"38";"Acidente s";"292.5";"BR-116/RJ";"Pista Sul";"Tombamento";1;0;0;0;0;0;0;0;0;0;1;0;0;0;0
"05/04/2023";"06:32:00";"74";"Acidente s";"189.3";"BR-116/SP";"Pista Sul";"Colisão traseira";0;0;0;0;0;0;0;0;1;1;2;0;0;0;0
"05/04/2023";"07:28:00";"106";"Acidente c";"472";"BR-116/RJ";"Pista Norte";"Abalroamento longitudinal";0;2;0;0;0;0;0;0;0;0;0;2;0;0;0
"05/04/2023";"07:54:00";"127";"Acidente s";"190";"BR-116/SP";"Pista Norte";"Choque em objeto na pista";1;0;0;0;0;0;0;0;1;0;4;0;0;0;0