data;horario;n_da_ocorrencia;tipo_de_ocorrencia;km;trecho;sentido;tipo_de_acidente;automovel;bicicleta;caminhao;moto;onibus;outros;tracao_animal;transporte_de_cargas_especiais;trator_maquinas;utilitarios;ilesos;levemente_feridos;moderadamente_feridos;gravemente_feridos;mortos
"05/04/2023";"08:05:00";"138";"Acidente s";"111";"BR-116/SP";"Pista Norte";"Colisão traseira";0;0;0;0;0;0;0;0;2;0;2;0;0;0;0
"05/04/2023";"08:30:00";"156";"Acidente c";"219";"BR-116/SP";"Pista Norte";"Queda de moto";0;1;0;0;0;0;0;0;0;1;0;1;0;0;0
"05/04/2023";"09:39:00";"191";"Atropelame";"83";"BR-116/SP";"Pista Norte";"Atropelamento de pedestre atravessando";0;0;1;0;0;0;0;0;1;0;1;0;0;1;0
"05/04/2023";"09:42:00";"192";"Acidente s";"164.8";"BR-116/SP";"Pista Norte";"Abalroamento longitudinal";1;0;0;0;0;0;0;0;1;0;2;0;0;0;0
"05/04/2023";"09:52:00";"201";"Acidente s";"489.2";"BR-116/RJ";"Pista Norte";"Colisão traseira";0;0;0;1;0;0;0;0;1;0;2;0;0;0;0
"05/04/2023";"11:27:00";"238";"Acidente c";"385";"BR-116/RJ";"Pista Sul";"Engavetamento";0;0;0;0;0;0;0;0;3;0;0;1;0;0;0
"05/04/2023";"01:52:00";"305";"Acidente s";"150";"BR-116/SP";"Pista Sul";"Atropelamento de animal";0;0;0;0;0;0;0;0;1;0;1;0;0;0;0
"05/04/2023";"02:10:00";"316";"Acidente c";"71.4";"BR-116/SP";"Pista Norte";"Choque em objeto fixo";0;0;0;0;0;0;0;0;1;0;1;1;0;0;0
"05/04/2023";"06:48:00";"463";"Acidente c";"76.4";"BR-116/SP";"Pista Sul";"Abalroamento longitudinal";1;0;0;0;0;0;0;0;1;1;2;1;1;0;0
"05/04/2023";"06:50:00";"464";"Acidente s";"156.4";"BR-116/SP";"Pista Norte";"Colisão traseira";0;0;0;0;0;0;0;0;2;0;3;0;0;0;0
"06/04/2023";"05:10:00";"59";"Acidente s";"286.4";"BR-116/RJ";"Pista Norte";"Tombamento";1;0;0;0;0;0;0;0;0;0;0;0;0;0;0
"06/04/2023";"05:26:00";"60";"Acidente s";"286.4";"BR-116/RJ";"Pista Norte";"Colisão traseira";2;0;0;0;0;0;0;0;0;0;2;0;0;0;0
"06/04/2023";"06:00:00";"64";"Acidente c";"420.9";"BR-116/RJ";"Pista Sul";"Colisão frontal";0;0;0;0;0;0;0;0;2;0;1;1;0;0;0
"06/04/2023";"07:12:00";"113";"Acidente c";"221.8";"BR-116/SP";"Pista Norte";"Abalroamento longitudinal";0;1;0;0;0;0;0;0;1;0;2;1;0;0;0
"06/04/2023";"07:20:00";"121";"Acidente c";"221.4";"BR-116/SP";"Pista Norte";"Colisão traseira";0;1;0;0;0;0;0;0;1;0;1;1;0;0;0
"06/04/2023";"09:28:00";"192";"Acidente c";"469";"BR-116/RJ";"Pista Sul";"Colisão frontal";1;0;1;0;0;0;0;0;1;0;1;3;1;0;0
"06/04/2023";"09:37:00";"199";"Acidente s";"192.1";"BR-116/SP";"Pista Norte";"Abalroamento longitudinal";1;0;0;0;0;0;0;0;1;0;1;0;0;0;0
"06/04/2023";"10:32:00";"228";"Acidente s";"36.2";"BR-116/SP";"Pista Norte";"Outros";0;0;0;0;0;0;0;0;1;0;0;0;0;0;0
"06/04/2023";"11:03:00";"246";"Acidente s";"229";"BR-116/SP";"Pista Sul";"Abalroamento longitudinal";0;2;0;0;0;0;0;0;0;1;3;0;0;0;0
"06/04/2023";"12:44:00";"292";"Acidente s";"27";"BR-116/SP";"Pista Norte";"Choque em barreira New Jersey";0;0;0;0;0;0;0;0;1;0;2;0;0;0;0
"06/04/2023";"01:07:00";"299";"Acidente s";"210.5";"BR-116/SP";"Pista Sul";"Abalroamento longitudinal";1;0;0;0;0;0;0;0;1;0;3;0;0;0;0
"06/04/2023";"02:31:00";"336";"Acidente s";"228";"BR-116/RJ";"Pista Sul";"Colisão traseira";1;0;0;0;0;0;0;0;1;0;2;0;0;0;0
"06/04/2023";"02:47:00";"344";"Acidente s";"286";"BR-116/RJ";"Pista Norte";"Colisão traseira";0;0;0;0;0;1;0;0;1;0;2;0;0;0;0
"06/04/2023";"05:00:00";"414";"Acidente c";"147.85";"BR-116/SP";"Pista Sul";"Queda de moto";0;1;0;0;0;0;0;0;0;0;0;1;0;0;0
"06/04/2023";"05:26:00";"429";"Acidente c";"575";"BR-116/RJ";"Pista Norte";"Colisão traseira";0;0;0;0;0;0;0;0;2;0;6;1;0;0;0
"06/04/2023";"05:44:00";"439";"Acidente s";"217.3";"BR-116/SP";"Pista Norte";"Colisão traseira";0;0;0;0;0;0;0;0;1;1;3;0;0;0;0
"06/04/2023";"05:49:00";"443";"Atropelame";"474";"BR-116/RJ";"Pista Norte";"Atropelamento de pedestre atravessando";0;0;0;0;0;0;0;0;1;0;1;0;1;0;0
"06/04/2023";"06:39:00";"485";"Atropelame";"222.85";"BR-116/RJ";"Pista Sul";"Atropelamento de pedestre caminhando";0;0;0;0;0;0;0;0;0;1;1;0;0;0;1
"06/04/2023";"06:42:00";"487";"Acidente c";"482";"BR-116/RJ";"Pista Norte";"Colisão traseira";0;0;0;0;0;0;0;0;2;0;3;1;0;0;0
"06/04/2023";"06:45:00";"490";"Acidente s";"542.3";"BR-116/RJ";"Pista Norte";"Choque em objeto fixo";0;0;0;0;0;0;0;0;1;0;3;0;0;0;0
"06/04/2023";"06:45:00";"491";"Atropelame";"82";"BR-116/SP";"Pista Sul";"Atropelamento de pedestre atravessando";0;0;1;0;0;0;0;0;0;1;1;1;1;0;0
"06/04/2023";"06:54:00";"494";"Acidente s";"151.7";"BR-116/SP";"Pista Norte";"Colisão traseira";0;0;0;0;0;0;0;0;2;0;3;0;0;0;0
"06/04/2023";"07:04:00";"499";"Acidente c";"205.5";"BR-116/SP";"Pista Norte";"Choque em barreira New Jersey";0;0;0;0;0;0;0;0;1;0;0;1;0;0;1
"06/04/2023";"08:06:00";"531";"Acidente s";"230.2";"BR-116/SP";"Pista Norte";"Colisão traseira";0;0;0;0;0;0;0;0;1;1;2;0;0;0;0
"06/04/2023";"08:15:00";"535";"Acidente s";"156";"BR-116/SP";"Pista Sul";"Colisão traseira";0;0;0;0;0;0;0;0;1;1;5;0;0;0;0
"06/04/2023";"09:04:00";"564";"Acidente s";"595.6";"BR-116/RJ";"Pista Norte";"Choque em objeto fixo";0;0;0;0;0;0;0;0;1;0;1;0;0;0;0
"06/04/2023";"09:27:00";"575";"Acidente s";"428.2";"BR-116/RJ";"Pista Norte";"Abalroamento longitudinal";0;0;0;0;0;0;0;0;2;0;2;0;0;0;0
"07/04/2023";"04:25:00";"76";"Acidente c";"230";"BR-116/SP";"Pista Norte";"Abalroamento longitudinal";0;1;0;0;0;0;0;0;1;1;2;0;1;0;0
"07/04/2023";"06:49:00";"101";"Acidente s";"385";"BR-116/RJ";"Pista Norte";"Abalroamento longitudinal";1;0;0;0;0;0;0;0;1;0;2;0;0;0;0
"07/04/2023";"08:29:00";"148";"Acidente c";"110";"BR-116/SP";"Pista Sul";"Queda de moto";0;1;0;0;0;0;0;0;0;0;0;2;0;0;0
"07/04/2023";"09:08:00";"161";"Acidente c";"142.84";"BR-116/SP";"Pista Norte";"Engavetamento";0;0;0;0;0;0;0;0;7;0;17;0;2;0;0
"07/04/2023";"09:17:00";"164";"Acidente s";"93.1";"BR-116/SP";"Pista Norte";"Colisão traseira";0;0;0;0;0;0;0;0;1;1;3;0;0;0;0
"07/04/2023";"10:03:00";"193";"Acidente c";"479";"BR-116/RJ";"Pista Norte";"Abalroamento longitudinal";0;0;0;0;0;0;0;0;2;0;4;1;0;0;0
"07/04/2023";"11:30:00";"227";"Acidente c";"44";"BR-116/SP";"Pista Sul";"Colisão traseira";0;1;0;0;0;0;0;0;1;0;1;0;1;0;0
"07/04/2023";"12:17:00";"248";"Acidente s";"290";"BR-116/RJ";"Pista Sul";"Colisão traseira";0;0;0;0;0;0;0;0;1;1;1;0;0;0;0
"07/04/2023";"01:16:00";"264";"Acidente s";"26";"BR-116/SP";"Pista Sul";"Choque em barreira New Jersey";0;0;0;0;0;0;0;0;1;0;0;0;0;0;0
"07/04/2023";"01:22:00";"267";"Acidente s";"514";"BR-116/RJ";"Pista Sul";"Choque em objeto fixo";0;0;0;0;0;0;0;0;1;0;3;0;0;0;0
"07/04/2023";"01:30:00";"272";"Acidente c";"228";"BR-116/SP";"Pista Sul";"Colisão traseira";1;1;0;0;0;0;0;0;0;0;1;0;1;0;0
"07/04/2023";"01:31:00";"273";"Acidente s";"523";"BR-116/RJ";"Pista Norte";"Choque em objeto fixo";0;0;0;0;0;0;0;0;1;0;1;0;0;0;0
"07/04/2023";"02:12:00";"285";"Acidente c";"52.3";"BR-116/SP";"Pista Norte";"Colisão traseira";0;1;0;0;0;0;0;0;1;0;1;0;1;0;0
"07/04/2023";"03:52:00";"327";"Acidente s";"6";"BR-116/SP";"Pista Sul";"Colisão traseira";0;0;0;0;0;0;0;0;1;1;4;0;0;0;0
"07/04/2023";"03:56:00";"329";"Acidente s";"37.7";"BR-116/SP";"Pista Sul";"Choque em defensa";0;0;0;0;0;0;0;0;1;0;1;0;0;0;0
"07/04/2023";"04:47:00";"360";"Acidente s";"528";"BR-116/RJ";"Pista Norte";"Choque em objeto fixo";0;0;0;0;0;0;0;0;1;0;1;0;0;0;0
"07/04/2023";"04:52:00";"363";"Acidente c";"541.4";"BR-116/RJ";"Pista Sul";"Choque em objeto fixo";0;0;0;0;0;0;0;0;1;0;0;0;0;0;1
"07/04/2023";"04:57:00";"366";"Acidente s";"112";"BR-116/SP";"Pista Sul";"Colisão traseira";0;0;0;0;0;0;0;0;1;1;1;0;0;0;0
"07/04/2023";"04:57:00";"365";"Acidente s";"232.7";"BR-116/RJ";"Pista Norte";"Choque em objeto fixo";0;0;0;0;0;0;0;0;1;0;1;0;0;0;0
"07/04/2023";"07:11:00";"411";"Acidente s";"215";"BR-116/SP";"Pista Sul";"Colisão traseira";0;0;0;0;0;0;0;0;1;1;2;0;0;0;0
"07/04/2023";"07:37:00";"422";"Acidente s";"187";"BR-116/SP";"Pista Norte";"Choque em barreira New Jersey";0;0;0;0;0;0;0;0;1;0;1;0;0;0;0
"07/04/2023";"08:29:00";"440";"Acidente s";"550.1";"BR-116/RJ";"Pista Norte";"Queda de moto";0;1;0;0;0;0;0;0;0;0;2;0;0;0;0
"07/04/2023";"10:44:00";"468";"Acidente s";"202";"BR-116/SP";"Pista Sul";"Choque em objeto fixo";0;0;0;0;0;0;0;0;1;0;1;0;0;0;0
"07/04/2023";"10:52:00";"470";"Acidente s";"158";"BR-116/SP";"Pista Sul";"Abalroamento longitudinal";0;0;0;0;0;0;0;0;2;0;6;0;0;0;0
"07/04/2023";"11:36:00";"479";"Atropelame";"512";"BR-116/RJ";"Pista Norte";"Atropelamento de pedestre atravessando";0;0;0;0;0;0;0;0;1;0;1;1;0;0;0
"08/04/2023";"12:01:00";"15";"Atropelame";"229.5";"BR-116/SP";"Pista Sul";"Atropelamento de pedestre caminhando";0;0;0;0;0;0;0;0;1;0;1;1;0;0;1
"08/04/2023";"01:52:00";"26";"Acidente s";"496";"BR-116/RJ";"Pista Norte";"Queda de ribanceira";0;0;0;0;0;0;0;0;1;0;1;0;0;0;0
"08/04/2023";"02:20:00";"31";"Acidente c";"266.7";"BR-116/RJ";"Pista Sul";"Capotamento";0;0;0;0;0;0;0;0;1;0;0;3;0;0;0
"08/04/2023";"03:54:00";"41";"Acidente c";"129.25";"BR-116/SP";"Pista Norte";"Abalroamento longitudinal";1;0;0;0;0;0;0;0;1;0;0;2;0;0;0
"08/04/2023";"04:25:00";"49";"Acidente c";"36.7";"BR-116/SP";"Pista Sul";"Choque em defensa";0;0;0;0;0;0;0;0;1;0;2;2;0;0;0
"08/04/2023";"06:23:00";"56";"Acidente c";"449";"BR-116/RJ";"Pista Norte";"Colisão frontal";0;0;0;1;0;0;0;0;1;0;2;1;1;1;0
"08/04/2023";"06:50:00";"67";"Acidente s";"130.4";"BR-116/SP";"Pista Sul";"Capotamento";0;0;0;0;0;0;0;0;1;1;2;0;0;0;0
"08/04/2023";"07:02:00";"71";"Acidente c";"417";"BR-116/RJ";"Pista Sul";"Capotamento";0;0;0;0;0;0;0;0;1;0;0;1;0;0;0
"08/04/2023";"07:07:00";"72";"Acidente c";"231.3";"BR-116/RJ";"Pista Norte";"Choque em objeto fixo";0;0;0;0;0;0;0;0;2;0;1;2;0;0;0
"08/04/2023";"07:34:00";"78";"Acidente s";"229.8";"BR-116/RJ";"Pista Norte";"Choque em objeto fixo";1;0;0;0;0;0;0;0;0;0;0;0;0;0;0
"08/04/2023";"07:34:00";"79";"Acidente c";"481.2";"BR-116/RJ";"Pista Norte";"Choque em barreira New Jersey";0;0;0;0;0;0;0;0;1;0;0;1;0;0;0
"08/04/2023";"07:44:00";"83";"Acidente s";"429";"BR-116/RJ";"Pista Sul";"Choque em objeto fixo";0;0;0;0;0;0;0;0;1;0;1;0;0;0;0
"08/04/2023";"08:02:00";"87";"Acidente c";"489";"BR-116/RJ";"Pista Norte";"Colisão traseira";0;0;0;0;0;0;0;0;2;0;1;1;0;0;0
"08/04/2023";"08:23:00";"90";"Acidente c";"416.4";"BR-116/RJ";"Pista Sul";"Capotamento";0;0;0;0;0;0;0;0;1;0;0;2;0;0;0
"08/04/2023";"10:26:00";"127";"Acidente c";"564";"BR-116/RJ";"Pista Norte";"Queda de ribanceira";0;0;0;0;0;0;0;0;1;0;0;2;0;0;0
"08/04/2023";"10:32:00";"129";"Acidente s";"418";"BR-116/RJ";"Pista Norte";"Choque em defensa";0;0;0;0;0;0;0;0;1;0;1;0;0;0;0
"08/04/2023";"11:14:00";"138";"Acidente s";"234.9";"BR-116/RJ";"Pista Norte";"Capotamento";0;0;0;0;0;0;0;0;1;0;1;0;0;0;0
"08/04/2023";"11:23:00";"140";"Acidente s";"170.3";"BR-116/SP";"Pista Norte";"Engavetamento";0;0;0;0;0;0;0;0;2;0;3;0;0;0;0
"08/04/2023";"01:15:00";"169";"Acidente s";"204.5";"BR-116/SP";"Pista Norte";"Colisão traseira";0;0;0;0;0;0;0;0;2;0;2;0;0;0;0
"08/04/2023";"01:31:00";"179";"Acidente c";"36";"BR-116/SP";"Pista Sul";"Abalroamento longitudinal";0;1;0;0;0;0;0;0;1;0;1;1;0;0;0
"08/04/2023";"01:45:00";"186";"Acidente s";"227.7";"BR-116/RJ";"Pista Norte";"Choque Talude";0;0;0;0;0;0;0;0;1;0;0;0;0;0;0
"08/04/2023";"01:53:00";"187";"Acidente s";"96.5";"BR-116/SP";"Pista Sul";"Choque em barreira New Jersey";0;0;0;0;0;0;0;0;1;0;4;0;0;0;0
"08/04/2023";"02:12:00";"190";"Acidente s";"416";"BR-116/RJ";"Pista Sul";"Queda de ribanceira";1;0;0;0;0;0;0;0;0;0;3;0;0;0;0
"08/04/2023";"02:14:00";"191";"Acidente s";"454";"BR-116/RJ";"Pista Sul";"Capotamento";0;0;0;0;0;0;0;0;1;0;0;0;0;0;0
"08/04/2023";"02:41:00";"203";"Acidente s";"415";"BR-116/RJ";"Pista Norte";"Colisão traseira";0;0;0;0;0;0;0;0;2;0;0;0;0;0;0
"08/04/2023";"03:33:00";"214";"Acidente s";"415";"BR-116/RJ";"Pista Sul";"Choque em defensa";0;0;0;0;0;0;0;0;1;0;0;0;0;0;0
"08/04/2023";"03:41:00";"220";"Acidente s";"224.8";"BR-116/RJ";"Pista Sul";"Choque em objeto na pista";0;0;0;0;0;0;0;0;1;0;0;0;0;0;0
"08/04/2023";"04:02:00";"229";"Acidente c";"482";"BR-116/RJ";"Pista Sul";"Abalroamento longitudinal";0;0;0;1;0;0;0;0;1;0;1;1;0;0;0
"08/04/2023";"04:16:00";"235";"Acidente s";"474";"BR-116/RJ";"Pista Norte";"Choque em objeto fixo";0;0;0;0;0;0;0;0;1;0;0;0;0;0;0
"08/04/2023";"05:06:00";"250";"Acidente c";"249";"BR-116/RJ";"Pista Sul";"Colisão traseira";0;0;0;0;0;0;0;0;1;1;1;1;0;0;0
"08/04/2023";"05:26:00";"258";"Acidente c";"417.5";"BR-116/RJ";"Pista Norte";"Capotamento";0;0;0;0;0;0;0;0;2;0;1;3;4;1;0
"08/04/2023";"05:57:00";"268";"Acidente s";"417.5";"BR-116/RJ";"Pista Sul";"Choque em objeto fixo";0;0;0;0;0;0;0;0;1;0;1;0;0;0;0
"08/04/2023";"11:24:00";"345";"Acidente s";"39.7";"BR-116/SP";"Pista Sul";"Choque em objeto fixo";0;0;0;0;0;0;0;0;1;0;1;0;0;0;0
"08/04/2023";"11:48:00";"348";"Acidente c";"157.8";"BR-116/SP";"Pista Norte";"Queda de moto";0;1;0;0;0;0;0;0;0;0;0;1;0;0;0
"09/04/2023";"12:52:00";"19";"Acidente s";"388";"BR-116/RJ";"Pista Sul";"Abalroamento longitudinal";0;0;0;0;0;0;0;0;2;0;2;0;0;0;0
"09/04/2023";"01:37:00";"23";"Acidente c";"104.5";"BR-116/SP";"Pista Sul";"Colisão traseira";0;0;0;0;0;0;0;0;2;0;0;2;1;0;0
"09/04/2023";"03:01:00";"28";"Acidente c";"295.2";"BR-116/RJ";"Pista Norte";"Choque em barreira New Jersey";0;0;0;0;0;0;0;0;1;0;0;0;1;0;0
"09/04/2023";"04:08:00";"39";"Acidente s";"492.6";"BR-116/RJ";"Pista Norte";"Capotamento";0;0;0;0;0;0;0;0;1;0;2;0;0;0;0
"09/04/2023";"04:38:00";"48";"Acidente s";"298";"BR-116/RJ";"Pista Norte";"Choque em defensa";0;0;0;0;0;0;0;0;1;0;1;0;0;0;0
"09/04/2023";"05:05:00";"49";"Acidente s";"170.2";"BR-116/SP";"Pista Norte";"Choque em defensa";0;0;0;0;0;0;0;0;1;0;1;0;0;0;0
"09/04/2023";"07:22:00";"75";"Acidente s";"226";"BR-116/RJ";"Pista Sul";"Choque em objeto fixo";0;0;0;0;0;0;0;0;1;0;1;0;0;0;0
"09/04/2023";"07:28:00";"78";"Acidente s";"287";"BR-116/RJ";"Pista Sul";"Choque em barreira New Jersey";0;0;0;0;0;0;0;0;1;0;1;0;0;0;0
"09/04/2023";"08:08:00";"101";"Acidente s";"476.5";"BR-116/RJ";"Pista Sul";"Choque em objeto fixo";0;0;0;0;0;0;0;0;1;0;1;0;0;0;0
"09/04/2023";"08:22:00";"106";"Acidente s";"519";"BR-116/RJ";"Pista Norte";"Choque em objeto fixo";0;0;0;0;0;0;0;0;1;0;1;0;0;0;0
"09/04/2023";"08:59:00";"119";"Acidente s";"556.9";"BR-116/RJ";"Pista Sul";"Choque em objeto fixo";0;0;0;0;0;0;0;0;1;0;1;0;0;0;0
"09/04/2023";"09:15:00";"123";"Acidente s";"234.5";"BR-116/RJ";"Pista Norte";"Choque Talude";0;0;0;0;0;0;0;0;1;0;2;0;0;0;0
"09/04/2023";"09:33:00";"129";"Acidente s";"416";"BR-116/RJ";"Pista Norte";"Colisão traseira";0;0;0;0;0;0;0;0;2;0;3;0;0;0;0
"09/04/2023";"10:33:00";"146";"Acidente s";"245.6";"BR-116/RJ";"Pista Norte";"Choque em objeto fixo";0;0;0;0;0;0;0;0;1;0;1;0;0;0;0
"09/04/2023";"10:56:00";"151";"Acidente c";"223.8";"BR-116/RJ";"Pista Norte";"Choque em objeto fixo";0;0;0;0;0;0;0;0;1;0;0;4;0;0;0
"09/04/2023";"11:10:00";"158";"Acidente c";"543.4";"BR-116/RJ";"Pista Sul";"Engavetamento";0;0;0;0;0;0;0;0;4;0;2;1;0;0;0
"09/04/2023";"11:24:00";"165";"Acidente s";"522.1";"BR-116/RJ";"Pista Norte";"Choque em objeto fixo";0;0;0;0;0;0;0;0;1;0;0;0;0;0;0
"09/04/2023";"11:41:00";"173";"Acidente s";"307";"BR-116/RJ";"Pista Norte";"Choque em defensa";0;0;0;0;0;0;0;0;1;0;1;0;0;0;0
"09/04/2023";"11:50:00";"176";"Acidente c";"26.3";"BR-116/SP";"Pista Sul";"Capotamento";0;0;0;0;0;0;0;0;1;0;0;1;0;0;0
"09/04/2023";"12:33:00";"191";"Acidente s";"522.2";"BR-116/RJ";"Pista Norte";"Choque em objeto na pista";0;0;0;0;0;0;0;0;1;0;0;0;0;0;0
"09/04/2023";"12:37:00";"196";"Acidente s";"210";"BR-116/SP";"Pista Sul";"Colisão traseira";0;0;0;0;0;0;0;0;1;1;4;0;0;0;0
"09/04/2023";"12:39:00";"199";"Acidente s";"232";"BR-116/RJ";"Pista Norte";"Abalroamento longitudinal";1;0;0;0;0;0;0;0;1;0;3;0;0;0;0
"09/04/2023";"01:08:00";"213";"Acidente s";"226";"BR-116/RJ";"Pista Sul";"Abalroamento longitudinal";0;0;0;0;0;0;0;0;2;0;0;0;0;0;0
"09/04/2023";"01:31:00";"221";"Acidente s";"232";"BR-116/RJ";"Pista Norte";"Choque em barreira New Jersey";0;0;0;0;0;0;0;0;1;0;0;0;0;0;0
"09/04/2023";"01:31:00";"220";"Acidente s";"232";"BR-116/RJ";"Pista Norte";"Choque em barreira New Jersey";0;0;0;0;0;0;0;0;1;0;0;0;0;0;0
"09/04/2023";"01:34:00";"225";"Acidente s";"528.5";"BR-116/RJ";"Pista Norte";"Capotamento";0;0;0;0;0;0;0;0;1;0;0;0;0;0;0
"09/04/2023";"02:12:00";"249";"Acidente c";"226";"BR-116/RJ";"Pista Norte";"Choque em defensa";0;0;0;0;0;0;0;0;1;0;0;3;0;0;0
"09/04/2023";"02:27:00";"252";"Acidente s";"415";"BR-116/RJ";"Pista Norte";"Choque em objeto fixo";0;0;0;0;0;0;0;0;1;0;0;0;0;0;0
"09/04/2023";"02:37:00";"259";"Acidente s";"563";"BR-116/RJ";"Pista Sul";"Capotamento";0;0;0;0;0;0;0;0;1;0;0;0;0;0;0
"09/04/2023";"02:54:00";"264";"Acidente s";"97.8";"BR-116/SP";"Pista Sul";"Colisão traseira";0;0;0;0;0;0;0;0;2;0;8;0;0;0;0
"09/04/2023";"02:55:00";"265";"Acidente s";"324";"BR-116/RJ";"Pista Norte";"Choque em barreira New Jersey";0;0;0;0;0;0;0;0;1;0;1;0;0;0;0
"09/04/2023";"03:22:00";"279";"Acidente s";"265";"BR-116/RJ";"Pista Sul";"Choque em objeto fixo";0;0;0;0;0;0;0;0;1;0;0;0;0;0;0
"09/04/2023";"03:26:00";"282";"Acidente s";"320.6";"BR-116/RJ";"Pista Norte";"Choque em barreira New Jersey";0;0;0;0;0;0;0;0;1;0;4;0;0;0;0
"09/04/2023";"03:39:00";"291";"Acidente c";"48.9";"BR-116/SP";"Pista Norte";"Abalroamento longitudinal";0;1;0;0;0;0;0;0;1;0;0;2;0;0;0
"09/04/2023";"03:47:00";"293";"Acidente s";"523";"BR-116/RJ";"Pista Sul";"Choque em objeto fixo";0;0;0;0;0;0;0;0;1;0;0;0;0;0;0
"09/04/2023";"03:50:00";"294";"Acidente c";"94.3";"BR-116/SP";"Pista Sul";"Colisão traseira";0;0;0;0;0;0;0;0;2;0;6;2;0;0;0
"09/04/2023";"05:26:00";"331";"Acidente s";"231.7";"BR-116/RJ";"Pista Norte";"Choque em defensa";0;0;0;0;0;0;0;0;1;0;1;0;0;0;0
"09/04/2023";"05:28:00";"332";"Acidente s";"295";"BR-116/RJ";"Pista Sul";"Choque em barreira New Jersey";0;0;0;0;0;0;0;0;1;0;1;0;0;0;0
"09/04/2023";"05:39:00";"340";"Acidente c";"313.5";"BR-116/RJ";"Pista Norte";"Choque em defensa";0;0;0;0;0;0;0;0;1;0;1;1;0;0;0
"09/04/2023";"06:02:00";"354";"Acidente s";"165.2";"BR-116/SP";"Pista Sul";"Colisão traseira";1;0;0;0;0;0;0;0;1;0;3;0;0;0;0
"09/04/2023";"06:08:00";"358";"Acidente s";"417.5";"BR-116/RJ";"Pista Sul";"Choque em objeto fixo";1;0;0;0;0;0;0;0;0;0;1;0;0;0;0
"09/04/2023";"06:47:00";"385";"Acidente s";"161.6";"BR-116/SP";"Pista Norte";"Engavetamento";0;0;0;0;0;0;0;0;3;0;5;0;0;0;0
"09/04/2023";"06:47:00";"384";"Acidente s";"313.5";"BR-116/RJ";"Pista Norte";"Engavetamento";1;0;0;0;0;0;0;0;4;0;5;0;0;0;0
"09/04/2023";"07:03:00";"391";"Acidente s";"226";"BR-116/RJ";"Pista Sul";"Choque em defensa";0;0;0;0;0;0;0;0;1;0;3;0;0;0;0
"09/04/2023";"07:20:00";"399";"Acidente s";"26.3";"BR-116/SP";"Pista Sul";"Choque em objeto fixo";0;0;0;0;0;0;0;0;1;0;1;0;0;0;0
"09/04/2023";"07:35:00";"407";"Acidente s";"28";"BR-116/SP";"Pista Sul";"Choque em objeto fixo";0;0;0;0;0;0;0;0;1;0;0;0;0;0;0
"09/04/2023";"07:39:00";"409";"Acidente s";"314";"BR-116/RJ";"Pista Norte";"Choque em defensa";0;0;0;0;0;0;0;0;1;0;1;0;0;0;0
"09/04/2023";"07:41:00";"410";"Acidente s";"227";"BR-116/RJ";"Pista Norte";"Choque em barreira New Jersey";0;0;0;0;0;0;0;0;1;0;2;0;0;0;0
"09/04/2023";"08:13:00";"427";"Acidente s";"584";"BR-116/RJ";"Pista Sul";"Choque em objeto fixo";0;0;0;0;0;0;0;0;1;0;1;0;0;0;0
"09/04/2023";"08:15:00";"429";"Acidente s";"88.15";"BR-116/SP";"Pista Sul";"Engavetamento";0;0;0;0;0;0;0;0;1;3;7;0;0;0;0
"09/04/2023";"08:24:00";"432";"Acidente s";"219";"BR-116/SP";"Pista Norte";"Colisão traseira";0;0;0;0;0;0;0;0;2;0;2;0;0;0;0
"09/04/2023";"09:18:00";"457";"Acidente s";"231";"BR-116/RJ";"Pista Sul";"Choque em objeto fixo";0;0;0;0;0;0;0;0;1;0;1;0;0;0;0
"09/04/2023";"09:19:00";"459";"Acidente s";"150";"BR-116/SP";"Pista Sul";"Abalroamento longitudinal";0;0;1;0;0;0;0;0;1;0;2;0;0;0;0
"09/04/2023";"10:38:00";"493";"Acidente c";"147.5";"BR-116/SP";"Pista Norte";"Abalroamento longitudinal";0;1;0;0;0;0;0;0;0;2;2;0;0;1;0
"09/04/2023";"11:07:00";"500";"Acidente c";"145.8";"BR-116/SP";"Pista Norte";"Abalroamento longitudinal";0;0;0;0;0;0;0;0;2;0;2;2;0;0;0
"09/04/2023";"11:37:00";"508";"Acidente s";"43.5";"BR-116/SP";"Pista Norte";"Choque em objeto fixo";0;0;0;0;0;0;0;0;1;0;3;0;0;0;0
"10/04/2023";"12:14:00";"17";"Acidente c";"82.5";"BR-116/SP";"Pista Sul";"Colisão traseira";0;1;0;0;0;0;0;0;1;0;1;2;0;0;0
"10/04/2023";"12:24:00";"19";"Acidente c";"231";"BR-116/SP";"Pista Norte";"Abalroamento longitudinal";0;0;0;0;0;0;0;0;2;0;3;0;0;1;0
"10/04/2023";"04:40:00";"55";"Acidente c";"243.8";"BR-116/RJ";"Pista Sul";"Colisão traseira";2;0;0;0;0;0;0;0;0;0;1;1;0;0;0
"10/04/2023";"06:47:00";"82";"Acidente c";"224.2";"BR-116/SP";"Pista Sul";"Colisão traseira";0;1;0;0;0;0;0;0;1;0;1;1;0;0;0
"10/04/2023";"07:25:00";"112";"Acidente s";"403";"BR-116/RJ";"Pista Norte";"Queda de ribanceira";0;0;0;0;0;0;0;0;1;0;2;0;0;0;0
"10/04/2023";"07:41:00";"117";"Acidente c";"210";"BR-116/SP";"Pista Sul";"Colisão traseira";0;2;0;0;0;0;0;0;0;0;1;1;0;0;0
"10/04/2023";"07:43:00";"118";"Acidente c";"37.4";"BR-116/SP";"Pista Sul";"Capotamento";0;0;0;0;0;0;0;0;1;0;1;1;0;0;0