data;horario;n_da_ocorrencia;tipo_de_ocorrencia;km;trecho;sentido;tipo_de_acidente;automovel;bicicleta;caminhao;moto;onibus;outros;tracao_animal;transporte_de_cargas_especiais;trator_maquinas;utilitarios;ilesos;levemente_feridos;moderadamente_feridos;gravemente_feridos;mortos
"10/04/2023";"08:04:00";"131";"Acidente s";"134.4";"BR-116/SP";"Pista Sul";"Queda de moto";0;1;0;0;0;0;0;0;0;0;1;0;0;0;0
"10/04/2023";"08:19:00";"137";"Acidente c";"216";"BR-116/SP";"Pista Sul";"Colisão traseira";0;1;0;0;0;0;0;0;1;0;2;1;0;0;0
"10/04/2023";"08:34:00";"145";"Acidente c";"297";"BR-116/RJ";"Pista Norte";"Queda de moto";0;1;0;0;0;0;0;0;0;0;0;1;0;0;0
"10/04/2023";"09:43:00";"195";"Acidente s";"289.8";"BR-116/RJ";"Pista Norte";"Choque em barreira New Jersey";1;0;0;0;0;0;0;0;0;0;0;0;0;0;0
"10/04/2023";"09:51:00";"197";"Acidente s";"216";"BR-116/SP";"Pista Sul";"Colisão traseira";2;0;0;0;0;0;0;0;0;0;2;0;0;0;0
"10/04/2023";"09:53:00";"198";"Acidente s";"489";"BR-116/RJ";"Pista Sul";"Choque em objeto fixo";0;0;0;0;0;0;0;0;1;0;1;0;0;0;0
"10/04/2023";"10:53:00";"220";"Acidente s";"165.2";"BR-116/SP";"Pista Norte";"Abalroamento longitudinal";1;0;0;0;0;0;0;0;1;0;2;0;0;0;0
"10/04/2023";"11:12:00";"235";"Acidente c";"53";"BR-116/SP";"Pista Sul";"Colisão traseira";0;1;0;0;0;0;0;0;1;0;1;0;1;0;0
"10/04/2023";"11:57:00";"259";"Acidente s";"510.8";"BR-116/RJ";"Pista Sul";"Engavetamento";0;0;0;0;0;0;0;0;3;0;4;0;0;0;0
"10/04/2023";"12:58:00";"285";"Acidente s";"404.3";"BR-116/RJ";"Pista Norte";"Colisão traseira";0;0;0;0;0;0;0;0;2;0;0;0;0;0;0
"10/04/2023";"02:24:00";"321";"Acidente s";"383";"BR-116/RJ";"Pista Sul";"Colisão traseira";0;0;0;0;0;0;0;0;2;0;2;0;0;0;0
"10/04/2023";"02:30:00";"326";"Acidente c";"271.1";"BR-116/RJ";"Pista Norte";"Colisão traseira";1;0;0;0;0;0;0;0;1;0;1;5;0;0;0
"10/04/2023";"02:59:00";"334";"Acidente s";"187";"BR-116/SP";"Pista Norte";"Choque em defensa";0;0;0;0;0;0;0;0;1;0;2;0;0;0;0
"10/04/2023";"04:33:00";"373";"Acidente s";"219";"BR-116/SP";"Pista Sul";"Colisão traseira";0;0;0;0;0;0;0;0;1;1;2;0;0;0;0
"10/04/2023";"05:22:00";"398";"Acidente s";"207";"BR-116/SP";"Pista Sul";"Choque em defensa";0;0;0;0;0;0;0;0;1;0;1;0;0;0;0
"10/04/2023";"05:41:00";"412";"Acidente s";"157";"BR-116/SP";"Pista Sul";"Colisão traseira";2;0;0;0;0;0;0;0;0;0;5;0;0;0;0
"10/04/2023";"07:55:00";"482";"Acidente s";"400";"BR-116/RJ";"Pista Sul";"Choque em objeto fixo";0;0;0;0;0;0;0;0;1;0;3;0;0;0;0
"10/04/2023";"09:54:00";"511";"Acidente s";"399";"BR-116/RJ";"Pista Sul";"Queda de moto";0;1;0;0;0;0;0;0;0;0;1;0;0;0;0
"10/04/2023";"10:12:00";"516";"Acidente s";"410";"BR-116/RJ";"Pista Sul";"Atropelamento de animal";0;0;0;0;0;0;0;0;1;0;3;0;0;0;0
"10/04/2023";"10:29:00";"521";"Acidente c";"217";"BR-116/SP";"Pista Sul";"Queda de moto";0;1;0;0;0;0;0;0;0;0;0;0;1;0;0
"11/04/2023";"12:54:00";"23";"Acidente s";"33.6";"BR-116/SP";"Pista Sul";"Choque em objeto na pista";2;0;0;0;0;0;0;0;0;0;2;0;0;0;0
"11/04/2023";"07:00:00";"120";"Acidente s";"219.3";"BR-116/SP";"Pista Sul";"Colisão traseira";0;0;0;0;0;0;0;0;1;1;4;0;0;0;0
"11/04/2023";"07:17:00";"135";"Acidente s";"218.9";"BR-116/SP";"Pista Sul";"Abalroamento longitudinal";1;0;0;0;0;0;0;0;1;0;2;0;0;0;0
"11/04/2023";"07:50:00";"154";"Acidente s";"151.75";"BR-116/SP";"Pista Sul";"Choque em defensa";0;0;0;0;0;0;0;0;1;0;1;0;0;0;0
"11/04/2023";"08:04:00";"168";"Acidente c";"428";"BR-116/RJ";"Pista Norte";"Colisão traseira";0;1;0;0;0;0;0;0;1;0;1;1;0;0;0
"11/04/2023";"08:11:00";"172";"Acidente c";"188.2";"BR-116/SP";"Pista Norte";"Capotamento";0;0;0;0;0;0;0;0;1;0;0;1;0;0;0
"11/04/2023";"08:11:00";"173";"Acidente s";"576";"BR-116/RJ";"Pista Sul";"Abalroamento longitudinal";0;0;0;0;0;0;0;0;2;0;2;0;0;0;0
"11/04/2023";"08:28:00";"184";"Acidente c";"220.8";"BR-116/SP";"Pista Sul";"Colisão traseira";0;1;0;0;0;0;0;0;1;0;1;0;0;1;0
"11/04/2023";"10:09:00";"236";"Acidente s";"242.2";"BR-116/RJ";"Pista Norte";"Abalroamento longitudinal";1;0;0;0;0;0;0;0;1;0;2;0;0;0;0
"11/04/2023";"02:05:00";"345";"Acidente c";"25.25";"BR-116/SP";"Pista Sul";"Colisão traseira";1;0;0;0;0;0;1;0;0;0;0;6;0;0;1
"11/04/2023";"02:50:00";"363";"Acidente s";"298";"BR-116/RJ";"Pista Sul";"Choque em objeto fixo";1;0;0;0;0;0;0;0;0;0;1;0;0;0;0
"11/04/2023";"04:49:00";"421";"Atropelame";"79";"BR-116/SP";"Pista Sul";"Atropelamento de pedestre atravessando";1;0;0;0;0;0;0;0;0;0;0;0;1;0;0
"11/04/2023";"05:49:00";"448";"Acidente c";"155.3";"BR-116/SP";"Pista Norte";"Queda de moto";0;1;0;0;0;0;0;0;0;0;0;0;1;0;0
"11/04/2023";"05:49:00";"449";"Acidente s";"109.5";"BR-116/SP";"Pista Norte";"Choque em barreira New Jersey";0;0;0;0;0;0;0;0;1;0;0;0;0;0;0
"11/04/2023";"05:52:00";"451";"Acidente s";"93.6";"BR-116/SP";"Pista Norte";"Choque Talude";1;0;0;0;0;0;0;0;0;0;1;0;0;0;0
"11/04/2023";"06:40:00";"479";"Atropelame";"428";"BR-116/RJ";"Pista Norte";"Atropelamento de pedestre atravessando";0;0;0;0;0;0;1;0;0;0;0;0;0;0;1
"11/04/2023";"07:11:00";"498";"Acidente s";"106.6";"BR-116/SP";"Pista Sul";"Colisão traseira";0;0;0;0;0;0;0;0;1;1;6;0;0;0;0
"11/04/2023";"07:28:00";"503";"Acidente s";"153.4";"BR-116/SP";"Pista Sul";"Engavetamento";0;0;0;0;0;0;0;0;3;0;3;0;0;0;0
"11/04/2023";"08:11:00";"523";"Acidente s";"429";"BR-116/RJ";"Pista Sul";"Choque em objeto fixo";0;0;0;0;0;0;0;0;1;0;1;0;0;0;0
"11/04/2023";"08:40:00";"531";"Acidente c";"115";"BR-116/SP";"Pista Sul";"Colisão traseira";0;1;0;0;0;0;0;0;2;0;0;0;1;0;0
"11/04/2023";"09:41:00";"557";"Acidente s";"82.7";"BR-116/SP";"Pista Norte";"Queda de ribanceira";0;0;0;0;0;1;0;0;0;0;0;0;0;0;0
"11/04/2023";"11:54:00";"592";"Acidente c";"51.2";"BR-116/SP";"Pista Sul";"Queda de moto";0;1;0;0;0;0;0;0;0;0;0;1;0;0;0
"12/04/2023";"02:38:00";"49";"Acidente s";"43.8";"BR-116/SP";"Pista Norte";"Choque em objeto fixo";0;0;0;0;0;0;0;0;1;0;1;0;0;0;0
"12/04/2023";"04:57:00";"69";"Acidente s";"316";"BR-116/RJ";"Pista Norte";"Choque em objeto na pista";0;0;0;0;0;0;0;0;1;0;0;0;0;0;0
"12/04/2023";"07:27:00";"110";"Acidente c";"102";"BR-116/SP";"Pista Norte";"Colisão traseira";1;0;0;0;0;0;0;0;1;0;1;1;0;0;0
"12/04/2023";"01:18:00";"315";"Acidente s";"264.6";"BR-116/RJ";"Pista Norte";"Choque em objeto fixo";0;0;0;0;0;0;0;0;1;0;1;0;0;0;0
"12/04/2023";"01:39:00";"321";"Acidente c";"212.2";"BR-116/SP";"Pista Sul";"Colisão traseira";0;0;0;0;0;0;0;0;2;0;2;1;0;0;0
"12/04/2023";"03:23:00";"378";"Acidente s";"309";"BR-116/RJ";"Pista Norte";"Abalroamento longitudinal";1;0;0;0;0;0;0;0;1;0;2;0;0;0;0
"12/04/2023";"04:23:00";"402";"Acidente c";"236.9";"BR-116/RJ";"Pista Norte";"Capotamento";0;0;0;0;0;0;0;0;1;0;0;1;0;0;0
"12/04/2023";"04:35:00";"409";"Acidente c";"474";"BR-116/RJ";"Pista Norte";"Colisão traseira";0;1;0;0;0;0;0;0;1;0;1;1;0;0;0
"12/04/2023";"04:44:00";"413";"Acidente s";"38.4";"BR-116/SP";"Pista Sul";"Choque em objeto fixo";0;0;0;0;0;0;0;0;1;0;1;0;0;0;0
"12/04/2023";"05:51:00";"441";"Acidente c";"110";"BR-116/SP";"Pista Norte";"Queda de moto";0;1;0;0;0;0;0;0;0;0;0;0;1;0;0
"12/04/2023";"05:54:00";"443";"Acidente c";"221.8";"BR-116/SP";"Pista Norte";"Colisão traseira";0;1;0;0;0;0;0;0;1;0;3;1;0;0;0
"12/04/2023";"07:32:00";"512";"Acidente c";"124.15";"BR-116/SP";"Pista Norte";"Colisão traseira";2;0;0;0;0;0;0;0;0;0;2;2;0;0;0
"12/04/2023";"11:05:00";"574";"Acidente s";"265";"BR-116/RJ";"Pista Sul";"Atropelamento de animal";0;0;0;1;0;1;0;0;0;0;26;0;0;0;0
"13/04/2023";"12:18:00";"17";"Acidente s";"164.4";"BR-116/SP";"Pista Sul";"Queda de ribanceira";0;0;0;0;0;0;0;0;1;0;1;0;0;0;0
"13/04/2023";"12:21:00";"19";"Acidente s";"208";"BR-116/SP";"Pista Norte";"Choque em objeto fixo";0;0;0;0;0;0;0;0;1;0;0;0;0;0;0
"13/04/2023";"12:57:00";"27";"Acidente s";"117";"BR-116/SP";"Pista Norte";"Colisão traseira";1;0;0;1;0;0;0;0;0;0;45;0;0;0;0
"13/04/2023";"06:39:00";"91";"Acidente c";"225";"BR-116/SP";"Pista Sul";"Engavetamento";2;0;0;0;0;0;0;0;1;1;6;1;0;0;0
"13/04/2023";"09:51:00";"219";"Acidente s";"215";"BR-116/SP";"Pista Sul";"Colisão traseira";0;0;0;0;0;0;0;0;1;1;2;0;0;0;0
"13/04/2023";"11:25:00";"269";"Acidente s";"130.6";"BR-116/SP";"Pista Sul";"Colisão traseira";0;0;0;0;0;0;0;0;2;0;2;0;0;0;0
"13/04/2023";"11:51:00";"277";"Acidente c";"491";"BR-116/RJ";"Pista Norte";"Abalroamento longitudinal";0;1;0;0;0;0;0;0;1;0;1;1;0;0;0
"13/04/2023";"02:14:00";"332";"Acidente c";"293.6";"BR-116/RJ";"Pista Norte";"Abalroamento longitudinal";1;0;0;0;0;1;0;0;0;0;0;2;0;0;0
"13/04/2023";"03:11:00";"360";"Acidente s";"156.2";"BR-116/SP";"Pista Sul";"Colisão traseira";1;0;0;0;0;0;0;0;1;0;2;0;0;0;0
"13/04/2023";"03:49:00";"381";"Acidente c";"477";"BR-116/RJ";"Pista Norte";"Engavetamento";2;0;0;0;0;0;0;0;1;0;3;0;1;0;0
"13/04/2023";"04:09:00";"390";"Acidente s";"210.3";"BR-116/SP";"Pista Norte";"Abalroamento longitudinal";0;0;0;0;0;0;0;0;1;1;2;0;0;0;0
"13/04/2023";"05:25:00";"431";"Acidente c";"506";"BR-116/RJ";"Pista Norte";"Abalroamento longitudinal";0;1;0;0;0;0;0;0;1;0;1;1;0;0;0
"13/04/2023";"05:36:00";"435";"Acidente c";"46";"BR-116/SP";"Pista Norte";"Colisão frontal";0;0;0;0;0;0;0;0;2;0;1;2;0;0;0
"13/04/2023";"05:58:00";"442";"Acidente s";"213.6";"BR-116/SP";"Pista Norte";"Colisão traseira";1;0;0;0;0;0;0;0;1;0;3;0;0;0;0
"13/04/2023";"06:11:00";"454";"Acidente c";"322";"BR-116/RJ";"Pista Sul";"Colisão traseira";0;0;0;0;0;0;0;0;2;0;1;1;0;0;0
"13/04/2023";"06:30:00";"472";"Atropelame";"36.6";"BR-116/SP";"Pista Norte";"Atropelamento de pedestre atravessando";0;0;1;0;0;0;0;0;1;0;1;0;0;1;0
"13/04/2023";"07:00:00";"491";"Acidente c";"219";"BR-116/SP";"Pista Norte";"Abalroamento longitudinal";1;1;0;0;0;0;0;0;0;0;2;2;0;0;0
"13/04/2023";"07:35:00";"502";"Acidente c";"125.2";"BR-116/SP";"Pista Norte";"Engavetamento";0;0;0;0;0;0;0;0;4;1;9;5;0;0;0
"13/04/2023";"11:24:00";"576";"Acidente s";"225.5";"BR-116/SP";"Pista Sul";"Choque em defensa";0;0;0;0;0;0;0;0;1;0;1;0;0;0;0
"14/04/2023";"01:03:00";"35";"Acidente c";"183.7";"BR-116/SP";"Pista Sul";"Colisão traseira";2;0;0;0;0;0;0;0;0;0;0;2;0;0;0
"14/04/2023";"01:18:00";"40";"Acidente c";"145.6";"BR-116/SP";"Pista Norte";"Engavetamento";0;0;0;0;0;0;1;0;1;1;1;3;0;0;0
"14/04/2023";"04:43:00";"63";"Acidente s";"394";"BR-116/RJ";"Pista Sul";"Atropelamento de animal";0;0;0;0;0;0;0;0;1;0;1;0;0;0;0
"14/04/2023";"07:03:00";"115";"Acidente c";"207";"BR-116/SP";"Pista Sul";"Colisão traseira";0;2;0;0;0;0;0;0;0;0;0;1;2;0;0
"14/04/2023";"07:28:00";"137";"Acidente c";"217.8";"BR-116/SP";"Pista Sul";"Colisão traseira";0;1;0;0;0;0;0;0;1;0;1;1;0;0;0
"14/04/2023";"09:13:00";"202";"Acidente c";"145.8";"BR-116/SP";"Pista Sul";"Engavetamento";0;0;0;0;0;0;0;0;3;0;2;1;2;0;0
"14/04/2023";"11:29:00";"280";"Acidente s";"277.2";"BR-116/RJ";"Pista Norte";"Engavetamento";1;0;0;0;0;0;0;0;2;1;4;0;0;0;0
"14/04/2023";"12:27:00";"301";"Acidente c";"259";"BR-116/RJ";"Pista Sul";"Capotamento";0;0;0;0;0;0;0;0;1;0;0;1;0;0;0
"14/04/2023";"12:40:00";"306";"Acidente c";"182.3";"BR-116/SP";"Pista Norte";"Queda de moto";0;1;0;0;0;0;0;0;0;0;0;1;0;0;0
"14/04/2023";"01:34:00";"324";"Acidente s";"482";"BR-116/RJ";"Pista Norte";"Abalroamento longitudinal";0;1;0;1;0;0;0;0;0;0;2;0;0;0;0
"14/04/2023";"02:25:00";"350";"Acidente s";"134.6";"BR-116/SP";"Pista Norte";"Colisão traseira";0;0;0;0;0;0;0;0;2;0;4;0;0;0;0
"14/04/2023";"02:34:00";"356";"Acidente s";"323";"BR-116/RJ";"Pista Norte";"Choque em objeto fixo";0;0;0;0;0;0;0;0;1;0;0;0;0;0;0
"14/04/2023";"03:40:00";"384";"Acidente c";"147";"BR-116/SP";"Pista Sul";"Choque em objeto fixo";0;1;0;0;0;0;0;0;0;0;0;1;0;0;0
"14/04/2023";"03:41:00";"385";"Acidente s";"418";"BR-116/RJ";"Pista Sul";"Choque em objeto fixo";0;0;0;0;0;0;0;0;1;0;1;0;0;0;0
"14/04/2023";"03:50:00";"392";"Acidente s";"429";"BR-116/RJ";"Pista Sul";"Choque em objeto fixo";0;0;0;0;0;0;0;0;1;0;1;0;0;0;0
"14/04/2023";"04:11:00";"398";"Acidente s";"418";"BR-116/RJ";"Pista Sul";"Colisão frontal";0;0;0;0;0;0;0;0;2;0;2;0;0;0;0
"14/04/2023";"04:43:00";"415";"Acidente c";"215.1";"BR-116/SP";"Pista Norte";"Colisão traseira";1;1;0;0;0;0;0;0;0;0;1;1;0;0;0
"14/04/2023";"05:30:00";"441";"Acidente s";"226.5";"BR-116/RJ";"Pista Norte";"Choque em defensa";0;0;0;0;0;0;0;0;1;0;1;0;0;0;0
"14/04/2023";"05:34:00";"443";"Acidente s";"435.7";"BR-116/RJ";"Pista Sul";"Choque em barreira New Jersey";0;0;0;0;0;0;0;0;1;0;3;0;0;0;0
"14/04/2023";"10:29:00";"576";"Acidente s";"247";"BR-116/RJ";"Pista Norte";"Capotamento";0;0;0;0;0;0;0;0;1;0;1;0;0;0;0
"14/04/2023";"11:30:00";"592";"Acidente c";"265.8";"BR-116/RJ";"Pista Norte";"Queda de ribanceira";0;0;0;0;0;0;0;0;1;0;0;1;0;0;0
"15/04/2023";"01:40:00";"26";"Acidente c";"28";"BR-116/SP";"Pista Sul";"Abalroamento longitudinal";2;0;0;0;0;0;0;0;0;0;0;0;0;2;0
"15/04/2023";"03:51:00";"42";"Acidente c";"316";"BR-116/RJ";"Pista Norte";"Abalroamento longitudinal";0;0;0;0;0;0;0;0;1;1;1;1;0;0;0
"15/04/2023";"06:19:00";"59";"Acidente c";"151.85";"BR-116/SP";"Pista Norte";"Capotamento";0;0;0;0;0;0;0;0;1;0;0;1;2;0;0
"15/04/2023";"06:30:00";"68";"Acidente s";"217.8";"BR-116/SP";"Pista Sul";"Choque em objeto na pista";0;0;0;0;0;0;0;0;2;1;3;0;0;0;0
"15/04/2023";"08:00:00";"112";"Acidente s";"317";"BR-116/RJ";"Pista Norte";"Choque em objeto na pista";0;0;0;0;0;0;0;0;1;0;0;0;0;0;0
"15/04/2023";"08:43:00";"129";"Acidente s";"212";"BR-116/SP";"Pista Sul";"Engavetamento";0;0;0;0;0;0;0;0;3;0;5;0;0;0;0
"15/04/2023";"11:12:00";"199";"Acidente s";"229.4";"BR-116/RJ";"Pista Norte";"Colisão traseira";1;0;0;0;0;0;0;0;0;1;2;0;0;0;0
"15/04/2023";"12:20:00";"227";"Acidente s";"328";"BR-116/RJ";"Pista Norte";"Colisão traseira";1;0;0;0;0;0;0;0;1;0;2;0;0;0;0
"15/04/2023";"02:38:00";"274";"Acidente s";"150.3";"BR-116/SP";"Pista Sul";"Colisão traseira";1;0;0;0;0;0;0;0;1;0;3;0;0;0;0
"15/04/2023";"02:41:00";"275";"Acidente s";"428";"BR-116/RJ";"Pista Norte";"Colisão traseira";1;0;0;0;0;0;0;0;1;0;2;0;0;0;0
"15/04/2023";"06:20:00";"350";"Acidente s";"145.8";"BR-116/SP";"Pista Sul";"Engavetamento";0;0;0;0;0;0;0;0;1;3;7;0;0;0;0
"15/04/2023";"06:51:00";"366";"Acidente s";"71.8";"BR-116/SP";"Pista Sul";"Abalroamento longitudinal";0;0;0;0;0;0;0;0;2;0;6;0;0;0;0
"15/04/2023";"09:37:00";"421";"Acidente s";"596.5";"BR-116/RJ";"Pista Norte";"Choque em objeto fixo";0;0;0;0;0;0;0;0;1;0;1;0;0;0;0
"15/04/2023";"09:48:00";"424";"Acidente s";"428.3";"BR-116/RJ";"Pista Norte";"Choque em objeto fixo";0;0;0;0;0;0;0;0;1;0;1;0;0;0;0
"15/04/2023";"09:59:00";"427";"Acidente c";"438";"BR-116/RJ";"Pista Sul";"Abalroamento longitudinal";0;0;0;0;0;0;0;0;2;0;3;2;1;0;0
"16/04/2023";"12:00:00";"15";"Acidente s";"514";"BR-116/RJ";"Pista Norte";"Choque em objeto fixo";0;0;0;0;0;0;0;0;1;0;1;0;0;0;0
"16/04/2023";"12:01:00";"16";"Acidente s";"297";"BR-116/RJ";"Pista Norte";"Choque em objeto fixo";0;0;0;0;0;0;0;0;1;0;1;0;0;0;0
"16/04/2023";"02:34:00";"36";"Acidente s";"205.35";"BR-116/SP";"Pista Norte";"Choque em objeto fixo";0;0;0;0;0;0;0;0;1;0;4;0;0;0;0
"16/04/2023";"02:43:00";"38";"Acidente s";"1.5";"BR-116/SP";"Pista Sul";"Capotamento";0;0;0;0;0;0;0;0;1;0;0;0;0;0;0
"16/04/2023";"03:11:00";"42";"Acidente s";"297";"BR-116/RJ";"Pista Sul";"Atropelamento de animal";0;0;0;0;0;0;0;0;1;0;4;0;0;0;0
"16/04/2023";"03:30:00";"44";"Acidente s";"483";"BR-116/RJ";"Pista Norte";"Choque em objeto na pista";0;1;0;0;0;0;0;0;1;0;2;0;0;0;0
"16/04/2023";"04:33:00";"54";"Acidente s";"565.6";"BR-116/RJ";"Pista Norte";"Capotamento";0;0;0;0;0;0;0;0;1;0;1;0;0;0;0
"16/04/2023";"06:39:00";"76";"Acidente c";"388";"BR-116/RJ";"Pista Norte";"Choque em objeto fixo";0;0;0;0;0;0;0;0;1;0;0;1;0;0;0
"16/04/2023";"06:40:00";"77";"Acidente c";"418";"BR-116/RJ";"Pista Norte";"Abalroamento transversal";0;0;0;0;0;0;0;0;2;0;0;1;1;0;0
"16/04/2023";"06:45:00";"80";"Acidente c";"166";"BR-116/SP";"Pista Norte";"Colisão traseira";0;1;0;0;0;0;0;0;0;1;1;0;1;0;0
"16/04/2023";"06:58:00";"87";"Acidente s";"166";"BR-116/SP";"Pista Norte";"Colisão traseira";0;0;0;0;0;0;0;0;2;0;3;0;0;0;0
"16/04/2023";"07:08:00";"95";"Acidente c";"482";"BR-116/RJ";"Pista Sul";"Colisão traseira";0;0;0;1;0;0;0;0;2;0;1;1;1;0;0
"16/04/2023";"09:27:00";"139";"Acidente s";"228.1";"BR-116/SP";"Pista Norte";"Abalroamento longitudinal";0;0;0;0;0;0;0;0;2;0;6;0;0;0;0
"16/04/2023";"09:49:00";"145";"Acidente s";"314";"BR-116/RJ";"Pista Norte";"Choque em veículo parado na pista";0;0;1;0;0;0;0;0;1;0;2;0;0;0;0
"16/04/2023";"01:31:00";"240";"Acidente s";"120.85";"BR-116/SP";"Pista Sul";"Colisão traseira";0;0;0;0;0;0;0;0;2;0;3;0;0;0;0
"16/04/2023";"03:12:00";"274";"Acidente c";"417";"BR-116/RJ";"Pista Sul";"Colisão traseira";0;1;0;0;0;0;0;0;1;0;1;0;1;0;0
"16/04/2023";"04:41:00";"306";"Acidente c";"233";"BR-116/RJ";"Pista Norte";"Queda de moto";0;1;0;0;0;0;0;0;0;0;0;1;0;0;0
"16/04/2023";"07:07:00";"368";"Acidente s";"206";"BR-116/SP";"Pista Sul";"Engavetamento";0;0;0;0;0;0;0;0;3;0;10;0;0;0;0
"16/04/2023";"07:45:00";"384";"Acidente c";"63.8";"BR-116/SP";"Pista Norte";"Colisão frontal";1;0;0;0;0;0;0;0;1;0;0;3;0;0;0
"16/04/2023";"07:57:00";"387";"Acidente c";"222.3";"BR-116/SP";"Pista Norte";"Abalroamento longitudinal";0;1;0;0;0;0;0;0;0;1;2;1;0;0;0
"16/04/2023";"10:27:00";"436";"Acidente s";"511";"BR-116/RJ";"Pista Norte";"Choque em defensa";0;0;0;0;0;0;0;0;1;0;1;0;0;0;0
"16/04/2023";"10:30:00";"437";"Acidente s";"221.8";"BR-116/SP";"Pista Norte";"Abalroamento longitudinal";0;1;0;0;0;0;0;0;0;1;3;0;0;0;0
"17/04/2023";"12:32:00";"21";"Acidente s";"579";"BR-116/RJ";"Pista Sul";"Choque em objeto fixo";0;0;0;0;0;0;0;0;1;0;1;0;0;0;0
"17/04/2023";"12:38:00";"27";"Acidente c";"482";"BR-116/RJ";"Pista Sul";"Abalroamento longitudinal";0;1;0;0;0;0;0;0;0;0;0;1;0;0;0
"17/04/2023";"04:16:00";"59";"Acidente s";"278.8";"BR-116/RJ";"Pista Norte";"Outros";1;0;0;0;0;0;0;0;0;0;1;0;0;0;0
"17/04/2023";"05:27:00";"70";"Acidente c";"303";"BR-116/RJ";"Pista Norte";"Queda de moto";0;1;0;0;0;0;0;0;0;0;1;0;1;0;0
"17/04/2023";"06:30:00";"92";"Acidente s";"463";"BR-116/RJ";"Pista Norte";"Choque em barreira New Jersey";0;0;0;0;0;0;0;0;1;0;1;0;0;0;0
"17/04/2023";"06:36:00";"95";"Acidente c";"205.6";"BR-116/SP";"Pista Sul";"Queda de moto";0;1;0;0;0;0;0;0;0;1;1;0;1;0;0
"17/04/2023";"07:22:00";"127";"Acidente c";"205";"BR-116/SP";"Pista Sul";"Abalroamento longitudinal";0;0;1;0;0;0;0;0;1;0;1;0;1;0;0
"17/04/2023";"07:37:00";"135";"Acidente s";"384";"BR-116/RJ";"Pista Norte";"Colisão traseira";0;0;0;0;0;0;0;0;2;0;2;0;0;0;0
"17/04/2023";"07:56:00";"148";"Acidente s";"143";"BR-116/SP";"Pista Norte";"Abalroamento longitudinal";1;0;0;0;0;0;0;0;1;0;3;0;0;0;0
"17/04/2023";"08:00:00";"151";"Acidente c";"146.5";"BR-116/SP";"Pista Sul";"Queda de moto";0;1;0;0;0;0;0;0;0;0;0;1;0;0;0
"17/04/2023";"08:22:00";"165";"Acidente c";"218";"BR-116/SP";"Pista Sul";"Colisão traseira";0;1;0;0;0;0;0;0;1;0;1;1;0;0;0
"17/04/2023";"09:14:00";"205";"Acidente c";"229";"BR-116/SP";"Pista Sul";"Engavetamento";1;0;0;0;0;2;0;0;1;0;3;0;1;0;0
"17/04/2023";"09:30:00";"216";"Acidente c";"222.8";"BR-116/SP";"Pista Sul";"Colisão traseira";0;0;0;0;0;0;2;0;0;0;1;0;1;0;0
"17/04/2023";"10:51:00";"269";"Acidente s";"592";"BR-116/RJ";"Pista Norte";"Queda de ribanceira";1;0;0;0;0;0;0;0;0;0;3;0;0;0;0
"17/04/2023";"12:28:00";"300";"Acidente s";"15.7";"BR-116/SP";"Pista Sul";"Abalroamento longitudinal";1;0;0;0;0;0;0;0;1;0;0;0;0;0;0
"17/04/2023";"12:56:00";"306";"Acidente s";"245.6";"BR-116/RJ";"Pista Norte";"Tombamento";1;0;0;0;0;0;0;0;0;0;1;0;0;0;0
"17/04/2023";"01:01:00";"307";"Acidente c";"570";"BR-116/RJ";"Pista Norte";"Queda de moto";0;1;0;0;0;0;0;0;0;0;0;1;0;0;0
"17/04/2023";"05:34:00";"427";"Acidente c";"54";"BR-116/SP";"Pista Norte";"Queda de moto";0;1;0;0;0;0;0;0;0;0;0;0;1;0;0
"17/04/2023";"06:22:00";"456";"Acidente c";"110";"BR-116/SP";"Pista Norte";"Colisão traseira";1;1;0;0;0;0;0;0;0;0;1;1;0;0;0
"17/04/2023";"07:18:00";"483";"Acidente c";"215.2";"BR-116/SP";"Pista Sul";"Colisão traseira";0;0;0;0;0;0;0;0;1;1;0;1;0;0;0
"17/04/2023";"10:52:00";"569";"Acidente s";"45";"BR-116/SP";"Pista Norte";"Abalroamento longitudinal";0;0;0;0;0;0;0;0;2;0;2;0;0;0;0
"18/04/2023";"03:42:00";"60";"Atropelame";"217.05";"BR-116/SP";"Pista Norte";"Atropelamento de pedestre atravessando";1;0;0;0;0;0;0;0;0;0;1;0;0;0;1
"18/04/2023";"06:44:00";"102";"Acidente s";"180";"BR-116/SP";"Pista Sul";"Abalroamento longitudinal";0;0;0;0;0;0;0;0;1;1;2;0;0;0;0
"18/04/2023";"08:27:00";"179";"Acidente c";"229";"BR-116/SP";"Pista Sul";"Colisão traseira";0;1;0;0;0;0;0;0;1;0;2;1;0;0;0
"18/04/2023";"12:00:00";"285";"Acidente c";"227.9";"BR-116/SP";"Pista Sul";"Abalroamento longitudinal";0;1;0;0;0;0;0;0;1;0;3;1;0;0;0
"18/04/2023";"12:28:00";"297";"Acidente c";"304";"BR-116/RJ";"Pista Sul";"Queda de moto";0;1;0;0;0;0;0;0;0;0;0;0;1;0;0
"18/04/2023";"01:16:00";"312";"Acidente c";"108";"BR-116/SP";"Pista Norte";"Queda de moto";0;1;0;0;0;0;0;0;0;0;0;1;0;0;0
"18/04/2023";"01:29:00";"320";"Acidente s";"227.9";"BR-116/RJ";"Pista Norte";"Choque em barreira New Jersey";0;0;0;0;0;0;0;0;1;0;1;0;0;0;0