data;horario;n_da_ocorrencia;tipo_de_ocorrencia;km;trecho;sentido;tipo_de_acidente;automovel;bicicleta;caminhao;moto;onibus;outros;tracao_animal;transporte_de_cargas_especiais;trator_maquinas;utilitarios;ilesos;levemente_feridos;moderadamente_feridos;gravemente_feridos;mortos
"18/04/2023";"02:10:00";"338";"Acidente s";"165.2";"BR-116/SP";"Pista Norte";"Colisão traseira";1;0;0;0;0;0;0;0;0;1;2;0;0;0;0
"18/04/2023";"04:13:00";"386";"Acidente c";"231";"BR-116/SP";"Pista Sul";"Abalroamento longitudinal";0;0;0;0;0;0;0;0;1;2;1;1;0;0;0
"18/04/2023";"04:14:00";"387";"Acidente s";"254";"BR-116/RJ";"Pista Sul";"Choque em objeto na pista";2;0;0;0;0;0;0;0;0;0;2;0;0;0;0
"18/04/2023";"05:57:00";"435";"Acidente s";"161.3";"BR-116/SP";"Pista Norte";"Colisão traseira";0;0;0;0;0;0;0;0;2;0;6;0;0;0;0
"18/04/2023";"06:35:00";"459";"Acidente c";"79.5";"BR-116/SP";"Pista Norte";"Colisão traseira";0;1;0;0;0;0;0;0;0;1;1;0;1;0;0
"18/04/2023";"06:37:00";"460";"Acidente c";"480";"BR-116/RJ";"Pista Norte";"Abalroamento longitudinal";0;1;0;0;0;0;0;0;1;0;2;1;0;0;0
"18/04/2023";"06:57:00";"473";"Acidente c";"149.2";"BR-116/SP";"Pista Sul";"Abalroamento longitudinal";0;1;0;0;0;0;0;0;1;0;1;1;0;0;0
"18/04/2023";"07:26:00";"479";"Acidente c";"129";"BR-116/SP";"Pista Sul";"Colisão traseira";0;0;0;0;0;0;0;0;1;1;1;1;0;0;0
"18/04/2023";"10:56:00";"538";"Acidente s";"125";"BR-116/SP";"Pista Sul";"Capotamento";0;0;0;0;0;0;0;0;1;0;1;0;0;0;0
"18/04/2023";"11:36:00";"544";"Acidente c";"214.5";"BR-116/SP";"Pista Norte";"Choque em barreira New Jersey";0;0;0;0;0;0;0;0;1;0;0;1;0;0;0
"19/04/2023";"12:09:00";"17";"Acidente c";"90.2";"BR-116/SP";"Pista Norte";"Choque em objeto fixo";0;0;0;0;0;0;0;0;1;0;0;0;1;0;0
"19/04/2023";"12:14:00";"18";"Acidente s";"211.2";"BR-116/SP";"Pista Norte";"Choque em barreira New Jersey";0;0;0;0;0;0;0;0;1;0;1;0;0;0;0
"19/04/2023";"02:43:00";"36";"Acidente s";"74.3";"BR-116/SP";"Pista Norte";"Choque em barreira New Jersey";1;0;0;0;0;0;0;0;0;0;1;0;0;0;0
"19/04/2023";"02:53:00";"37";"Acidente s";"74.3";"BR-116/SP";"Pista Sul";"Choque em objeto na pista";0;0;0;0;0;0;1;0;2;0;4;0;0;0;0
"19/04/2023";"02:54:00";"38";"Acidente c";"74.3";"BR-116/SP";"Pista Norte";"Colisão traseira";1;0;0;0;0;0;0;0;1;0;5;2;0;0;0
"19/04/2023";"04:47:00";"54";"Acidente c";"223.5";"BR-116/SP";"Pista Sul";"Colisão traseira";0;0;0;0;0;0;1;0;1;0;1;0;0;1;0
"19/04/2023";"04:48:00";"55";"Acidente s";"230";"BR-116/SP";"Pista Norte";"Engavetamento";0;0;0;0;0;0;2;0;2;1;6;0;0;0;0
"19/04/2023";"05:38:00";"59";"Acidente c";"131";"BR-116/SP";"Pista Sul";"Colisão traseira";0;2;0;0;0;0;0;0;0;0;0;1;1;0;0
"19/04/2023";"06:07:00";"71";"Acidente s";"98.8";"BR-116/SP";"Pista Sul";"Choque em objeto fixo";0;0;0;0;0;0;0;0;1;0;1;0;0;0;0
"19/04/2023";"07:18:00";"99";"Acidente s";"479.5";"BR-116/RJ";"Pista Norte";"Engavetamento";0;0;0;0;0;0;0;0;2;1;4;0;0;0;0
"19/04/2023";"07:54:00";"111";"Acidente c";"145";"BR-116/SP";"Pista Norte";"Capotamento";0;0;0;0;0;0;0;0;1;0;0;2;0;0;0
"19/04/2023";"08:17:00";"130";"Acidente s";"418";"BR-116/RJ";"Pista Norte";"Choque em objeto fixo";0;0;0;0;0;0;0;0;1;0;1;0;0;0;0
"19/04/2023";"08:27:00";"137";"Acidente s";"210.05";"BR-116/SP";"Pista Sul";"Colisão traseira";0;1;0;0;0;0;0;0;1;0;2;0;0;0;0
"19/04/2023";"08:28:00";"138";"Acidente c";"519.7";"BR-116/RJ";"Pista Norte";"Colisão frontal";0;0;0;0;0;0;0;0;2;0;0;0;1;0;0
"19/04/2023";"08:35:00";"143";"Acidente c";"153";"BR-116/SP";"Pista Norte";"Abalroamento longitudinal";1;0;0;0;0;0;0;0;1;0;3;1;0;0;0
"19/04/2023";"08:47:00";"152";"Acidente s";"278.8";"BR-116/RJ";"Pista Sul";"Choque em objeto fixo";0;0;0;0;0;0;0;0;1;0;1;0;0;0;0
"19/04/2023";"08:48:00";"154";"Acidente s";"210";"BR-116/SP";"Pista Sul";"Colisão traseira";0;0;0;0;0;0;0;0;2;0;2;0;0;0;0
"19/04/2023";"08:50:00";"155";"Acidente c";"230.25";"BR-116/SP";"Pista Sul";"Colisão traseira";0;2;0;0;0;0;0;0;0;1;1;3;0;0;0
"19/04/2023";"10:39:00";"198";"Acidente c";"224.55";"BR-116/SP";"Pista Norte";"Engavetamento";0;0;0;0;0;0;0;0;3;0;3;1;0;0;0
"19/04/2023";"12:02:00";"241";"Acidente s";"226";"BR-116/SP";"Pista Norte";"Colisão traseira";1;0;0;0;0;0;0;0;1;0;4;0;0;0;0
"19/04/2023";"12:04:00";"243";"Acidente c";"12.5";"BR-116/SP";"Pista Sul";"Choque em barreira New Jersey";0;0;0;0;0;0;0;0;1;0;0;1;0;0;0
"19/04/2023";"04:00:00";"345";"Atropelame";"252";"BR-116/RJ";"Pista Norte";"Atropelamento de pedestre atravessando";0;0;0;0;0;0;0;0;1;0;2;0;0;0;1
"19/04/2023";"05:42:00";"397";"Acidente s";"108";"BR-116/SP";"Pista Sul";"Colisão traseira";0;1;0;0;0;0;0;0;0;1;2;0;0;0;0
"19/04/2023";"06:12:00";"415";"Acidente s";"484";"BR-116/RJ";"Pista Sul";"Colisão frontal";0;0;0;0;0;0;0;0;2;0;4;0;0;0;0
"19/04/2023";"06:30:00";"433";"Acidente s";"220";"BR-116/SP";"Pista Sul";"Abalroamento longitudinal";0;1;0;0;0;0;0;0;1;0;2;0;0;0;0
"19/04/2023";"07:03:00";"453";"Acidente s";"223";"BR-116/SP";"Pista Norte";"Abalroamento longitudinal";1;0;0;0;0;0;0;0;1;0;2;0;0;0;0
"19/04/2023";"08:23:00";"480";"Acidente c";"492";"BR-116/RJ";"Pista Norte";"Atropelamento de pedestre atravessando";0;1;1;0;0;0;0;0;0;0;0;1;0;1;0
"19/04/2023";"08:36:00";"483";"Acidente s";"223";"BR-116/SP";"Pista Norte";"Colisão traseira";1;0;0;0;0;0;0;0;1;0;2;0;0;0;0
"19/04/2023";"08:51:00";"487";"Acidente s";"259.65";"BR-116/RJ";"Pista Sul";"Choque em barreira New Jersey";1;0;0;0;0;0;0;0;0;0;1;0;0;0;0
"19/04/2023";"08:52:00";"488";"Acidente s";"259.55";"BR-116/RJ";"Pista Norte";"Choque em objeto na pista";0;0;0;0;0;0;0;0;2;0;3;0;0;0;0
"19/04/2023";"09:09:00";"494";"Acidente s";"35.8";"BR-116/SP";"Pista Sul";"Abalroamento longitudinal";2;0;0;0;0;0;0;0;1;1;4;0;0;0;0
"19/04/2023";"09:55:00";"510";"Acidente c";"144";"BR-116/SP";"Pista Sul";"Queda de moto";0;1;0;0;0;0;0;0;0;0;0;1;0;0;0
"19/04/2023";"10:33:00";"522";"Acidente s";"208";"BR-116/SP";"Pista Norte";"Colisão traseira";0;0;0;0;0;0;0;0;1;1;2;0;0;0;0
"19/04/2023";"10:41:00";"526";"Acidente s";"103.3";"BR-116/SP";"Pista Norte";"Choque em objeto na pista";0;0;0;0;0;0;0;0;1;0;3;0;0;0;0
"19/04/2023";"11:42:00";"541";"Acidente s";"418";"BR-116/RJ";"Pista Sul";"Choque em objeto fixo";0;0;0;0;0;0;0;0;1;0;2;0;0;0;0
"20/04/2023";"12:03:00";"15";"Acidente s";"165";"BR-116/SP";"Pista Norte";"Abalroamento longitudinal";1;0;0;0;0;0;0;0;1;0;2;0;0;0;0
"20/04/2023";"03:34:00";"34";"Acidente s";"250.35";"BR-116/RJ";"Pista Norte";"Colisão traseira";1;0;0;0;0;0;0;0;0;1;2;0;0;0;0
"20/04/2023";"06:06:00";"56";"Acidente s";"310.5";"BR-116/RJ";"Pista Norte";"Choque em objeto fixo";0;0;0;0;0;0;0;0;1;0;1;0;0;0;0
"20/04/2023";"07:18:00";"103";"Acidente s";"282.15";"BR-116/RJ";"Pista Sul";"Choque em barreira New Jersey";0;0;0;0;0;0;0;0;1;0;3;0;0;0;0
"20/04/2023";"07:36:00";"123";"Acidente s";"275";"BR-116/RJ";"Pista Sul";"Abalroamento longitudinal";0;0;0;0;0;0;0;0;2;0;3;0;0;0;0
"20/04/2023";"08:53:00";"181";"Acidente s";"182.3";"BR-116/SP";"Pista Norte";"Queda de moto";0;1;0;0;0;0;0;0;0;0;1;0;0;0;0
"20/04/2023";"10:38:00";"246";"Acidente s";"122.6";"BR-116/SP";"Pista Norte";"Engavetamento";0;0;0;0;0;0;0;0;3;0;3;0;0;0;0
"20/04/2023";"11:33:00";"269";"Acidente s";"582";"BR-116/RJ";"Pista Norte";"Choque em objeto fixo";0;0;0;0;0;0;0;0;1;0;2;0;0;0;0
"20/04/2023";"01:18:00";"311";"Acidente c";"66";"BR-116/SP";"Pista Sul";"Choque em objeto fixo";0;0;0;0;0;0;0;0;1;0;0;1;0;0;0
"20/04/2023";"02:50:00";"357";"Acidente s";"228";"BR-116/SP";"Pista Sul";"Colisão traseira";0;1;0;0;0;0;1;0;1;0;3;0;0;0;0
"20/04/2023";"02:53:00";"358";"Acidente s";"289";"BR-116/RJ";"Pista Norte";"Abalroamento longitudinal";0;0;0;0;0;0;0;0;1;1;2;0;0;0;0
"20/04/2023";"03:04:00";"367";"Acidente c";"227.75";"BR-116/SP";"Pista Sul";"Queda de moto";0;1;0;0;0;0;0;0;0;0;0;1;0;0;0
"20/04/2023";"03:18:00";"370";"Acidente c";"470";"BR-116/RJ";"Pista Sul";"Abalroamento longitudinal";0;1;0;1;0;0;0;0;0;0;1;1;0;0;0
"20/04/2023";"03:27:00";"376";"Acidente c";"229";"BR-116/SP";"Pista Norte";"Colisão traseira";0;1;0;0;0;0;0;0;1;0;1;1;0;0;0
"20/04/2023";"04:00:00";"391";"Acidente s";"230";"BR-116/RJ";"Pista Norte";"Colisão traseira";2;0;0;0;0;0;0;0;0;0;2;0;0;0;0
"20/04/2023";"04:20:00";"406";"Acidente s";"203";"BR-116/SP";"Pista Norte";"Colisão traseira";0;0;0;0;0;0;0;0;1;1;1;0;0;0;0
"20/04/2023";"04:33:00";"416";"Acidente c";"205.2";"BR-116/SP";"Pista Norte";"Colisão traseira";0;0;0;0;0;0;0;0;1;1;1;1;0;0;0
"20/04/2023";"04:51:00";"424";"Acidente s";"156";"BR-116/SP";"Pista Norte";"Colisão traseira";0;1;0;0;0;0;0;0;1;0;2;0;0;0;0
"20/04/2023";"04:55:00";"425";"Acidente s";"270";"BR-116/RJ";"Pista Sul";"Colisão traseira";1;0;0;0;0;0;0;0;1;0;2;0;0;0;0
"20/04/2023";"05:12:00";"431";"Acidente c";"189.2";"BR-116/SP";"Pista Norte";"Queda de moto";0;1;0;0;0;0;0;0;0;0;0;1;0;0;0
"20/04/2023";"05:44:00";"444";"Acidente s";"147.75";"BR-116/SP";"Pista Norte";"Abalroamento longitudinal";0;1;0;0;0;0;1;0;0;0;2;0;0;0;0
"20/04/2023";"05:49:00";"450";"Acidente s";"570";"BR-116/RJ";"Pista Sul";"Choque em objeto fixo";0;0;0;0;0;0;0;0;1;0;1;0;0;0;0
"20/04/2023";"05:51:00";"452";"Acidente c";"169.2";"BR-116/SP";"Pista Norte";"Queda de moto";0;1;0;0;0;0;0;0;0;0;0;0;1;0;0
"20/04/2023";"06:27:00";"479";"Acidente s";"225.4";"BR-116/RJ";"Pista Sul";"Choque em defensa";1;0;0;0;0;0;0;0;0;0;3;0;0;0;0
"20/04/2023";"06:29:00";"482";"Acidente s";"487";"BR-116/RJ";"Pista Sul";"Engavetamento";0;0;0;0;0;0;0;0;3;0;3;0;0;0;0
"20/04/2023";"06:57:00";"502";"Acidente c";"220";"BR-116/SP";"Pista Sul";"Abalroamento longitudinal";0;1;0;0;0;0;0;0;0;1;1;0;1;0;0
"20/04/2023";"07:08:00";"511";"Acidente s";"227";"BR-116/SP";"Pista Norte";"Abalroamento longitudinal";0;0;0;0;0;0;0;0;2;0;3;0;0;0;0
"20/04/2023";"07:26:00";"520";"Acidente c";"205";"BR-116/SP";"Pista Norte";"Abalroamento longitudinal";0;1;0;0;0;0;0;0;1;0;1;1;0;0;0
"20/04/2023";"07:50:00";"537";"Acidente s";"189.4";"BR-116/SP";"Pista Sul";"Atropelamento de animal";1;0;0;0;0;0;0;0;0;0;1;0;0;0;0
"20/04/2023";"08:55:00";"562";"Acidente s";"203";"BR-116/SP";"Pista Norte";"Engavetamento";0;0;0;0;0;0;0;0;2;1;6;0;0;0;0
"20/04/2023";"09:45:00";"588";"Acidente s";"65.05";"BR-116/SP";"Pista Sul";"Abalroamento longitudinal";1;0;0;0;0;0;0;0;1;0;2;0;0;0;0
"20/04/2023";"10:32:00";"597";"Acidente c";"116.5";"BR-116/SP";"Pista Sul";"Colisão traseira";1;0;0;0;0;0;0;0;1;0;0;1;1;1;0
"20/04/2023";"11:52:00";"618";"Acidente s";"68.8";"BR-116/SP";"Pista Norte";"Choque em barreira New Jersey";0;0;0;0;0;0;0;0;1;0;1;0;0;0;0
"21/04/2023";"06:25:00";"96";"Acidente s";"381";"BR-116/RJ";"Pista Sul";"Colisão traseira";0;0;0;0;0;0;0;0;1;1;2;0;0;0;0
"21/04/2023";"06:52:00";"108";"Acidente s";"144.65";"BR-116/SP";"Pista Norte";"Colisão traseira";0;0;0;0;0;0;0;0;1;1;2;0;0;0;0
"21/04/2023";"07:30:00";"126";"Acidente c";"146.5";"BR-116/SP";"Pista Norte";"Engavetamento";0;1;0;0;0;0;0;0;4;0;13;2;0;0;0
"21/04/2023";"07:42:00";"129";"Acidente s";"314";"BR-116/RJ";"Pista Norte";"Abalroamento longitudinal";1;0;0;0;0;0;0;0;1;0;0;0;0;0;0
"21/04/2023";"07:59:00";"137";"Acidente c";"386";"BR-116/RJ";"Pista Sul";"Colisão traseira";0;1;0;1;0;0;0;0;0;0;30;1;0;0;0
"21/04/2023";"08:08:00";"140";"Acidente c";"22.6";"BR-116/SP";"Pista Sul";"Outros";1;0;0;0;0;0;0;0;0;0;0;1;0;0;0
"21/04/2023";"08:35:00";"164";"Acidente s";"153";"BR-116/SP";"Pista Norte";"Engavetamento";0;0;0;0;0;0;0;0;3;0;3;0;0;0;0
"21/04/2023";"08:39:00";"166";"Acidente s";"163";"BR-116/SP";"Pista Norte";"Engavetamento";0;0;0;0;0;0;0;0;4;0;16;0;0;0;0
"21/04/2023";"08:39:00";"165";"Acidente s";"203.9";"BR-116/SP";"Pista Norte";"Colisão traseira";0;0;0;0;0;0;0;0;1;1;2;0;0;0;0
"21/04/2023";"09:16:00";"177";"Acidente s";"214";"BR-116/SP";"Pista Norte";"Engavetamento";0;0;0;0;0;0;0;0;1;3;5;0;0;0;0
"21/04/2023";"09:26:00";"181";"Acidente s";"46";"BR-116/SP";"Pista Sul";"Colisão traseira";0;0;0;0;0;0;0;0;2;0;2;0;0;0;0
"21/04/2023";"11:15:00";"235";"Acidente c";"45.6";"BR-116/SP";"Pista Sul";"Engavetamento";0;0;0;0;0;0;0;0;3;0;0;1;0;0;0
"21/04/2023";"02:56:00";"313";"Acidente c";"504";"BR-116/RJ";"Pista Norte";"Colisão frontal";0;1;0;0;0;0;0;0;1;0;2;1;0;0;0
"21/04/2023";"03:06:00";"318";"Acidente s";"146";"BR-116/SP";"Pista Norte";"Engavetamento";0;0;0;0;0;0;0;0;4;0;6;0;0;0;0
"21/04/2023";"04:27:00";"362";"Acidente s";"318";"BR-116/RJ";"Pista Sul";"Choque em objeto na pista";1;1;0;0;0;0;0;0;1;0;0;0;0;0;0
"21/04/2023";"04:31:00";"363";"Acidente s";"220.3";"BR-116/SP";"Pista Sul";"Abalroamento longitudinal";0;0;0;0;0;0;0;0;2;0;2;0;0;0;0
"21/04/2023";"06:51:00";"412";"Acidente c";"510.9";"BR-116/RJ";"Pista Sul";"Colisão frontal";0;0;0;0;0;0;0;0;2;0;4;2;1;0;0
"21/04/2023";"07:08:00";"419";"Acidente s";"406.5";"BR-116/RJ";"Pista Norte";"Capotamento";0;0;0;0;0;0;0;0;1;0;1;0;0;0;0
"21/04/2023";"09:20:00";"461";"Acidente s";"433.2";"BR-116/RJ";"Pista Sul";"Atropelamento de animal";0;0;0;0;0;0;0;0;1;0;1;0;0;0;0
"22/04/2023";"12:18:00";"17";"Acidente s";"172.4";"BR-116/SP";"Pista Norte";"Abalroamento longitudinal";0;0;0;0;0;1;0;0;0;2;3;0;0;0;0
"22/04/2023";"02:04:00";"25";"Acidente s";"229.8";"BR-116/SP";"Pista Norte";"Choque em objeto fixo";0;0;0;0;0;0;0;0;1;0;1;0;0;0;0
"22/04/2023";"02:12:00";"27";"Acidente c";"145.3";"BR-116/SP";"Pista Norte";"Choque em barreira New Jersey";0;0;0;0;0;0;0;0;1;0;0;1;0;0;0
"22/04/2023";"03:07:00";"37";"Acidente s";"216";"BR-116/SP";"Pista Norte";"Colisão traseira";0;0;0;0;0;1;0;0;1;1;4;0;0;0;0
"22/04/2023";"05:10:00";"49";"Acidente s";"27.8";"BR-116/SP";"Pista Norte";"Choque em objeto fixo";0;0;0;0;0;1;0;0;0;0;0;0;0;0;0
"22/04/2023";"07:47:00";"74";"Acidente c";"197.5";"BR-116/SP";"Pista Norte";"Queda de moto";0;1;0;0;0;0;0;0;0;0;0;2;0;0;0
"22/04/2023";"09:00:00";"104";"Acidente c";"117";"BR-116/SP";"Pista Norte";"Queda de moto";0;1;0;0;0;0;0;0;0;0;0;1;0;0;0
"22/04/2023";"09:21:00";"111";"Acidente s";"47.6";"BR-116/SP";"Pista Norte";"Engavetamento";0;0;0;0;0;0;0;0;2;1;3;0;0;0;0
"22/04/2023";"10:19:00";"134";"Atropelame";"50.2";"BR-116/SP";"Pista Norte";"Atropelamento de pedestre atravessando";0;1;0;0;0;0;0;0;0;0;1;1;0;0;0
"22/04/2023";"11:01:00";"145";"Atropelame";"471";"BR-116/RJ";"Pista Norte";"Atropelamento de pedestre atravessando";0;0;0;0;0;0;0;0;1;0;1;0;0;1;0
"22/04/2023";"11:28:00";"148";"Acidente s";"47";"BR-116/SP";"Pista Norte";"Colisão traseira";0;0;0;0;0;0;0;0;2;0;2;0;0;0;0
"22/04/2023";"01:40:00";"195";"Acidente c";"67";"BR-116/SP";"Pista Sul";"Queda de moto";0;1;0;0;0;0;0;0;0;0;0;1;0;0;0
"22/04/2023";"05:22:00";"263";"Acidente c";"284";"BR-116/RJ";"Pista Sul";"Capotamento";0;0;0;0;0;0;0;0;1;0;0;0;1;0;0
"22/04/2023";"06:15:00";"280";"Atropelame";"487";"BR-116/RJ";"Pista Sul";"Atropelamento de pedestre atravessando";0;1;0;0;0;0;0;0;0;0;1;0;1;0;0
"22/04/2023";"06:50:00";"300";"Acidente s";"496";"BR-116/RJ";"Pista Sul";"Abalroamento longitudinal";1;0;0;0;0;0;0;0;2;0;3;0;0;0;0
"22/04/2023";"07:34:00";"313";"Acidente c";"120.3";"BR-116/SP";"Pista Sul";"Abalroamento longitudinal";0;1;0;0;0;0;0;0;1;0;2;0;0;1;0
"22/04/2023";"09:23:00";"341";"Acidente c";"77.8";"BR-116/SP";"Pista Sul";"Colisão traseira";0;0;0;0;0;0;0;0;2;0;1;2;0;0;0
"22/04/2023";"09:27:00";"343";"Acidente s";"86.95";"BR-116/SP";"Pista Norte";"Colisão traseira";0;0;0;0;0;0;0;0;2;0;2;0;0;0;0
"22/04/2023";"11:21:00";"367";"Acidente s";"4.2";"BR-116/SP";"Pista Sul";"Choque em barreira New Jersey";0;0;0;0;0;0;0;0;1;0;4;0;0;0;0
"22/04/2023";"11:48:00";"373";"Acidente s";"405.5";"BR-116/RJ";"Pista Sul";"Choque em objeto fixo";0;0;0;0;0;0;0;0;1;0;1;0;0;0;0
"23/04/2023";"01:05:00";"28";"Acidente c";"67.2";"BR-116/SP";"Pista Sul";"Queda de moto";0;1;0;0;0;0;0;0;0;0;0;0;1;0;0
"23/04/2023";"02:47:00";"45";"Acidente c";"225.55";"BR-116/SP";"Pista Norte";"Atropelamento de animal";0;0;0;0;0;0;0;0;1;0;0;1;0;0;0
"23/04/2023";"07:13:00";"84";"Acidente s";"95";"BR-116/SP";"Pista Norte";"Choque em defensa";0;0;0;0;0;0;0;0;1;0;0;0;0;0;0
"23/04/2023";"07:23:00";"86";"Acidente c";"168.9";"BR-116/SP";"Pista Sul";"Choque em objeto fixo";0;1;0;0;0;0;0;0;0;0;0;0;0;0;1
"23/04/2023";"10:59:00";"146";"Acidente c";"562";"BR-116/RJ";"Pista Sul";"Abalroamento longitudinal";0;1;0;1;0;0;0;0;0;0;0;2;0;0;0
"23/04/2023";"11:23:00";"153";"Acidente c";"224";"BR-116/SP";"Pista Norte";"Queda de moto";0;1;0;0;0;0;0;0;0;0;0;1;0;0;0
"23/04/2023";"12:01:00";"165";"Acidente s";"109";"BR-116/SP";"Pista Sul";"Colisão traseira";0;0;0;0;0;0;0;0;2;0;0;0;0;0;0
"23/04/2023";"12:10:00";"168";"Acidente s";"106.45";"BR-116/SP";"Pista Sul";"Engavetamento";0;0;0;0;0;0;0;0;3;0;1;0;0;0;0
"23/04/2023";"12:15:00";"169";"Acidente c";"38";"BR-116/SP";"Pista Sul";"Queda de moto";0;1;0;0;0;0;0;0;0;0;0;2;0;0;0
"23/04/2023";"12:19:00";"171";"Acidente s";"104.8";"BR-116/SP";"Pista Sul";"Colisão traseira";0;0;0;0;0;0;0;0;2;0;0;0;0;0;0
"23/04/2023";"01:12:00";"194";"Acidente c";"217.34";"BR-116/RJ";"Pista Sul";"Queda de moto";0;1;0;0;0;0;0;0;0;0;0;0;1;0;0
"23/04/2023";"02:27:00";"219";"Acidente c";"100.9";"BR-116/SP";"Pista Sul";"Colisão traseira";0;1;0;0;0;0;0;0;1;0;2;1;0;0;0
"23/04/2023";"02:33:00";"223";"Acidente c";"76";"BR-116/SP";"Pista Sul";"Engavetamento";0;1;0;0;0;0;0;0;1;0;3;1;1;0;0
"23/04/2023";"02:35:00";"224";"Acidente c";"103.8";"BR-116/SP";"Pista Sul";"Abalroamento longitudinal";0;1;0;0;0;0;0;0;1;0;1;1;0;0;0
"23/04/2023";"02:35:00";"225";"Acidente c";"154";"BR-116/SP";"Pista Norte";"Abalroamento longitudinal";1;0;0;0;0;0;0;0;1;0;6;1;0;0;0
"23/04/2023";"02:40:00";"229";"Acidente s";"75";"BR-116/SP";"Pista Sul";"Engavetamento";0;0;0;0;0;0;0;0;2;1;4;0;0;0;0
"23/04/2023";"03:10:00";"241";"Acidente s";"565";"BR-116/RJ";"Pista Norte";"Colisão traseira";0;0;0;0;0;0;0;0;2;0;2;0;0;0;0
"23/04/2023";"03:59:00";"257";"Acidente c";"267.98";"BR-116/RJ";"Pista Sul";"Abalroamento longitudinal";1;0;0;0;1;0;0;0;0;0;19;0;0;2;1
"23/04/2023";"04:22:00";"266";"Acidente s";"424";"BR-116/RJ";"Pista Norte";"Colisão traseira";0;0;0;0;0;0;0;0;1;1;2;0;0;0;0
"23/04/2023";"05:12:00";"293";"Acidente c";"290.4";"BR-116/RJ";"Pista Sul";"Queda de moto";0;1;0;0;0;0;0;0;0;0;0;1;1;0;0
"23/04/2023";"10:26:00";"431";"Acidente s";"213";"BR-116/SP";"Pista Norte";"Choque em barreira New Jersey";0;0;0;0;0;0;0;0;1;0;3;0;0;0;0
"23/04/2023";"10:44:00";"438";"Acidente c";"570";"BR-116/RJ";"Pista Norte";"Choque em objeto fixo";0;0;0;0;0;0;0;0;1;0;0;0;1;0;0
"23/04/2023";"10:49:00";"439";"Acidente c";"218.1";"BR-116/SP";"Pista Norte";"Colisão traseira";0;0;0;0;0;0;0;0;2;0;1;3;0;0;0
"23/04/2023";"11:04:00";"442";"Acidente s";"213";"BR-116/SP";"Pista Norte";"Choque em barreira New Jersey";0;0;0;0;0;0;0;0;1;0;1;0;0;0;0
"24/04/2023";"12:43:00";"20";"Acidente s";"182";"BR-116/SP";"Pista Norte";"Choque em objeto na pista";0;0;0;1;0;1;0;0;0;0;2;0;0;0;0
"24/04/2023";"01:17:00";"26";"Acidente s";"27.9";"BR-116/SP";"Pista Sul";"Choque em barreira New Jersey";1;0;0;0;0;0;0;0;0;0;1;0;0;0;0
"24/04/2023";"01:36:00";"29";"Acidente c";"206.3";"BR-116/SP";"Pista Norte";"Engavetamento";1;0;0;0;0;0;1;0;1;0;1;3;0;0;0
"24/04/2023";"02:26:00";"35";"Acidente s";"230.003";"BR-116/RJ";"Pista Norte";"Choque em barreira New Jersey";1;0;0;0;0;0;0;0;0;0;1;0;0;0;0
"24/04/2023";"03:27:00";"39";"Acidente s";"3.2";"BR-116/SP";"Pista Sul";"Choque em barreira New Jersey";1;0;0;0;0;0;0;0;0;0;1;0;0;0;0
"24/04/2023";"05:34:00";"56";"Acidente c";"214";"BR-116/SP";"Pista Norte";"Capotamento";0;0;0;0;0;0;0;0;1;0;2;3;1;0;0
"24/04/2023";"06:17:00";"76";"Acidente s";"226";"BR-116/SP";"Pista Sul";"Capotamento";0;0;0;0;0;0;0;0;1;0;1;0;0;0;0
"24/04/2023";"07:23:00";"111";"Acidente s";"222.05";"BR-116/SP";"Pista Norte";"Abalroamento longitudinal";0;1;0;0;0;0;0;0;0;1;1;0;0;0;0
"24/04/2023";"07:52:00";"119";"Acidente c";"484";"BR-116/RJ";"Pista Norte";"Colisão traseira";0;1;0;0;0;0;0;0;1;0;1;1;0;0;0
"24/04/2023";"08:02:00";"129";"Acidente c";"219";"BR-116/SP";"Pista Sul";"Colisão traseira";0;1;0;0;0;0;0;0;1;0;1;1;0;0;0
"24/04/2023";"08:03:00";"131";"Acidente s";"219.1";"BR-116/SP";"Pista Sul";"Colisão traseira";1;0;0;0;0;0;0;0;0;1;1;0;0;0;0
"24/04/2023";"08:16:00";"140";"Acidente c";"420";"BR-116/RJ";"Pista Norte";"Abalroamento longitudinal";0;1;0;0;0;0;1;0;0;0;1;0;1;0;0
"24/04/2023";"08:28:00";"146";"Acidente s";"211";"BR-116/SP";"Pista Norte";"Colisão traseira";0;0;0;0;0;0;0;0;2;0;2;0;0;0;0
"24/04/2023";"08:45:00";"162";"Acidente s";"226.5";"BR-116/RJ";"Pista Norte";"Tombamento";1;0;0;0;0;0;0;0;0;0;1;0;0;0;0
"24/04/2023";"09:01:00";"174";"Acidente s";"108";"BR-116/SP";"Pista Sul";"Engavetamento";1;0;0;0;0;1;0;0;1;0;3;0;0;0;0
"24/04/2023";"09:44:00";"196";"Acidente c";"138.6";"BR-116/SP";"Pista Sul";"Engavetamento";2;1;0;0;0;0;0;0;0;0;2;0;1;0;0
"24/04/2023";"10:36:00";"219";"Acidente s";"135.7";"BR-116/SP";"Pista Sul";"Colisão traseira";1;0;0;0;0;0;0;0;1;0;2;0;0;0;0
"24/04/2023";"12:13:00";"267";"Acidente s";"416.9";"BR-116/RJ";"Pista Sul";"Abalroamento longitudinal";0;0;0;0;0;0;0;0;2;0;5;0;0;0;0