data;horario;n_da_ocorrencia;tipo_de_ocorrencia;km;trecho;sentido;tipo_de_acidente;automovel;bicicleta;caminhao;moto;onibus;outros;tracao_animal;transporte_de_cargas_especiais;trator_maquinas;utilitarios;ilesos;levemente_feridos;moderadamente_feridos;gravemente_feridos;mortos
"01/05/2023";"04:40:00";"351";"Acidente c";"68.52";"BR-116/SP";"Pista Norte";"Colisão traseira";0;0;0;1;0;0;0;0;1;0;0;2;0;0;0
"01/05/2023";"04:48:00";"355";"Acidente s";"194.1";"BR-116/SP";"Pista Sul";"Choque em objeto fixo";0;0;0;0;0;0;0;0;1;0;1;0;0;0;0
"01/05/2023";"05:11:00";"368";"Acidente s";"290.3";"BR-116/RJ";"Pista Norte";"Engavetamento";0;0;0;0;0;3;0;0;0;0;1;0;0;0;0
"01/05/2023";"05:31:00";"380";"Acidente c";"105";"BR-116/SP";"Pista Sul";"Colisão traseira";0;1;0;0;0;0;0;0;1;0;0;0;1;0;0
"01/05/2023";"05:36:00";"384";"Acidente s";"137";"BR-116/SP";"Pista Sul";"Abalroamento longitudinal";0;1;0;0;0;0;0;0;0;0;2;0;0;0;0
"01/05/2023";"06:22:00";"411";"Acidente c";"208";"BR-116/SP";"Pista Sul";"Abalroamento longitudinal";0;1;0;0;0;0;0;0;1;0;5;1;0;0;0
"01/05/2023";"07:08:00";"436";"Acidente s";"186.5";"BR-116/SP";"Pista Sul";"Engavetamento";0;0;0;0;0;0;0;0;2;1;3;0;0;0;0
"01/05/2023";"07:33:00";"448";"Acidente s";"187";"BR-116/SP";"Pista Sul";"Colisão traseira";0;0;0;0;0;0;0;0;2;0;2;0;0;0;0
"01/05/2023";"07:36:00";"450";"Acidente s";"418";"BR-101/RJ";"Pista Norte";"Colisão traseira";0;0;0;0;0;0;0;0;2;0;5;0;0;0;0
"01/05/2023";"09:46:00";"522";"Acidente s";"228.5";"BR-116/SP";"Pista Sul";"Choque em barreira New Jersey";0;0;0;0;0;0;0;0;1;0;5;0;0;0;0
"01/05/2023";"11:36:00";"548";"Acidente s";"158";"BR-116/SP";"Pista Norte";"Choque em barreira New Jersey";0;0;0;0;0;0;0;0;1;0;1;0;0;0;0
"02/05/2023";"12:42:00";"19";"Acidente s";"68.9";"BR-116/SP";"Pista Norte";"Abalroamento longitudinal";2;0;0;0;0;0;0;0;1;0;0;0;0;0;0
"02/05/2023";"09:29:00";"206";"Acidente c";"161";"BR-116/SP";"Pista Norte";"Queda de moto";0;1;0;0;0;0;0;0;0;0;0;1;0;0;0
"02/05/2023";"10:26:00";"233";"Acidente s";"397";"BR-101/RJ";"Pista Sul";"Queda de moto";0;1;0;0;0;0;0;0;0;0;1;0;0;0;0
"02/05/2023";"11:27:00";"259";"Acidente s";"109.6";"BR-116/SP";"Pista Sul";"Choque em defensa";1;0;0;0;0;0;0;0;1;0;2;2;0;0;0
"02/05/2023";"11:54:00";"271";"Acidente s";"165.2";"BR-116/SP";"Pista Norte";"Colisão traseira";1;0;0;0;0;0;0;0;0;1;2;0;0;0;0
"02/05/2023";"02:01:00";"340";"Atropelame";"331.8";"BR-116/RJ";"Pista Norte";"Atropelamento de pedestre atravessando";1;0;0;0;0;0;0;0;0;0;1;0;0;1;0
"02/05/2023";"03:38:00";"383";"Acidente s";"221";"BR-116/RJ";"Pista Sul";"Choque em objeto fixo";1;0;0;0;0;0;0;0;0;0;1;0;0;0;0
"02/05/2023";"04:35:00";"412";"Acidente c";"215";"BR-116/SP";"Pista Sul";"Colisão traseira";0;1;0;0;0;0;0;0;0;1;1;1;0;0;0
"02/05/2023";"06:04:00";"460";"Acidente c";"211";"BR-116/SP";"Pista Norte";"Abalroamento longitudinal";0;1;0;0;0;0;0;0;1;0;1;1;0;0;0
"02/05/2023";"06:13:00";"467";"Acidente c";"506";"BR-101/RJ";"Pista Norte";"Abalroamento longitudinal";0;1;0;1;0;0;0;0;0;0;1;0;1;0;0
"02/05/2023";"06:14:00";"469";"Acidente c";"146";"BR-116/SP";"Pista Sul";"Engavetamento";0;0;0;0;0;0;0;0;3;0;3;1;0;0;0
"02/05/2023";"06:25:00";"475";"Acidente c";"216";"BR-116/SP";"Pista Norte";"Queda de moto";0;1;0;0;0;0;0;0;0;0;0;1;0;0;0
"02/05/2023";"06:55:00";"482";"Atropelame";"199";"BR-116/SP";"Pista Norte";"Atropelamento de pedestre atravessando";0;0;0;0;0;0;0;0;1;0;1;0;0;0;1
"02/05/2023";"07:06:00";"490";"Acidente s";"480";"BR-101/RJ";"Pista Sul";"Colisão traseira";0;0;0;0;1;0;0;0;1;0;16;0;0;0;0
"02/05/2023";"07:41:00";"510";"Acidente c";"145.7";"BR-116/SP";"Pista Norte";"Colisão traseira";0;1;0;0;0;0;0;0;1;0;2;1;0;0;0
"02/05/2023";"08:06:00";"522";"Acidente s";"228";"BR-116/SP";"Pista Norte";"Abalroamento longitudinal";1;0;0;0;0;0;0;0;1;0;2;0;0;0;0
"02/05/2023";"11:06:00";"563";"Acidente s";"222.6";"BR-116/SP";"Pista Norte";"Colisão traseira";0;0;0;1;0;0;0;0;1;0;3;0;0;0;0
"03/05/2023";"01:30:00";"27";"Acidente s";"410";"BR-101/RJ";"Pista Sul";"Atropelamento de animal";0;0;0;0;0;0;0;0;1;0;3;0;0;0;0
"03/05/2023";"02:59:00";"48";"Acidente c";"169.4";"BR-116/SP";"Pista Norte";"Colisão traseira";2;0;0;0;0;0;0;0;0;0;0;0;1;0;0
"03/05/2023";"06:35:00";"97";"Acidente c";"82.7";"BR-116/SP";"Pista Sul";"Queda de moto";0;1;0;0;0;0;0;0;0;0;0;1;0;0;0
"03/05/2023";"06:58:00";"112";"Acidente c";"226.7";"BR-116/RJ";"Pista Sul";"Tombamento";1;0;0;0;0;0;0;0;0;0;0;0;1;0;0
"03/05/2023";"10:36:00";"261";"Acidente s";"227";"BR-116/SP";"Pista Sul";"Colisão traseira";0;0;0;0;0;0;0;0;2;0;0;0;0;0;0
"03/05/2023";"11:03:00";"277";"Acidente c";"385";"BR-101/RJ";"Pista Norte";"Queda de moto";0;1;0;0;0;0;0;0;0;0;0;1;0;0;0
"03/05/2023";"12:18:00";"304";"Acidente c";"230.8";"BR-116/SP";"Pista Sul";"Abalroamento longitudinal";0;1;0;0;0;0;0;0;1;0;2;1;0;0;0
"03/05/2023";"01:01:00";"319";"Acidente c";"508";"BR-101/RJ";"Pista Sul";"Abalroamento longitudinal";0;1;0;0;0;0;0;0;1;0;0;2;0;0;0
"03/05/2023";"03:12:00";"382";"Acidente c";"151.6";"BR-116/SP";"Pista Norte";"Colisão traseira";1;0;0;0;0;0;0;0;1;0;0;1;0;0;0
"03/05/2023";"06:57:00";"503";"Acidente c";"149";"BR-116/SP";"Pista Sul";"Abalroamento longitudinal";0;1;0;0;0;0;0;0;1;0;1;1;0;0;0
"03/05/2023";"07:24:00";"516";"Acidente c";"153.7";"BR-116/SP";"Pista Sul";"Colisão traseira";0;0;0;0;0;0;0;0;2;0;2;2;0;0;0
"04/05/2023";"12:13:00";"18";"Acidente s";"156.9";"BR-116/SP";"Pista Norte";"Abalroamento longitudinal";0;0;0;0;0;0;0;0;1;1;2;0;0;0;0
"04/05/2023";"03:26:00";"37";"Acidente c";"146";"BR-116/SP";"Pista Norte";"Capotamento";0;0;0;0;0;0;0;0;1;0;0;2;0;0;0
"04/05/2023";"03:49:00";"39";"Atropelame";"212.8";"BR-116/SP";"Pista Norte";"Atropelamento de pedestre caminhando";0;0;0;0;0;0;0;0;0;1;1;0;0;0;1
"04/05/2023";"09:42:00";"196";"Acidente c";"227";"BR-116/SP";"Pista Sul";"Colisão traseira";0;1;0;0;0;0;0;0;1;0;1;1;0;0;0
"04/05/2023";"11:50:00";"268";"Acidente c";"158";"BR-116/SP";"Pista Norte";"Queda de moto";0;1;0;0;0;0;0;0;0;0;0;0;0;1;0
"04/05/2023";"12:34:00";"292";"Acidente s";"226.3";"BR-116/SP";"Pista Norte";"Abalroamento longitudinal";1;0;0;0;0;0;0;0;1;0;2;0;0;0;0
"04/05/2023";"12:37:00";"294";"Acidente s";"13.9";"BR-116/SP";"Pista Norte";"Colisão traseira";1;0;0;0;0;0;0;0;1;0;0;0;0;0;0
"04/05/2023";"01:56:00";"335";"Acidente s";"130";"BR-116/SP";"Pista Sul";"Colisão traseira";0;0;0;0;0;0;0;0;2;0;3;0;0;0;0
"04/05/2023";"04:11:00";"407";"Acidente s";"485";"BR-101/RJ";"Pista Norte";"Abalroamento longitudinal";0;0;0;0;0;0;0;0;2;0;2;0;0;0;0
"04/05/2023";"04:53:00";"426";"Acidente s";"174.4";"BR-116/SP";"Pista Norte";"Engavetamento";0;0;0;0;0;0;1;0;2;0;3;0;0;0;0
"04/05/2023";"05:48:00";"448";"Acidente s";"93.8";"BR-116/SP";"Pista Norte";"Colisão traseira";2;0;0;0;0;0;0;0;0;0;0;0;0;0;0
"04/05/2023";"05:58:00";"456";"Acidente c";"209.9";"BR-116/SP";"Pista Sul";"Colisão traseira";0;1;0;0;0;0;0;0;1;0;5;1;0;0;0
"04/05/2023";"07:11:00";"513";"Acidente s";"218";"BR-116/SP";"Pista Norte";"Engavetamento";0;0;0;0;0;0;0;0;3;0;4;0;0;0;0
"04/05/2023";"07:30:00";"525";"Atropelame";"188.5";"BR-116/SP";"Pista Norte";"Atropelamento de pedestre caminhando";0;0;0;0;0;0;0;0;0;1;1;0;0;0;1
"04/05/2023";"07:50:00";"537";"Atropelame";"557";"BR-101/RJ";"Pista Norte";"Atropelamento de pedestre atravessando";0;1;1;0;0;0;0;0;0;0;0;0;0;2;0
"04/05/2023";"11:55:00";"596";"Acidente s";"220";"BR-116/SP";"Pista Norte";"Choque em defensa";0;0;0;0;0;0;0;0;1;0;1;0;0;0;0
"05/05/2023";"12:16:00";"18";"Acidente s";"463";"BR-101/RJ";"Pista Norte";"Colisão traseira";0;0;0;0;0;0;0;0;1;1;2;0;0;0;0
"05/05/2023";"02:41:00";"53";"Acidente s";"57";"BR-116/SP";"Pista Sul";"Queda de ribanceira";1;0;0;0;0;0;0;0;0;0;0;0;0;0;0
"05/05/2023";"03:49:00";"64";"Atropelame";"156.59";"BR-116/SP";"Pista Sul";"Atropelamento de pedestre atravessando";0;0;0;0;0;0;0;0;0;1;1;0;1;0;0
"05/05/2023";"05:31:00";"82";"Acidente s";"436";"BR-101/RJ";"Pista Norte";"Choque em barreira New Jersey";1;0;0;0;0;0;0;0;0;0;1;0;0;0;0
"05/05/2023";"05:58:00";"90";"Acidente s";"320.6";"BR-116/RJ";"Pista Sul";"Choque em objeto fixo";0;0;0;0;0;0;0;0;1;0;0;0;0;0;0
"05/05/2023";"06:04:00";"92";"Acidente s";"278.8";"BR-116/RJ";"Pista Sul";"Engavetamento";1;0;0;0;0;0;0;0;4;0;8;0;0;0;0
"05/05/2023";"06:04:00";"93";"Acidente s";"225.7";"BR-116/SP";"Pista Sul";"Engavetamento";1;0;0;0;0;1;0;0;2;0;9;0;0;0;0
"05/05/2023";"07:59:00";"149";"Acidente c";"592";"BR-101/RJ";"Pista Norte";"Colisão frontal";0;2;0;0;0;0;0;0;0;0;0;0;2;0;0
"05/05/2023";"08:10:00";"157";"Acidente s";"206.2";"BR-116/SP";"Pista Sul";"Colisão traseira";1;0;0;0;0;0;0;0;1;0;2;0;0;0;0
"05/05/2023";"08:24:00";"167";"Acidente c";"228.9";"BR-116/SP";"Pista Sul";"Colisão traseira";0;1;0;0;0;0;0;0;1;0;1;0;1;0;0
"05/05/2023";"10:12:00";"229";"Acidente c";"227.4";"BR-116/SP";"Pista Sul";"Engavetamento";0;0;0;0;0;0;0;0;2;1;3;1;0;0;0
"05/05/2023";"10:38:00";"247";"Atropelame";"52.5";"BR-101/SP";"Pista Sul";"Atropelamento de pedestre atravessando";0;1;1;0;0;0;0;0;0;0;0;2;0;0;0
"05/05/2023";"11:15:00";"271";"Acidente s";"227.4";"BR-116/SP";"Pista Sul";"Colisão traseira";0;0;0;0;0;0;0;0;2;0;2;0;0;0;0
"05/05/2023";"11:54:00";"286";"Acidente s";"176.4";"BR-116/SP";"Pista Norte";"Abalroamento longitudinal";1;0;0;0;0;0;0;0;1;0;2;0;0;0;0
"05/05/2023";"01:17:00";"332";"Acidente c";"132.5";"BR-116/SP";"Pista Sul";"Queda de moto";0;1;0;0;0;0;0;0;0;0;0;2;0;0;0
"05/05/2023";"02:43:00";"385";"Acidente c";"229";"BR-116/SP";"Pista Norte";"Engavetamento";0;0;0;1;0;0;0;0;1;1;23;1;0;0;0
"05/05/2023";"06:49:00";"526";"Acidente s";"148";"BR-116/SP";"Pista Norte";"Engavetamento";0;0;0;0;0;0;0;0;3;0;3;0;0;0;0
"05/05/2023";"06:55:00";"533";"Acidente c";"470";"BR-101/RJ";"Pista Norte";"Abalroamento longitudinal";0;0;0;0;0;0;0;0;1;1;2;1;0;0;0
"05/05/2023";"07:14:00";"543";"Acidente c";"229";"BR-116/SP";"Pista Sul";"Colisão traseira";0;1;0;0;0;0;0;0;1;0;1;1;0;0;0
"05/05/2023";"07:45:00";"552";"Acidente c";"484";"BR-101/RJ";"Pista Norte";"Abalroamento longitudinal";0;1;0;0;0;0;0;0;1;0;1;3;0;0;0
"05/05/2023";"08:10:00";"566";"Acidente c";"254.4";"BR-116/RJ";"Pista Sul";"Choque em barreira New Jersey";0;0;0;0;0;0;0;0;1;0;0;2;1;0;0
"05/05/2023";"08:19:00";"569";"Acidente s";"225";"BR-116/SP";"Pista Norte";"Choque Talude";0;0;0;0;0;0;0;0;1;0;1;0;0;0;0
"05/05/2023";"08:24:00";"570";"Acidente s";"254.4";"BR-116/RJ";"Pista Norte";"Choque em objeto na pista";0;0;0;0;0;0;0;0;3;0;3;0;0;0;0
"05/05/2023";"08:26:00";"571";"Acidente s";"525";"BR-101/RJ";"Pista Norte";"Choque em objeto fixo";0;0;0;0;0;0;0;0;1;0;2;0;0;0;0
"05/05/2023";"09:31:00";"591";"Acidente s";"116.55";"BR-116/SP";"Pista Norte";"Colisão traseira";0;0;0;0;0;0;0;0;1;1;1;0;0;0;0
"06/05/2023";"12:55:00";"21";"Atropelame";"287";"BR-116/RJ";"Pista Sul";"Atropelamento de pedestre atravessando";0;0;1;0;0;0;0;0;0;1;1;0;1;0;0
"06/05/2023";"12:59:00";"22";"Acidente s";"306.8";"BR-116/RJ";"Pista Sul";"Atropelamento de animal";1;0;0;0;0;0;0;0;0;0;1;0;0;0;0
"06/05/2023";"03:12:00";"46";"Acidente s";"125.9";"BR-116/SP";"Pista Sul";"Colisão traseira";1;0;0;0;0;0;0;0;2;0;0;0;0;0;0
"06/05/2023";"05:02:00";"64";"Acidente s";"107.6";"BR-116/SP";"Pista Norte";"Abalroamento longitudinal";0;0;0;0;0;0;0;0;1;1;5;0;0;0;0
"06/05/2023";"05:55:00";"70";"Acidente s";"117.5";"BR-116/SP";"Pista Norte";"Engavetamento";1;0;0;3;0;0;0;0;0;0;87;0;0;0;0
"06/05/2023";"06:24:00";"72";"Acidente s";"146.6";"BR-116/SP";"Pista Sul";"Abalroamento longitudinal";1;0;0;0;0;0;0;0;1;0;2;0;0;0;0
"06/05/2023";"07:44:00";"105";"Acidente s";"86.95";"BR-116/SP";"Pista Sul";"Choque em objeto fixo";0;0;0;0;0;0;0;0;1;0;1;0;0;0;0
"06/05/2023";"08:23:00";"120";"Acidente s";"86.95";"BR-116/SP";"Pista Norte";"Colisão traseira";0;0;0;0;0;0;0;0;2;0;6;0;0;0;0
"06/05/2023";"08:23:00";"121";"Acidente c";"563.5";"BR-101/RJ";"Pista Sul";"Choque em objeto fixo";0;0;0;0;0;0;0;0;1;0;1;1;0;0;0
"06/05/2023";"08:24:00";"123";"Acidente s";"236.3";"BR-116/RJ";"Pista Norte";"Choque em barreira New Jersey";0;0;0;0;0;0;0;0;1;0;1;0;0;0;0
"06/05/2023";"08:44:00";"135";"Acidente s";"389";"BR-101/RJ";"Pista Sul";"Abalroamento longitudinal";1;0;0;0;0;0;0;0;1;0;5;0;0;0;0
"06/05/2023";"10:13:00";"173";"Acidente s";"87.1";"BR-116/SP";"Pista Sul";"Colisão traseira";1;0;0;0;0;0;0;0;0;1;1;0;0;0;0
"06/05/2023";"10:50:00";"195";"Acidente s";"285";"BR-116/RJ";"Pista Norte";"Colisão traseira";0;0;0;0;0;0;0;0;2;0;2;0;0;0;0
"06/05/2023";"10:52:00";"197";"Acidente c";"436";"BR-101/RJ";"Pista Sul";"Colisão frontal";0;2;0;0;0;0;0;0;0;0;1;1;0;0;0
"06/05/2023";"11:15:00";"216";"Acidente c";"505";"BR-101/RJ";"Pista Norte";"Colisão frontal";0;0;0;0;0;0;0;0;2;0;1;3;0;0;0
"06/05/2023";"12:12:00";"240";"Acidente s";"485";"BR-101/RJ";"Pista Sul";"Engavetamento";0;0;0;0;0;0;0;0;3;0;11;0;0;0;0
"06/05/2023";"05:49:00";"373";"Atropelame";"214.5";"BR-116/SP";"Pista Sul";"Atropelamento de pedestre atravessando";0;0;1;0;1;0;0;0;0;0;1;0;0;1;0
"06/05/2023";"06:20:00";"383";"Atropelame";"511";"BR-101/RJ";"Pista Sul";"Atropelamento de pedestre atravessando";0;1;0;0;0;0;0;0;0;0;1;1;0;0;0
"06/05/2023";"07:37:00";"412";"Acidente s";"212";"BR-116/SP";"Pista Norte";"Choque em barreira New Jersey";0;0;0;0;0;0;0;0;1;0;2;0;0;0;0
"06/05/2023";"08:18:00";"431";"Acidente c";"117.5";"BR-116/SP";"Pista Sul";"Colisão traseira";0;0;0;0;0;0;0;0;2;0;5;0;1;0;0
"06/05/2023";"08:51:00";"438";"Acidente c";"214.8";"BR-116/SP";"Pista Sul";"Choque em objeto fixo";0;1;0;0;0;0;0;0;0;0;0;0;0;1;0
"06/05/2023";"11:37:00";"475";"Acidente c";"133";"BR-116/SP";"Pista Norte";"Choque em objeto fixo";0;0;0;0;0;0;0;0;1;0;0;1;0;0;0
"06/05/2023";"11:46:00";"481";"Acidente s";"318.3";"BR-116/RJ";"Pista Norte";"Choque em objeto fixo";0;0;0;0;0;0;0;0;1;0;1;0;0;0;0
"07/05/2023";"12:48:00";"21";"Acidente s";"275.1";"BR-116/RJ";"Pista Norte";"Choque em objeto fixo";0;0;0;0;0;0;0;0;1;0;1;0;0;0;0
"07/05/2023";"01:54:00";"33";"Acidente c";"207.2";"BR-116/SP";"Pista Sul";"Choque em objeto fixo";0;0;0;0;0;0;0;0;1;0;1;4;0;0;0
"07/05/2023";"06:49:00";"73";"Acidente s";"144";"BR-116/SP";"Pista Sul";"Choque em objeto fixo";0;0;0;0;0;0;0;0;1;0;2;0;0;0;0
"07/05/2023";"06:53:00";"77";"Acidente s";"28";"BR-116/SP";"Pista Norte";"Abalroamento longitudinal";0;0;0;0;0;0;0;0;1;1;2;0;0;0;0
"07/05/2023";"08:05:00";"102";"Acidente s";"227.9";"BR-116/RJ";"Pista Norte";"Colisão traseira";1;0;0;0;0;0;0;0;0;1;2;0;0;0;0
"07/05/2023";"08:54:00";"118";"Acidente s";"226.6";"BR-116/RJ";"Pista Sul";"Queda de moto";0;1;0;0;0;0;0;0;0;0;1;0;0;0;0
"07/05/2023";"10:39:00";"155";"Acidente c";"106.95";"BR-116/SP";"Pista Sul";"Queda de moto";0;1;0;0;0;0;0;0;0;0;1;0;1;0;0
"07/05/2023";"01:10:00";"200";"Acidente s";"487";"BR-101/RJ";"Pista Norte";"Colisão traseira";0;0;0;0;0;0;0;0;2;0;5;0;0;0;0
"07/05/2023";"01:39:00";"214";"Acidente c";"291.8";"BR-116/RJ";"Pista Norte";"Queda de moto";0;1;0;0;0;0;0;0;0;0;0;1;0;0;0
"07/05/2023";"03:11:00";"241";"Acidente s";"102.7";"BR-116/SP";"Pista Sul";"Engavetamento";0;0;0;0;0;0;0;0;3;0;6;0;0;0;0
"07/05/2023";"04:06:00";"260";"Acidente s";"387";"BR-101/RJ";"Pista Norte";"Colisão traseira";0;0;0;0;0;0;0;0;1;1;2;0;0;0;0
"07/05/2023";"04:37:00";"271";"Acidente c";"144";"BR-116/SP";"Pista Sul";"Queda de moto";0;1;0;0;0;0;0;0;0;0;0;1;0;0;0
"07/05/2023";"06:03:00";"304";"Acidente c";"207.2";"BR-116/SP";"Pista Sul";"Engavetamento";0;0;0;0;0;0;0;0;3;0;9;2;0;0;0
"07/05/2023";"06:17:00";"308";"Acidente s";"221";"BR-116/SP";"Pista Norte";"Choque em barreira New Jersey";0;0;0;0;0;0;0;0;1;0;1;0;0;0;0
"07/05/2023";"06:48:00";"327";"Acidente s";"228";"BR-116/SP";"Pista Sul";"Abalroamento longitudinal";1;0;0;0;0;0;0;0;1;0;2;0;0;0;0
"07/05/2023";"07:28:00";"348";"Acidente c";"203";"BR-116/SP";"Pista Sul";"Engavetamento";0;0;0;0;0;0;0;0;3;1;7;2;0;0;0
"07/05/2023";"07:46:00";"360";"Acidente c";"485";"BR-101/RJ";"Pista Sul";"Colisão frontal";0;1;0;0;0;0;0;0;1;0;0;1;0;1;0
"07/05/2023";"09:35:00";"401";"Acidente c";"517";"BR-101/RJ";"Pista Norte";"Atropelamento de animal";0;0;0;0;0;0;0;0;1;0;0;1;0;0;0
"07/05/2023";"10:52:00";"420";"Acidente s";"132.1";"BR-116/SP";"Pista Sul";"Atropelamento de animal";0;0;0;0;0;0;0;0;1;0;1;0;0;0;0
"08/05/2023";"05:39:00";"66";"Acidente s";"58";"BR-116/SP";"Pista Sul";"Atropelamento de animal";1;0;0;0;0;0;0;0;0;0;1;0;0;0;0
"08/05/2023";"05:50:00";"69";"Acidente s";"229";"BR-116/SP";"Pista Sul";"Colisão traseira";0;0;0;0;0;0;0;0;2;0;4;0;0;0;0
"08/05/2023";"06:36:00";"83";"Acidente c";"127.5";"BR-116/SP";"Pista Norte";"Colisão traseira";0;1;0;0;0;0;0;0;0;1;0;1;0;0;0
"08/05/2023";"06:51:00";"90";"Acidente c";"228";"BR-116/SP";"Pista Sul";"Colisão traseira";0;1;0;0;0;0;0;0;1;0;1;1;0;0;0
"08/05/2023";"07:06:00";"101";"Acidente c";"227";"BR-116/SP";"Pista Sul";"Colisão traseira";0;1;0;0;0;0;0;0;1;0;1;0;0;1;0
"08/05/2023";"09:38:00";"178";"Acidente s";"207";"BR-116/SP";"Pista Sul";"Engavetamento";0;0;0;0;0;0;0;0;3;0;4;0;0;0;0
"08/05/2023";"11:40:00";"243";"Acidente s";"28.5";"BR-116/SP";"Pista Sul";"Choque em objeto fixo";0;0;0;0;0;0;0;0;1;0;1;0;0;0;0
"08/05/2023";"12:05:00";"253";"Acidente c";"227.8";"BR-116/SP";"Pista Norte";"Capotamento";0;0;0;0;0;0;0;0;1;1;0;2;0;0;0
"08/05/2023";"12:57:00";"277";"Acidente c";"282";"BR-116/RJ";"Pista Norte";"Capotamento";0;0;0;0;0;0;0;0;1;0;0;2;0;0;0
"08/05/2023";"03:05:00";"342";"Acidente s";"315.4";"BR-116/RJ";"Pista Sul";"Choque em barreira New Jersey";0;0;0;0;0;0;0;0;1;0;1;0;0;0;0
"08/05/2023";"07:04:00";"476";"Acidente c";"139.9";"BR-116/SP";"Pista Sul";"Colisão traseira";1;0;0;0;0;1;0;0;0;0;2;0;0;1;0
"08/05/2023";"07:13:00";"480";"Acidente c";"53";"BR-116/SP";"Pista Norte";"Abalroamento longitudinal";0;1;0;0;0;0;0;0;1;0;3;1;0;0;0
"08/05/2023";"07:41:00";"494";"Acidente c";"113";"BR-116/SP";"Pista Sul";"Queda de moto";0;1;0;0;0;0;0;0;0;0;1;1;0;0;0
"08/05/2023";"10:33:00";"537";"Acidente s";"396";"BR-101/RJ";"Pista Norte";"Atropelamento de animal";0;0;0;0;0;0;0;0;1;0;0;0;0;0;0
"08/05/2023";"10:51:00";"546";"Acidente c";"434";"BR-101/RJ";"Pista Sul";"Choque em objeto fixo";0;0;0;0;0;0;0;0;1;0;0;1;0;0;0
"09/05/2023";"06:04:00";"59";"Acidente s";"226.5";"BR-116/SP";"Pista Sul";"Colisão traseira";0;0;0;0;0;0;0;0;2;0;3;0;0;0;0
"09/05/2023";"06:27:00";"65";"Acidente s";"230.05";"BR-116/SP";"Pista Sul";"Colisão traseira";0;0;0;0;0;0;0;0;1;1;2;0;0;0;0
"09/05/2023";"07:34:00";"116";"Acidente c";"208.3";"BR-116/SP";"Pista Sul";"Colisão traseira";0;1;0;0;0;0;0;0;1;0;1;1;0;0;0
"09/05/2023";"09:49:00";"203";"Acidente c";"101.6";"BR-116/SP";"Pista Norte";"Abalroamento longitudinal";1;0;0;0;0;0;0;0;1;0;1;1;0;0;0
"09/05/2023";"11:01:00";"232";"Acidente c";"384.2";"BR-101/RJ";"Pista Norte";"Queda de moto";0;1;0;0;0;0;0;0;0;0;0;1;0;0;0
"09/05/2023";"01:07:00";"283";"Acidente c";"231";"BR-116/SP";"Pista Sul";"Abalroamento longitudinal";0;1;0;0;0;0;0;0;1;0;1;1;0;0;0
"09/05/2023";"02:23:00";"330";"Acidente c";"28";"BR-101/SP";"Pista Norte";"Colisão frontal";0;0;0;0;0;0;0;0;2;0;0;4;0;0;0
"09/05/2023";"04:06:00";"378";"Acidente c";"214.9";"BR-116/SP";"Pista Norte";"Colisão traseira";0;1;0;0;0;0;0;0;0;1;1;1;0;0;0
"09/05/2023";"05:42:00";"429";"Acidente c";"311";"BR-116/RJ";"Pista Sul";"Colisão traseira";1;0;0;0;0;0;0;0;1;0;0;1;0;0;0
"09/05/2023";"05:50:00";"433";"Acidente c";"149";"BR-116/SP";"Pista Sul";"Colisão traseira";0;1;0;0;0;0;0;0;0;2;2;2;0;0;0
"09/05/2023";"06:33:00";"458";"Atropelame";"297.2";"BR-116/RJ";"Pista Norte";"Choque em objeto fixo";0;0;0;0;0;0;0;0;1;0;0;1;0;0;0
"09/05/2023";"07:20:00";"486";"Acidente c";"217.4";"BR-116/SP";"Pista Sul";"Abalroamento longitudinal";0;1;0;0;0;0;0;0;0;1;1;2;0;0;0
"09/05/2023";"07:39:00";"494";"Atropelame";"485.3";"BR-101/RJ";"Pista Sul";"Atropelamento de pedestre atravessando";0;0;1;0;0;1;0;0;0;0;1;0;1;0;0
"09/05/2023";"08:24:00";"516";"Acidente c";"221.3";"BR-116/SP";"Pista Norte";"Colisão traseira";0;1;0;0;0;0;0;0;1;0;3;1;0;0;0
"09/05/2023";"10:51:00";"553";"Acidente s";"22";"BR-101/SP";"Pista Norte";"Choque em barreira New Jersey";0;0;0;0;0;0;0;0;1;0;1;0;0;0;0
"10/05/2023";"01:02:00";"22";"Acidente s";"59.6";"BR-116/SP";"Pista Sul";"Choque em objeto fixo";0;0;0;0;0;1;0;0;0;0;0;0;0;0;0
"10/05/2023";"01:25:00";"30";"Acidente s";"408";"BR-101/RJ";"Pista Sul";"Colisão traseira";0;0;0;0;0;0;0;0;2;0;3;0;0;0;0
"10/05/2023";"04:09:00";"49";"Acidente s";"191.5";"BR-116/SP";"Pista Norte";"Choque em objeto fixo";1;0;0;0;0;0;0;0;0;0;1;0;0;0;0
"10/05/2023";"05:27:00";"60";"Acidente s";"26.4";"BR-101/SP";"Pista Norte";"Choque em objeto fixo";1;0;0;0;0;0;0;0;0;0;1;0;0;0;0
"10/05/2023";"06:08:00";"73";"Atropelame";"210.5";"BR-116/SP";"Pista Norte";"Atropelamento de pedestre atravessando";0;0;1;0;0;0;1;0;0;1;2;0;1;0;0
"10/05/2023";"06:37:00";"88";"Acidente s";"228.8";"BR-116/SP";"Pista Sul";"Engavetamento";0;0;0;0;0;0;0;0;3;0;3;0;0;0;0
"10/05/2023";"07:45:00";"138";"Acidente c";"220.4";"BR-116/RJ";"Pista Norte";"Choque em barreira New Jersey";0;0;0;0;0;0;0;0;1;0;3;0;1;0;0