data;horario;n_da_ocorrencia;tipo_de_ocorrencia;km;trecho;sentido;tipo_de_acidente;automovel;bicicleta;caminhao;moto;onibus;outros;tracao_animal;transporte_de_cargas_especiais;trator_maquinas;utilitarios;ilesos;levemente_feridos;moderadamente_feridos;gravemente_feridos;mortos
"10/05/2023";"08:50:00";"183";"Acidente c";"227.1";"BR-116/SP";"Pista Sul";"Abalroamento longitudinal";0;1;0;0;0;0;0;0;1;0;2;1;0;0;0
"10/05/2023";"11:39:00";"280";"Acidente s";"529";"BR-101/RJ";"Pista Sul";"Choque em objeto fixo";0;0;0;0;0;0;0;0;1;0;1;0;0;0;0
"10/05/2023";"01:07:00";"314";"Acidente s";"463";"BR-101/RJ";"Pista Norte";"Choque em objeto fixo";0;0;0;0;0;0;0;0;1;0;2;0;0;0;0
"10/05/2023";"01:24:00";"322";"Acidente s";"463";"BR-101/RJ";"Pista Norte";"Colisão traseira";1;0;0;0;0;0;0;0;1;0;3;0;0;0;0
"10/05/2023";"01:50:00";"336";"Acidente c";"385";"BR-101/RJ";"Pista Sul";"Colisão traseira";0;0;0;0;0;0;0;0;2;0;1;1;0;0;0
"10/05/2023";"02:50:00";"364";"Acidente s";"118.6";"BR-116/SP";"Pista Norte";"Colisão traseira";1;0;0;0;0;0;0;0;1;0;1;0;0;0;0
"10/05/2023";"03:55:00";"398";"Acidente s";"520";"BR-101/RJ";"Pista Sul";"Choque em objeto fixo";0;0;0;0;0;0;0;0;1;0;1;0;0;0;0
"10/05/2023";"04:02:00";"404";"Acidente s";"226.3";"BR-116/RJ";"Pista Sul";"Abalroamento longitudinal";1;0;0;0;0;0;0;0;1;1;3;0;0;0;0
"10/05/2023";"04:27:00";"410";"Acidente c";"156.9";"BR-116/SP";"Pista Sul";"Queda de moto";0;1;0;0;0;0;0;0;0;0;0;1;0;0;0
"10/05/2023";"04:53:00";"426";"Acidente s";"52.7";"BR-116/SP";"Pista Norte";"Colisão traseira";0;0;0;0;0;0;0;0;1;1;1;0;0;0;0
"10/05/2023";"05:57:00";"450";"Atropelame";"18.9";"BR-101/SP";"Pista Norte";"Atropelamento de pedestre caminhando";0;1;0;0;0;0;0;0;0;0;0;0;1;1;0
"10/05/2023";"05:58:00";"451";"Acidente s";"14.78";"BR-116/SP";"Pista Sul";"Choque em objeto fixo";0;0;0;0;0;1;0;0;0;0;2;0;0;0;0
"10/05/2023";"06:01:00";"452";"Acidente s";"222.3";"BR-116/SP";"Pista Norte";"Engavetamento";0;0;0;0;0;0;0;0;3;0;5;0;0;0;0
"10/05/2023";"06:07:00";"459";"Acidente s";"156.8";"BR-116/SP";"Pista Norte";"Engavetamento";3;0;0;0;0;0;0;0;0;0;3;0;0;0;0
"10/05/2023";"06:54:00";"485";"Acidente s";"226";"BR-116/SP";"Pista Sul";"Abalroamento longitudinal";1;0;0;0;0;0;0;0;1;0;2;0;0;0;0
"10/05/2023";"08:15:00";"523";"Acidente s";"108.8";"BR-116/SP";"Pista Norte";"Choque em objeto fixo";0;0;0;0;0;0;0;0;1;1;2;0;0;0;0
"10/05/2023";"10:11:00";"553";"Acidente c";"569.7";"BR-101/RJ";"Pista Norte";"Outros";0;0;0;0;0;0;0;0;1;0;0;1;0;0;0
"11/05/2023";"04:07:00";"38";"Acidente c";"146.9";"BR-116/SP";"Pista Norte";"Capotamento";0;0;0;0;0;0;0;0;2;0;0;0;0;1;1
"11/05/2023";"06:05:00";"54";"Acidente c";"165.5";"BR-116/SP";"Pista Sul";"Abalroamento longitudinal";1;0;0;0;0;0;0;0;1;0;1;1;0;0;0
"11/05/2023";"06:31:00";"64";"Acidente c";"206.45";"BR-116/SP";"Pista Sul";"Engavetamento";1;0;0;0;0;0;0;0;2;1;1;1;0;0;0
"11/05/2023";"06:59:00";"83";"Acidente c";"219.7";"BR-116/SP";"Pista Sul";"Colisão traseira";0;1;0;0;0;0;0;0;1;0;1;1;0;0;0
"11/05/2023";"07:29:00";"108";"Acidente s";"227.9";"BR-116/SP";"Pista Norte";"Colisão traseira";1;0;0;0;0;0;0;0;0;1;2;0;0;0;0
"11/05/2023";"08:08:00";"132";"Acidente s";"152";"BR-116/SP";"Pista Norte";"Queda de moto";0;1;0;0;0;0;0;0;0;0;0;1;0;0;0
"11/05/2023";"08:27:00";"143";"Acidente s";"584.7";"BR-101/RJ";"Pista Sul";"Choque em objeto fixo";0;0;0;0;0;0;0;0;1;0;1;0;0;0;0
"11/05/2023";"09:01:00";"165";"Acidente c";"144.6";"BR-116/SP";"Pista Sul";"Colisão traseira";0;1;0;0;0;0;0;0;1;0;0;1;0;0;0
"11/05/2023";"09:16:00";"174";"Acidente s";"221.3";"BR-116/SP";"Pista Norte";"Choque em barreira New Jersey";1;0;0;0;0;0;0;0;0;0;0;0;0;0;0
"11/05/2023";"12:41:00";"274";"Acidente s";"116.5";"BR-116/SP";"Pista Norte";"Queda de Carga";0;0;0;0;0;0;0;0;2;0;3;0;0;0;0
"11/05/2023";"03:17:00";"351";"Acidente c";"298.89";"BR-116/RJ";"Pista Sul";"Queda de moto";0;1;0;0;0;0;0;0;0;0;0;0;0;0;1
"11/05/2023";"04:43:00";"389";"Acidente c";"167";"BR-116/SP";"Pista Norte";"Queda de moto";0;1;0;0;0;0;0;0;0;0;0;1;0;0;0
"11/05/2023";"05:24:00";"407";"Acidente s";"401.4";"BR-101/RJ";"Pista Sul";"Choque em barreira New Jersey";0;0;0;0;0;0;0;0;1;0;1;0;0;0;0
"11/05/2023";"05:55:00";"424";"Acidente s";"138";"BR-116/SP";"Pista Sul";"Colisão traseira";0;0;0;0;0;0;1;0;1;0;2;0;0;0;0
"11/05/2023";"06:01:00";"430";"Acidente s";"130.3";"BR-116/SP";"Pista Sul";"Colisão traseira";2;0;0;0;0;0;0;0;0;0;2;0;0;0;0
"11/05/2023";"06:05:00";"432";"Acidente s";"302.3";"BR-116/RJ";"Pista Sul";"Engavetamento";1;0;0;1;0;0;0;0;1;0;31;0;0;0;0
"11/05/2023";"06:43:00";"452";"Acidente s";"209";"BR-116/SP";"Pista Norte";"Colisão traseira";0;0;0;0;0;0;0;0;2;0;2;0;0;0;0
"11/05/2023";"07:25:00";"462";"Acidente s";"145.3";"BR-116/SP";"Pista Sul";"Queda de moto";0;1;0;0;0;0;0;0;0;0;2;0;0;0;0
"11/05/2023";"08:13:00";"482";"Acidente s";"476.5";"BR-101/RJ";"Pista Norte";"Capotamento";0;0;0;0;0;0;0;0;1;0;1;0;0;0;0
"11/05/2023";"09:17:00";"507";"Acidente c";"566";"BR-101/RJ";"Pista Norte";"Atropelamento de animal";0;1;0;0;0;1;0;0;0;0;1;0;0;1;0
"11/05/2023";"11:25:00";"549";"Acidente s";"167";"BR-116/SP";"Pista Sul";"Choque em barreira New Jersey";0;0;0;0;0;0;0;0;1;0;1;0;0;0;0
"12/05/2023";"12:03:00";"15";"Acidente s";"117.8";"BR-116/SP";"Pista Sul";"Choque em barreira New Jersey";0;0;0;0;0;0;0;0;1;0;1;0;0;0;0
"12/05/2023";"06:55:00";"97";"Acidente s";"39";"BR-116/SP";"Pista Sul";"Choque em objeto na pista";1;0;0;0;0;0;0;0;1;0;2;0;0;0;0
"12/05/2023";"07:09:00";"109";"Acidente s";"8.95";"BR-116/SP";"Pista Sul";"Choque em objeto na pista";1;0;0;0;0;0;0;0;0;0;1;0;0;0;0
"12/05/2023";"08:08:00";"146";"Acidente s";"158";"BR-116/SP";"Pista Norte";"Colisão traseira";0;0;0;0;0;0;0;0;2;0;6;0;0;0;0
"12/05/2023";"08:48:00";"177";"Acidente s";"272";"BR-116/RJ";"Pista Norte";"Abalroamento longitudinal";0;0;0;0;0;0;0;0;1;1;2;0;0;0;0
"12/05/2023";"08:58:00";"187";"Acidente c";"156";"BR-116/SP";"Pista Norte";"Engavetamento";0;0;0;0;0;0;0;0;3;0;0;3;0;0;0
"12/05/2023";"09:15:00";"204";"Acidente s";"112";"BR-116/SP";"Pista Norte";"Colisão traseira";1;0;0;0;0;0;1;0;2;0;5;0;0;0;0
"12/05/2023";"10:29:00";"238";"Acidente c";"435";"BR-101/RJ";"Pista Sul";"Colisão traseira";1;0;0;0;0;0;0;0;1;0;1;0;1;0;0
"12/05/2023";"10:43:00";"242";"Acidente s";"219";"BR-116/SP";"Pista Sul";"Engavetamento";4;0;0;0;0;0;0;0;0;0;4;0;0;0;0
"12/05/2023";"10:49:00";"243";"Acidente c";"227.5";"BR-116/SP";"Pista Sul";"Colisão traseira";0;0;0;0;0;0;0;0;2;0;1;1;0;0;0
"12/05/2023";"11:54:00";"271";"Acidente c";"38";"BR-101/SP";"Pista Sul";"Abalroamento longitudinal";0;0;0;0;0;0;0;0;2;0;1;2;0;0;0
"12/05/2023";"01:16:00";"312";"Acidente s";"84.3";"BR-116/SP";"Pista Norte";"Choque em barreira New Jersey";0;0;0;0;0;0;0;0;1;0;2;0;0;0;0
"12/05/2023";"02:21:00";"337";"Acidente s";"430";"BR-101/RJ";"Pista Sul";"Colisão frontal";0;0;0;0;0;0;0;0;2;0;2;0;0;0;0
"12/05/2023";"05:29:00";"440";"Acidente c";"147";"BR-116/SP";"Pista Norte";"Abalroamento longitudinal";0;1;0;0;0;0;0;0;1;0;4;1;0;0;0
"12/05/2023";"05:51:00";"451";"Acidente s";"287.8";"BR-116/RJ";"Pista Norte";"Choque em objeto na pista";1;0;0;0;0;0;0;0;1;0;2;0;0;0;0
"12/05/2023";"07:02:00";"489";"Acidente s";"214.8";"BR-116/SP";"Pista Norte";"Colisão traseira";0;0;0;0;0;0;0;0;2;0;6;0;0;0;0
"12/05/2023";"07:40:00";"510";"Acidente s";"143.2";"BR-116/SP";"Pista Norte";"Engavetamento";0;0;0;0;0;1;0;0;3;0;6;0;0;0;0
"12/05/2023";"07:55:00";"515";"Acidente s";"131.2";"BR-116/SP";"Pista Norte";"Colisão traseira";1;0;0;0;0;0;0;0;1;0;4;0;0;0;0
"12/05/2023";"08:39:00";"539";"Acidente s";"566";"BR-101/RJ";"Pista Norte";"Choque em objeto fixo";0;0;0;0;0;0;0;0;1;0;1;0;0;0;0
"12/05/2023";"10:39:00";"568";"Acidente s";"455";"BR-101/RJ";"Pista Norte";"Choque em objeto fixo";0;0;0;0;0;0;0;0;1;0;1;0;0;0;0
"13/05/2023";"12:38:00";"23";"Acidente c";"147.5";"BR-116/SP";"Pista Sul";"Choque em objeto fixo";0;0;0;0;0;1;0;0;1;0;0;1;0;1;0
"13/05/2023";"01:34:00";"33";"Acidente s";"194";"BR-116/SP";"Pista Sul";"Abalroamento longitudinal";2;0;0;0;0;0;0;0;0;0;2;0;0;0;0
"13/05/2023";"01:40:00";"36";"Acidente c";"101.1";"BR-116/SP";"Pista Norte";"Choque em barreira New Jersey";0;0;0;0;0;0;0;0;1;0;0;0;1;0;0
"13/05/2023";"02:18:00";"41";"Acidente c";"218.8";"BR-116/SP";"Pista Norte";"Colisão traseira";0;0;0;2;0;0;0;0;0;0;2;1;0;0;0
"13/05/2023";"03:17:00";"52";"Acidente s";"211.3";"BR-116/SP";"Pista Norte";"Colisão traseira";2;0;0;0;0;0;0;0;0;0;2;0;0;0;0
"13/05/2023";"06:18:00";"75";"Acidente s";"324.9";"BR-116/RJ";"Pista Sul";"Queda de Carga";0;1;0;0;0;0;0;0;0;0;1;0;0;0;0
"13/05/2023";"06:32:00";"77";"Acidente c";"495";"BR-101/RJ";"Pista Norte";"Colisão frontal";0;0;0;0;0;0;0;0;1;1;1;1;0;0;0
"13/05/2023";"09:06:00";"141";"Acidente c";"289.7";"BR-116/RJ";"Pista Norte";"Choque em barreira New Jersey";0;0;0;0;0;0;0;0;1;0;0;1;0;0;0
"13/05/2023";"09:34:00";"154";"Acidente s";"108.1";"BR-116/SP";"Pista Norte";"Colisão traseira";0;0;0;0;0;0;0;0;2;0;2;0;0;0;0
"13/05/2023";"10:08:00";"165";"Acidente s";"124";"BR-116/SP";"Pista Norte";"Colisão traseira";0;0;0;0;0;0;0;0;2;0;2;0;0;0;0
"13/05/2023";"10:08:00";"166";"Acidente c";"133";"BR-116/SP";"Pista Norte";"Queda de moto";0;1;0;0;0;0;0;0;0;0;1;1;0;0;0
"13/05/2023";"11:10:00";"188";"Acidente c";"470";"BR-101/RJ";"Pista Norte";"Choque em objeto fixo";0;0;0;0;0;0;0;0;1;0;0;0;1;0;0
"13/05/2023";"11:50:00";"203";"Acidente s";"146";"BR-116/SP";"Pista Sul";"Colisão traseira";0;0;0;0;0;0;0;0;2;0;2;0;0;0;0
"13/05/2023";"12:10:00";"211";"Acidente c";"246.85";"BR-116/RJ";"Pista Norte";"Tombamento";1;0;0;0;0;0;0;0;0;0;0;0;0;0;1
"13/05/2023";"01:24:00";"243";"Acidente s";"155.2";"BR-116/SP";"Pista Norte";"Abalroamento longitudinal";0;0;0;0;0;0;1;0;1;0;2;0;0;0;0
"13/05/2023";"01:41:00";"249";"Acidente s";"155.3";"BR-116/SP";"Pista Norte";"Colisão traseira";0;0;0;0;0;0;0;0;2;0;3;0;0;0;0
"13/05/2023";"02:09:00";"256";"Acidente c";"72.25";"BR-116/SP";"Pista Sul";"Queda de moto";0;1;0;0;0;0;0;0;0;0;1;1;0;0;0
"13/05/2023";"03:31:00";"297";"Acidente s";"165.2";"BR-116/SP";"Pista Norte";"Colisão traseira";1;0;0;0;0;0;0;0;1;0;3;0;0;0;0
"13/05/2023";"05:19:00";"334";"Acidente s";"576";"BR-101/RJ";"Pista Sul";"Atropelamento de pedestre atravessando";0;0;1;0;0;0;0;0;1;1;4;0;0;0;0
"13/05/2023";"06:29:00";"353";"Acidente s";"225.8";"BR-116/RJ";"Pista Sul";"Abalroamento longitudinal";0;0;0;0;0;0;0;0;1;0;1;0;0;0;0
"13/05/2023";"07:05:00";"370";"Acidente c";"229.8";"BR-116/SP";"Pista Sul";"Engavetamento";1;0;0;0;0;0;0;0;2;0;9;1;0;0;0
"13/05/2023";"10:08:00";"431";"Acidente s";"297.4";"BR-116/RJ";"Pista Sul";"Choque em barreira New Jersey";0;0;0;0;0;0;1;0;1;2;4;0;0;0;0
"13/05/2023";"10:10:00";"432";"Acidente c";"90.15";"BR-116/SP";"Pista Sul";"Atropelamento de animal";0;0;0;0;0;0;0;0;1;0;0;0;1;0;0
"13/05/2023";"11:40:00";"447";"Acidente s";"426.5";"BR-101/RJ";"Pista Sul";"Capotamento";0;0;0;0;0;0;0;0;1;0;5;0;0;0;0
"14/05/2023";"01:08:00";"30";"Acidente c";"224";"BR-116/SP";"Pista Sul";"Abalroamento longitudinal";0;0;0;0;0;0;0;0;2;0;3;1;0;0;0
"14/05/2023";"01:49:00";"36";"Acidente s";"82.2";"BR-116/SP";"Pista Sul";"Colisão traseira";0;0;0;0;0;2;0;0;0;0;0;0;0;0;0
"14/05/2023";"04:51:00";"54";"Acidente s";"189.4";"BR-116/SP";"Pista Norte";"Choque em objeto fixo";0;0;0;0;0;0;0;0;1;0;1;0;0;0;0
"14/05/2023";"05:46:00";"61";"Acidente s";"121.1";"BR-116/SP";"Pista Norte";"Abalroamento longitudinal";0;0;0;0;0;0;0;0;1;1;2;0;0;0;0
"14/05/2023";"06:12:00";"66";"Acidente c";"55";"BR-116/SP";"Pista Sul";"Queda de moto";0;1;0;0;0;0;0;0;0;0;1;1;0;0;0
"14/05/2023";"12:54:00";"219";"Acidente c";"225.4";"BR-116/SP";"Pista Sul";"Abalroamento longitudinal";0;2;0;0;0;0;0;0;0;0;1;2;0;0;0
"14/05/2023";"01:43:00";"239";"Acidente s";"225.4";"BR-116/SP";"Pista Sul";"Colisão traseira";0;0;0;0;0;0;0;0;2;0;8;0;0;0;0
"14/05/2023";"02:20:00";"254";"Acidente c";"281.4";"BR-116/RJ";"Pista Sul";"Choque Talude";1;0;0;0;0;0;0;0;0;0;0;0;1;0;0
"14/05/2023";"03:08:00";"275";"Acidente s";"307";"BR-116/RJ";"Pista Norte";"Colisão traseira";0;0;0;0;0;0;0;0;2;0;6;0;0;0;0
"14/05/2023";"04:40:00";"314";"Acidente c";"108";"BR-116/SP";"Pista Sul";"Abalroamento longitudinal";0;1;0;0;0;0;0;0;1;0;0;2;0;0;0
"14/05/2023";"06:35:00";"374";"Acidente s";"115.4";"BR-116/SP";"Pista Sul";"Colisão traseira";0;0;0;0;0;0;0;0;1;1;1;0;0;0;0
"14/05/2023";"07:23:00";"395";"Acidente c";"208";"BR-116/SP";"Pista Sul";"Colisão traseira";0;1;0;0;0;0;0;0;1;0;2;1;0;0;0
"14/05/2023";"07:40:00";"402";"Acidente c";"265.5";"BR-116/RJ";"Pista Sul";"Colisão traseira";0;0;0;0;0;0;0;0;2;0;4;0;1;0;0
"14/05/2023";"07:50:00";"406";"Acidente s";"212.5";"BR-116/SP";"Pista Sul";"Colisão traseira";0;0;0;0;0;0;0;0;2;0;4;0;0;0;0
"14/05/2023";"09:40:00";"447";"Acidente c";"208";"BR-116/SP";"Pista Sul";"Engavetamento";0;0;0;0;0;0;0;0;3;0;8;1;1;0;0
"15/05/2023";"01:08:00";"30";"Acidente c";"228.2";"BR-116/RJ";"Pista Sul";"Choque Talude";1;0;0;0;0;0;0;0;0;0;0;1;1;0;0
"15/05/2023";"01:37:00";"32";"Acidente s";"561.5";"BR-101/RJ";"Pista Norte";"Choque em defensa";0;0;0;0;0;0;0;0;1;0;1;0;0;0;0
"15/05/2023";"01:53:00";"38";"Acidente c";"227.8";"BR-116/SP";"Pista Sul";"Colisão traseira";0;1;0;0;0;0;0;0;2;0;2;0;1;0;0
"15/05/2023";"03:05:00";"52";"Acidente c";"267.3";"BR-116/RJ";"Pista Norte";"Choque Talude";0;0;0;0;0;0;0;0;1;0;0;1;0;0;0
"15/05/2023";"03:31:00";"56";"Acidente s";"140.3";"BR-116/SP";"Pista Norte";"Choque em barreira New Jersey";0;0;0;0;0;0;0;0;1;0;1;0;0;0;0
"15/05/2023";"03:55:00";"60";"Acidente s";"140.6";"BR-116/SP";"Pista Norte";"Colisão traseira";2;0;0;0;0;0;0;0;0;0;2;0;0;0;0
"15/05/2023";"04:41:00";"68";"Acidente s";"229";"BR-116/RJ";"Pista Sul";"Atropelamento de animal";0;0;0;0;0;0;0;0;1;0;1;0;0;0;0
"15/05/2023";"06:30:00";"87";"Acidente s";"106";"BR-116/SP";"Pista Norte";"Abalroamento longitudinal";0;1;0;0;0;0;0;0;0;1;2;0;0;0;0
"15/05/2023";"07:38:00";"129";"Acidente s";"220.7";"BR-116/SP";"Pista Sul";"Engavetamento";0;0;0;0;0;0;0;0;3;0;3;0;0;0;0
"15/05/2023";"08:23:00";"155";"Acidente c";"219.8";"BR-116/SP";"Pista Sul";"Abalroamento longitudinal";0;1;0;0;0;0;0;0;1;0;1;1;0;0;0
"15/05/2023";"01:40:00";"303";"Acidente s";"476";"BR-101/RJ";"Pista Norte";"Abalroamento longitudinal";0;1;0;0;0;0;0;0;1;0;2;0;0;0;0
"15/05/2023";"04:39:00";"389";"Acidente s";"218.8";"BR-116/SP";"Pista Sul";"Engavetamento";1;0;0;0;0;0;0;0;2;0;3;0;0;0;0
"15/05/2023";"05:13:00";"406";"Acidente c";"230";"BR-116/SP";"Pista Sul";"Colisão traseira";0;1;0;0;0;0;0;0;1;0;2;1;0;0;0
"15/05/2023";"05:19:00";"409";"Acidente s";"267.7";"BR-116/RJ";"Pista Sul";"Colisão traseira";2;0;0;0;0;0;0;0;0;0;2;0;0;0;0
"15/05/2023";"05:56:00";"429";"Acidente s";"275.3";"BR-116/RJ";"Pista Sul";"Colisão traseira";2;0;0;0;0;0;0;0;0;0;3;0;0;0;0
"15/05/2023";"06:19:00";"440";"Acidente s";"219";"BR-116/SP";"Pista Norte";"Colisão traseira";0;0;0;0;0;0;0;0;1;1;2;0;0;0;0
"15/05/2023";"06:59:00";"465";"Atropelame";"104.2";"BR-116/SP";"Pista Sul";"Atropelamento de pedestre atravessando";0;0;0;0;0;0;0;0;0;1;1;0;0;1;0
"15/05/2023";"08:12:00";"496";"Acidente c";"129.7";"BR-116/SP";"Pista Sul";"Queda de moto";0;1;0;0;0;0;0;0;0;0;0;0;1;0;0
"16/05/2023";"12:20:00";"17";"Acidente s";"382";"BR-101/RJ";"Pista Sul";"Capotamento";0;0;0;0;0;0;0;0;1;0;1;0;0;0;0
"16/05/2023";"05:22:00";"48";"Atropelame";"209";"BR-116/SP";"Pista Norte";"Atropelamento de pedestre atravessando";0;0;0;0;0;0;0;0;0;1;0;0;1;0;0
"16/05/2023";"06:16:00";"59";"Acidente c";"230.6";"BR-116/SP";"Pista Sul";"Colisão traseira";0;1;0;0;0;0;0;0;1;0;1;1;0;0;0
"16/05/2023";"06:21:00";"60";"Acidente s";"222";"BR-116/SP";"Pista Sul";"Abalroamento longitudinal";1;0;0;0;1;0;0;0;0;0;0;0;0;0;0
"16/05/2023";"06:43:00";"69";"Atropelame";"576";"BR-101/RJ";"Pista Norte";"Atropelamento de pedestre atravessando";1;0;0;0;0;0;0;0;0;0;1;0;0;1;0
"16/05/2023";"07:59:00";"116";"Acidente s";"466";"BR-101/RJ";"Pista Sul";"Colisão traseira";0;0;0;0;0;0;0;0;2;0;3;0;0;0;0
"16/05/2023";"08:16:00";"130";"Acidente s";"112.45";"BR-116/SP";"Pista Sul";"Abalroamento longitudinal";1;0;0;0;0;0;0;0;1;0;2;0;0;0;0
"16/05/2023";"10:14:00";"198";"Acidente s";"277.8";"BR-116/RJ";"Pista Sul";"Colisão traseira";1;0;0;0;0;0;0;0;1;0;4;0;0;0;0
"16/05/2023";"10:34:00";"206";"Acidente c";"230";"BR-116/SP";"Pista Sul";"Colisão traseira";0;1;0;0;0;0;0;0;1;0;1;1;0;0;0
"16/05/2023";"03:45:00";"328";"Acidente c";"201";"BR-116/SP";"Pista Norte";"Abalroamento longitudinal";0;0;0;0;0;0;0;0;2;0;0;2;0;0;0
"16/05/2023";"05:42:00";"377";"Acidente c";"311.7";"BR-116/RJ";"Pista Sul";"Queda de moto";0;1;0;0;0;0;0;0;0;0;0;1;0;0;0
"16/05/2023";"05:47:00";"385";"Acidente s";"523";"BR-101/RJ";"Pista Sul";"Choque em objeto fixo";0;0;0;0;0;0;1;0;0;0;1;0;0;0;0
"16/05/2023";"06:53:00";"418";"Acidente s";"155";"BR-116/SP";"Pista Sul";"Colisão traseira";0;0;0;0;0;0;0;0;2;0;4;0;0;0;0
"16/05/2023";"06:55:00";"420";"Acidente s";"131.55";"BR-116/SP";"Pista Sul";"Choque em objeto na pista";2;0;0;0;0;0;0;0;0;0;3;0;0;0;0
"16/05/2023";"07:06:00";"424";"Acidente s";"230.1";"BR-116/SP";"Pista Sul";"Engavetamento";0;0;0;0;0;0;0;0;3;1;4;0;0;0;0
"16/05/2023";"09:39:00";"474";"Acidente s";"476";"BR-101/RJ";"Pista Sul";"Choque em objeto fixo";0;0;0;0;0;0;0;0;1;0;1;0;0;0;0
"16/05/2023";"09:51:00";"476";"Acidente c";"483";"BR-101/RJ";"Pista Sul";"Abalroamento longitudinal";0;0;0;0;0;0;0;0;2;0;4;0;1;0;0
"16/05/2023";"10:06:00";"480";"Acidente s";"101.9";"BR-116/SP";"Pista Norte";"Choque em barreira New Jersey";1;0;0;0;0;0;0;0;0;0;1;0;0;0;0
"17/05/2023";"02:10:00";"37";"Acidente s";"216.9";"BR-116/SP";"Pista Sul";"Colisão traseira";1;0;0;0;0;0;0;0;1;0;3;0;0;0;0
"17/05/2023";"03:48:00";"45";"Acidente s";"300";"BR-116/RJ";"Pista Sul";"Choque em defensa";0;0;0;0;0;0;0;0;1;0;1;0;0;0;0
"17/05/2023";"05:37:00";"57";"Atropelame";"145.6";"BR-116/SP";"Pista Norte";"Atropelamento de pedestre atravessando";0;0;1;0;0;0;0;0;0;1;1;0;1;0;0
"17/05/2023";"05:40:00";"59";"Acidente c";"284";"BR-116/RJ";"Pista Norte";"Colisão traseira";2;0;0;0;0;0;0;0;0;0;1;2;1;0;0
"17/05/2023";"06:23:00";"72";"Acidente s";"212";"BR-116/SP";"Pista Sul";"Engavetamento";0;0;0;0;0;0;0;0;2;1;2;0;0;0;0
"17/05/2023";"06:55:00";"91";"Acidente c";"476";"BR-101/RJ";"Pista Norte";"Queda de moto";0;1;0;0;0;0;0;0;0;0;0;1;0;0;0
"17/05/2023";"05:19:00";"393";"Acidente s";"202.5";"BR-116/SP";"Pista Norte";"Colisão traseira";0;0;0;1;0;0;0;0;1;0;2;0;0;0;0
"17/05/2023";"06:48:00";"435";"Acidente c";"226.3";"BR-116/RJ";"Pista Sul";"Tombamento";1;0;0;0;0;0;0;0;0;0;0;1;0;0;0
"17/05/2023";"06:57:00";"439";"Acidente s";"41.6";"BR-116/SP";"Pista Sul";"Choque em objeto fixo";0;0;0;0;0;0;0;0;1;0;5;0;0;0;0
"17/05/2023";"07:37:00";"460";"Acidente s";"218.9";"BR-116/SP";"Pista Norte";"Abalroamento longitudinal";0;1;0;0;0;0;0;0;1;0;4;0;0;0;0
"18/05/2023";"03:52:00";"38";"Acidente c";"29.55";"BR-116/SP";"Pista Norte";"Colisão traseira";2;0;0;0;0;0;0;0;0;0;1;1;0;0;0
"18/05/2023";"05:51:00";"51";"Acidente s";"214.9";"BR-116/SP";"Pista Norte";"Colisão traseira";0;0;0;0;0;0;0;0;1;1;2;0;0;0;0
"18/05/2023";"06:31:00";"64";"Acidente s";"211";"BR-116/SP";"Pista Sul";"Colisão traseira";0;1;0;0;0;0;0;0;1;0;2;0;0;0;0
"18/05/2023";"06:46:00";"79";"Acidente s";"232.35";"BR-116/RJ";"Pista Sul";"Choque em barreira New Jersey";0;0;0;0;0;0;0;0;1;0;1;0;0;0;0
"18/05/2023";"07:00:00";"87";"Acidente c";"230";"BR-116/SP";"Pista Sul";"Colisão traseira";0;1;0;0;0;0;0;0;1;0;4;1;0;0;0
"18/05/2023";"07:38:00";"111";"Acidente s";"203.1";"BR-116/SP";"Pista Norte";"Colisão traseira";0;0;0;0;0;0;0;0;2;0;3;0;0;0;0
"18/05/2023";"11:32:00";"255";"Acidente c";"228";"BR-116/SP";"Pista Norte";"Abalroamento longitudinal";0;1;0;0;0;0;0;0;1;0;1;1;0;0;0
"18/05/2023";"11:43:00";"258";"Acidente s";"143.2";"BR-116/SP";"Pista Norte";"Abalroamento longitudinal";1;0;0;0;0;0;0;0;1;0;3;0;0;0;0
"18/05/2023";"01:06:00";"291";"Acidente c";"134";"BR-116/SP";"Pista Sul";"Abalroamento longitudinal";0;0;0;0;0;0;0;0;2;0;2;1;0;0;0
"18/05/2023";"01:16:00";"300";"Acidente s";"225";"BR-116/SP";"Pista Norte";"Colisão traseira";0;0;0;0;0;0;0;0;2;0;2;0;0;0;0
"18/05/2023";"03:33:00";"351";"Acidente c";"50";"BR-101/SP";"Pista Sul";"Colisão frontal";0;1;0;0;0;0;0;0;1;0;1;1;0;0;0
"18/05/2023";"04:37:00";"377";"Acidente s";"50";"BR-101/SP";"Pista Norte";"Colisão traseira";0;0;0;0;0;0;0;0;1;1;2;0;0;0;0
"18/05/2023";"06:16:00";"425";"Acidente c";"229.2";"BR-116/SP";"Pista Norte";"Engavetamento";0;0;0;0;1;0;0;0;3;0;38;12;0;0;0
"18/05/2023";"06:23:00";"428";"Acidente s";"148";"BR-116/SP";"Pista Norte";"Colisão traseira";0;0;0;0;0;0;0;0;1;1;5;0;0;0;0
"18/05/2023";"06:42:00";"439";"Acidente s";"573";"BR-101/RJ";"Pista Sul";"Abalroamento longitudinal";0;0;0;0;0;0;0;0;1;1;2;0;0;0;0
"18/05/2023";"07:11:00";"451";"Acidente s";"148";"BR-116/SP";"Pista Norte";"Colisão traseira";0;0;0;0;0;0;0;0;2;0;2;0;0;0;0