data;horario;n_da_ocorrencia;tipo_de_ocorrencia;km;trecho;sentido;tipo_de_acidente;automovel;bicicleta;caminhao;moto;onibus;outros;tracao_animal;transporte_de_cargas_especiais;trator_maquinas;utilitarios;ilesos;levemente_feridos;moderadamente_feridos;gravemente_feridos;mortos
"18/05/2023";"08:03:00";"472";"Acidente s";"126.5";"BR-116/SP";"Pista Norte";"Colisão traseira";0;0;0;0;0;1;1;0;1;0;4;0;0;0;0
"18/05/2023";"09:14:00";"495";"Acidente s";"84";"BR-116/SP";"Pista Norte";"Colisão traseira";1;0;0;0;0;0;0;0;1;0;0;0;0;0;0
"18/05/2023";"09:26:00";"500";"Acidente s";"121.1";"BR-116/SP";"Pista Norte";"Engavetamento";0;0;0;0;0;0;0;0;1;2;0;0;0;0;0
"18/05/2023";"09:55:00";"509";"Acidente c";"229.7";"BR-116/RJ";"Pista Norte";"Choque Talude";1;0;0;0;0;0;0;0;0;1;3;1;0;0;0
"18/05/2023";"10:13:00";"511";"Atropelame";"158";"BR-116/SP";"Pista Norte";"Atropelamento de pedestre caminhando";0;1;0;0;0;0;0;0;0;1;1;1;0;0;0
"19/05/2023";"04:22:00";"46";"Acidente c";"510";"BR-101/RJ";"Pista Norte";"Choque em defensa";0;0;0;0;0;0;0;0;1;0;0;0;1;0;0
"19/05/2023";"04:40:00";"48";"Acidente s";"271.8";"BR-116/RJ";"Pista Norte";"Choque em barreira New Jersey";1;0;0;0;0;0;0;0;0;1;2;0;0;0;0
"19/05/2023";"06:56:00";"85";"Acidente s";"228";"BR-116/RJ";"Pista Norte";"Abalroamento longitudinal";1;0;0;0;0;0;0;0;0;1;2;0;0;0;0
"19/05/2023";"08:01:00";"125";"Acidente s";"226.4";"BR-116/SP";"Pista Sul";"Colisão traseira";0;0;0;0;0;0;0;0;2;0;1;0;0;0;0
"19/05/2023";"08:28:00";"143";"Acidente s";"229";"BR-116/SP";"Pista Sul";"Colisão traseira";0;0;0;0;0;0;0;0;3;0;0;0;0;0;0
"19/05/2023";"09:09:00";"165";"Acidente s";"396";"BR-101/RJ";"Pista Sul";"Capotamento";0;0;0;0;0;0;0;0;1;0;2;0;0;0;0
"19/05/2023";"12:50:00";"279";"Acidente s";"146";"BR-116/SP";"Pista Sul";"Colisão traseira";0;0;0;0;0;0;0;0;3;0;0;0;0;0;0
"19/05/2023";"12:54:00";"280";"Acidente s";"189.7";"BR-116/SP";"Pista Sul";"Engavetamento";2;0;0;0;0;0;1;0;0;0;3;0;0;0;0
"19/05/2023";"02:27:00";"316";"Acidente s";"201";"BR-116/SP";"Pista Norte";"Abalroamento longitudinal";0;0;0;0;0;0;0;0;2;0;2;0;0;0;0
"19/05/2023";"03:42:00";"354";"Acidente c";"43.5";"BR-101/SP";"Pista Sul";"Queda de moto";0;1;0;0;0;0;0;0;0;0;1;1;0;0;0
"19/05/2023";"05:13:00";"398";"Acidente s";"429.5";"BR-101/RJ";"Pista Norte";"Choque em objeto fixo";1;0;0;0;0;0;0;0;0;0;1;0;0;0;0
"19/05/2023";"05:56:00";"414";"Atropelame";"176.7";"BR-116/SP";"Pista Sul";"Atropelamento de pedestre atravessando";1;0;0;0;0;0;0;0;0;0;1;0;1;0;0
"19/05/2023";"06:13:00";"421";"Acidente s";"103.8";"BR-116/SP";"Pista Sul";"Engavetamento";2;0;0;0;0;1;0;0;0;0;3;0;0;0;0
"19/05/2023";"06:28:00";"433";"Acidente c";"104.9";"BR-116/SP";"Pista Sul";"Abalroamento longitudinal";1;1;0;0;0;0;0;0;0;1;1;1;0;0;0
"19/05/2023";"06:29:00";"434";"Acidente c";"176.1";"BR-116/SP";"Pista Sul";"Colisão traseira";0;0;0;0;0;0;0;0;2;0;2;2;0;0;0
"19/05/2023";"06:37:00";"440";"Acidente s";"227";"BR-116/SP";"Pista Norte";"Engavetamento";1;0;0;0;0;0;0;0;2;0;8;0;0;0;0
"19/05/2023";"07:24:00";"470";"Acidente s";"224.5";"BR-116/SP";"Pista Sul";"Abalroamento longitudinal";1;0;0;0;0;0;0;0;1;0;2;0;0;0;0
"19/05/2023";"07:32:00";"474";"Acidente s";"104.9";"BR-116/SP";"Pista Sul";"Colisão traseira";0;0;0;0;0;0;0;0;1;2;2;0;0;0;0
"19/05/2023";"07:43:00";"478";"Acidente s";"220";"BR-116/SP";"Pista Norte";"Colisão traseira";0;0;0;0;0;0;0;0;2;0;3;0;0;0;0
"19/05/2023";"07:47:00";"484";"Acidente s";"136";"BR-116/SP";"Pista Sul";"Abalroamento longitudinal";1;0;0;0;0;0;0;0;1;0;4;0;0;0;0
"19/05/2023";"08:15:00";"504";"Acidente s";"433";"BR-101/RJ";"Pista Sul";"Colisão traseira";0;0;0;0;0;0;0;0;2;0;0;0;0;0;0
"19/05/2023";"09:26:00";"537";"Acidente c";"205";"BR-116/SP";"Pista Norte";"Colisão traseira";0;0;0;0;0;0;0;0;2;0;1;1;0;0;0
"19/05/2023";"10:35:00";"564";"Acidente s";"70";"BR-116/SP";"Pista Norte";"Colisão traseira";0;0;0;0;0;0;0;0;1;1;2;0;0;0;0
"20/05/2023";"05:21:00";"69";"Acidente s";"134.7";"BR-116/SP";"Pista Sul";"Capotamento";0;0;0;0;0;0;0;0;1;0;2;0;0;0;0
"20/05/2023";"06:41:00";"84";"Acidente c";"158";"BR-116/SP";"Pista Sul";"Choque em barreira New Jersey";0;0;0;0;0;0;0;0;1;0;1;1;0;0;0
"20/05/2023";"06:56:00";"89";"Acidente s";"138";"BR-116/SP";"Pista Sul";"Choque em barreira New Jersey";0;0;0;0;0;0;0;0;1;0;2;0;0;0;0
"20/05/2023";"06:58:00";"91";"Acidente c";"88";"BR-116/SP";"Pista Norte";"Colisão traseira";1;0;0;0;0;0;0;0;1;0;3;0;1;0;0
"20/05/2023";"07:49:00";"122";"Acidente c";"486";"BR-101/RJ";"Pista Sul";"Engavetamento";0;0;0;0;0;0;0;0;3;0;9;1;0;0;0
"20/05/2023";"12:35:00";"257";"Acidente c";"230";"BR-116/SP";"Pista Sul";"Colisão traseira";0;1;0;0;0;0;0;0;1;0;0;1;0;0;0
"20/05/2023";"12:58:00";"267";"Acidente s";"112.4";"BR-116/SP";"Pista Sul";"Engavetamento";0;0;0;0;0;0;0;0;5;0;5;0;0;0;0
"20/05/2023";"01:24:00";"276";"Acidente s";"129";"BR-116/SP";"Pista Sul";"Queda de moto";0;1;0;0;0;0;0;0;0;0;0;0;0;0;0
"20/05/2023";"01:47:00";"289";"Acidente c";"111";"BR-116/SP";"Pista Sul";"Abalroamento longitudinal";1;2;0;0;0;0;0;0;1;0;4;0;2;0;0
"20/05/2023";"02:36:00";"315";"Acidente s";"142";"BR-116/SP";"Pista Norte";"Engavetamento";0;0;0;0;0;0;0;0;2;1;1;0;0;0;0
"20/05/2023";"05:44:00";"391";"Acidente c";"231.2";"BR-116/SP";"Pista Norte";"Choque em barreira New Jersey";0;0;0;0;0;0;0;0;2;0;3;0;1;0;0
"20/05/2023";"06:22:00";"413";"Acidente c";"534";"BR-101/RJ";"Pista Sul";"Colisão traseira";0;0;0;0;0;0;0;0;2;0;3;1;0;0;0
"20/05/2023";"06:28:00";"418";"Acidente s";"10.3";"BR-101/SP";"Pista Norte";"Choque em objeto fixo";0;0;0;0;0;0;0;0;1;0;1;0;0;0;0
"20/05/2023";"07:15:00";"435";"Acidente c";"223.8";"BR-116/SP";"Pista Sul";"Engavetamento";0;0;0;0;0;0;0;0;3;0;4;3;0;0;0
"20/05/2023";"08:38:00";"464";"Acidente c";"409";"BR-101/RJ";"Pista Norte";"Colisão traseira";0;0;0;0;0;0;0;0;1;1;3;3;0;0;0
"21/05/2023";"02:58:00";"34";"Acidente s";"208";"BR-116/SP";"Pista Norte";"Choque em barreira New Jersey";0;0;0;0;0;0;0;0;1;0;2;0;0;0;0
"21/05/2023";"03:29:00";"39";"Acidente s";"495";"BR-101/RJ";"Pista Sul";"Choque em objeto fixo";0;0;0;0;0;0;0;0;1;0;2;0;0;0;0
"21/05/2023";"04:38:00";"45";"Acidente c";"113.2";"BR-116/SP";"Pista Norte";"Capotamento";0;0;0;0;0;0;0;0;1;0;0;0;0;0;1
"21/05/2023";"05:22:00";"49";"Acidente s";"324.9";"BR-116/RJ";"Pista Sul";"Colisão traseira";0;0;0;1;0;0;0;0;1;0;0;0;0;0;0
"21/05/2023";"05:48:00";"52";"Acidente s";"160.4";"BR-116/SP";"Pista Sul";"Choque em barreira New Jersey";0;0;0;0;0;0;1;0;0;0;0;0;0;0;0
"21/05/2023";"07:28:00";"87";"Acidente s";"385";"BR-101/RJ";"Pista Norte";"Engavetamento";0;0;0;0;0;0;0;0;3;0;8;0;0;0;0
"21/05/2023";"08:01:00";"98";"Acidente s";"230";"BR-116/SP";"Pista Sul";"Colisão traseira";0;0;0;0;0;0;0;0;2;0;3;0;0;0;0
"21/05/2023";"09:10:00";"120";"Acidente c";"103.7";"BR-116/SP";"Pista Norte";"Queda de moto";0;1;0;0;0;0;0;0;2;0;1;0;1;0;0
"21/05/2023";"09:45:00";"138";"Acidente c";"291";"BR-116/RJ";"Pista Sul";"Queda de moto";0;1;0;0;0;0;0;0;0;0;0;1;0;0;0
"21/05/2023";"10:03:00";"143";"Acidente s";"142";"BR-116/SP";"Pista Norte";"Colisão traseira";1;0;0;0;0;0;0;0;1;0;6;0;0;0;0
"21/05/2023";"10:06:00";"144";"Acidente c";"433";"BR-101/RJ";"Pista Sul";"Queda de moto";0;1;0;0;0;0;0;0;0;0;0;1;0;0;0
"21/05/2023";"10:36:00";"153";"Acidente s";"104.6";"BR-116/SP";"Pista Norte";"Colisão traseira";0;0;0;0;0;0;0;0;2;0;2;0;0;0;0
"21/05/2023";"10:57:00";"159";"Acidente s";"572";"BR-101/RJ";"Pista Sul";"Abalroamento longitudinal";0;0;0;0;0;0;0;0;2;0;7;0;0;0;0
"21/05/2023";"11:32:00";"169";"Acidente c";"101";"BR-116/SP";"Pista Norte";"Abalroamento longitudinal";0;0;0;0;0;0;0;0;0;0;0;1;0;0;0
"21/05/2023";"01:13:00";"197";"Acidente c";"214";"BR-116/SP";"Pista Sul";"Queda de moto";0;1;0;0;0;0;0;0;0;1;1;1;0;0;0
"21/05/2023";"01:59:00";"213";"Acidente s";"86.95";"BR-116/SP";"Pista Sul";"Colisão traseira";0;2;0;0;0;0;0;0;0;0;0;0;0;0;0
"21/05/2023";"02:00:00";"214";"Acidente s";"86";"BR-116/SP";"Pista Sul";"Queda de moto";0;1;0;0;0;0;0;0;0;0;1;0;0;0;0
"21/05/2023";"02:53:00";"238";"Acidente s";"40.2";"BR-101/SP";"Pista Sul";"Choque em defensa";0;0;0;0;0;0;0;0;1;0;2;0;0;0;0
"21/05/2023";"03:04:00";"240";"Acidente c";"105.2";"BR-116/SP";"Pista Sul";"Queda de moto";0;1;0;0;0;0;0;0;0;0;0;1;0;0;0
"21/05/2023";"04:16:00";"274";"Acidente c";"284.3";"BR-116/RJ";"Pista Norte";"Colisão traseira";0;1;0;0;0;0;0;0;1;0;1;0;1;0;0
"21/05/2023";"04:25:00";"280";"Acidente c";"235.6";"BR-116/RJ";"Pista Sul";"Choque em objeto fixo";1;0;0;0;0;0;0;0;0;0;0;1;0;0;0
"21/05/2023";"04:35:00";"286";"Acidente c";"205";"BR-116/SP";"Pista Sul";"Engavetamento";0;1;0;0;0;0;0;0;2;0;5;1;1;0;0
"21/05/2023";"05:50:00";"329";"Acidente s";"223.85";"BR-116/SP";"Pista Sul";"Abalroamento longitudinal";0;1;0;0;0;0;0;0;1;0;2;0;0;0;0
"21/05/2023";"06:16:00";"346";"Acidente s";"566";"BR-101/RJ";"Pista Sul";"Atropelamento de animal";0;0;0;0;0;0;0;0;1;0;1;0;0;0;0
"21/05/2023";"07:24:00";"382";"Acidente c";"231";"BR-116/RJ";"Pista Norte";"Queda de moto";0;1;0;0;0;0;0;0;0;0;0;0;2;0;0
"21/05/2023";"07:43:00";"391";"Atropelame";"407.5";"BR-101/RJ";"Pista Norte";"Atropelamento de pedestre atravessando";0;0;1;0;0;0;0;0;1;0;3;0;1;0;0
"21/05/2023";"08:12:00";"404";"Acidente s";"43.4";"BR-116/SP";"Pista Sul";"Choque em objeto na pista";0;0;0;0;0;0;0;0;1;0;2;0;0;0;0
"21/05/2023";"08:33:00";"411";"Acidente s";"43.4";"BR-116/SP";"Pista Sul";"Choque em objeto na pista";0;0;0;0;0;0;0;0;1;0;1;0;0;0;0
"21/05/2023";"10:17:00";"433";"Acidente c";"148.3";"BR-116/SP";"Pista Norte";"Choque em barreira New Jersey";0;0;0;0;0;0;0;0;1;0;4;1;1;0;0
"21/05/2023";"10:37:00";"438";"Acidente c";"481.5";"BR-101/RJ";"Pista Sul";"Queda de moto";0;1;0;0;0;0;0;0;0;0;1;0;1;0;0
"21/05/2023";"11:01:00";"441";"Acidente c";"48";"BR-101/SP";"Pista Norte";"Colisão frontal";0;1;0;0;0;0;0;0;1;0;2;0;0;1;0
"21/05/2023";"11:12:00";"443";"Acidente c";"209.9";"BR-116/SP";"Pista Sul";"Choque em barreira New Jersey";0;0;0;0;0;0;0;0;1;0;0;3;0;0;0
"21/05/2023";"11:37:00";"446";"Acidente c";"49.9";"BR-116/SP";"Pista Sul";"Queda de moto";0;1;0;0;0;0;0;0;1;0;5;1;1;0;0
"22/05/2023";"05:11:00";"47";"Acidente s";"293.2";"BR-116/RJ";"Pista Norte";"Abalroamento longitudinal";0;0;0;1;0;0;0;0;1;0;1;0;0;0;0
"22/05/2023";"07:32:00";"119";"Acidente s";"155";"BR-116/SP";"Pista Norte";"Colisão traseira";1;0;0;0;0;0;0;0;1;0;2;0;0;0;0
"22/05/2023";"08:07:00";"141";"Acidente c";"387";"BR-101/RJ";"Pista Sul";"Colisão frontal";0;1;0;0;0;0;0;0;1;0;1;2;0;0;0
"22/05/2023";"11:18:00";"253";"Acidente s";"210";"BR-116/SP";"Pista Sul";"Engavetamento";0;0;0;0;0;0;0;0;2;1;3;0;0;0;0
"22/05/2023";"11:24:00";"259";"Acidente s";"218";"BR-116/SP";"Pista Norte";"Abalroamento longitudinal";0;0;0;0;0;0;0;0;1;1;1;0;0;0;0
"22/05/2023";"12:07:00";"280";"Acidente c";"219";"BR-116/SP";"Pista Norte";"Queda de moto";0;1;0;0;0;0;0;0;0;0;0;0;1;0;0
"22/05/2023";"05:35:00";"410";"Acidente c";"105.6";"BR-116/SP";"Pista Norte";"Queda de moto";0;1;0;0;0;0;0;0;0;0;0;1;1;0;0
"22/05/2023";"05:51:00";"425";"Acidente s";"118.2";"BR-116/SP";"Pista Norte";"Abalroamento longitudinal";1;0;0;0;0;0;0;0;1;0;4;0;0;0;0
"22/05/2023";"06:23:00";"444";"Acidente c";"222";"BR-116/SP";"Pista Norte";"Abalroamento longitudinal";0;1;0;0;0;0;0;0;1;0;1;1;0;0;0
"22/05/2023";"11:17:00";"540";"Acidente c";"39.8";"BR-116/SP";"Pista Sul";"Abalroamento longitudinal";0;1;0;1;0;0;0;0;0;0;40;1;0;0;0
"23/05/2023";"03:29:00";"39";"Acidente s";"193.5";"BR-116/SP";"Pista Norte";"Colisão traseira";2;0;0;0;0;0;0;0;0;0;2;0;0;0;0
"23/05/2023";"04:36:00";"45";"Acidente s";"88.1";"BR-116/SP";"Pista Norte";"Tombamento";1;0;0;0;0;0;0;0;0;0;0;1;0;0;0
"23/05/2023";"06:13:00";"58";"Acidente s";"98.8";"BR-116/SP";"Pista Sul";"Queda de moto";0;1;0;0;0;0;0;0;0;0;1;0;0;0;0
"23/05/2023";"08:10:00";"129";"Acidente s";"432";"BR-101/RJ";"Pista Sul";"Choque em objeto fixo";0;0;0;0;0;0;0;0;1;0;3;0;0;0;0
"23/05/2023";"08:14:00";"130";"Acidente s";"208";"BR-116/SP";"Pista Sul";"Engavetamento";0;0;0;0;0;0;0;0;2;2;4;0;0;0;0
"23/05/2023";"08:14:00";"131";"Acidente c";"201";"BR-116/SP";"Pista Norte";"Queda de moto";0;1;0;0;0;0;0;0;0;0;1;1;0;0;0
"23/05/2023";"08:35:00";"152";"Acidente c";"481";"BR-101/RJ";"Pista Norte";"Colisão frontal";0;1;0;0;0;0;0;0;1;0;3;1;0;0;0
"23/05/2023";"10:38:00";"241";"Acidente s";"212.3";"BR-116/SP";"Pista Sul";"Engavetamento";0;0;0;0;0;1;1;0;1;0;3;0;0;0;0
"23/05/2023";"11:19:00";"258";"Acidente c";"145.8";"BR-116/SP";"Pista Sul";"Abalroamento longitudinal";0;0;0;1;0;0;1;0;0;0;3;1;0;0;0
"23/05/2023";"02:08:00";"340";"Acidente c";"230.8";"BR-116/SP";"Pista Sul";"Queda de moto";0;1;0;0;0;0;0;0;0;0;0;0;1;0;0
"23/05/2023";"03:17:00";"379";"Acidente s";"153.9";"BR-116/SP";"Pista Norte";"Abalroamento longitudinal";1;0;0;0;0;0;0;0;1;0;2;0;0;0;0
"23/05/2023";"03:21:00";"382";"Acidente s";"145.5";"BR-116/SP";"Pista Sul";"Choque em barreira New Jersey";0;0;0;0;0;1;0;0;0;0;1;0;0;0;0
"23/05/2023";"04:05:00";"403";"Acidente s";"230";"BR-116/SP";"Pista Norte";"Abalroamento longitudinal";1;0;0;0;0;0;1;0;1;0;5;0;0;0;0
"23/05/2023";"05:01:00";"424";"Acidente s";"206";"BR-116/SP";"Pista Norte";"Abalroamento longitudinal";0;0;0;0;0;0;0;0;2;0;3;0;0;0;0
"23/05/2023";"05:21:00";"437";"Acidente c";"157";"BR-116/SP";"Pista Norte";"Engavetamento";0;0;0;0;0;0;0;0;3;0;7;1;0;0;0
"24/05/2023";"12:52:00";"29";"Acidente s";"141.85";"BR-116/SP";"Pista Sul";"Choque em veículo parado na pista";2;0;0;0;0;0;0;0;0;0;2;0;0;0;0
"24/05/2023";"05:42:00";"88";"Acidente c";"230";"BR-116/SP";"Pista Sul";"Queda de moto";1;1;0;0;0;0;0;0;0;0;1;1;0;0;0
"24/05/2023";"07:34:00";"159";"Acidente c";"122.9";"BR-116/SP";"Pista Norte";"Colisão traseira";1;1;0;0;0;0;0;0;0;0;0;0;1;0;0
"24/05/2023";"08:35:00";"190";"Acidente s";"116";"BR-116/SP";"Pista Norte";"Colisão traseira";0;0;0;0;0;0;0;0;2;0;2;0;0;0;0
"24/05/2023";"12:49:00";"322";"Acidente c";"439";"BR-101/RJ";"Pista Norte";"Colisão frontal";0;0;0;0;0;0;0;0;2;0;1;2;0;0;0
"24/05/2023";"02:55:00";"391";"Acidente s";"157.4";"BR-116/SP";"Pista Norte";"Abalroamento longitudinal";1;0;0;0;0;1;0;0;0;0;2;0;0;0;0
"24/05/2023";"05:35:00";"473";"Acidente s";"140.75";"BR-116/SP";"Pista Norte";"Abalroamento longitudinal";0;0;0;0;0;0;0;0;2;0;2;0;0;0;0
"24/05/2023";"08:23:00";"542";"Acidente s";"39.3";"BR-116/SP";"Pista Sul";"Capotamento";0;0;0;0;0;0;0;0;1;0;0;0;0;0;0
"24/05/2023";"09:07:00";"569";"Acidente c";"145";"BR-116/SP";"Pista Norte";"Abalroamento longitudinal";1;0;0;0;0;0;0;0;1;0;2;1;0;0;0
"24/05/2023";"10:49:00";"600";"Acidente c";"51.8";"BR-116/SP";"Pista Sul";"Colisão traseira";2;0;0;0;0;0;0;0;0;0;0;1;0;0;0
"24/05/2023";"11:24:00";"612";"Acidente s";"223";"BR-116/SP";"Pista Norte";"Choque em objeto fixo";0;0;0;0;0;0;0;0;2;0;3;0;0;0;0
"25/05/2023";"01:39:00";"33";"Acidente c";"285.1";"BR-116/RJ";"Pista Norte";"Capotamento";0;0;0;0;0;0;0;0;1;0;0;0;1;0;0
"25/05/2023";"05:38:00";"66";"Acidente c";"145.5";"BR-116/SP";"Pista Norte";"Colisão traseira";0;0;0;0;0;0;0;0;2;0;2;0;1;0;0
"25/05/2023";"05:38:00";"67";"Acidente c";"271";"BR-116/RJ";"Pista Norte";"Colisão traseira";1;0;0;0;0;0;0;0;1;0;0;3;0;0;0
"25/05/2023";"06:49:00";"96";"Acidente c";"223.5";"BR-116/SP";"Pista Sul";"Colisão traseira";0;1;0;0;0;0;0;0;1;0;1;2;0;0;0
"25/05/2023";"06:52:00";"98";"Acidente c";"208";"BR-116/SP";"Pista Norte";"Abalroamento longitudinal";0;1;0;0;0;0;0;0;0;1;1;1;0;0;0
"25/05/2023";"07:21:00";"119";"Acidente c";"412";"BR-101/RJ";"Pista Norte";"Colisão traseira";0;1;0;0;0;0;0;0;1;0;1;0;1;0;0
"25/05/2023";"07:27:00";"122";"Acidente c";"142.4";"BR-116/SP";"Pista Norte";"Queda de moto";0;1;0;0;0;0;0;0;0;0;0;1;0;0;0
"25/05/2023";"08:44:00";"163";"Acidente c";"147";"BR-116/SP";"Pista Sul";"Colisão traseira";0;0;0;0;0;0;0;0;2;0;1;1;0;0;0
"25/05/2023";"08:51:00";"166";"Acidente s";"161";"BR-116/SP";"Pista Norte";"Colisão traseira";1;0;0;0;0;0;0;0;1;0;2;0;0;0;0
"25/05/2023";"09:01:00";"179";"Acidente s";"154";"BR-116/SP";"Pista Sul";"Colisão traseira";1;0;0;0;0;0;0;0;1;0;3;0;0;0;0
"25/05/2023";"10:48:00";"245";"Acidente c";"188";"BR-116/SP";"Pista Sul";"Queda de moto";0;1;0;0;0;0;0;0;0;1;1;1;0;0;0
"25/05/2023";"11:08:00";"252";"Acidente c";"400";"BR-101/RJ";"Pista Norte";"Engavetamento";0;0;0;0;0;0;0;0;2;1;4;0;1;0;0
"25/05/2023";"12:08:00";"277";"Acidente s";"490";"BR-101/RJ";"Pista Sul";"Choque em barreira New Jersey";0;0;0;0;0;0;0;0;1;0;1;0;0;0;0
"25/05/2023";"12:43:00";"291";"Acidente s";"326.5";"BR-116/RJ";"Pista Norte";"Colisão traseira";0;0;0;0;0;1;0;0;1;0;0;0;0;0;0
"25/05/2023";"01:33:00";"313";"Acidente s";"487.5";"BR-101/RJ";"Pista Sul";"Colisão traseira";0;0;0;0;0;0;0;0;2;0;2;0;0;0;0
"25/05/2023";"02:25:00";"335";"Acidente s";"205.9";"BR-116/SP";"Pista Sul";"Abalroamento longitudinal";0;0;0;0;0;0;0;0;1;1;2;0;0;0;0
"25/05/2023";"04:06:00";"382";"Atropelame";"149.49";"BR-116/SP";"Pista Norte";"Atropelamento de pedestre atravessando";0;0;0;0;0;0;0;0;2;0;2;1;0;0;0
"25/05/2023";"04:14:00";"386";"Acidente c";"311.8";"BR-116/RJ";"Pista Norte";"Engavetamento";2;0;0;0;0;0;0;0;1;0;1;0;2;0;0
"25/05/2023";"04:44:00";"398";"Acidente s";"332";"BR-116/RJ";"Pista Norte";"Colisão traseira";0;0;0;0;0;0;0;0;1;1;1;0;0;0;0
"25/05/2023";"05:23:00";"416";"Acidente s";"252";"BR-116/RJ";"Pista Norte";"Colisão traseira";0;0;0;0;0;0;0;0;1;1;3;0;0;0;0
"25/05/2023";"05:49:00";"432";"Acidente c";"311.8";"BR-116/RJ";"Pista Norte";"Abalroamento longitudinal";0;1;0;0;0;0;0;0;1;0;1;1;0;0;0
"25/05/2023";"06:06:00";"441";"Acidente s";"146";"BR-116/SP";"Pista Sul";"Colisão traseira";0;0;0;0;0;0;1;0;0;1;2;0;0;0;0
"25/05/2023";"06:17:00";"447";"Acidente c";"220.5";"BR-116/SP";"Pista Norte";"Queda de moto";0;1;0;0;0;0;0;0;0;0;0;2;0;0;0
"25/05/2023";"06:17:00";"446";"Acidente s";"157.7";"BR-116/SP";"Pista Sul";"Engavetamento";0;0;0;0;0;0;0;0;3;0;4;0;0;0;0
"25/05/2023";"06:22:00";"450";"Acidente c";"156.2";"BR-116/SP";"Pista Norte";"Abalroamento longitudinal";1;1;0;0;0;0;0;0;1;0;2;0;0;0;1
"25/05/2023";"06:24:00";"452";"Acidente s";"433";"BR-101/RJ";"Pista Norte";"Choque em objeto fixo";0;0;0;0;0;0;0;0;1;0;1;0;0;0;0
"25/05/2023";"06:34:00";"459";"Acidente c";"155.6";"BR-116/SP";"Pista Sul";"Colisão traseira";0;1;0;0;0;0;0;0;0;1;1;1;0;0;0
"25/05/2023";"06:36:00";"461";"Acidente s";"279.2";"BR-116/RJ";"Pista Sul";"Colisão traseira";1;0;0;0;0;0;0;0;1;0;4;0;0;0;0
"25/05/2023";"07:47:00";"498";"Acidente c";"227";"BR-116/SP";"Pista Norte";"Engavetamento";1;0;0;0;0;0;0;0;2;0;3;1;0;0;0
"25/05/2023";"08:29:00";"510";"Atropelame";"219.8";"BR-116/SP";"Pista Sul";"Atropelamento de pedestre atravessando";0;0;0;0;0;0;0;0;0;1;1;2;0;0;0
"25/05/2023";"08:51:00";"522";"Acidente s";"158.9";"BR-116/SP";"Pista Norte";"Abalroamento longitudinal";2;0;0;0;0;0;0;0;0;0;2;0;0;0;0
"26/05/2023";"03:21:00";"43";"Acidente s";"412";"BR-101/RJ";"Pista Sul";"Capotamento";0;0;0;0;0;0;0;0;1;0;1;0;0;0;0
"26/05/2023";"03:54:00";"48";"Acidente s";"190";"BR-116/SP";"Pista Norte";"Abalroamento longitudinal";1;0;0;0;0;0;0;0;0;1;2;0;0;0;0
"26/05/2023";"05:42:00";"58";"Acidente c";"49.7";"BR-101/SP";"Pista Norte";"Colisão frontal";0;2;0;0;0;0;0;0;0;0;0;3;0;0;0
"26/05/2023";"06:20:00";"69";"Acidente s";"235.7";"BR-116/RJ";"Pista Norte";"Choque em defensa";1;0;0;0;0;0;0;0;0;0;0;0;0;0;0
"26/05/2023";"07:19:00";"112";"Acidente s";"139.3";"BR-116/SP";"Pista Sul";"Colisão traseira";0;0;0;0;0;0;0;0;2;0;2;0;0;0;0
"26/05/2023";"07:26:00";"119";"Acidente s";"308";"BR-116/RJ";"Pista Sul";"Colisão traseira";1;0;0;0;0;0;0;0;1;0;2;0;0;0;0
"26/05/2023";"07:29:00";"121";"Acidente s";"139";"BR-116/SP";"Pista Norte";"Engavetamento";1;0;0;0;0;0;0;0;2;0;3;0;0;0;0
"26/05/2023";"07:39:00";"124";"Acidente c";"223";"BR-116/SP";"Pista Sul";"Colisão traseira";0;1;0;0;0;0;0;0;1;1;1;1;0;0;0
"26/05/2023";"07:52:00";"130";"Acidente c";"230.9";"BR-116/SP";"Pista Sul";"Colisão traseira";0;1;0;0;0;0;0;0;1;0;1;1;0;0;0
"26/05/2023";"08:12:00";"147";"Acidente s";"93.5";"BR-116/SP";"Pista Norte";"Abalroamento longitudinal";2;0;0;0;0;0;0;0;1;0;3;2;0;0;0
"26/05/2023";"10:52:00";"226";"Acidente c";"165.2";"BR-116/SP";"Pista Sul";"Colisão traseira";1;0;0;0;0;0;0;0;1;0;1;1;0;0;0
"26/05/2023";"10:54:00";"228";"Acidente c";"189";"BR-116/SP";"Pista Sul";"Colisão traseira";1;1;0;0;0;0;0;0;0;0;1;1;0;0;0
"26/05/2023";"11:51:00";"250";"Acidente c";"304";"BR-116/RJ";"Pista Norte";"Engavetamento";2;0;0;0;0;0;0;0;4;0;9;1;0;0;0
"26/05/2023";"12:39:00";"271";"Acidente s";"227";"BR-116/RJ";"Pista Norte";"Choque em objeto fixo";1;0;0;0;0;0;0;0;0;0;1;0;0;0;0
"26/05/2023";"01:13:00";"282";"Acidente s";"303";"BR-116/RJ";"Pista Sul";"Engavetamento";0;0;0;0;0;0;0;0;6;0;8;0;0;0;0
"26/05/2023";"02:36:00";"330";"Acidente c";"465";"BR-101/RJ";"Pista Norte";"Abalroamento longitudinal";0;1;0;0;0;0;0;0;1;0;0;2;0;0;0
"26/05/2023";"04:57:00";"391";"Acidente s";"63";"BR-116/SP";"Pista Sul";"Colisão traseira";0;1;0;0;0;0;0;0;1;0;2;0;0;0;0
"26/05/2023";"05:33:00";"407";"Acidente c";"74.75";"BR-116/SP";"Pista Sul";"Choque em objeto na pista";0;0;0;0;0;0;0;0;1;0;0;1;0;0;0