data;horario;n_da_ocorrencia;tipo_de_ocorrencia;km;trecho;sentido;tipo_de_acidente;automovel;bicicleta;caminhao;moto;onibus;outros;tracao_animal;transporte_de_cargas_especiais;trator_maquinas;utilitarios;ilesos;levemente_feridos;moderadamente_feridos;gravemente_feridos;mortos
"26/05/2023";"06:33:00";"454";"Acidente c";"216";"BR-116/SP";"Pista Sul";"Queda de moto";0;1;0;0;0;0;0;0;0;0;0;2;0;0;0
"26/05/2023";"07:40:00";"489";"Acidente s";"46";"BR-101/SP";"Pista Norte";"Colisão traseira";0;0;0;0;0;0;0;0;1;1;2;0;0;0;0
"26/05/2023";"07:41:00";"490";"Acidente s";"214";"BR-116/SP";"Pista Norte";"Colisão traseira";0;0;0;0;0;0;0;0;2;0;3;0;0;0;0
"26/05/2023";"08:10:00";"503";"Acidente s";"227";"BR-116/SP";"Pista Norte";"Engavetamento";0;0;0;0;0;0;0;0;2;1;3;0;0;0;0
"26/05/2023";"11:24:00";"567";"Acidente s";"54.9";"BR-116/SP";"Pista Norte";"Choque em defensa";0;0;0;0;0;0;0;0;2;0;2;0;0;0;0
"27/05/2023";"04:27:00";"51";"Acidente s";"571";"BR-101/RJ";"Pista Norte";"Choque em defensa";0;0;0;0;0;0;0;0;1;0;2;0;0;0;0
"27/05/2023";"04:31:00";"52";"Acidente c";"29.4";"BR-116/SP";"Pista Norte";"Colisão traseira";2;0;0;0;0;0;0;0;0;0;1;0;0;1;0
"27/05/2023";"05:53:00";"65";"Acidente s";"274.47";"BR-116/RJ";"Pista Norte";"Choque em barreira New Jersey";1;0;0;0;0;0;0;0;0;0;1;0;0;0;0
"27/05/2023";"06:49:00";"86";"Acidente c";"218.4";"BR-116/SP";"Pista Sul";"Colisão traseira";0;0;0;0;0;0;0;0;2;0;0;2;0;0;0
"27/05/2023";"07:01:00";"88";"Acidente c";"386";"BR-101/RJ";"Pista Sul";"Abalroamento transversal";0;0;0;0;0;0;0;0;2;0;0;2;0;0;0
"27/05/2023";"07:52:00";"112";"Acidente s";"316";"BR-116/RJ";"Pista Sul";"Abalroamento longitudinal";0;1;0;0;0;1;0;0;0;0;2;0;0;0;0
"27/05/2023";"10:05:00";"187";"Acidente s";"209.8";"BR-116/SP";"Pista Sul";"Colisão traseira";1;0;0;0;0;0;0;0;1;0;2;0;0;0;0
"27/05/2023";"11:09:00";"221";"Acidente s";"44.3";"BR-116/SP";"Pista Norte";"Choque em objeto fixo";0;0;0;0;0;0;0;0;1;0;1;0;0;0;0
"27/05/2023";"11:58:00";"251";"Acidente s";"244.5";"BR-116/RJ";"Pista Norte";"Colisão traseira";1;0;0;0;0;0;0;0;1;0;5;0;0;0;0
"27/05/2023";"12:11:00";"258";"Acidente s";"282";"BR-116/RJ";"Pista Norte";"Colisão traseira";0;0;0;0;0;0;0;0;2;0;0;0;0;0;0
"27/05/2023";"12:48:00";"269";"Acidente s";"156";"BR-116/SP";"Pista Norte";"Engavetamento";0;0;0;0;0;0;0;0;3;0;4;0;0;0;0
"27/05/2023";"01:27:00";"286";"Acidente s";"209.9";"BR-116/SP";"Pista Sul";"Engavetamento";0;0;0;0;0;0;0;0;2;1;4;0;0;0;0
"27/05/2023";"02:18:00";"312";"Acidente s";"203.5";"BR-116/SP";"Pista Norte";"Choque em barreira New Jersey";0;0;0;0;0;0;0;0;1;0;1;0;0;0;0
"27/05/2023";"03:45:00";"360";"Acidente s";"339";"BR-116/RJ";"Pista Norte";"Queda de moto";0;1;0;0;0;0;0;0;0;0;0;0;0;0;0
"27/05/2023";"04:15:00";"376";"Acidente s";"200.5";"BR-116/SP";"Pista Sul";"Colisão traseira";0;0;0;0;0;0;0;0;2;0;3;0;0;0;0
"27/05/2023";"04:33:00";"383";"Acidente c";"204.5";"BR-116/SP";"Pista Norte";"Abalroamento longitudinal";0;1;0;0;0;0;0;0;1;0;1;0;1;0;0
"27/05/2023";"05:10:00";"393";"Acidente s";"138";"BR-116/SP";"Pista Norte";"Choque em objeto na pista";1;0;0;0;0;0;0;0;0;0;1;0;0;0;0
"27/05/2023";"07:48:00";"464";"Acidente c";"301.7";"BR-116/RJ";"Pista Sul";"Queda de ribanceira";0;0;0;0;0;0;0;0;1;0;0;1;0;0;0
"27/05/2023";"09:24:00";"490";"Acidente s";"198";"BR-116/SP";"Pista Norte";"Choque em objeto na pista";1;0;0;0;0;0;0;0;0;0;0;0;0;0;0
"27/05/2023";"10:41:00";"509";"Atropelame";"209.9";"BR-116/SP";"Pista Sul";"Atropelamento de pedestre atravessando";0;0;0;0;0;0;0;0;1;0;2;1;0;0;0
"27/05/2023";"11:59:00";"536";"Acidente s";"224.6";"BR-116/SP";"Pista Sul";"Colisão traseira";0;0;0;0;0;0;0;0;2;0;1;1;0;0;0
"28/05/2023";"01:35:00";"30";"Acidente c";"201.7";"BR-116/SP";"Pista Norte";"Colisão traseira";0;0;0;0;0;0;0;0;2;0;4;1;0;0;0
"28/05/2023";"01:53:00";"31";"Acidente s";"218";"BR-116/SP";"Pista Sul";"Colisão traseira";0;0;0;0;0;0;1;0;1;0;2;0;0;0;0
"28/05/2023";"02:12:00";"37";"Acidente c";"52";"BR-101/SP";"Pista Sul";"Queda de moto";0;1;0;0;0;0;0;0;0;0;0;1;0;0;0
"28/05/2023";"04:13:00";"51";"Atropelame";"206.1";"BR-116/SP";"Pista Norte";"Atropelamento de pedestre atravessando";0;0;0;0;0;0;0;0;0;1;1;2;0;0;0
"28/05/2023";"04:56:00";"60";"Acidente c";"42.8";"BR-116/SP";"Pista Norte";"Colisão traseira";0;0;0;0;0;0;0;0;2;0;4;1;0;0;0
"28/05/2023";"06:15:00";"74";"Acidente c";"311.3";"BR-116/RJ";"Pista Norte";"Choque em barreira New Jersey";0;0;0;0;0;0;0;0;1;0;0;0;0;0;1
"28/05/2023";"07:01:00";"98";"Acidente s";"332.8";"BR-116/RJ";"Pista Sul";"Choque em barreira New Jersey";0;0;0;0;0;0;0;0;1;0;0;0;0;0;0
"28/05/2023";"08:52:00";"147";"Acidente s";"33.2";"BR-116/SP";"Pista Sul";"Colisão traseira";0;0;0;0;0;0;0;0;1;1;1;0;0;0;0
"28/05/2023";"11:31:00";"219";"Acidente c";"165.2";"BR-116/SP";"Pista Norte";"Engavetamento";1;0;0;0;0;0;0;0;3;0;6;2;2;0;0
"28/05/2023";"02:11:00";"266";"Acidente c";"312.55";"BR-116/RJ";"Pista Norte";"Choque em barreira New Jersey";0;0;0;0;0;0;0;0;1;0;0;1;0;0;0
"28/05/2023";"03:47:00";"314";"Acidente c";"44.3";"BR-116/SP";"Pista Norte";"Queda de ribanceira";0;0;0;0;0;0;0;0;1;0;1;2;0;0;0
"28/05/2023";"04:15:00";"327";"Acidente s";"291.5";"BR-116/RJ";"Pista Norte";"Colisão traseira";0;1;0;0;0;0;0;0;1;0;0;0;0;0;0
"28/05/2023";"04:21:00";"329";"Acidente s";"104";"BR-116/SP";"Pista Sul";"Colisão traseira";0;0;0;0;0;0;0;0;1;1;1;0;0;0;0
"28/05/2023";"04:38:00";"337";"Acidente s";"74";"BR-116/SP";"Pista Sul";"Colisão traseira";1;0;0;0;0;0;0;0;1;0;0;0;0;0;0
"28/05/2023";"04:49:00";"339";"Acidente c";"232.5";"BR-116/RJ";"Pista Norte";"Choque em objeto fixo";0;0;0;0;0;0;0;0;1;0;0;0;1;0;0
"28/05/2023";"05:27:00";"364";"Acidente c";"74";"BR-116/SP";"Pista Sul";"Queda de moto";0;1;0;0;0;0;0;0;0;0;0;2;0;0;0
"28/05/2023";"05:35:00";"368";"Acidente s";"146.4";"BR-116/SP";"Pista Norte";"Engavetamento";1;0;0;0;0;0;0;0;2;0;7;0;0;0;0
"28/05/2023";"06:18:00";"394";"Acidente c";"216.3";"BR-116/SP";"Pista Norte";"Colisão traseira";0;0;0;0;0;0;0;0;2;0;4;2;0;0;0
"28/05/2023";"06:29:00";"399";"Acidente s";"427";"BR-101/RJ";"Pista Norte";"Choque em objeto fixo";0;0;0;0;0;0;0;0;1;0;0;0;0;0;0
"28/05/2023";"06:35:00";"405";"Acidente s";"65";"BR-116/SP";"Pista Norte";"Engavetamento";0;0;0;0;0;0;0;0;3;0;12;0;0;0;0
"28/05/2023";"07:05:00";"418";"Acidente c";"235.3";"BR-116/RJ";"Pista Sul";"Abalroamento longitudinal";0;1;0;0;0;0;0;0;1;0;0;0;1;0;0
"28/05/2023";"07:36:00";"431";"Atropelame";"220.4";"BR-116/SP";"Pista Sul";"Atropelamento de pedestre atravessando";0;0;0;1;0;0;0;0;0;0;20;0;0;0;1
"28/05/2023";"08:28:00";"443";"Acidente s";"51.2";"BR-116/SP";"Pista Norte";"Outros";0;0;0;0;0;0;0;0;1;0;1;0;0;0;0
"28/05/2023";"09:21:00";"457";"Acidente s";"491";"BR-101/RJ";"Pista Norte";"Choque em objeto fixo";0;0;0;0;0;0;0;0;1;0;1;0;0;0;0
"28/05/2023";"09:50:00";"465";"Acidente s";"87.1";"BR-116/SP";"Pista Norte";"Colisão traseira";0;0;0;0;0;0;0;0;1;1;2;0;0;0;0
"28/05/2023";"10:29:00";"477";"Acidente s";"551";"BR-101/RJ";"Pista Sul";"Atropelamento de animal";0;0;0;1;0;0;0;0;0;0;24;0;0;0;0
"29/05/2023";"12:19:00";"16";"Acidente s";"522";"BR-101/RJ";"Pista Norte";"Choque em objeto fixo";0;0;0;0;0;0;0;0;1;0;2;0;0;0;0
"29/05/2023";"12:34:00";"18";"Acidente c";"216.3";"BR-116/SP";"Pista Norte";"Choque em barreira New Jersey";0;0;0;0;0;0;0;0;1;0;0;2;0;0;0
"29/05/2023";"04:07:00";"66";"Acidente s";"446";"BR-101/RJ";"Pista Norte";"Choque em objeto fixo";0;0;0;0;0;0;0;0;1;0;1;0;0;0;0
"29/05/2023";"04:22:00";"69";"Acidente s";"446";"BR-101/RJ";"Pista Norte";"Choque em objeto fixo";0;0;0;0;0;0;0;0;1;0;1;0;0;0;0
"29/05/2023";"05:20:00";"81";"Acidente s";"417";"BR-101/RJ";"Pista Norte";"Choque em objeto fixo";0;0;0;0;0;0;0;0;1;0;1;0;0;0;0
"29/05/2023";"05:50:00";"89";"Atropelame";"167.1";"BR-116/SP";"Pista Norte";"Colisão traseira";0;1;1;0;0;0;0;0;0;0;0;3;0;0;0
"29/05/2023";"06:04:00";"92";"Acidente s";"383";"BR-101/RJ";"Pista Norte";"Colisão traseira";0;0;0;0;0;0;0;0;1;1;2;0;0;0;0
"29/05/2023";"07:42:00";"144";"Acidente c";"138.8";"BR-116/SP";"Pista Sul";"Abalroamento longitudinal";0;1;0;0;0;0;0;0;1;0;2;1;0;0;0
"29/05/2023";"08:05:00";"165";"Acidente c";"108";"BR-116/SP";"Pista Sul";"Colisão frontal";0;1;0;0;0;0;0;0;0;1;1;1;0;0;0
"29/05/2023";"08:48:00";"199";"Acidente c";"444";"BR-101/RJ";"Pista Norte";"Capotamento";0;0;0;0;0;0;1;0;0;0;0;1;0;0;0
"29/05/2023";"08:49:00";"201";"Acidente s";"513";"BR-101/RJ";"Pista Sul";"Choque em objeto fixo";0;0;0;1;0;0;0;0;0;0;1;0;0;0;0
"29/05/2023";"09:05:00";"210";"Acidente c";"58";"BR-116/SP";"Pista Norte";"Outros";0;1;0;1;0;0;0;0;0;0;0;1;0;0;0
"29/05/2023";"09:32:00";"220";"Acidente c";"223.3";"BR-116/SP";"Pista Norte";"Colisão traseira";0;1;0;0;0;0;0;0;1;0;1;1;0;0;0
"29/05/2023";"09:45:00";"231";"Acidente s";"225";"BR-116/SP";"Pista Norte";"Abalroamento longitudinal";1;0;0;0;0;0;0;0;1;0;4;0;0;0;0
"29/05/2023";"10:04:00";"238";"Acidente s";"575";"BR-101/RJ";"Pista Norte";"Choque em objeto fixo";0;1;0;0;0;0;0;0;0;0;2;0;0;0;0
"29/05/2023";"12:13:00";"297";"Acidente s";"542.5";"BR-101/RJ";"Pista Sul";"Choque em objeto fixo";0;0;0;0;0;0;0;0;1;0;1;0;0;0;0
"29/05/2023";"12:33:00";"304";"Acidente s";"226";"BR-116/RJ";"Pista Norte";"Choque em defensa";0;0;0;0;0;0;0;0;1;0;1;0;0;0;0
"29/05/2023";"12:53:00";"314";"Acidente s";"529";"BR-101/RJ";"Pista Sul";"Choque em objeto fixo";0;0;0;0;0;0;0;0;1;0;1;0;0;0;0
"29/05/2023";"01:04:00";"320";"Acidente s";"231.7";"BR-116/RJ";"Pista Norte";"Choque em barreira New Jersey";0;0;0;0;0;0;0;0;1;0;0;0;0;0;0
"29/05/2023";"01:19:00";"327";"Acidente s";"413";"BR-101/RJ";"Pista Norte";"Choque em objeto fixo";0;0;0;0;0;0;0;0;1;0;1;0;0;0;0
"29/05/2023";"01:30:00";"332";"Acidente s";"234.1";"BR-116/RJ";"Pista Sul";"Choque em barreira New Jersey";0;0;0;0;0;0;0;0;1;0;1;0;0;0;0
"29/05/2023";"01:56:00";"341";"Acidente c";"228.8";"BR-116/RJ";"Pista Norte";"Queda de ribanceira";0;0;0;0;0;0;0;0;1;0;0;1;0;0;0
"29/05/2023";"03:41:00";"396";"Acidente s";"223.5";"BR-116/SP";"Pista Norte";"Tombamento";1;0;0;0;0;0;0;0;0;0;0;0;0;0;0
"29/05/2023";"04:56:00";"428";"Acidente c";"279.33";"BR-116/RJ";"Pista Sul";"Abalroamento longitudinal";1;0;0;0;0;1;0;0;0;0;2;0;1;0;0
"29/05/2023";"06:26:00";"469";"Atropelame";"132.34";"BR-116/SP";"Pista Norte";"Atropelamento de pedestre caminhando";0;0;0;0;0;0;0;0;0;1;1;0;0;0;1
"29/05/2023";"07:38:00";"498";"Acidente c";"480";"BR-101/RJ";"Pista Sul";"Colisão frontal";0;2;0;0;0;0;0;0;0;0;0;0;2;0;0
"29/05/2023";"09:29:00";"532";"Acidente s";"105.8";"BR-116/SP";"Pista Norte";"Choque em barreira New Jersey";0;0;0;0;0;0;0;0;1;0;3;0;0;0;0
"30/05/2023";"02:44:00";"25";"Acidente s";"123.1";"BR-116/SP";"Pista Sul";"Colisão traseira";2;0;0;0;0;0;0;0;0;0;2;0;0;0;0
"30/05/2023";"02:59:00";"32";"Acidente c";"145.6";"BR-116/SP";"Pista Norte";"Colisão traseira";1;0;0;0;0;0;0;0;1;0;1;1;0;0;0
"30/05/2023";"06:01:00";"61";"Acidente s";"108.2";"BR-116/SP";"Pista Sul";"Abalroamento longitudinal";1;0;0;0;0;0;0;0;1;0;3;0;0;0;0
"30/05/2023";"07:28:00";"110";"Acidente c";"186";"BR-116/SP";"Pista Sul";"Abalroamento longitudinal";0;2;0;0;0;0;0;0;0;0;0;2;0;0;0
"30/05/2023";"07:47:00";"122";"Acidente s";"522";"BR-101/RJ";"Pista Norte";"Choque em objeto fixo";0;0;0;0;0;0;0;0;1;0;1;0;0;0;0
"30/05/2023";"08:01:00";"132";"Acidente s";"515";"BR-101/RJ";"Pista Norte";"Choque em objeto fixo";0;0;0;0;0;0;0;0;1;0;1;0;0;0;0
"30/05/2023";"08:09:00";"137";"Acidente c";"528";"BR-101/RJ";"Pista Norte";"Choque em barreira New Jersey";0;0;0;0;0;0;0;0;1;0;0;1;0;0;0
"30/05/2023";"08:11:00";"138";"Acidente c";"232.5";"BR-116/RJ";"Pista Norte";"Choque em objeto fixo";0;0;0;0;0;0;0;0;1;0;0;1;0;0;0
"30/05/2023";"08:27:00";"151";"Acidente s";"515";"BR-101/RJ";"Pista Norte";"Choque em veículo parado na pista";0;0;0;0;0;0;0;0;1;0;1;0;0;0;0
"30/05/2023";"11:31:00";"268";"Acidente s";"482";"BR-101/RJ";"Pista Norte";"Abalroamento longitudinal";0;0;0;0;0;0;0;0;2;0;2;0;0;0;0
"30/05/2023";"12:38:00";"306";"Atropelame";"6";"BR-116/SP";"Pista Sul";"Atropelamento de pedestre caminhando";0;0;0;0;0;0;0;0;0;1;0;1;0;0;0
"30/05/2023";"01:15:00";"322";"Acidente c";"250.4";"BR-116/RJ";"Pista Norte";"Choque em objeto fixo";0;0;0;0;0;0;0;0;1;0;0;2;1;0;0
"30/05/2023";"01:23:00";"325";"Atropelame";"273.4";"BR-116/RJ";"Pista Norte";"Atropelamento de pedestre caminhando";0;0;0;0;0;0;0;0;1;0;1;0;1;0;0
"30/05/2023";"02:00:00";"345";"Acidente s";"86.95";"BR-116/SP";"Pista Sul";"Colisão traseira";0;0;0;0;0;0;0;0;2;0;3;0;0;0;0
"30/05/2023";"02:31:00";"356";"Atropelame";"121";"BR-116/SP";"Pista Norte";"Atropelamento de pedestre caminhando";0;0;0;0;0;0;0;0;1;0;1;0;1;0;0
"30/05/2023";"03:25:00";"384";"Acidente s";"323";"BR-116/RJ";"Pista Sul";"Queda de ribanceira";0;0;0;0;0;0;0;0;1;0;1;0;0;0;0
"30/05/2023";"04:09:00";"400";"Acidente c";"201";"BR-116/SP";"Pista Norte";"Queda de moto";0;1;0;0;0;0;0;0;0;0;0;0;1;0;0
"30/05/2023";"06:14:00";"451";"Acidente s";"524";"BR-101/RJ";"Pista Norte";"Abalroamento longitudinal";1;0;0;0;0;0;0;0;1;0;7;0;0;0;0
"30/05/2023";"07:26:00";"487";"Acidente s";"142";"BR-116/SP";"Pista Norte";"Colisão traseira";0;0;0;0;0;0;0;0;2;0;2;0;0;0;0
"30/05/2023";"07:58:00";"497";"Acidente c";"231";"BR-116/SP";"Pista Sul";"Engavetamento";0;0;0;0;0;0;0;0;3;0;1;2;0;0;0
"30/05/2023";"08:52:00";"529";"Acidente s";"155.5";"BR-116/SP";"Pista Sul";"Colisão traseira";0;0;0;0;0;0;0;0;1;1;2;0;0;0;0
"31/05/2023";"12:29:00";"17";"Acidente s";"39.3";"BR-116/SP";"Pista Norte";"Tombamento";1;0;0;0;0;0;0;0;0;0;1;0;0;0;0
"31/05/2023";"01:09:00";"25";"Acidente s";"199";"BR-116/SP";"Pista Sul";"Colisão traseira";2;0;0;0;0;0;0;0;0;0;2;0;0;0;0
"31/05/2023";"04:51:00";"44";"Acidente c";"58.3";"BR-116/SP";"Pista Sul";"Choque em barreira New Jersey";0;0;0;0;0;0;0;0;1;0;0;1;0;0;0
"31/05/2023";"05:19:00";"48";"Acidente s";"206.6";"BR-116/SP";"Pista Sul";"Abalroamento longitudinal";0;0;0;0;0;0;0;0;1;1;1;0;0;0;0
"31/05/2023";"05:36:00";"52";"Acidente s";"202";"BR-116/SP";"Pista Norte";"Colisão traseira";0;0;0;0;0;0;0;0;2;0;0;0;0;0;0
"31/05/2023";"06:47:00";"75";"Acidente s";"126.8";"BR-116/SP";"Pista Norte";"Choque em barreira New Jersey";0;0;0;0;0;0;0;0;1;0;1;0;0;0;0
"31/05/2023";"06:55:00";"79";"Acidente s";"41.5";"BR-116/SP";"Pista Sul";"Choque em barreira New Jersey";0;0;0;0;0;0;0;0;1;0;1;0;0;0;0
"31/05/2023";"08:02:00";"110";"Acidente s";"65";"BR-116/SP";"Pista Sul";"Choque em barreira New Jersey";0;0;0;0;0;0;0;0;1;0;1;0;0;0;0
"31/05/2023";"08:38:00";"136";"Acidente c";"221";"BR-116/SP";"Pista Sul";"Queda de moto";0;1;0;0;0;0;0;0;0;0;0;1;0;0;0
"31/05/2023";"08:54:00";"145";"Acidente c";"155";"BR-116/SP";"Pista Norte";"Engavetamento";0;0;0;0;0;0;0;0;3;0;0;1;0;0;0
"31/05/2023";"09:31:00";"158";"Acidente c";"216";"BR-116/SP";"Pista Sul";"Abalroamento longitudinal";1;1;0;0;0;0;0;0;0;0;1;1;0;0;0
"31/05/2023";"10:04:00";"172";"Acidente c";"225.5";"BR-116/SP";"Pista Norte";"Abalroamento longitudinal";1;0;0;0;0;0;0;0;1;0;2;1;0;0;0
"31/05/2023";"10:09:00";"175";"Acidente s";"232";"BR-116/RJ";"Pista Norte";"Choque em objeto fixo";0;0;0;0;0;0;0;0;1;0;2;0;0;0;0
"31/05/2023";"11:05:00";"203";"Acidente s";"76.7";"BR-116/SP";"Pista Norte";"Choque em barreira New Jersey";1;0;0;0;0;0;0;0;0;0;2;0;0;0;0
"31/05/2023";"11:43:00";"220";"Acidente c";"443";"BR-101/RJ";"Pista Norte";"Queda de moto";0;1;0;0;0;0;0;0;0;0;0;1;0;0;0
"31/05/2023";"11:58:00";"224";"Acidente s";"38";"BR-116/SP";"Pista Sul";"Choque em objeto fixo";0;0;0;0;0;0;0;0;1;0;1;0;0;0;0
"31/05/2023";"12:21:00";"233";"Acidente s";"70.7";"BR-116/SP";"Pista Norte";"Choque em barreira New Jersey";0;0;0;0;0;0;0;0;1;0;1;0;0;0;0
"31/05/2023";"12:31:00";"236";"Acidente s";"86.95";"BR-116/SP";"Pista Norte";"Choque em objeto fixo";1;0;0;0;0;0;0;0;0;0;1;0;0;0;0
"31/05/2023";"12:43:00";"244";"Acidente s";"498.8";"BR-101/RJ";"Pista Norte";"Queda de ribanceira";0;0;0;0;0;0;0;0;1;0;1;0;0;0;0
"31/05/2023";"12:58:00";"248";"Acidente s";"70.7";"BR-116/SP";"Pista Norte";"Abalroamento longitudinal";1;0;0;0;0;0;0;0;1;0;2;0;0;0;0
"31/05/2023";"01:36:00";"257";"Acidente s";"496";"BR-101/RJ";"Pista Sul";"Choque em barreira New Jersey";0;0;0;1;0;0;0;0;0;0;1;0;0;0;0
"31/05/2023";"01:36:00";"258";"Acidente s";"222.5";"BR-116/SP";"Pista Norte";"Choque em defensa";1;0;0;0;0;0;0;0;0;0;0;0;0;0;0
"31/05/2023";"02:53:00";"284";"Acidente s";"226";"BR-116/SP";"Pista Norte";"Engavetamento";1;0;0;0;0;0;0;0;2;0;3;0;0;0;0
"31/05/2023";"04:25:00";"314";"Acidente s";"221";"BR-116/SP";"Pista Sul";"Engavetamento";2;0;0;0;0;0;0;0;1;0;0;0;0;0;0
"31/05/2023";"05:34:00";"347";"Acidente c";"148.3";"BR-116/SP";"Pista Norte";"Engavetamento";0;0;0;0;0;0;0;0;3;0;7;0;1;0;0
"31/05/2023";"06:07:00";"369";"Acidente c";"106.2";"BR-116/SP";"Pista Sul";"Engavetamento";0;0;0;0;0;0;0;0;3;0;7;2;1;0;0
"31/05/2023";"06:19:00";"379";"Acidente c";"506";"BR-101/RJ";"Pista Norte";"Colisão frontal";0;2;0;0;0;0;0;0;0;0;0;0;3;0;0
"31/05/2023";"07:05:00";"402";"Acidente s";"157.5";"BR-116/SP";"Pista Sul";"Colisão traseira";0;0;0;0;0;0;0;0;2;0;2;0;0;0;0
"31/05/2023";"07:10:00";"406";"Acidente s";"216";"BR-116/SP";"Pista Sul";"Engavetamento";3;0;0;0;0;0;0;0;1;0;8;0;0;0;0
"31/05/2023";"07:15:00";"410";"Acidente s";"274.5";"BR-116/SP";"Pista Sul";"Colisão traseira";6;0;0;0;0;0;0;0;0;0;14;0;0;0;0
"31/05/2023";"08:07:00";"433";"Acidente s";"387";"BR-101/RJ";"Pista Sul";"Colisão traseira";0;0;0;0;0;0;0;0;2;0;2;0;0;0;0
"31/05/2023";"09:53:00";"463";"Acidente s";"306";"BR-116/RJ";"Pista Sul";"Atropelamento de animal";0;0;0;0;0;0;0;0;1;0;1;0;0;0;0
"31/05/2023";"11:11:00";"479";"Acidente s";"331.5";"BR-116/RJ";"Pista Norte";"Colisão traseira";1;0;0;0;0;0;0;0;0;1;3;0;0;0;0
"01/06/2023";"01:52:00";"26";"Acidente s";"229";"BR-116/RJ";"Pista Norte";"Choque em defensa";1;0;0;0;0;0;0;0;0;0;1;0;0;0;0
"01/06/2023";"05:10:00";"43";"Acidente c";"255.65";"BR-116/RJ";"Pista Sul";"Choque em objeto fixo";1;0;0;0;0;0;0;0;0;0;0;1;0;0;1
"01/06/2023";"05:58:00";"51";"Acidente s";"156.7";"BR-116/SP";"Pista Norte";"Choque em objeto fixo";0;0;0;0;0;0;0;0;1;0;1;0;0;0;0
"01/06/2023";"07:21:00";"94";"Atropelame";"49.5";"BR-101/SP";"Pista Norte";"Atropelamento de pedestre atravessando";0;1;1;0;0;0;0;0;0;0;0;1;0;0;0
"01/06/2023";"08:00:00";"122";"Acidente s";"228.9";"BR-116/SP";"Pista Sul";"Engavetamento";0;0;0;0;0;0;1;0;2;0;4;0;0;0;0
"01/06/2023";"10:25:00";"227";"Acidente s";"214.1";"BR-116/SP";"Pista Sul";"Abalroamento longitudinal";1;0;0;0;0;0;0;0;1;0;4;0;0;0;0
"01/06/2023";"01:04:00";"304";"Acidente s";"48.5";"BR-116/SP";"Pista Norte";"Colisão traseira";1;0;0;0;0;0;0;0;0;1;2;0;0;0;0
"01/06/2023";"01:32:00";"318";"Acidente s";"221";"BR-116/SP";"Pista Norte";"Colisão traseira";1;0;0;0;0;0;0;0;1;0;2;0;0;0;0
"01/06/2023";"02:20:00";"339";"Acidente c";"204.5";"BR-116/SP";"Pista Norte";"Colisão traseira";1;0;0;0;0;0;1;0;1;0;4;1;0;0;0
"01/06/2023";"02:21:00";"342";"Acidente s";"483";"BR-101/RJ";"Pista Norte";"Colisão traseira";0;1;0;0;0;0;0;0;1;0;2;0;0;0;0
"01/06/2023";"04:40:00";"399";"Acidente c";"504";"BR-101/RJ";"Pista Sul";"Colisão traseira";0;1;0;1;0;0;0;0;0;0;0;1;0;1;0
"01/06/2023";"06:45:00";"476";"Acidente s";"66.4";"BR-116/SP";"Pista Norte";"Choque em objeto fixo";0;0;0;0;0;0;0;0;1;0;0;0;0;0;0
"01/06/2023";"06:48:00";"478";"Acidente s";"215";"BR-116/SP";"Pista Sul";"Abalroamento longitudinal";1;0;0;0;0;0;0;0;1;0;2;0;0;0;0
"01/06/2023";"06:57:00";"483";"Acidente c";"208.5";"BR-116/SP";"Pista Norte";"Abalroamento longitudinal";0;1;0;0;0;0;0;0;0;0;0;2;0;0;0
"01/06/2023";"07:16:00";"501";"Acidente s";"23";"BR-101/SP";"Pista Norte";"Choque em objeto fixo";0;0;0;0;0;0;0;0;1;0;0;0;0;0;0
"01/06/2023";"07:47:00";"514";"Acidente s";"209.5";"BR-116/SP";"Pista Norte";"Colisão traseira";0;0;0;0;0;0;0;0;2;0;2;0;0;0;0
"01/06/2023";"08:52:00";"546";"Acidente s";"210.8";"BR-116/SP";"Pista Norte";"Colisão traseira";0;0;0;0;0;0;0;0;1;1;3;0;0;0;0
"02/06/2023";"01:49:00";"40";"Acidente c";"190.3";"BR-116/SP";"Pista Sul";"Colisão traseira";1;0;0;0;0;0;0;0;1;0;1;1;0;0;0
"02/06/2023";"02:28:00";"47";"Acidente s";"20.8";"BR-116/SP";"Pista Sul";"Abalroamento longitudinal";1;0;0;1;0;0;0;0;0;0;34;0;0;0;0
"02/06/2023";"05:31:00";"74";"Acidente c";"292";"BR-116/RJ";"Pista Norte";"Choque em defensa";0;0;0;0;0;0;0;0;1;0;0;1;0;0;0
"02/06/2023";"06:42:00";"98";"Acidente s";"528";"BR-101/RJ";"Pista Sul";"Capotamento";0;0;0;0;0;1;0;0;0;0;1;0;0;0;0
"02/06/2023";"08:06:00";"135";"Acidente c";"223";"BR-116/SP";"Pista Norte";"Abalroamento longitudinal";0;1;0;0;0;0;0;0;1;0;2;1;0;0;0
"02/06/2023";"10:15:00";"231";"Acidente s";"118.6";"BR-116/SP";"Pista Norte";"Engavetamento";0;0;0;0;0;0;0;0;1;2;0;0;0;0;0
"02/06/2023";"11:25:00";"268";"Acidente s";"325";"BR-116/RJ";"Pista Sul";"Abalroamento longitudinal";1;0;0;0;0;0;0;0;1;0;5;0;0;0;0
"02/06/2023";"11:56:00";"286";"Acidente s";"585";"BR-101/RJ";"Pista Norte";"Tombamento";1;0;0;0;0;0;0;0;0;0;1;0;0;0;0