data;horario;n_da_ocorrencia;tipo_de_ocorrencia;km;trecho;sentido;tipo_de_acidente;automovel;bicicleta;caminhao;moto;onibus;outros;tracao_animal;transporte_de_cargas_especiais;trator_maquinas;utilitarios;ilesos;levemente_feridos;moderadamente_feridos;gravemente_feridos;mortos
"20/06/2023";"07:52:00";"111";"Acidente s";"284";"BR-116/RJ";"Pista Norte";"Colisão traseira";0;0;0;0;0;0;0;0;2;0;0;0;0;0;0
"20/06/2023";"07:52:00";"110";"Acidente c";"232.1";"BR-116/RJ";"Pista Norte";"Tombamento";1;0;0;0;0;0;0;0;0;0;0;0;1;0;0
"20/06/2023";"08:21:00";"121";"Acidente c";"164.6";"BR-116/SP";"Pista Norte";"Queda de ribanceira";1;0;0;0;0;0;0;0;0;0;0;0;0;1;0
"20/06/2023";"01:52:00";"291";"Acidente c";"165.1";"BR-116/SP";"Pista Sul";"Queda de moto";0;1;0;0;0;0;0;0;0;0;0;0;1;0;0
"20/06/2023";"02:46:00";"312";"Acidente s";"489";"BR-101/RJ";"Pista Norte";"Abalroamento longitudinal";1;0;0;0;0;0;0;0;1;0;4;0;0;0;0
"20/06/2023";"02:59:00";"315";"Acidente s";"47.8";"BR-116/SP";"Pista Sul";"Choque em barreira New Jersey";1;0;0;0;0;0;0;0;0;0;1;0;0;0;0
"20/06/2023";"04:04:00";"345";"Acidente c";"279.7";"BR-116/RJ";"Pista Sul";"Abalroamento longitudinal";1;0;0;0;0;0;0;0;1;0;4;0;1;0;0
"20/06/2023";"05:23:00";"377";"Acidente c";"486";"BR-101/RJ";"Pista Sul";"Colisão traseira";0;0;0;0;0;0;0;0;2;0;2;1;0;0;0
"20/06/2023";"05:25:00";"379";"Acidente c";"250.3";"BR-116/RJ";"Pista Norte";"Colisão traseira";1;0;0;0;0;0;0;0;1;0;1;1;0;0;0
"20/06/2023";"05:31:00";"381";"Acidente c";"390";"BR-101/RJ";"Pista Norte";"Capotamento";0;0;0;0;0;0;0;0;1;0;1;1;0;0;0
"20/06/2023";"05:37:00";"385";"Acidente s";"250.5";"BR-116/RJ";"Pista Norte";"Engavetamento";0;0;0;0;0;0;0;0;3;0;3;0;0;0;0
"20/06/2023";"05:56:00";"397";"Acidente c";"204.5";"BR-116/SP";"Pista Sul";"Queda de moto";0;1;0;0;0;0;0;0;0;0;0;1;0;0;0
"20/06/2023";"06:06:00";"405";"Acidente s";"136.1";"BR-116/SP";"Pista Sul";"Colisão traseira";0;0;0;0;0;0;0;0;2;0;3;0;0;0;0
"20/06/2023";"06:17:00";"410";"Acidente s";"143.7";"BR-116/SP";"Pista Sul";"Atropelamento de animal";1;0;0;0;0;0;0;0;0;0;1;0;0;0;0
"20/06/2023";"06:55:00";"425";"Acidente s";"446";"BR-101/RJ";"Pista Sul";"Colisão traseira";1;0;0;0;0;1;0;0;0;0;2;0;0;0;0
"20/06/2023";"07:03:00";"428";"Acidente s";"164.6";"BR-116/SP";"Pista Norte";"Abalroamento longitudinal";0;0;0;0;0;0;0;0;1;1;2;0;0;0;0
"20/06/2023";"09:58:00";"511";"Acidente c";"215";"BR-116/SP";"Pista Sul";"Colisão traseira";0;0;0;0;0;0;0;0;2;0;0;3;0;0;0
"20/06/2023";"10:03:00";"513";"Acidente s";"86.95";"BR-116/SP";"Pista Norte";"Colisão traseira";0;0;0;0;0;0;0;0;2;0;4;0;0;0;0
"20/06/2023";"11:32:00";"533";"Acidente s";"461.7";"BR-101/RJ";"Pista Sul";"Choque em objeto fixo";0;0;0;0;0;0;0;0;1;0;1;0;0;0;0
"21/06/2023";"07:31:00";"121";"Acidente c";"144.75";"BR-116/SP";"Pista Norte";"Engavetamento";0;0;0;0;1;0;0;0;2;0;3;1;0;0;0
"21/06/2023";"07:56:00";"131";"Acidente s";"147.85";"BR-116/SP";"Pista Norte";"Colisão traseira";0;0;0;0;0;0;0;0;1;1;3;0;0;0;0
"21/06/2023";"12:48:00";"309";"Acidente c";"428";"BR-101/RJ";"Pista Sul";"Abalroamento transversal";0;0;0;0;0;0;0;0;2;0;0;2;0;0;0
"21/06/2023";"02:00:00";"346";"Acidente c";"222";"BR-116/RJ";"Pista Norte";"Choque em barreira New Jersey";0;0;0;0;0;0;0;0;1;0;0;2;0;0;0
"21/06/2023";"02:33:00";"364";"Acidente c";"222";"BR-116/RJ";"Pista Norte";"Engavetamento";5;0;0;0;0;0;0;0;4;0;12;3;1;0;0
"21/06/2023";"02:37:00";"365";"Acidente s";"230";"BR-116/RJ";"Pista Norte";"Choque em barreira New Jersey";1;0;0;0;0;0;0;0;0;0;0;0;0;0;0
"21/06/2023";"02:48:00";"368";"Acidente s";"229.3";"BR-116/RJ";"Pista Norte";"Choque em barreira New Jersey";1;0;0;0;0;0;0;0;0;0;1;0;0;0;0
"21/06/2023";"05:08:00";"426";"Acidente s";"279";"BR-116/RJ";"Pista Sul";"Choque Talude";1;0;0;0;0;0;0;0;1;0;3;0;0;0;0
"21/06/2023";"07:35:00";"509";"Acidente s";"98.8";"BR-116/SP";"Pista Sul";"Choque em objeto fixo";0;0;0;0;0;0;0;0;1;0;0;0;0;0;0
"21/06/2023";"08:04:00";"518";"Acidente c";"116.6";"BR-116/SP";"Pista Norte";"Engavetamento";0;0;0;0;0;0;0;0;3;0;0;0;2;0;0
"21/06/2023";"09:12:00";"535";"Acidente c";"515";"BR-101/RJ";"Pista Sul";"Colisão traseira";0;1;0;1;0;0;0;0;0;0;0;0;1;0;0
"21/06/2023";"09:36:00";"543";"Acidente s";"219.1";"BR-116/SP";"Pista Norte";"Choque em defensa";0;0;0;0;0;0;0;0;1;0;3;0;0;0;0
"21/06/2023";"09:39:00";"545";"Acidente c";"217.2";"BR-116/SP";"Pista Sul";"Choque em barreira New Jersey";0;0;0;0;0;0;0;0;1;0;0;2;0;0;0
"21/06/2023";"09:56:00";"551";"Acidente c";"310.45";"BR-116/RJ";"Pista Sul";"Queda de moto";0;1;0;0;0;0;0;0;0;0;1;0;1;0;0
"21/06/2023";"10:09:00";"558";"Acidente c";"428.5";"BR-101/RJ";"Pista Norte";"Queda de ribanceira";1;0;0;0;0;0;0;0;0;0;0;0;1;0;0
"21/06/2023";"10:22:00";"560";"Acidente s";"150.6";"BR-116/SP";"Pista Norte";"Abalroamento longitudinal";2;0;0;0;0;0;0;0;0;0;3;0;0;0;0
"21/06/2023";"11:00:00";"570";"Acidente c";"79.8";"BR-116/SP";"Pista Norte";"Queda de moto";0;1;0;0;0;0;0;0;0;0;1;1;0;0;0
"21/06/2023";"11:20:00";"574";"Atropelame";"52.25";"BR-116/SP";"Pista Sul";"Atropelamento de pedestre atravessando";0;0;0;1;0;0;0;0;1;0;1;0;0;1;0
"22/06/2023";"12:32:00";"23";"Acidente c";"50.2";"BR-101/SP";"Pista Norte";"Colisão frontal";0;1;0;0;0;0;0;0;1;0;1;0;1;0;0
"22/06/2023";"06:09:00";"80";"Acidente c";"219.2";"BR-116/SP";"Pista Norte";"Queda de moto";0;1;0;0;0;0;0;0;0;1;0;1;0;0;0
"22/06/2023";"07:24:00";"117";"Acidente s";"212";"BR-116/SP";"Pista Sul";"Colisão traseira";0;1;0;0;0;0;0;0;1;0;3;0;0;0;0
"22/06/2023";"08:33:00";"158";"Acidente s";"222.7";"BR-116/SP";"Pista Sul";"Abalroamento longitudinal";0;0;0;0;0;0;0;0;2;0;4;0;0;0;0
"22/06/2023";"09:32:00";"202";"Acidente s";"278";"BR-116/RJ";"Pista Norte";"Abalroamento longitudinal";0;0;0;0;0;0;1;0;0;2;3;0;0;0;0
"22/06/2023";"11:23:00";"256";"Acidente s";"311";"BR-116/RJ";"Pista Sul";"Abalroamento longitudinal";0;0;0;0;0;0;0;0;2;0;3;0;0;0;0
"22/06/2023";"11:44:00";"261";"Acidente s";"124.1";"BR-116/SP";"Pista Norte";"Colisão traseira";0;0;0;0;0;0;0;0;1;1;2;0;0;0;0
"22/06/2023";"12:50:00";"293";"Acidente c";"266.8";"BR-116/RJ";"Pista Sul";"Colisão traseira";0;0;0;0;0;0;0;0;2;0;4;1;0;0;0
"22/06/2023";"01:21:00";"305";"Acidente s";"206";"BR-116/SP";"Pista Sul";"Colisão traseira";1;0;0;0;0;0;0;0;1;0;3;0;0;0;0
"22/06/2023";"02:10:00";"327";"Acidente s";"34";"BR-116/SP";"Pista Norte";"Choque em objeto fixo";1;0;0;0;0;0;0;0;0;0;1;0;0;0;0
"22/06/2023";"03:13:00";"363";"Atropelame";"207.95";"BR-116/SP";"Pista Sul";"Atropelamento de pedestre atravessando";0;0;1;0;0;0;1;0;0;0;1;0;1;0;0
"22/06/2023";"03:51:00";"378";"Acidente s";"230";"BR-116/SP";"Pista Norte";"Colisão traseira";0;0;0;0;0;0;0;0;1;1;1;0;0;0;0
"22/06/2023";"04:41:00";"406";"Acidente c";"156.3";"BR-116/SP";"Pista Norte";"Colisão traseira";0;1;0;0;0;0;0;0;1;0;2;0;2;0;0
"22/06/2023";"05:21:00";"432";"Acidente c";"224";"BR-116/SP";"Pista Norte";"Choque em defensa";0;0;0;0;0;0;0;0;1;0;0;1;0;0;0
"22/06/2023";"05:43:00";"448";"Acidente s";"41";"BR-101/SP";"Pista Norte";"Queda de ribanceira";0;0;0;0;0;0;0;0;1;0;1;0;0;0;0
"22/06/2023";"06:11:00";"464";"Acidente s";"230.2";"BR-116/SP";"Pista Norte";"Colisão traseira";0;0;0;0;0;0;0;0;2;0;2;0;0;0;0
"22/06/2023";"07:34:00";"504";"Acidente c";"147.2";"BR-116/SP";"Pista Norte";"Colisão traseira";0;1;0;0;0;0;0;0;1;0;1;0;0;1;0
"23/06/2023";"05:53:00";"60";"Acidente c";"263.6";"BR-116/RJ";"Pista Sul";"Colisão traseira";2;0;0;0;0;0;0;0;0;0;1;1;0;0;0
"23/06/2023";"06:22:00";"71";"Acidente c";"205.1";"BR-116/SP";"Pista Norte";"Choque em veículo parado na pista";2;0;0;0;0;0;0;0;1;0;1;0;3;0;0
"23/06/2023";"08:12:00";"136";"Acidente c";"218.5";"BR-116/SP";"Pista Norte";"Abalroamento longitudinal";0;0;0;0;0;0;0;0;1;2;0;2;0;0;0
"23/06/2023";"09:46:00";"188";"Acidente s";"269";"BR-116/RJ";"Pista Sul";"Choque em barreira New Jersey";1;0;0;0;0;0;0;0;0;0;2;0;0;0;0
"23/06/2023";"02:48:00";"329";"Acidente s";"124";"BR-116/SP";"Pista Norte";"Colisão traseira";0;0;0;0;0;0;0;0;2;0;5;0;0;0;0
"23/06/2023";"02:56:00";"332";"Acidente c";"70.7";"BR-116/SP";"Pista Norte";"Outros";1;0;0;0;0;0;0;0;0;0;1;0;0;1;0
"23/06/2023";"03:52:00";"373";"Acidente s";"215.8";"BR-116/SP";"Pista Norte";"Colisão traseira";0;1;0;0;0;0;0;0;1;0;2;0;0;0;0
"23/06/2023";"05:09:00";"404";"Acidente c";"219";"BR-116/SP";"Pista Sul";"Abalroamento longitudinal";0;1;0;0;0;0;0;0;1;0;1;1;1;0;0
"23/06/2023";"05:43:00";"434";"Acidente s";"303";"BR-116/RJ";"Pista Sul";"Engavetamento";1;0;0;0;0;0;0;0;2;0;3;0;0;0;0
"23/06/2023";"08:55:00";"538";"Acidente c";"226.15";"BR-116/SP";"Pista Norte";"Queda de moto";0;1;0;0;0;0;0;0;0;0;1;1;0;0;0
"24/06/2023";"12:14:00";"14";"Acidente s";"224";"BR-116/SP";"Pista Norte";"Engavetamento";0;0;0;0;0;0;0;0;2;1;3;0;0;0;0
"24/06/2023";"12:45:00";"21";"Acidente c";"98";"BR-116/SP";"Pista Norte";"Colisão traseira";0;1;0;0;0;0;0;0;1;0;1;0;0;1;0
"24/06/2023";"01:22:00";"28";"Acidente s";"224.01";"BR-116/SP";"Pista Sul";"Choque em defensa";0;0;0;0;0;0;0;0;1;0;1;0;0;0;0
"24/06/2023";"03:40:00";"44";"Acidente s";"145.7";"BR-116/SP";"Pista Sul";"Engavetamento";1;0;0;0;0;0;0;0;2;0;5;0;0;0;0
"24/06/2023";"06:03:00";"64";"Acidente s";"130";"BR-116/SP";"Pista Norte";"Colisão traseira";0;0;0;0;0;0;0;0;2;0;2;0;0;0;0
"24/06/2023";"06:20:00";"68";"Acidente c";"229.1";"BR-116/SP";"Pista Norte";"Queda de moto";0;1;0;0;0;0;0;0;0;1;1;1;0;0;0
"24/06/2023";"06:36:00";"71";"Acidente c";"221.9";"BR-116/RJ";"Pista Sul";"Queda de moto";0;1;0;0;0;0;0;0;0;0;0;0;1;0;0
"24/06/2023";"08:56:00";"146";"Acidente s";"27";"BR-116/SP";"Pista Sul";"Outros";0;0;0;0;0;0;0;0;0;0;1;0;0;0;0
"24/06/2023";"09:38:00";"174";"Acidente s";"228.2";"BR-116/RJ";"Pista Norte";"Tombamento";1;0;0;0;0;0;0;0;0;0;1;0;0;0;0
"24/06/2023";"09:58:00";"184";"Acidente s";"146.5";"BR-116/SP";"Pista Sul";"Colisão traseira";0;0;0;0;0;0;0;0;1;1;4;0;0;0;0
"24/06/2023";"11:44:00";"230";"Acidente s";"99";"BR-116/SP";"Pista Norte";"Queda de moto";0;1;0;0;0;0;0;0;0;0;0;0;0;0;0
"24/06/2023";"12:24:00";"251";"Acidente c";"216.5";"BR-116/SP";"Pista Norte";"Abalroamento longitudinal";0;1;0;0;0;0;0;0;1;0;1;2;0;0;0
"24/06/2023";"12:49:00";"268";"Acidente s";"217.2";"BR-116/SP";"Pista Norte";"Colisão traseira";0;0;0;0;0;0;0;0;2;0;5;0;0;0;0
"24/06/2023";"02:45:00";"313";"Acidente s";"245";"BR-116/RJ";"Pista Norte";"Engavetamento";0;0;0;0;0;0;0;0;3;0;4;0;0;0;0
"24/06/2023";"03:05:00";"324";"Acidente c";"101";"BR-116/SP";"Pista Norte";"Queda de moto";0;1;0;0;0;0;0;0;0;0;0;1;0;0;0
"24/06/2023";"04:12:00";"351";"Acidente s";"211";"BR-116/SP";"Pista Norte";"Engavetamento";0;0;0;0;0;0;0;0;4;1;7;0;0;0;0
"24/06/2023";"06:54:00";"408";"Acidente s";"147.5";"BR-116/SP";"Pista Norte";"Colisão traseira";0;0;0;0;0;0;0;0;2;0;2;0;0;0;0
"24/06/2023";"07:09:00";"420";"Acidente s";"148.05";"BR-116/SP";"Pista Norte";"Colisão traseira";0;0;0;0;0;0;0;0;2;0;3;0;0;0;0
"24/06/2023";"07:18:00";"422";"Acidente s";"148.05";"BR-116/SP";"Pista Norte";"Colisão traseira";0;0;0;0;0;0;0;0;2;0;6;0;0;0;0
"24/06/2023";"07:46:00";"429";"Acidente s";"148.1";"BR-116/SP";"Pista Norte";"Colisão traseira";0;0;0;0;0;0;0;0;2;0;2;0;0;0;0
"24/06/2023";"08:22:00";"450";"Acidente c";"228";"BR-116/SP";"Pista Norte";"Queda de moto";0;1;0;0;0;0;0;0;0;0;0;0;0;1;0
"24/06/2023";"08:34:00";"454";"Atropelame";"70.5";"BR-116/SP";"Pista Norte";"Atropelamento de pedestre atravessando";0;0;0;0;0;0;0;0;1;0;0;0;0;0;1
"24/06/2023";"10:35:00";"487";"Acidente s";"229.9";"BR-116/SP";"Pista Sul";"Abalroamento longitudinal";0;0;0;0;0;0;0;0;1;1;2;0;0;0;0
"24/06/2023";"11:28:00";"494";"Acidente s";"404.4";"BR-101/RJ";"Pista Norte";"Capotamento";0;0;0;0;0;0;0;0;1;0;1;0;0;0;0
"25/06/2023";"03:01:00";"44";"Acidente c";"211.7";"BR-116/SP";"Pista Sul";"Colisão traseira";0;0;0;0;0;0;0;0;1;1;1;2;0;0;0
"25/06/2023";"03:10:00";"45";"Atropelame";"140.5";"BR-116/SP";"Pista Norte";"Atropelamento de pedestre atravessando";0;0;0;0;0;0;0;0;0;1;1;0;0;1;0
"25/06/2023";"04:24:00";"53";"Acidente c";"217.3";"BR-116/SP";"Pista Sul";"Colisão traseira";0;1;0;0;0;0;0;0;1;0;1;0;0;0;1
"25/06/2023";"04:39:00";"57";"Acidente c";"149.7";"BR-116/SP";"Pista Sul";"Colisão traseira";0;0;0;0;0;0;0;0;1;1;4;1;0;0;0
"25/06/2023";"04:49:00";"58";"Acidente c";"217.9";"BR-116/SP";"Pista Sul";"Colisão traseira";0;0;0;0;0;0;0;0;2;0;2;0;1;0;0
"25/06/2023";"05:13:00";"63";"Acidente c";"41";"BR-101/SP";"Pista Norte";"Queda de moto";0;1;0;0;0;0;0;0;0;0;0;1;0;0;0
"25/06/2023";"05:34:00";"67";"Acidente s";"202";"BR-116/SP";"Pista Norte";"Colisão traseira";0;0;0;1;0;0;0;0;1;0;25;0;0;0;0
"25/06/2023";"05:35:00";"68";"Acidente s";"119.5";"BR-116/SP";"Pista Norte";"Colisão traseira";1;0;0;0;0;0;0;0;1;0;2;0;0;0;0
"25/06/2023";"05:41:00";"69";"Acidente c";"96";"BR-116/SP";"Pista Norte";"Colisão traseira";1;0;0;0;0;0;0;0;1;0;2;0;1;0;0
"25/06/2023";"06:40:00";"79";"Atropelame";"215.8";"BR-116/SP";"Pista Norte";"Atropelamento de pedestre caminhando";0;0;0;0;0;0;0;0;0;1;1;2;0;0;0
"25/06/2023";"06:50:00";"84";"Acidente s";"222.1";"BR-116/SP";"Pista Norte";"Colisão traseira";0;0;0;0;0;0;0;0;2;0;2;0;0;0;0
"25/06/2023";"07:10:00";"95";"Acidente c";"156.55";"BR-116/SP";"Pista Norte";"Queda de moto";0;1;0;0;0;0;0;0;0;0;0;0;2;0;0
"25/06/2023";"07:42:00";"112";"Acidente c";"257.8";"BR-116/RJ";"Pista Sul";"Choque em objeto fixo";0;0;0;0;0;0;0;0;1;0;0;0;1;0;0
"25/06/2023";"08:32:00";"129";"Acidente c";"223";"BR-116/RJ";"Pista Sul";"Abalroamento longitudinal";0;1;0;0;0;0;1;0;0;0;2;1;1;0;0
"25/06/2023";"11:27:00";"201";"Acidente s";"55.5";"BR-116/SP";"Pista Sul";"Colisão traseira";1;0;0;0;0;0;0;0;1;0;3;0;0;0;0
"25/06/2023";"03:21:00";"289";"Acidente s";"234.9";"BR-116/RJ";"Pista Norte";"Colisão traseira";0;0;0;0;0;0;0;0;1;1;2;0;0;0;0
"25/06/2023";"04:12:00";"311";"Acidente c";"100.3";"BR-116/SP";"Pista Sul";"Colisão traseira";0;1;0;0;0;0;0;0;1;0;0;0;2;0;0
"25/06/2023";"05:08:00";"341";"Acidente c";"154.6";"BR-116/SP";"Pista Sul";"Engavetamento";0;0;0;1;0;0;0;0;2;0;41;1;0;0;0
"25/06/2023";"05:44:00";"358";"Acidente s";"225.8";"BR-116/RJ";"Pista Norte";"Colisão traseira";0;0;0;0;0;0;0;0;2;0;7;0;0;0;0
"25/06/2023";"05:52:00";"365";"Acidente s";"216";"BR-116/RJ";"Pista Norte";"Engavetamento";0;0;0;0;0;0;0;0;3;0;11;0;0;0;0
"25/06/2023";"07:07:00";"401";"Acidente c";"208.5";"BR-116/SP";"Pista Sul";"Abalroamento longitudinal";0;1;0;0;0;0;0;0;0;1;1;1;1;0;0
"25/06/2023";"09:13:00";"447";"Acidente c";"117";"BR-116/SP";"Pista Norte";"Choque em defensa";0;1;0;0;0;0;0;0;0;0;0;0;0;1;0
"25/06/2023";"11:48:00";"490";"Acidente c";"508";"BR-101/RJ";"Pista Sul";"Abalroamento longitudinal";0;0;0;0;0;0;0;0;2;0;0;1;0;0;0
"26/06/2023";"12:01:00";"13";"Acidente c";"157.25";"BR-116/SP";"Pista Norte";"Queda de moto";0;1;0;0;0;0;0;0;0;0;0;0;0;1;0
"26/06/2023";"06:25:00";"69";"Acidente s";"232.35";"BR-116/RJ";"Pista Norte";"Colisão traseira";1;0;0;0;0;0;0;0;1;0;4;0;0;0;0
"26/06/2023";"08:31:00";"151";"Acidente s";"133.2";"BR-116/SP";"Pista Sul";"Colisão traseira";0;0;0;0;0;0;1;0;1;0;4;0;0;0;0
"26/06/2023";"09:05:00";"177";"Acidente c";"255";"BR-116/RJ";"Pista Sul";"Capotamento";0;0;0;0;0;0;0;0;1;0;0;0;1;0;0
"26/06/2023";"10:11:00";"223";"Acidente s";"221";"BR-116/SP";"Pista Norte";"Abalroamento longitudinal";0;1;0;0;0;0;0;0;1;0;2;0;0;0;0
"26/06/2023";"10:57:00";"250";"Acidente c";"230";"BR-116/SP";"Pista Sul";"Queda de moto";0;1;0;0;0;0;0;0;0;0;1;1;0;0;0
"26/06/2023";"11:34:00";"271";"Acidente s";"148.3";"BR-116/SP";"Pista Norte";"Choque em objeto na pista";0;0;0;0;0;0;0;0;1;0;1;0;0;0;0
"26/06/2023";"11:47:00";"275";"Acidente s";"212";"BR-116/SP";"Pista Norte";"Engavetamento";0;0;0;0;0;1;0;0;2;0;7;0;0;0;0
"26/06/2023";"01:34:00";"321";"Acidente s";"270.15";"BR-116/RJ";"Pista Norte";"Capotamento";0;0;0;0;0;0;1;0;0;0;2;0;0;0;0
"26/06/2023";"01:59:00";"337";"Acidente s";"140.5";"BR-116/SP";"Pista Sul";"Engavetamento";0;0;0;0;0;0;0;0;3;0;8;0;0;0;0
"26/06/2023";"04:06:00";"407";"Acidente c";"222.4";"BR-116/SP";"Pista Norte";"Colisão traseira";0;1;0;0;0;0;0;0;0;1;1;1;0;0;0
"26/06/2023";"04:22:00";"417";"Acidente s";"172.45";"BR-116/SP";"Pista Sul";"Abalroamento longitudinal";1;0;0;0;0;0;0;0;1;0;2;0;0;0;0
"26/06/2023";"05:11:00";"440";"Acidente c";"201.2";"BR-116/SP";"Pista Sul";"Capotamento";0;0;0;0;0;0;1;0;0;0;0;1;0;0;0
"26/06/2023";"06:12:00";"466";"Acidente s";"80";"BR-116/SP";"Pista Sul";"Colisão traseira";1;0;0;0;0;0;0;0;1;0;0;0;0;0;0
"26/06/2023";"11:50:00";"579";"Acidente s";"20.5";"BR-116/SP";"Pista Sul";"Choque em defensa";1;0;0;0;0;0;0;0;0;0;0;0;0;0;0
"27/06/2023";"03:40:00";"46";"Acidente s";"67.75";"BR-116/SP";"Pista Sul";"Choque em barreira New Jersey";0;0;0;0;0;1;0;0;0;0;0;0;0;0;0
"27/06/2023";"06:59:00";"86";"Acidente s";"382";"BR-101/RJ";"Pista Sul";"Abalroamento longitudinal";0;0;0;0;0;0;0;0;2;0;2;0;0;0;0
"27/06/2023";"07:28:00";"103";"Acidente c";"266.1";"BR-116/RJ";"Pista Norte";"Colisão traseira";0;2;0;0;0;0;0;0;0;0;0;1;0;0;1
"27/06/2023";"07:29:00";"104";"Acidente c";"201";"BR-116/SP";"Pista Norte";"Queda de moto";0;1;0;0;0;0;0;0;0;1;0;1;0;0;0
"27/06/2023";"08:11:00";"117";"Acidente s";"108";"BR-116/SP";"Pista Sul";"Engavetamento";0;0;0;0;0;0;0;0;4;0;4;0;0;0;0
"27/06/2023";"08:12:00";"118";"Acidente s";"130.6";"BR-116/SP";"Pista Norte";"Tombamento";0;0;0;0;0;0;1;0;0;0;1;0;0;0;0
"27/06/2023";"08:17:00";"121";"Acidente c";"139";"BR-116/SP";"Pista Sul";"Colisão traseira";0;1;0;0;0;0;0;0;1;0;1;0;2;0;0
"27/06/2023";"08:33:00";"130";"Acidente s";"112.5";"BR-116/SP";"Pista Norte";"Colisão traseira";0;0;0;0;0;0;0;0;2;0;2;0;0;0;0
"27/06/2023";"09:22:00";"159";"Acidente c";"425";"BR-101/RJ";"Pista Sul";"Tombamento";1;0;0;0;0;0;0;0;0;0;2;0;1;0;0
"27/06/2023";"12:04:00";"227";"Acidente s";"229.2";"BR-116/RJ";"Pista Norte";"Abalroamento longitudinal";1;0;0;0;0;0;0;0;1;0;2;0;0;0;0
"27/06/2023";"12:51:00";"243";"Acidente s";"150";"BR-116/SP";"Pista Norte";"Colisão traseira";0;0;0;0;0;0;0;0;1;1;1;0;0;0;0
"27/06/2023";"01:50:00";"265";"Acidente s";"146.2";"BR-116/SP";"Pista Norte";"Colisão traseira";1;0;0;0;0;0;0;0;1;0;3;0;0;0;0
"27/06/2023";"03:52:00";"314";"Acidente s";"113";"BR-116/SP";"Pista Norte";"Engavetamento";2;0;0;0;0;0;0;0;1;0;3;0;0;0;0
"27/06/2023";"04:39:00";"335";"Acidente s";"151";"BR-116/SP";"Pista Norte";"Engavetamento";1;0;0;0;0;0;0;0;1;1;3;0;0;0;0
"27/06/2023";"05:24:00";"360";"Acidente c";"279.7";"BR-116/RJ";"Pista Sul";"Choque em barreira New Jersey";1;0;0;0;0;0;0;0;1;0;1;0;2;0;0
"27/06/2023";"05:31:00";"362";"Acidente s";"134.9";"BR-116/SP";"Pista Norte";"Engavetamento";0;0;0;0;0;0;0;0;3;0;3;0;0;0;0
"27/06/2023";"06:14:00";"386";"Acidente s";"138";"BR-116/SP";"Pista Sul";"Colisão traseira";0;0;0;0;0;0;0;0;2;0;9;0;0;0;0
"27/06/2023";"06:55:00";"408";"Acidente s";"274";"BR-116/RJ";"Pista Norte";"Abalroamento longitudinal";0;0;0;0;0;0;1;0;1;0;2;0;0;0;0
"27/06/2023";"06:57:00";"409";"Acidente c";"221.5";"BR-116/SP";"Pista Sul";"Colisão traseira";0;2;0;0;0;0;0;0;0;0;1;1;0;0;0
"27/06/2023";"08:54:00";"448";"Acidente s";"69.4";"BR-116/SP";"Pista Norte";"Abalroamento longitudinal";1;0;0;0;0;0;0;0;1;0;2;0;0;0;0
"27/06/2023";"10:14:00";"482";"Acidente c";"56.95";"BR-116/SP";"Pista Norte";"Colisão traseira";2;0;0;0;0;0;0;0;0;0;0;2;0;0;0
"28/06/2023";"12:47:00";"22";"Acidente s";"99";"BR-116/SP";"Pista Sul";"Choque em objeto fixo";0;0;0;0;0;0;0;0;1;0;2;0;0;0;0
"28/06/2023";"02:49:00";"48";"Acidente s";"478";"BR-101/RJ";"Pista Sul";"Choque em objeto fixo";0;0;0;0;0;0;0;0;1;0;1;0;0;0;0
"28/06/2023";"02:57:00";"51";"Acidente s";"272";"BR-116/RJ";"Pista Norte";"Abalroamento longitudinal";2;0;0;0;0;0;0;0;0;0;2;0;0;0;0
"28/06/2023";"07:25:00";"131";"Acidente c";"389";"BR-101/RJ";"Pista Norte";"Abalroamento longitudinal";0;1;0;0;0;0;0;0;1;0;1;1;0;0;0
"28/06/2023";"07:25:00";"133";"Acidente s";"158.45";"BR-116/SP";"Pista Norte";"Choque em barreira New Jersey";1;0;0;0;0;0;0;0;0;0;1;0;0;0;0
"28/06/2023";"07:32:00";"135";"Acidente s";"213.1";"BR-116/SP";"Pista Sul";"Colisão traseira";0;0;0;0;0;0;0;0;1;2;2;0;0;0;0
"28/06/2023";"07:55:00";"147";"Acidente c";"25";"BR-101/SP";"Pista Norte";"Abalroamento longitudinal";0;1;0;0;0;0;0;0;0;1;0;1;0;0;0
"28/06/2023";"08:40:00";"166";"Acidente c";"224";"BR-116/SP";"Pista Sul";"Engavetamento";1;1;0;0;0;0;0;0;0;1;0;2;1;0;0
"28/06/2023";"08:48:00";"167";"Acidente s";"140";"BR-116/SP";"Pista Sul";"Colisão traseira";0;0;0;0;0;0;0;0;2;0;3;0;0;0;0
"28/06/2023";"09:42:00";"204";"Acidente c";"133";"BR-116/SP";"Pista Sul";"Colisão traseira";1;0;0;0;0;0;1;0;0;0;3;1;0;0;0
"28/06/2023";"10:21:00";"218";"Acidente s";"130.55";"BR-116/SP";"Pista Sul";"Engavetamento";3;0;0;0;0;0;0;0;0;0;3;0;0;0;0
"28/06/2023";"10:25:00";"221";"Acidente c";"136";"BR-116/SP";"Pista Sul";"Colisão traseira";1;1;0;0;0;0;0;0;0;0;2;1;0;0;0
"28/06/2023";"10:26:00";"222";"Acidente c";"489";"BR-101/RJ";"Pista Sul";"Abalroamento longitudinal";1;0;0;0;0;0;0;0;1;0;1;2;0;0;0
"28/06/2023";"10:54:00";"232";"Acidente c";"104.6";"BR-116/SP";"Pista Sul";"Colisão traseira";1;0;0;0;0;0;1;0;0;0;1;0;1;0;0