data;horario;n_da_ocorrencia;tipo_de_ocorrencia;km;trecho;sentido;tipo_de_acidente;automovel;bicicleta;caminhao;moto;onibus;outros;tracao_animal;transporte_de_cargas_especiais;trator_maquinas;utilitarios;ilesos;levemente_feridos;moderadamente_feridos;gravemente_feridos;mortos
"07/07/2023";"11:17:00";"286";"Acidente s";"227.5";"BR-116/RJ";"Pista Norte";"Choque em barreira New Jersey";0;0;0;0;0;0;0;0;1;0;1;0;0;0;0
"07/07/2023";"11:22:00";"289";"Acidente c";"220";"BR-116/SP";"Pista Sul";"Colisão traseira";0;1;0;0;0;0;0;0;1;0;1;1;0;0;0
"07/07/2023";"12:11:00";"300";"Acidente c";"218.5";"BR-116/SP";"Pista Sul";"Queda de moto";0;1;0;0;0;0;0;0;1;0;1;2;0;0;0
"07/07/2023";"12:13:00";"302";"Acidente c";"471.2";"BR-101/RJ";"Pista Norte";"Abalroamento longitudinal";0;0;0;0;0;0;0;0;2;0;0;1;1;0;0
"07/07/2023";"12:34:00";"313";"Acidente s";"101";"BR-116/SP";"Pista Norte";"Engavetamento";0;0;0;0;0;0;0;0;6;0;6;0;0;0;0
"07/07/2023";"12:36:00";"315";"Acidente s";"321";"BR-116/RJ";"Pista Sul";"Colisão traseira";0;0;0;0;0;0;0;0;2;0;0;0;0;0;0
"07/07/2023";"04:07:00";"416";"Acidente c";"224.3";"BR-116/SP";"Pista Norte";"Engavetamento";0;1;0;0;0;0;0;0;2;0;2;1;0;0;0
"07/07/2023";"04:24:00";"425";"Acidente s";"86.95";"BR-116/SP";"Pista Sul";"Abalroamento longitudinal";1;0;0;0;0;0;0;0;1;0;0;0;0;0;0
"07/07/2023";"04:29:00";"431";"Acidente s";"32";"BR-116/SP";"Pista Sul";"Choque em objeto na pista";1;0;0;0;0;0;0;0;1;0;4;0;0;0;0
"07/07/2023";"04:48:00";"435";"Acidente s";"23";"BR-116/SP";"Pista Norte";"Capotamento";0;0;0;0;0;0;0;0;1;1;3;0;0;0;0
"07/07/2023";"04:51:00";"436";"Acidente s";"469.8";"BR-101/RJ";"Pista Norte";"Colisão traseira";0;1;0;0;0;0;0;0;1;0;4;0;0;0;0
"07/07/2023";"07:53:00";"542";"Acidente s";"229.5";"BR-116/SP";"Pista Norte";"Engavetamento";0;0;0;0;0;0;0;0;4;0;8;0;0;0;0
"07/07/2023";"07:56:00";"543";"Acidente s";"229.5";"BR-116/SP";"Pista Norte";"Colisão traseira";0;0;0;0;0;0;0;0;1;1;2;0;0;0;0
"07/07/2023";"08:16:00";"555";"Acidente s";"135.1";"BR-116/SP";"Pista Norte";"Colisão traseira";0;0;0;0;0;0;1;0;1;0;7;0;0;0;0
"07/07/2023";"08:17:00";"556";"Acidente c";"134";"BR-116/SP";"Pista Norte";"Capotamento";0;0;0;0;0;0;0;0;1;0;0;0;1;0;0
"07/07/2023";"09:03:00";"578";"Acidente s";"477";"BR-101/RJ";"Pista Sul";"Choque em objeto fixo";0;0;0;0;0;0;0;0;1;0;1;0;0;0;0
"07/07/2023";"11:20:00";"634";"Acidente s";"14.1";"BR-116/SP";"Pista Sul";"Choque em objeto na pista";0;0;0;0;0;0;0;0;1;0;1;0;0;0;0
"07/07/2023";"11:22:00";"637";"Acidente s";"51";"BR-116/SP";"Pista Sul";"Choque em objeto fixo";0;0;0;0;0;0;0;0;1;0;1;0;0;0;0
"07/07/2023";"11:42:00";"641";"Acidente s";"14.9";"BR-116/SP";"Pista Sul";"Choque em objeto fixo";1;0;0;0;0;0;0;0;0;0;1;0;0;0;0
"08/07/2023";"12:10:00";"14";"Acidente s";"199";"BR-116/SP";"Pista Sul";"Colisão traseira";1;0;0;0;0;0;0;0;1;0;5;0;0;0;0
"08/07/2023";"01:22:00";"25";"Acidente s";"230.4";"BR-116/SP";"Pista Norte";"Choque em defensa";0;0;0;0;0;0;0;0;1;0;1;0;0;0;0
"08/07/2023";"06:19:00";"85";"Acidente c";"205.6";"BR-116/SP";"Pista Sul";"Abalroamento longitudinal";0;0;0;0;0;0;0;0;2;2;3;1;0;0;0
"08/07/2023";"06:21:00";"86";"Acidente c";"406";"BR-101/RJ";"Pista Sul";"Colisão frontal";0;1;0;0;0;0;0;0;1;0;5;1;0;0;0
"08/07/2023";"07:54:00";"137";"Acidente s";"112.2";"BR-116/SP";"Pista Norte";"Engavetamento";2;0;0;0;0;0;0;0;0;1;0;0;0;0;0
"08/07/2023";"07:58:00";"139";"Acidente s";"221.3";"BR-116/SP";"Pista Sul";"Colisão traseira";0;1;0;0;0;0;0;0;1;0;2;0;0;0;0
"08/07/2023";"08:06:00";"152";"Acidente s";"117.2";"BR-116/SP";"Pista Norte";"Colisão traseira";0;0;0;0;0;0;0;0;2;0;0;0;0;0;0
"08/07/2023";"08:31:00";"163";"Acidente s";"135.7";"BR-116/SP";"Pista Norte";"Engavetamento";0;0;0;0;0;0;0;0;4;0;14;0;0;0;0
"08/07/2023";"08:36:00";"167";"Acidente c";"130";"BR-116/SP";"Pista Norte";"Colisão traseira";0;0;0;0;0;0;0;0;2;0;6;1;0;0;0
"08/07/2023";"11:04:00";"247";"Acidente c";"188.1";"BR-116/SP";"Pista Norte";"Capotamento";0;0;0;0;0;1;0;0;0;1;2;0;1;0;0
"08/07/2023";"11:27:00";"256";"Acidente s";"130";"BR-116/SP";"Pista Norte";"Colisão traseira";0;0;0;0;0;0;0;0;2;0;2;0;0;0;0
"08/07/2023";"11:29:00";"257";"Acidente s";"1.5";"BR-101/SP";"Pista Sul";"Abalroamento longitudinal";0;0;0;0;0;1;0;0;1;0;3;0;0;0;0
"08/07/2023";"11:39:00";"268";"Acidente c";"90";"BR-116/SP";"Pista Sul";"Queda de moto";0;1;0;0;0;0;0;0;0;0;1;0;1;0;0
"08/07/2023";"12:03:00";"279";"Acidente c";"129.1";"BR-116/SP";"Pista Sul";"Colisão traseira";0;0;0;0;0;1;0;0;1;0;1;1;0;0;0
"08/07/2023";"12:16:00";"286";"Acidente s";"221.95";"BR-116/SP";"Pista Sul";"Engavetamento";1;0;0;0;0;0;0;0;1;1;3;0;0;0;0
"08/07/2023";"12:16:00";"285";"Acidente c";"280";"BR-116/RJ";"Pista Sul";"Choque em barreira New Jersey";1;0;0;0;0;0;0;0;0;0;0;2;0;0;0
"08/07/2023";"12:24:00";"291";"Acidente s";"190.6";"BR-116/SP";"Pista Norte";"Engavetamento";0;0;0;0;0;0;0;0;3;0;8;0;0;0;0
"08/07/2023";"01:19:00";"314";"Acidente c";"157.8";"BR-116/SP";"Pista Sul";"Queda de moto";0;1;0;0;0;0;0;0;0;0;0;2;0;0;0
"08/07/2023";"01:40:00";"321";"Acidente c";"217";"BR-116/SP";"Pista Sul";"Colisão traseira";0;1;0;0;0;0;0;0;1;0;3;1;0;0;0
"08/07/2023";"02:00:00";"335";"Acidente c";"155.75";"BR-116/SP";"Pista Norte";"Choque em objeto fixo";0;0;0;0;0;1;0;0;0;0;0;2;0;0;0
"08/07/2023";"02:20:00";"345";"Acidente c";"211";"BR-116/SP";"Pista Norte";"Abalroamento longitudinal";0;1;0;0;0;0;0;0;1;0;2;1;0;0;0
"08/07/2023";"03:07:00";"370";"Acidente c";"39";"BR-101/SP";"Pista Sul";"Queda de moto";0;1;0;0;0;0;0;0;0;0;0;1;0;1;0
"08/07/2023";"03:23:00";"379";"Acidente s";"100.9";"BR-116/SP";"Pista Sul";"Colisão traseira";0;0;0;0;0;0;0;0;2;0;0;0;0;0;0
"08/07/2023";"03:35:00";"385";"Acidente s";"182.1";"BR-116/SP";"Pista Norte";"Choque em objeto fixo";0;0;0;0;0;0;0;0;1;0;3;0;0;0;0
"08/07/2023";"04:23:00";"409";"Acidente s";"95.8";"BR-116/SP";"Pista Sul";"Choque em defensa";0;0;0;0;0;0;1;0;0;0;0;0;0;0;0
"08/07/2023";"04:32:00";"416";"Acidente s";"165";"BR-116/SP";"Pista Sul";"Capotamento";0;0;0;0;0;0;0;0;1;0;4;0;0;0;0
"08/07/2023";"07:18:00";"500";"Acidente s";"405";"BR-101/RJ";"Pista Sul";"Queda de ribanceira";0;0;0;0;0;0;0;0;1;0;1;0;0;0;0
"08/07/2023";"07:41:00";"512";"Acidente s";"154.4";"BR-116/SP";"Pista Sul";"Colisão traseira";0;0;0;0;0;0;0;0;1;1;2;0;0;0;0
"08/07/2023";"08:22:00";"529";"Acidente s";"105.8";"BR-116/SP";"Pista Sul";"Choque em barreira New Jersey";0;0;0;0;0;0;0;0;1;0;1;0;0;0;0
"08/07/2023";"10:30:00";"560";"Acidente s";"224";"BR-116/SP";"Pista Norte";"Colisão traseira";0;0;0;0;0;0;0;0;2;0;3;0;0;0;0
"09/07/2023";"12:01:00";"11";"Acidente c";"227";"BR-116/SP";"Pista Sul";"Capotamento";0;0;0;0;0;0;0;0;1;0;0;1;0;0;0
"09/07/2023";"12:18:00";"17";"Acidente s";"510";"BR-101/RJ";"Pista Norte";"Colisão traseira";0;0;0;0;0;0;0;0;1;1;1;0;0;0;0
"09/07/2023";"02:46:00";"42";"Acidente c";"471";"BR-101/RJ";"Pista Sul";"Capotamento";0;0;0;0;0;0;0;0;1;0;0;1;0;0;0
"09/07/2023";"05:31:00";"56";"Acidente s";"225";"BR-116/RJ";"Pista Sul";"Atropelamento de animal";0;0;0;0;0;0;0;0;1;0;1;0;0;0;0
"09/07/2023";"05:36:00";"58";"Acidente s";"110.15";"BR-116/SP";"Pista Norte";"Choque em barreira New Jersey";0;0;0;0;0;0;0;0;1;0;0;0;0;0;0
"09/07/2023";"05:59:00";"63";"Acidente s";"110.15";"BR-116/SP";"Pista Norte";"Colisão traseira";0;0;0;0;0;0;0;0;2;0;0;0;0;0;0
"09/07/2023";"06:00:00";"64";"Acidente s";"563.5";"BR-101/RJ";"Pista Sul";"Choque em objeto fixo";0;0;0;0;0;0;0;0;1;0;1;0;0;0;0
"09/07/2023";"06:13:00";"65";"Acidente s";"220";"BR-116/SP";"Pista Norte";"Choque em defensa";0;0;0;0;0;0;0;0;1;0;2;0;0;0;0
"09/07/2023";"06:28:00";"69";"Acidente s";"217.6";"BR-116/RJ";"Pista Sul";"Atropelamento de animal";0;0;0;0;0;0;0;0;1;0;3;0;0;0;0
"09/07/2023";"06:43:00";"73";"Acidente c";"232.7";"BR-116/RJ";"Pista Norte";"Abalroamento longitudinal";0;0;0;0;0;0;0;0;1;1;4;2;0;0;0
"09/07/2023";"07:27:00";"93";"Acidente c";"271";"BR-116/RJ";"Pista Norte";"Choque em objeto fixo";0;0;0;0;0;0;0;0;1;0;0;1;0;0;0
"09/07/2023";"07:40:00";"99";"Acidente s";"532";"BR-101/RJ";"Pista Sul";"Choque em defensa";0;0;0;0;0;0;0;0;1;0;1;0;0;0;0
"09/07/2023";"07:59:00";"106";"Acidente s";"230.05";"BR-116/RJ";"Pista Norte";"Choque em barreira New Jersey";0;0;0;0;0;0;0;0;1;0;3;0;0;0;0
"09/07/2023";"08:49:00";"133";"Acidente s";"226.3";"BR-116/RJ";"Pista Sul";"Choque em objeto fixo";0;0;0;0;0;0;0;0;1;0;2;0;0;0;0
"09/07/2023";"09:36:00";"156";"Acidente s";"34";"BR-116/SP";"Pista Norte";"Choque em objeto fixo";0;0;0;0;0;0;0;0;1;0;0;0;0;0;0
"09/07/2023";"10:20:00";"173";"Acidente s";"86.95";"BR-116/SP";"Pista Sul";"Colisão traseira";0;0;0;0;0;0;0;0;2;0;0;0;0;0;0
"09/07/2023";"11:17:00";"197";"Acidente c";"502";"BR-101/RJ";"Pista Sul";"Abalroamento longitudinal";0;1;0;0;0;0;0;0;1;0;1;1;0;0;0
"09/07/2023";"11:44:00";"208";"Acidente s";"528";"BR-101/RJ";"Pista Sul";"Capotamento";0;0;0;0;0;0;0;0;1;0;2;0;0;0;0
"09/07/2023";"02:08:00";"262";"Acidente s";"488";"BR-101/RJ";"Pista Norte";"Engavetamento";0;0;0;0;0;0;0;0;3;0;10;0;0;0;0
"09/07/2023";"02:09:00";"263";"Acidente s";"140.7";"BR-116/SP";"Pista Sul";"Engavetamento";0;0;0;0;0;0;0;0;3;0;10;0;0;0;0
"09/07/2023";"02:29:00";"271";"Acidente s";"529";"BR-101/RJ";"Pista Sul";"Choque em objeto fixo";0;0;0;0;0;0;0;0;1;0;3;0;0;0;0
"09/07/2023";"03:08:00";"293";"Acidente s";"280.6";"BR-116/RJ";"Pista Norte";"Choque em objeto fixo";0;0;0;0;0;0;0;0;1;0;1;0;0;0;0
"09/07/2023";"03:59:00";"315";"Acidente s";"280.7";"BR-116/RJ";"Pista Norte";"Colisão traseira";0;0;0;0;0;0;0;0;2;0;6;0;0;0;0
"09/07/2023";"04:08:00";"319";"Acidente s";"436";"BR-101/RJ";"Pista Norte";"Colisão traseira";0;0;0;0;0;0;0;0;1;1;4;0;0;0;0
"09/07/2023";"06:40:00";"376";"Acidente s";"485";"BR-101/RJ";"Pista Norte";"Choque em objeto fixo";0;0;0;0;0;0;0;0;1;0;1;0;0;0;0
"09/07/2023";"07:36:00";"393";"Acidente s";"223.6";"BR-116/SP";"Pista Norte";"Colisão traseira";0;0;0;0;0;0;0;0;1;1;2;0;0;0;0
"09/07/2023";"08:07:00";"400";"Acidente s";"207.5";"BR-116/SP";"Pista Sul";"Colisão traseira";0;0;0;0;0;0;0;0;2;0;4;0;0;0;0
"09/07/2023";"08:12:00";"403";"Acidente s";"223.9";"BR-116/SP";"Pista Norte";"Colisão traseira";0;0;0;0;0;0;0;0;1;1;3;0;0;0;0
"09/07/2023";"09:21:00";"427";"Acidente c";"204.5";"BR-116/SP";"Pista Sul";"Engavetamento";0;0;0;0;0;0;0;0;5;0;15;2;0;0;0
"09/07/2023";"09:24:00";"428";"Acidente s";"494";"BR-101/RJ";"Pista Norte";"Abalroamento longitudinal";1;0;0;0;0;0;0;0;1;0;3;0;0;0;0
"10/07/2023";"12:37:00";"16";"Acidente s";"122.85";"BR-116/SP";"Pista Sul";"Engavetamento";1;0;0;0;0;0;0;0;2;0;3;0;0;0;0
"10/07/2023";"06:12:00";"76";"Acidente c";"209.7";"BR-116/SP";"Pista Sul";"Colisão traseira";0;0;0;0;0;0;0;0;2;0;2;1;0;0;0
"10/07/2023";"06:50:00";"109";"Acidente c";"206.4";"BR-116/SP";"Pista Sul";"Engavetamento";0;0;0;0;0;0;0;0;3;0;5;1;1;0;0
"10/07/2023";"06:54:00";"116";"Acidente c";"385";"BR-101/RJ";"Pista Norte";"Colisão traseira";1;0;0;0;0;0;1;0;0;0;2;1;0;0;0
"10/07/2023";"07:26:00";"141";"Acidente c";"220";"BR-116/SP";"Pista Sul";"Abalroamento longitudinal";0;1;0;0;0;0;0;0;1;0;2;1;0;0;0
"10/07/2023";"07:50:00";"162";"Acidente c";"227.8";"BR-116/RJ";"Pista Norte";"Choque em objeto fixo";0;0;0;0;0;0;0;0;1;0;0;1;0;0;0
"10/07/2023";"09:25:00";"231";"Acidente s";"274";"BR-116/RJ";"Pista Norte";"Abalroamento longitudinal";0;0;0;0;0;0;0;0;1;1;2;0;0;0;0
"10/07/2023";"10:05:00";"257";"Acidente s";"271.35";"BR-116/RJ";"Pista Norte";"Abalroamento longitudinal";1;0;0;0;0;0;0;0;1;0;3;0;0;0;0
"10/07/2023";"11:07:00";"286";"Acidente s";"124";"BR-116/SP";"Pista Sul";"Colisão traseira";0;0;0;0;0;0;0;0;1;1;2;0;0;0;0
"10/07/2023";"11:36:00";"298";"Acidente s";"69";"BR-116/SP";"Pista Sul";"Choque em barreira New Jersey";0;0;0;0;0;0;0;0;1;0;1;0;0;0;0
"10/07/2023";"11:59:00";"306";"Acidente c";"393";"BR-101/RJ";"Pista Norte";"Choque em objeto fixo";1;0;0;0;0;0;0;0;0;0;0;0;1;0;0
"10/07/2023";"12:07:00";"308";"Acidente c";"393";"BR-101/RJ";"Pista Norte";"Engavetamento";0;0;0;0;0;0;0;0;2;1;3;1;0;0;0
"10/07/2023";"12:36:00";"321";"Acidente s";"101";"BR-116/SP";"Pista Sul";"Colisão traseira";0;0;0;0;0;1;0;0;0;1;4;0;0;0;0
"10/07/2023";"12:59:00";"326";"Acidente c";"471";"BR-101/RJ";"Pista Sul";"Abalroamento transversal";0;0;0;0;0;0;0;0;2;0;0;2;0;0;0
"10/07/2023";"02:07:00";"362";"Atropelame";"452";"BR-101/RJ";"Pista Sul";"Atropelamento de pedestre atravessando";0;0;0;0;0;0;0;0;1;0;1;1;0;0;0
"10/07/2023";"03:42:00";"417";"Acidente c";"485";"BR-101/RJ";"Pista Norte";"Queda de moto";0;1;0;0;0;0;0;0;0;0;0;1;1;0;0
"10/07/2023";"04:30:00";"439";"Acidente s";"452";"BR-101/RJ";"Pista Norte";"Choque em objeto fixo";1;0;0;0;0;0;0;0;0;0;1;0;0;0;0
"10/07/2023";"05:16:00";"466";"Acidente s";"195.3";"BR-116/SP";"Pista Sul";"Choque em defensa";1;0;0;0;0;0;0;0;1;0;2;0;0;0;0
"10/07/2023";"06:05:00";"485";"Acidente s";"124.1";"BR-116/SP";"Pista Norte";"Colisão traseira";0;1;0;0;0;0;0;0;0;1;2;0;0;0;0
"10/07/2023";"07:34:00";"541";"Acidente s";"160";"BR-116/SP";"Pista Norte";"Abalroamento longitudinal";1;0;0;1;0;0;0;0;0;0;5;0;0;0;0
"10/07/2023";"08:18:00";"561";"Acidente s";"381";"BR-101/RJ";"Pista Norte";"Colisão traseira";1;0;0;0;0;0;0;0;1;0;2;0;0;0;0
"10/07/2023";"09:02:00";"582";"Acidente s";"79.8";"BR-116/SP";"Pista Sul";"Atropelamento de animal";0;0;0;0;0;0;0;0;1;0;4;0;0;0;0
"10/07/2023";"09:06:00";"588";"Atropelame";"107.95";"BR-116/SP";"Pista Sul";"Atropelamento de pedestre caminhando";0;0;0;0;0;0;0;0;1;0;2;0;1;0;0
"10/07/2023";"10:04:00";"605";"Acidente s";"155.7";"BR-116/SP";"Pista Sul";"Abalroamento longitudinal";0;0;0;0;0;0;0;0;1;1;2;0;0;0;0
"11/07/2023";"12:30:00";"16";"Atropelame";"308.9";"BR-116/RJ";"Pista Sul";"Atropelamento de pedestre caminhando";0;0;0;0;0;0;0;0;0;1;1;0;0;1;0
"11/07/2023";"12:36:00";"19";"Acidente c";"219.15";"BR-116/SP";"Pista Sul";"Choque em barreira New Jersey";0;0;0;0;0;0;0;0;1;0;0;1;0;0;0
"11/07/2023";"01:07:00";"26";"Acidente s";"505.3";"BR-101/RJ";"Pista Sul";"Choque em objeto fixo";0;0;0;0;0;0;0;0;1;0;1;0;0;0;0
"11/07/2023";"01:27:00";"32";"Acidente s";"108.7";"BR-116/SP";"Pista Norte";"Choque em defensa";1;0;0;0;0;0;0;0;0;0;1;0;0;0;0
"11/07/2023";"02:12:00";"40";"Acidente c";"387";"BR-101/RJ";"Pista Sul";"Choque em objeto fixo";0;0;0;0;0;0;0;0;1;0;0;0;1;0;0
"11/07/2023";"05:17:00";"60";"Acidente c";"161.5";"BR-116/SP";"Pista Norte";"Colisão traseira";1;0;0;0;0;0;0;0;1;0;1;0;1;0;0
"11/07/2023";"05:25:00";"61";"Acidente s";"388.3";"BR-101/RJ";"Pista Sul";"Colisão traseira";0;0;0;0;0;0;0;0;2;0;0;0;0;0;0
"11/07/2023";"05:32:00";"62";"Acidente c";"173.2";"BR-116/SP";"Pista Sul";"Colisão traseira";0;0;0;0;0;0;0;0;1;1;0;1;0;0;0
"11/07/2023";"07:40:00";"127";"Acidente s";"223.7";"BR-116/SP";"Pista Sul";"Colisão traseira";0;0;0;0;0;0;0;0;2;0;2;0;0;0;0
"11/07/2023";"08:12:00";"143";"Acidente s";"500.3";"BR-101/RJ";"Pista Norte";"Queda de moto";0;1;0;0;0;0;0;0;0;0;0;0;0;0;0
"11/07/2023";"08:24:00";"149";"Acidente c";"488";"BR-101/RJ";"Pista Sul";"Queda de moto";0;1;0;0;0;0;0;0;0;0;0;1;0;0;0
"11/07/2023";"08:51:00";"167";"Acidente s";"147";"BR-116/SP";"Pista Norte";"Abalroamento longitudinal";1;0;0;0;0;0;0;0;1;0;2;0;0;0;0
"11/07/2023";"09:00:00";"173";"Acidente c";"218.6";"BR-116/SP";"Pista Sul";"Queda de moto";0;1;0;0;0;0;0;0;0;1;1;1;0;0;0
"11/07/2023";"10:15:00";"224";"Acidente s";"148.1";"BR-116/SP";"Pista Norte";"Engavetamento";0;0;0;0;0;0;0;0;3;1;4;0;0;0;0
"11/07/2023";"11:11:00";"255";"Acidente c";"53";"BR-116/SP";"Pista Sul";"Queda de ribanceira";0;1;0;0;0;0;0;0;0;0;0;0;1;0;0
"11/07/2023";"11:34:00";"267";"Acidente c";"213.9";"BR-116/SP";"Pista Norte";"Colisão traseira";0;2;0;0;0;0;0;0;0;0;1;1;1;0;0
"11/07/2023";"02:10:00";"343";"Acidente c";"100.15";"BR-116/SP";"Pista Sul";"Choque em barreira New Jersey";0;0;0;0;0;0;0;0;2;0;4;0;0;1;0
"11/07/2023";"04:07:00";"394";"Acidente s";"108";"BR-116/SP";"Pista Norte";"Engavetamento";1;0;0;1;0;0;0;0;4;0;48;0;0;0;0
"11/07/2023";"05:50:00";"446";"Acidente c";"149.65";"BR-116/SP";"Pista Sul";"Abalroamento longitudinal";0;1;0;0;0;0;0;0;1;0;1;2;0;0;0
"11/07/2023";"11:23:00";"574";"Acidente c";"106";"BR-116/SP";"Pista Sul";"Colisão traseira";0;0;0;0;0;0;0;0;2;0;4;1;1;0;0
"12/07/2023";"07:31:00";"98";"Acidente c";"223.6";"BR-116/SP";"Pista Sul";"Engavetamento";0;2;0;0;0;0;0;0;1;0;2;2;0;0;0
"12/07/2023";"07:43:00";"105";"Acidente s";"222";"BR-116/SP";"Pista Sul";"Engavetamento";0;0;0;1;0;0;0;0;2;0;3;0;0;0;0
"12/07/2023";"07:55:00";"112";"Acidente c";"98.95";"BR-116/SP";"Pista Sul";"Colisão traseira";1;0;0;0;0;0;0;0;1;0;0;0;1;0;0
"12/07/2023";"08:50:00";"145";"Acidente c";"209";"BR-116/SP";"Pista Sul";"Colisão traseira";0;1;0;0;0;0;0;0;1;0;1;1;0;0;0
"12/07/2023";"09:21:00";"165";"Acidente s";"121";"BR-116/SP";"Pista Norte";"Colisão traseira";1;0;0;0;0;0;0;0;1;0;0;0;0;0;0
"12/07/2023";"10:13:00";"192";"Acidente c";"110";"BR-116/SP";"Pista Norte";"Colisão traseira";0;0;0;0;0;0;0;0;2;0;2;0;1;0;0
"12/07/2023";"11:17:00";"210";"Acidente c";"229.3";"BR-116/SP";"Pista Sul";"Colisão traseira";1;0;0;0;0;0;0;0;1;0;1;1;0;0;0
"12/07/2023";"11:46:00";"224";"Acidente s";"508";"BR-101/RJ";"Pista Sul";"Colisão traseira";0;0;0;0;0;0;0;0;2;0;0;0;0;0;0
"12/07/2023";"01:28:00";"264";"Acidente s";"226.5";"BR-116/RJ";"Pista Norte";"Tombamento";1;0;0;0;0;0;0;0;0;0;0;0;0;0;0
"12/07/2023";"02:15:00";"281";"Acidente s";"95.9";"BR-116/SP";"Pista Norte";"Abalroamento longitudinal";1;0;0;0;0;0;0;0;1;1;7;0;0;0;0
"12/07/2023";"03:21:00";"312";"Acidente c";"110";"BR-116/SP";"Pista Norte";"Queda de moto";0;0;0;0;0;0;0;0;1;0;0;1;0;0;0
"12/07/2023";"04:29:00";"353";"Acidente s";"204.1";"BR-116/SP";"Pista Norte";"Abalroamento longitudinal";2;0;0;0;0;0;0;0;0;0;3;0;0;0;0
"12/07/2023";"06:42:00";"424";"Acidente c";"64.7";"BR-116/SP";"Pista Norte";"Abalroamento longitudinal";0;0;0;0;0;0;0;0;1;1;1;0;1;0;0
"12/07/2023";"08:36:00";"456";"Acidente c";"176.5";"BR-116/SP";"Pista Norte";"Choque em barreira New Jersey";0;0;0;0;0;0;0;0;1;0;1;1;0;0;0
"12/07/2023";"08:40:00";"460";"Acidente s";"230.4";"BR-116/RJ";"Pista Norte";"Choque Talude";0;0;0;0;0;0;0;0;1;0;2;0;0;0;0
"12/07/2023";"10:02:00";"491";"Acidente s";"491";"BR-101/RJ";"Pista Sul";"Abalroamento longitudinal";0;0;0;0;0;0;0;0;2;0;2;0;0;0;0
"12/07/2023";"11:07:00";"510";"Acidente c";"394";"BR-101/RJ";"Pista Norte";"Abalroamento longitudinal";0;0;0;0;0;0;1;0;1;0;1;3;0;0;0
"13/07/2023";"01:33:00";"24";"Acidente c";"4.3";"BR-116/SP";"Pista Norte";"Colisão traseira";2;0;0;0;0;0;0;0;0;0;1;1;0;0;0
"13/07/2023";"06:35:00";"79";"Acidente s";"250.5";"BR-116/RJ";"Pista Norte";"Colisão traseira";1;0;0;0;0;0;0;0;0;1;2;0;0;0;0
"13/07/2023";"06:49:00";"91";"Acidente s";"0.4";"BR-116/SP";"Pista Sul";"Abalroamento longitudinal";2;0;0;0;0;0;0;0;0;0;2;0;0;0;0
"13/07/2023";"07:36:00";"145";"Acidente c";"216.9";"BR-116/SP";"Pista Norte";"Queda de moto";0;1;0;0;0;0;0;0;0;0;1;1;0;0;0
"13/07/2023";"09:56:00";"256";"Acidente s";"59";"BR-116/SP";"Pista Sul";"Colisão traseira";0;0;0;0;0;0;0;0;2;0;0;0;0;0;0
"13/07/2023";"10:09:00";"264";"Acidente s";"51";"BR-116/SP";"Pista Sul";"Colisão traseira";0;0;0;0;0;0;0;0;1;1;0;0;0;0;0
"13/07/2023";"11:07:00";"314";"Acidente c";"97";"BR-116/SP";"Pista Norte";"Outros";0;0;0;0;0;0;0;0;1;0;0;1;0;0;0
"13/07/2023";"11:50:00";"342";"Acidente s";"219";"BR-116/SP";"Pista Sul";"Engavetamento";0;0;0;0;0;0;0;0;3;0;3;0;0;0;0
"13/07/2023";"12:19:00";"356";"Acidente c";"295";"BR-116/RJ";"Pista Norte";"Colisão traseira";0;0;0;0;0;0;0;0;2;0;0;0;1;0;0
"13/07/2023";"08:14:00";"665";"Acidente c";"52.3";"BR-101/SP";"Pista Sul";"Colisão traseira";0;1;0;0;0;0;0;0;1;0;0;0;1;0;0
"13/07/2023";"09:58:00";"695";"Acidente c";"214.5";"BR-116/SP";"Pista Sul";"Choque em barreira New Jersey";0;0;0;0;0;0;0;0;1;0;1;1;0;0;0
"14/07/2023";"01:23:00";"26";"Acidente s";"45.8";"BR-116/SP";"Pista Sul";"Choque em defensa";0;0;0;0;0;0;0;0;1;0;2;0;0;0;0
"14/07/2023";"04:22:00";"59";"Acidente c";"149.9";"BR-116/SP";"Pista Norte";"Choque em veículo parado na pista";0;0;0;0;0;0;1;0;2;0;2;1;0;0;0
"14/07/2023";"05:01:00";"67";"Acidente c";"226.9";"BR-116/SP";"Pista Sul";"Colisão traseira";0;0;0;0;0;0;0;0;1;1;1;1;0;0;0
"14/07/2023";"05:09:00";"69";"Acidente c";"292.2";"BR-116/RJ";"Pista Norte";"Tombamento";1;0;0;0;0;0;0;0;0;0;0;1;0;0;0
"14/07/2023";"06:14:00";"87";"Acidente s";"46";"BR-116/SP";"Pista Sul";"Abalroamento longitudinal";1;0;0;0;0;0;0;0;1;0;0;0;0;0;0
"14/07/2023";"06:30:00";"91";"Atropelame";"207.6";"BR-116/SP";"Pista Sul";"Atropelamento de pedestre atravessando";0;1;0;0;0;0;0;0;0;0;0;0;0;2;0
"14/07/2023";"06:32:00";"93";"Acidente c";"518.9";"BR-101/RJ";"Pista Norte";"Colisão frontal";0;0;0;0;0;0;0;0;2;0;0;4;0;0;0
"14/07/2023";"06:33:00";"94";"Acidente c";"207.6";"BR-116/SP";"Pista Norte";"Colisão traseira";0;0;0;0;0;0;0;0;2;0;1;0;1;0;0
"14/07/2023";"06:50:00";"105";"Acidente c";"418";"BR-101/RJ";"Pista Sul";"Abalroamento transversal";0;0;0;0;0;0;0;0;2;0;1;0;1;0;0