data;horario;n_da_ocorrencia;tipo_de_ocorrencia;km;trecho;sentido;tipo_de_acidente;automovel;bicicleta;caminhao;moto;onibus;outros;tracao_animal;transporte_de_cargas_especiais;trator_maquinas;utilitarios;ilesos;levemente_feridos;moderadamente_feridos;gravemente_feridos;mortos
"14/07/2023";"07:17:00";"128";"Acidente c";"155";"BR-116/SP";"Pista Sul";"Colisão traseira";1;0;0;0;0;0;0;0;1;0;2;2;0;0;0
"14/07/2023";"07:38:00";"146";"Acidente s";"157.9";"BR-116/SP";"Pista Norte";"Engavetamento";0;0;0;0;0;0;0;0;4;0;4;0;0;0;0
"14/07/2023";"08:03:00";"173";"Acidente c";"281";"BR-116/RJ";"Pista Norte";"Choque em objeto fixo";0;1;0;0;0;0;0;0;0;0;0;0;1;0;0
"14/07/2023";"08:21:00";"186";"Acidente s";"222";"BR-116/SP";"Pista Norte";"Colisão traseira";0;0;0;0;0;0;0;0;1;1;4;0;0;0;0
"14/07/2023";"08:37:00";"194";"Acidente s";"165.4";"BR-116/SP";"Pista Norte";"Abalroamento longitudinal";1;0;0;0;0;0;0;0;1;0;2;0;0;0;0
"14/07/2023";"09:39:00";"232";"Acidente s";"223";"BR-116/SP";"Pista Norte";"Engavetamento";0;0;0;0;0;0;0;0;2;1;3;0;0;0;0
"14/07/2023";"09:50:00";"238";"Acidente s";"225.2";"BR-116/SP";"Pista Sul";"Colisão traseira";0;0;0;0;0;0;0;0;1;1;2;0;0;0;0
"14/07/2023";"10:52:00";"278";"Acidente c";"139";"BR-116/SP";"Pista Sul";"Engavetamento";0;0;0;0;0;0;0;0;3;0;8;1;0;0;0
"14/07/2023";"11:21:00";"295";"Acidente c";"82";"BR-116/SP";"Pista Norte";"Engavetamento";0;0;0;0;0;0;0;0;3;0;2;2;0;0;0
"14/07/2023";"12:41:00";"327";"Acidente s";"6";"BR-101/SP";"Pista Sul";"Choque em objeto fixo";0;0;0;0;0;0;0;0;1;0;1;0;0;0;0
"14/07/2023";"01:22:00";"349";"Acidente c";"229.9";"BR-116/SP";"Pista Norte";"Abalroamento longitudinal";0;1;0;0;0;0;0;0;0;1;1;1;0;0;0
"14/07/2023";"03:04:00";"406";"Acidente s";"158";"BR-116/SP";"Pista Norte";"Engavetamento";0;0;0;0;0;0;0;0;3;0;7;0;0;0;0
"14/07/2023";"03:32:00";"421";"Acidente s";"24.5";"BR-116/SP";"Pista Norte";"Engavetamento";0;0;0;0;0;0;0;0;3;0;3;0;0;0;0
"14/07/2023";"03:48:00";"436";"Acidente c";"106.4";"BR-116/SP";"Pista Sul";"Queda de moto";0;1;0;0;0;0;0;0;0;0;0;0;1;0;0
"14/07/2023";"03:54:00";"439";"Acidente c";"221";"BR-116/SP";"Pista Norte";"Colisão traseira";0;0;0;0;0;0;0;0;2;0;0;3;0;0;0
"14/07/2023";"03:56:00";"441";"Acidente c";"51";"BR-101/SP";"Pista Norte";"Abalroamento transversal";0;1;0;0;0;0;0;0;1;0;1;1;0;0;0
"14/07/2023";"04:28:00";"452";"Acidente s";"157";"BR-116/SP";"Pista Norte";"Engavetamento";0;0;0;0;0;0;0;0;3;0;7;0;0;0;0
"14/07/2023";"04:43:00";"460";"Acidente s";"97.4";"BR-116/SP";"Pista Sul";"Abalroamento longitudinal";0;2;0;0;0;0;0;0;0;0;2;0;0;0;0
"14/07/2023";"04:46:00";"462";"Acidente c";"112.8";"BR-116/SP";"Pista Norte";"Colisão traseira";0;0;0;0;0;0;0;0;2;0;2;1;0;0;0
"14/07/2023";"05:21:00";"480";"Acidente s";"390";"BR-101/RJ";"Pista Sul";"Colisão traseira";0;1;0;0;0;0;0;0;1;0;2;0;0;0;0
"14/07/2023";"05:48:00";"494";"Acidente s";"247.7";"BR-116/RJ";"Pista Sul";"Choque em barreira New Jersey";0;0;0;0;0;0;0;0;1;1;1;0;0;0;0
"14/07/2023";"06:10:00";"515";"Acidente c";"220.8";"BR-116/SP";"Pista Norte";"Colisão traseira";0;1;0;0;0;0;0;0;1;0;2;0;1;0;0
"14/07/2023";"06:24:00";"527";"Acidente s";"524.5";"BR-101/RJ";"Pista Norte";"Choque em objeto fixo";0;0;0;0;0;0;0;0;1;0;1;0;0;0;0
"14/07/2023";"06:32:00";"536";"Acidente c";"184.3";"BR-116/SP";"Pista Sul";"Abalroamento longitudinal";1;1;0;0;0;0;0;0;0;0;1;0;1;0;0
"14/07/2023";"07:29:00";"567";"Acidente s";"142.8";"BR-116/SP";"Pista Norte";"Engavetamento";1;0;0;0;0;0;0;0;1;1;4;0;0;0;0
"14/07/2023";"07:42:00";"579";"Acidente c";"456";"BR-101/RJ";"Pista Norte";"Abalroamento longitudinal";0;1;0;0;0;0;0;0;1;0;1;0;1;0;0
"14/07/2023";"07:55:00";"583";"Acidente s";"101.1";"BR-116/SP";"Pista Sul";"Colisão traseira";1;0;0;0;0;0;0;0;1;0;7;0;0;0;0
"14/07/2023";"08:54:00";"604";"Acidente s";"86.95";"BR-116/SP";"Pista Norte";"Engavetamento";0;0;0;0;0;0;0;0;3;0;3;0;0;0;0
"15/07/2023";"12:18:00";"19";"Acidente c";"318";"BR-116/RJ";"Pista Norte";"Capotamento";0;0;0;0;0;0;0;0;1;0;0;1;0;0;0
"15/07/2023";"12:27:00";"21";"Acidente c";"196.6";"BR-116/SP";"Pista Sul";"Queda de moto";0;1;0;0;0;0;0;0;0;0;0;0;1;0;0
"15/07/2023";"03:26:00";"48";"Atropelame";"222";"BR-116/SP";"Pista Norte";"Atropelamento de pedestre caminhando";0;0;0;0;0;0;0;0;1;0;1;0;0;0;1
"15/07/2023";"06:20:00";"78";"Acidente s";"509.1";"BR-101/RJ";"Pista Sul";"Choque em defensa";0;0;0;0;0;0;0;0;1;0;3;0;0;0;0
"15/07/2023";"06:29:00";"80";"Acidente s";"192.3";"BR-116/SP";"Pista Sul";"Queda de moto";0;1;0;0;0;0;0;0;0;0;1;0;0;0;0
"15/07/2023";"07:21:00";"109";"Acidente s";"218";"BR-116/SP";"Pista Norte";"Capotamento";0;0;0;0;0;0;0;0;2;0;2;0;0;0;0
"15/07/2023";"07:56:00";"125";"Acidente s";"210";"BR-116/SP";"Pista Sul";"Colisão traseira";0;0;0;0;0;0;0;0;1;1;3;0;0;0;0
"15/07/2023";"08:11:00";"131";"Acidente s";"123";"BR-116/SP";"Pista Norte";"Colisão traseira";0;0;0;0;0;0;0;0;2;0;3;0;0;0;0
"15/07/2023";"08:41:00";"146";"Acidente c";"125";"BR-116/SP";"Pista Norte";"Engavetamento";0;0;0;0;0;0;0;0;4;0;0;2;0;0;0
"15/07/2023";"08:42:00";"147";"Acidente s";"123.4";"BR-116/SP";"Pista Norte";"Engavetamento";0;0;0;0;0;0;0;0;3;0;10;0;0;0;0
"15/07/2023";"09:22:00";"168";"Acidente s";"123.4";"BR-116/SP";"Pista Norte";"Colisão traseira";0;0;0;0;0;0;0;0;1;1;4;0;0;0;0
"15/07/2023";"09:36:00";"180";"Acidente s";"127.6";"BR-116/SP";"Pista Norte";"Colisão traseira";0;0;0;0;0;0;0;0;2;0;2;0;0;0;0
"15/07/2023";"10:11:00";"197";"Acidente s";"123.5";"BR-116/SP";"Pista Norte";"Colisão traseira";0;0;0;0;0;0;0;0;1;1;3;0;0;0;0
"15/07/2023";"10:57:00";"217";"Acidente s";"230.2";"BR-116/SP";"Pista Norte";"Abalroamento longitudinal";1;0;0;0;0;0;0;0;1;0;5;0;0;0;0
"15/07/2023";"04:17:00";"328";"Acidente s";"104";"BR-116/SP";"Pista Sul";"Engavetamento";0;0;0;0;0;0;0;0;2;2;2;0;0;0;0
"15/07/2023";"05:22:00";"354";"Acidente c";"229";"BR-116/SP";"Pista Norte";"Colisão traseira";0;1;0;0;0;0;0;0;0;1;1;0;1;0;0
"15/07/2023";"06:44:00";"380";"Acidente c";"53";"BR-116/SP";"Pista Sul";"Colisão traseira";0;1;0;0;0;0;0;0;1;0;3;2;0;0;0
"15/07/2023";"06:52:00";"382";"Acidente c";"53.3";"BR-116/SP";"Pista Sul";"Engavetamento";0;0;0;0;0;0;0;0;4;0;2;2;0;0;0
"15/07/2023";"06:59:00";"384";"Acidente s";"127";"BR-116/SP";"Pista Sul";"Engavetamento";0;0;0;0;0;0;0;0;2;1;6;0;0;0;0
"15/07/2023";"08:05:00";"411";"Acidente s";"149";"BR-116/SP";"Pista Sul";"Engavetamento";0;0;0;0;0;0;0;0;2;1;4;0;0;0;0
"15/07/2023";"09:11:00";"432";"Acidente s";"419";"BR-101/RJ";"Pista Norte";"Choque em barreira New Jersey";0;0;0;0;0;0;0;0;1;0;1;0;0;0;0
"16/07/2023";"12:15:00";"14";"Acidente s";"254.7";"BR-116/RJ";"Pista Norte";"Atropelamento de animal";1;0;0;0;0;0;0;0;0;0;1;0;0;0;0
"16/07/2023";"12:28:00";"19";"Acidente s";"254.7";"BR-116/RJ";"Pista Norte";"Choque em barreira New Jersey";0;0;0;0;0;0;0;0;1;0;1;0;0;0;0
"16/07/2023";"12:36:00";"23";"Acidente s";"254.7";"BR-116/RJ";"Pista Norte";"Atropelamento de animal";0;0;0;0;0;0;0;0;1;0;4;0;0;0;0
"16/07/2023";"01:24:00";"28";"Acidente s";"84";"BR-116/SP";"Pista Sul";"Abalroamento longitudinal";0;0;0;0;0;0;0;0;2;0;4;0;0;0;0
"16/07/2023";"03:58:00";"46";"Acidente s";"139.8";"BR-116/SP";"Pista Sul";"Choque em objeto fixo";0;0;0;0;0;0;0;0;1;0;1;0;0;0;0
"16/07/2023";"06:01:00";"59";"Acidente s";"56";"BR-116/SP";"Pista Norte";"Choque em barreira New Jersey";0;0;0;0;0;0;0;0;1;0;0;0;0;0;0
"16/07/2023";"06:14:00";"62";"Acidente s";"201";"BR-116/SP";"Pista Norte";"Choque em defensa";0;0;0;0;0;0;0;0;1;0;1;0;0;0;0
"16/07/2023";"11:52:00";"198";"Acidente c";"418.5";"BR-101/RJ";"Pista Sul";"Queda de ribanceira";0;1;0;0;0;0;0;0;0;0;0;0;0;1;0
"16/07/2023";"12:04:00";"201";"Acidente s";"104.8";"BR-116/SP";"Pista Sul";"Capotamento";0;0;0;0;0;0;0;0;1;0;2;0;0;0;0
"16/07/2023";"12:34:00";"217";"Acidente s";"104.7";"BR-116/SP";"Pista Norte";"Colisão traseira";0;0;0;0;0;0;0;0;2;0;5;0;0;0;0
"16/07/2023";"01:53:00";"250";"Acidente s";"223";"BR-116/SP";"Pista Norte";"Colisão traseira";0;0;0;0;0;0;0;0;1;1;1;0;0;0;0
"16/07/2023";"02:57:00";"284";"Acidente c";"73.4";"BR-116/SP";"Pista Sul";"Abalroamento longitudinal";0;1;0;0;0;0;0;0;1;0;0;0;1;0;0
"16/07/2023";"04:08:00";"326";"Acidente s";"39.9";"BR-116/SP";"Pista Sul";"Engavetamento";0;0;0;0;0;0;0;0;1;2;4;0;0;0;0
"16/07/2023";"05:06:00";"358";"Acidente s";"44";"BR-101/SP";"Pista Sul";"Colisão traseira";0;0;0;0;0;0;0;0;2;0;2;0;0;0;0
"16/07/2023";"05:58:00";"384";"Acidente s";"513.5";"BR-101/RJ";"Pista Sul";"Colisão traseira";0;1;0;0;0;0;0;0;1;0;2;0;0;0;0
"16/07/2023";"06:09:00";"390";"Acidente c";"511";"BR-101/RJ";"Pista Sul";"Colisão frontal";0;0;0;0;0;0;0;0;2;0;1;1;1;0;0
"16/07/2023";"07:02:00";"417";"Acidente s";"30.3";"BR-101/SP";"Pista Norte";"Atropelamento de animal";0;0;0;0;0;0;0;0;1;0;1;0;0;0;0
"16/07/2023";"07:04:00";"419";"Atropelame";"590.8";"BR-101/RJ";"Pista Sul";"Atropelamento de pedestre atravessando";0;0;0;0;0;0;0;0;1;0;1;0;1;0;0
"16/07/2023";"08:11:00";"450";"Acidente s";"222";"BR-116/SP";"Pista Norte";"Outros";0;0;0;0;0;0;0;0;1;0;2;0;0;0;0
"16/07/2023";"08:27:00";"459";"Acidente s";"437";"BR-101/RJ";"Pista Sul";"Choque em defensa";0;0;0;0;0;1;0;0;0;0;1;0;0;0;0
"17/07/2023";"04:06:00";"41";"Acidente s";"51.65";"BR-116/SP";"Pista Norte";"Choque em barreira New Jersey";1;0;0;0;0;0;0;0;0;0;1;0;0;0;0
"17/07/2023";"06:55:00";"86";"Acidente c";"511";"BR-101/RJ";"Pista Norte";"Colisão frontal";0;0;0;0;0;0;0;0;2;0;0;0;2;0;0
"17/07/2023";"07:44:00";"110";"Acidente s";"427";"BR-101/RJ";"Pista Norte";"Colisão traseira";0;0;0;1;0;0;0;0;1;0;0;0;0;0;0
"17/07/2023";"08:47:00";"154";"Acidente c";"223.1";"BR-116/SP";"Pista Sul";"Abalroamento longitudinal";0;1;0;0;0;0;0;0;1;0;3;1;0;0;0
"17/07/2023";"09:13:00";"170";"Acidente s";"221.9";"BR-116/SP";"Pista Sul";"Engavetamento";1;0;0;0;0;0;0;0;1;1;2;0;0;0;0
"17/07/2023";"09:34:00";"184";"Acidente c";"219.9";"BR-116/SP";"Pista Sul";"Engavetamento";0;1;0;0;0;0;0;0;2;0;2;1;1;0;0
"17/07/2023";"11:46:00";"248";"Acidente s";"303";"BR-116/RJ";"Pista Norte";"Choque em objeto na pista";0;0;0;0;0;0;0;0;1;0;4;0;0;0;0
"17/07/2023";"12:55:00";"272";"Acidente s";"182.3";"BR-116/SP";"Pista Norte";"Colisão traseira";1;0;0;0;0;0;0;0;1;0;4;0;0;0;0
"17/07/2023";"01:29:00";"291";"Acidente c";"227.5";"BR-116/SP";"Pista Sul";"Colisão traseira";0;1;0;0;0;0;0;0;1;0;0;1;0;0;0
"17/07/2023";"02:50:00";"329";"Acidente c";"313";"BR-116/RJ";"Pista Norte";"Queda de moto";0;1;0;0;0;0;0;0;0;0;0;1;0;0;0
"17/07/2023";"03:29:00";"348";"Acidente s";"210";"BR-116/SP";"Pista Sul";"Colisão traseira";0;1;0;0;0;0;0;0;1;0;2;0;0;0;0
"17/07/2023";"05:48:00";"427";"Acidente c";"82";"BR-116/SP";"Pista Norte";"Queda de moto";0;1;0;0;0;0;0;0;0;0;0;2;0;0;0
"17/07/2023";"06:45:00";"448";"Acidente s";"224.2";"BR-116/SP";"Pista Norte";"Engavetamento";1;0;0;0;0;0;0;0;3;0;6;0;0;0;0
"17/07/2023";"07:36:00";"465";"Acidente c";"495";"BR-101/RJ";"Pista Norte";"Queda de moto";0;1;0;0;0;0;0;0;0;0;0;1;0;0;0
"17/07/2023";"08:23:00";"486";"Acidente s";"410";"BR-101/RJ";"Pista Norte";"Atropelamento de animal";0;0;0;0;0;0;0;0;1;0;3;0;0;0;0
"17/07/2023";"10:04:00";"510";"Acidente s";"285";"BR-116/RJ";"Pista Norte";"Capotamento";0;0;0;0;0;0;0;0;1;0;1;0;0;0;0
"17/07/2023";"10:37:00";"518";"Acidente c";"408";"BR-101/RJ";"Pista Sul";"Queda de moto";0;1;0;0;0;0;0;0;0;0;0;1;0;0;0
"18/07/2023";"03:04:00";"30";"Acidente s";"69";"BR-116/SP";"Pista Norte";"Colisão traseira";1;0;0;0;0;0;0;0;0;1;1;0;0;0;0
"18/07/2023";"05:06:00";"39";"Acidente s";"463";"BR-101/RJ";"Pista Sul";"Colisão traseira";1;0;0;0;0;0;1;0;0;0;11;0;0;0;0
"18/07/2023";"06:11:00";"56";"Acidente c";"227.1";"BR-116/SP";"Pista Sul";"Colisão traseira";0;1;0;0;0;0;0;0;1;0;2;1;0;0;0
"18/07/2023";"06:35:00";"67";"Acidente c";"218.9";"BR-116/SP";"Pista Norte";"Queda de moto";0;1;0;0;0;0;0;0;0;0;0;2;0;0;0
"18/07/2023";"06:37:00";"68";"Acidente s";"471";"BR-101/RJ";"Pista Sul";"Abalroamento longitudinal";0;0;0;0;0;0;0;0;2;0;5;0;0;0;0
"18/07/2023";"06:38:00";"72";"Acidente c";"206.9";"BR-116/SP";"Pista Sul";"Colisão traseira";0;1;0;0;0;0;0;0;1;0;3;1;0;0;0
"18/07/2023";"06:47:00";"79";"Acidente c";"206.95";"BR-116/SP";"Pista Sul";"Abalroamento longitudinal";0;1;0;0;0;0;0;0;1;0;1;1;0;0;0
"18/07/2023";"07:13:00";"94";"Acidente c";"34";"BR-116/SP";"Pista Sul";"Abalroamento longitudinal";0;1;0;0;0;0;0;0;0;1;1;1;0;0;0
"18/07/2023";"07:19:00";"102";"Acidente c";"456";"BR-101/RJ";"Pista Norte";"Abalroamento longitudinal";0;1;0;0;0;0;0;0;1;0;1;1;0;0;0
"18/07/2023";"07:55:00";"127";"Acidente c";"221.8";"BR-116/SP";"Pista Sul";"Abalroamento longitudinal";0;1;0;0;0;0;0;0;1;0;1;1;0;0;0
"18/07/2023";"07:59:00";"129";"Acidente s";"498.8";"BR-101/RJ";"Pista Norte";"Choque em objeto fixo";0;0;0;0;0;0;0;0;1;0;1;0;0;0;0
"18/07/2023";"08:05:00";"131";"Acidente s";"389";"BR-101/RJ";"Pista Norte";"Abalroamento longitudinal";0;1;0;0;0;0;0;0;1;0;0;0;0;0;0
"18/07/2023";"08:06:00";"132";"Acidente s";"22";"BR-116/SP";"Pista Sul";"Outros";1;0;0;0;0;0;0;0;0;0;2;0;0;0;0
"18/07/2023";"11:31:00";"276";"Acidente s";"484.5";"BR-101/RJ";"Pista Norte";"Choque em barreira New Jersey";0;0;0;0;0;0;0;0;1;0;0;0;0;0;0
"18/07/2023";"12:18:00";"285";"Acidente s";"417";"BR-101/RJ";"Pista Sul";"Choque Talude";0;0;0;0;0;0;0;0;1;0;1;0;0;0;0
"18/07/2023";"12:31:00";"293";"Acidente c";"109";"BR-116/SP";"Pista Sul";"Abalroamento longitudinal";1;1;0;0;0;0;0;0;0;0;0;0;1;0;0
"18/07/2023";"12:46:00";"300";"Acidente c";"107.9";"BR-116/SP";"Pista Sul";"Queda de moto";0;1;0;0;0;0;0;0;0;0;0;0;1;0;0
"18/07/2023";"02:55:00";"354";"Acidente c";"383";"BR-101/RJ";"Pista Sul";"Colisão traseira";0;0;0;0;0;0;0;0;1;1;1;1;0;0;0
"18/07/2023";"03:34:00";"372";"Acidente c";"200.15";"BR-116/SP";"Pista Sul";"Abalroamento longitudinal";0;1;0;0;0;0;0;0;1;0;3;0;0;1;0
"18/07/2023";"04:02:00";"383";"Acidente s";"100";"BR-116/SP";"Pista Sul";"Choque em defensa";1;0;0;0;0;0;0;0;0;0;1;0;0;0;0
"18/07/2023";"05:08:00";"410";"Acidente c";"293";"BR-116/RJ";"Pista Norte";"Queda de moto";0;1;0;0;0;0;0;0;0;0;0;1;0;0;0
"18/07/2023";"05:13:00";"414";"Acidente c";"215.05";"BR-116/SP";"Pista Norte";"Engavetamento";0;2;0;0;0;0;0;0;1;0;3;1;0;0;0
"18/07/2023";"06:11:00";"443";"Atropelame";"228.5";"BR-116/SP";"Pista Sul";"Atropelamento de pedestre atravessando";0;0;1;0;0;0;0;0;1;0;1;1;0;0;0
"18/07/2023";"06:15:00";"445";"Acidente s";"157.2";"BR-116/SP";"Pista Sul";"Colisão traseira";0;1;0;0;0;0;0;0;1;0;3;0;0;0;0
"18/07/2023";"07:30:00";"481";"Acidente c";"219.1";"BR-116/SP";"Pista Norte";"Abalroamento longitudinal";0;1;0;0;0;0;0;0;1;0;0;2;0;0;0
"18/07/2023";"08:14:00";"496";"Acidente s";"212.6";"BR-116/SP";"Pista Norte";"Abalroamento longitudinal";1;0;0;0;0;0;0;0;1;0;3;0;0;0;0
"18/07/2023";"09:05:00";"513";"Acidente s";"231.8";"BR-116/RJ";"Pista Sul";"Choque em objeto fixo";0;0;0;0;0;0;0;0;1;0;1;0;0;0;0
"19/07/2023";"12:15:00";"15";"Acidente s";"82";"BR-116/SP";"Pista Norte";"Colisão traseira";0;0;0;0;0;0;0;0;1;1;2;0;0;0;0
"19/07/2023";"06:09:00";"66";"Acidente s";"108.6";"BR-116/SP";"Pista Sul";"Abalroamento longitudinal";1;0;0;0;0;0;0;0;1;0;0;0;0;0;0
"19/07/2023";"07:17:00";"112";"Acidente s";"315.4";"BR-116/RJ";"Pista Norte";"Abalroamento longitudinal";1;0;0;0;0;0;0;0;1;0;0;0;0;0;0
"19/07/2023";"07:52:00";"132";"Acidente s";"165.2";"BR-116/SP";"Pista Norte";"Engavetamento";2;0;0;0;0;1;0;0;0;1;6;0;0;0;0
"19/07/2023";"08:24:00";"150";"Acidente c";"226";"BR-116/SP";"Pista Sul";"Colisão traseira";0;1;0;0;0;0;0;0;0;1;1;1;0;0;0
"19/07/2023";"09:35:00";"196";"Acidente c";"233";"BR-116/RJ";"Pista Sul";"Colisão traseira";0;0;0;0;0;0;0;0;2;0;4;1;0;0;0
"19/07/2023";"09:53:00";"210";"Acidente s";"30.9";"BR-116/SP";"Pista Sul";"Abalroamento longitudinal";1;0;0;0;0;0;0;0;1;0;2;0;0;0;0
"19/07/2023";"11:06:00";"255";"Acidente c";"482";"BR-101/RJ";"Pista Norte";"Abalroamento longitudinal";0;1;0;0;0;0;0;0;1;0;1;1;1;0;0
"19/07/2023";"12:35:00";"296";"Acidente s";"263";"BR-116/RJ";"Pista Sul";"Colisão traseira";0;0;0;0;0;1;0;0;1;0;5;0;0;0;0
"19/07/2023";"12:47:00";"302";"Acidente s";"45.5";"BR-101/SP";"Pista Norte";"Colisão traseira";0;0;0;0;0;2;0;0;0;0;5;0;0;0;0
"19/07/2023";"01:09:00";"314";"Acidente c";"564";"BR-101/RJ";"Pista Norte";"Capotamento";0;0;0;0;0;0;0;0;1;0;0;0;0;1;0
"19/07/2023";"02:17:00";"339";"Acidente s";"216.2";"BR-116/SP";"Pista Sul";"Abalroamento longitudinal";1;0;0;0;0;0;0;0;1;0;2;0;0;0;0
"19/07/2023";"02:24:00";"346";"Acidente s";"104.5";"BR-116/SP";"Pista Norte";"Abalroamento longitudinal";1;0;0;0;0;0;0;0;1;0;5;0;0;0;0
"19/07/2023";"04:16:00";"402";"Acidente s";"236";"BR-116/RJ";"Pista Norte";"Choque em objeto fixo";0;0;0;0;0;0;0;0;1;0;0;0;0;0;0
"19/07/2023";"04:47:00";"418";"Acidente c";"423";"BR-101/RJ";"Pista Sul";"Colisão frontal";0;0;0;0;1;0;0;0;1;0;1;3;0;0;0
"19/07/2023";"06:03:00";"468";"Acidente s";"415";"BR-101/RJ";"Pista Sul";"Choque em objeto fixo";0;0;0;0;0;1;0;0;0;0;1;0;0;0;0
"19/07/2023";"06:04:00";"470";"Acidente s";"144.6";"BR-116/SP";"Pista Norte";"Colisão traseira";0;0;0;0;0;0;0;0;2;0;4;0;0;0;0
"19/07/2023";"06:10:00";"475";"Acidente s";"143.9";"BR-116/SP";"Pista Norte";"Colisão traseira";0;0;0;0;0;0;0;0;2;0;4;0;0;0;0
"19/07/2023";"06:19:00";"485";"Acidente s";"203.5";"BR-116/SP";"Pista Norte";"Colisão traseira";0;0;0;0;0;0;0;0;2;1;5;0;0;0;0
"19/07/2023";"06:31:00";"492";"Acidente s";"423.7";"BR-101/RJ";"Pista Sul";"Choque em objeto fixo";0;0;0;0;0;0;0;0;1;0;1;0;0;0;0
"19/07/2023";"07:36:00";"534";"Acidente s";"390";"BR-101/RJ";"Pista Norte";"Choque em defensa";0;0;0;0;0;0;0;0;1;0;1;0;0;0;0
"19/07/2023";"08:12:00";"547";"Acidente c";"323.1";"BR-116/RJ";"Pista Sul";"Tombamento";1;0;0;0;0;0;0;0;0;0;0;1;0;0;0
"19/07/2023";"08:29:00";"555";"Acidente s";"323.1";"BR-116/RJ";"Pista Norte";"Choque em objeto na pista";0;0;0;0;0;0;0;0;1;0;1;0;0;0;0
"19/07/2023";"08:44:00";"560";"Acidente s";"485.5";"BR-101/RJ";"Pista Norte";"Choque em objeto fixo";0;0;0;0;0;0;0;0;1;0;1;0;0;0;0
"19/07/2023";"10:13:00";"584";"Acidente s";"524";"BR-101/RJ";"Pista Sul";"Choque em objeto fixo";0;0;0;0;0;0;0;0;1;0;1;0;0;0;0
"19/07/2023";"11:28:00";"613";"Acidente s";"321.6";"BR-116/RJ";"Pista Sul";"Colisão traseira";0;0;0;0;0;0;0;0;1;1;1;0;0;0;0
"20/07/2023";"12:43:00";"25";"Acidente s";"27";"BR-116/SP";"Pista Sul";"Choque em objeto fixo";1;0;0;0;0;0;0;0;0;0;1;0;0;0;0
"20/07/2023";"12:50:00";"27";"Acidente s";"232.3";"BR-116/RJ";"Pista Norte";"Choque Talude";0;0;0;0;0;0;0;0;1;0;1;0;0;0;0
"20/07/2023";"02:14:00";"40";"Acidente s";"229.1";"BR-116/RJ";"Pista Norte";"Choque Talude";1;0;0;0;0;0;0;0;0;0;1;0;0;0;0
"20/07/2023";"04:34:00";"62";"Acidente s";"89.2";"BR-116/SP";"Pista Norte";"Queda de ribanceira";0;0;0;0;0;0;0;0;1;0;3;0;0;0;0
"20/07/2023";"05:37:00";"67";"Acidente s";"232";"BR-116/RJ";"Pista Norte";"Tombamento";1;0;0;0;0;0;0;0;0;0;0;0;0;0;0
"20/07/2023";"06:35:00";"86";"Acidente s";"186.2";"BR-116/SP";"Pista Norte";"Abalroamento longitudinal";1;0;0;0;0;0;1;0;0;1;3;0;0;0;0
"20/07/2023";"06:43:00";"94";"Acidente c";"415.2";"BR-101/RJ";"Pista Sul";"Choque em objeto fixo";0;0;0;0;0;0;0;0;1;0;0;1;0;0;0
"20/07/2023";"08:01:00";"148";"Acidente s";"154.5";"BR-116/SP";"Pista Sul";"Colisão traseira";1;0;0;0;0;0;0;0;1;1;3;0;0;0;0
"20/07/2023";"08:19:00";"164";"Acidente s";"275";"BR-116/RJ";"Pista Norte";"Choque em objeto na pista";0;0;0;0;0;0;0;0;1;0;1;0;0;0;0
"20/07/2023";"08:51:00";"182";"Acidente s";"146";"BR-116/SP";"Pista Norte";"Engavetamento";1;0;0;0;0;0;0;0;2;0;4;0;0;0;0
"20/07/2023";"09:29:00";"205";"Acidente s";"166.6";"BR-116/SP";"Pista Sul";"Colisão traseira";0;0;0;0;0;0;0;0;1;1;1;0;0;0;0
"20/07/2023";"09:40:00";"208";"Acidente c";"223.55";"BR-116/SP";"Pista Sul";"Colisão traseira";0;1;0;0;0;0;0;0;1;0;1;1;0;0;0
"20/07/2023";"10:25:00";"234";"Acidente s";"219";"BR-116/SP";"Pista Sul";"Engavetamento";1;0;0;0;0;0;0;0;2;0;4;0;0;0;0
"20/07/2023";"12:04:00";"266";"Acidente c";"440";"BR-101/RJ";"Pista Sul";"Choque em objeto fixo";0;0;0;0;0;0;0;0;1;0;0;1;0;0;0
"20/07/2023";"12:43:00";"277";"Acidente c";"223.8";"BR-116/SP";"Pista Sul";"Colisão traseira";0;1;0;0;0;0;0;0;0;1;0;1;0;0;0
"20/07/2023";"12:53:00";"286";"Acidente s";"86.9";"BR-116/SP";"Pista Norte";"Colisão traseira";0;0;0;0;0;0;0;0;2;0;2;0;0;0;0
"20/07/2023";"01:07:00";"293";"Acidente s";"230.9";"BR-116/SP";"Pista Norte";"Abalroamento longitudinal";0;0;0;0;0;0;0;0;1;1;3;0;0;0;0
"20/07/2023";"01:25:00";"306";"Acidente s";"230.8";"BR-116/SP";"Pista Norte";"Colisão traseira";1;0;0;0;0;0;0;0;1;0;3;0;0;0;0
"20/07/2023";"01:46:00";"319";"Acidente s";"216";"BR-116/SP";"Pista Norte";"Colisão traseira";1;0;0;0;0;0;0;0;1;0;3;0;0;0;0
"20/07/2023";"02:44:00";"356";"Acidente s";"115.4";"BR-116/SP";"Pista Sul";"Colisão traseira";1;0;0;0;0;0;0;0;1;0;0;0;0;0;0
"20/07/2023";"03:37:00";"378";"Acidente c";"306";"BR-116/RJ";"Pista Norte";"Engavetamento";0;0;0;0;0;0;0;0;4;0;1;0;1;0;0
"20/07/2023";"04:16:00";"404";"Acidente s";"105";"BR-116/SP";"Pista Sul";"Engavetamento";0;0;0;0;0;0;0;0;5;0;7;0;0;0;0