data;horario;n_da_ocorrencia;tipo_de_ocorrencia;km;trecho;sentido;tipo_de_acidente;automovel;bicicleta;caminhao;moto;onibus;outros;tracao_animal;transporte_de_cargas_especiais;trator_maquinas;utilitarios;ilesos;levemente_feridos;moderadamente_feridos;gravemente_feridos;mortos
"20/07/2023";"04:45:00";"416";"Acidente c";"106.7";"BR-116/SP";"Pista Norte";"Colisão traseira";0;1;0;0;0;0;0;0;1;0;0;0;1;0;0
"20/07/2023";"05:27:00";"434";"Acidente s";"326.3";"BR-116/RJ";"Pista Norte";"Colisão traseira";0;0;0;0;0;0;0;0;1;1;2;0;0;0;0
"20/07/2023";"05:31:00";"438";"Acidente s";"100.5";"BR-116/SP";"Pista Sul";"Engavetamento";1;0;0;0;0;0;0;0;2;1;4;0;0;0;0
"20/07/2023";"06:35:00";"473";"Acidente s";"572";"BR-101/RJ";"Pista Sul";"Abalroamento longitudinal";0;0;0;0;0;0;1;0;1;0;3;0;0;0;0
"20/07/2023";"07:54:00";"510";"Acidente c";"193.8";"BR-116/SP";"Pista Norte";"Colisão traseira";1;0;0;0;0;0;0;0;0;1;1;0;0;1;0
"20/07/2023";"08:05:00";"517";"Acidente s";"307.8";"BR-116/RJ";"Pista Sul";"Choque em objeto na pista";1;0;0;0;0;0;0;0;1;1;3;0;0;0;0
"20/07/2023";"09:46:00";"557";"Acidente c";"34.8";"BR-116/SP";"Pista Norte";"Colisão traseira";1;0;0;0;0;0;0;0;1;0;1;2;0;0;0
"21/07/2023";"05:00:00";"38";"Acidente c";"157.8";"BR-116/SP";"Pista Sul";"Colisão traseira";0;0;0;0;0;0;0;0;2;0;3;1;0;0;0
"21/07/2023";"08:08:00";"124";"Acidente c";"112.7";"BR-116/SP";"Pista Norte";"Colisão traseira";0;1;0;0;0;0;0;0;1;0;1;0;1;0;0
"21/07/2023";"09:32:00";"172";"Acidente c";"230";"BR-116/SP";"Pista Norte";"Queda de moto";0;1;0;0;0;0;0;0;0;0;0;1;0;0;0
"21/07/2023";"09:48:00";"178";"Acidente s";"5.3";"BR-116/SP";"Pista Sul";"Colisão traseira";0;0;0;0;0;0;0;0;1;1;5;0;0;0;0
"21/07/2023";"10:12:00";"191";"Acidente c";"218.5";"BR-116/SP";"Pista Sul";"Abalroamento longitudinal";0;1;0;0;0;0;0;0;1;0;1;1;0;0;0
"21/07/2023";"10:32:00";"202";"Acidente s";"116";"BR-116/SP";"Pista Norte";"Colisão traseira";0;0;0;0;0;0;0;0;1;1;3;0;0;0;0
"21/07/2023";"10:47:00";"209";"Acidente s";"116.4";"BR-116/SP";"Pista Norte";"Colisão traseira";0;0;0;0;0;0;0;0;2;0;6;0;0;0;0
"21/07/2023";"10:51:00";"211";"Acidente s";"508";"BR-101/RJ";"Pista Sul";"Colisão traseira";0;0;0;0;0;0;0;0;1;1;1;0;0;0;0
"21/07/2023";"11:25:00";"225";"Acidente s";"280";"BR-116/RJ";"Pista Norte";"Colisão traseira";0;0;0;0;0;0;0;0;2;0;0;0;0;0;0
"21/07/2023";"02:55:00";"300";"Acidente s";"332";"BR-116/RJ";"Pista Norte";"Colisão traseira";0;0;0;0;0;0;0;0;2;0;0;0;0;0;0
"21/07/2023";"03:01:00";"303";"Acidente s";"219";"BR-116/SP";"Pista Sul";"Colisão traseira";0;1;0;0;0;0;0;0;0;1;2;0;0;0;0
"21/07/2023";"03:02:00";"305";"Acidente s";"229";"BR-116/SP";"Pista Sul";"Colisão traseira";1;0;0;0;0;0;0;0;1;0;2;0;0;0;0
"21/07/2023";"05:18:00";"369";"Acidente c";"257";"BR-116/RJ";"Pista Sul";"Capotamento";0;0;0;0;0;0;1;0;0;0;0;0;1;0;0
"21/07/2023";"05:40:00";"377";"Acidente c";"105";"BR-116/SP";"Pista Norte";"Colisão traseira";0;1;0;0;0;0;0;0;1;0;2;1;0;0;0
"21/07/2023";"05:43:00";"379";"Acidente c";"148";"BR-116/SP";"Pista Norte";"Abalroamento longitudinal";0;1;0;0;0;0;0;0;0;1;1;0;1;0;0
"21/07/2023";"06:19:00";"394";"Acidente s";"145";"BR-116/SP";"Pista Norte";"Colisão traseira";1;0;0;0;0;0;0;0;1;0;2;0;0;0;0
"21/07/2023";"06:25:00";"395";"Acidente c";"213.5";"BR-116/SP";"Pista Sul";"Choque em barreira New Jersey";0;1;0;0;0;0;0;0;0;0;0;1;0;0;0
"21/07/2023";"06:33:00";"402";"Acidente c";"50.5";"BR-101/SP";"Pista Norte";"Abalroamento longitudinal";0;1;0;0;0;0;0;0;1;0;1;1;0;0;0
"21/07/2023";"06:54:00";"410";"Acidente c";"483";"BR-101/RJ";"Pista Norte";"Colisão traseira";0;1;0;0;0;0;0;0;1;0;0;0;1;1;0
"21/07/2023";"07:15:00";"418";"Acidente c";"142";"BR-116/SP";"Pista Sul";"Queda de moto";0;1;0;0;0;0;0;0;0;0;1;1;0;0;0
"21/07/2023";"07:22:00";"422";"Acidente s";"281.6";"BR-116/RJ";"Pista Sul";"Colisão traseira";1;0;0;1;0;0;0;0;0;0;12;0;0;0;0
"21/07/2023";"07:27:00";"423";"Acidente s";"156.7";"BR-116/SP";"Pista Sul";"Queda de moto";0;1;0;0;0;0;0;0;0;0;2;0;0;0;0
"21/07/2023";"09:05:00";"467";"Acidente s";"221.4";"BR-116/SP";"Pista Norte";"Colisão traseira";1;0;0;0;0;0;0;0;0;1;2;0;0;0;0
"21/07/2023";"09:27:00";"474";"Acidente c";"216.4";"BR-116/SP";"Pista Norte";"Colisão traseira";1;0;0;0;0;0;0;0;1;0;2;0;1;0;0
"21/07/2023";"10:22:00";"495";"Acidente c";"219.3";"BR-116/SP";"Pista Norte";"Colisão traseira";0;1;0;0;0;0;0;0;1;0;0;2;1;0;0
"22/07/2023";"12:52:00";"19";"Acidente s";"542";"BR-101/RJ";"Pista Norte";"Choque em objeto fixo";0;0;0;0;0;0;0;0;1;0;1;0;0;0;0
"22/07/2023";"05:21:00";"55";"Acidente s";"317.5";"BR-116/RJ";"Pista Norte";"Choque em objeto fixo";0;0;0;0;0;0;0;0;1;0;3;0;0;0;0
"22/07/2023";"05:53:00";"62";"Acidente c";"116";"BR-116/SP";"Pista Sul";"Colisão traseira";0;0;0;0;0;0;0;0;2;0;1;1;0;0;0
"22/07/2023";"06:07:00";"68";"Acidente s";"221.7";"BR-116/SP";"Pista Norte";"Abalroamento longitudinal";0;0;0;0;0;1;0;0;1;0;5;0;0;0;0
"22/07/2023";"06:45:00";"83";"Acidente s";"463";"BR-101/RJ";"Pista Sul";"Queda de moto";0;1;0;0;0;0;0;0;0;0;2;0;0;0;0
"22/07/2023";"07:53:00";"123";"Acidente c";"230.2";"BR-116/SP";"Pista Sul";"Colisão traseira";0;1;0;0;0;0;0;0;1;0;3;1;0;0;0
"22/07/2023";"08:27:00";"143";"Acidente c";"228";"BR-116/RJ";"Pista Sul";"Colisão traseira";0;1;0;0;0;0;0;0;0;1;1;1;0;0;0
"22/07/2023";"09:02:00";"167";"Acidente c";"47";"BR-116/SP";"Pista Norte";"Capotamento";0;1;0;0;0;0;0;0;1;0;0;4;0;0;0
"22/07/2023";"10:44:00";"228";"Acidente c";"275.95";"BR-116/RJ";"Pista Sul";"Queda de moto";0;1;0;0;0;0;0;0;0;0;0;2;0;0;0
"22/07/2023";"11:01:00";"236";"Acidente s";"69.8";"BR-116/SP";"Pista Sul";"Choque em barreira New Jersey";1;0;0;0;0;0;0;0;0;0;1;0;0;0;0
"22/07/2023";"11:26:00";"251";"Acidente s";"158.9";"BR-116/SP";"Pista Norte";"Colisão traseira";0;0;0;0;0;0;0;0;2;0;2;0;0;0;0
"22/07/2023";"01:30:00";"304";"Acidente c";"154";"BR-116/SP";"Pista Sul";"Queda de moto";0;1;0;0;0;0;0;0;0;0;0;1;0;0;0
"22/07/2023";"02:43:00";"344";"Acidente c";"490";"BR-101/RJ";"Pista Sul";"Capotamento";0;0;0;0;0;0;0;0;1;0;0;1;0;0;0
"22/07/2023";"02:45:00";"346";"Acidente c";"137.6";"BR-116/SP";"Pista Norte";"Queda de moto";0;1;0;0;0;0;0;0;0;0;0;1;1;0;0
"22/07/2023";"03:46:00";"387";"Acidente s";"155.2";"BR-116/SP";"Pista Sul";"Abalroamento longitudinal";1;0;0;0;0;0;0;0;1;0;5;0;0;0;0
"22/07/2023";"04:51:00";"416";"Acidente s";"147.3";"BR-116/SP";"Pista Norte";"Engavetamento";0;0;0;0;0;0;0;0;2;1;4;0;0;0;0
"22/07/2023";"05:22:00";"429";"Acidente s";"106.7";"BR-116/SP";"Pista Sul";"Engavetamento";0;0;0;0;0;0;0;0;1;2;4;0;0;0;0
"22/07/2023";"06:20:00";"460";"Acidente c";"289.5";"BR-116/RJ";"Pista Sul";"Abalroamento longitudinal";0;1;0;0;0;0;0;0;1;0;1;0;0;1;0
"22/07/2023";"11:33:00";"557";"Acidente c";"201";"BR-116/SP";"Pista Sul";"Queda de moto";0;1;0;0;0;0;0;0;0;0;0;1;0;0;0
"23/07/2023";"01:25:00";"35";"Acidente s";"220.6";"BR-116/RJ";"Pista Norte";"Atropelamento de animal";0;0;0;0;0;0;0;0;1;0;1;0;0;0;0
"23/07/2023";"01:45:00";"39";"Acidente c";"485";"BR-101/RJ";"Pista Norte";"Choque em objeto fixo";0;1;0;0;0;0;0;0;0;0;0;0;0;2;0
"23/07/2023";"02:20:00";"44";"Acidente c";"407.2";"BR-101/RJ";"Pista Norte";"Choque em objeto fixo";0;1;0;0;0;0;0;0;0;0;0;1;1;0;0
"23/07/2023";"04:27:00";"58";"Acidente s";"217.5";"BR-116/SP";"Pista Norte";"Colisão traseira";0;0;0;0;0;0;0;0;2;0;2;0;0;0;0
"23/07/2023";"04:42:00";"61";"Acidente c";"121.9";"BR-116/SP";"Pista Sul";"Choque em barreira New Jersey";0;0;0;0;0;0;0;0;1;0;0;0;1;0;0
"23/07/2023";"05:57:00";"69";"Acidente c";"210.8";"BR-116/SP";"Pista Sul";"Colisão traseira";0;0;0;0;0;0;0;0;2;0;1;1;0;0;0
"23/07/2023";"07:04:00";"94";"Acidente c";"263";"BR-116/RJ";"Pista Norte";"Engavetamento";0;0;0;0;0;0;0;0;3;0;6;4;1;0;0
"23/07/2023";"07:50:00";"115";"Acidente s";"72.4";"BR-116/SP";"Pista Sul";"Choque em objeto fixo";0;0;0;0;0;0;0;0;1;0;1;0;0;0;0
"23/07/2023";"09:30:00";"154";"Acidente s";"182";"BR-116/SP";"Pista Norte";"Choque em objeto fixo";0;0;0;0;0;0;0;0;1;0;1;0;0;0;0
"23/07/2023";"09:37:00";"157";"Acidente c";"95.3";"BR-116/SP";"Pista Norte";"Colisão traseira";0;0;0;0;0;0;0;0;2;0;5;1;0;0;0
"23/07/2023";"09:55:00";"166";"Acidente s";"71";"BR-116/SP";"Pista Sul";"Outros";0;0;0;0;0;0;0;0;1;0;1;0;0;0;0
"23/07/2023";"11:20:00";"204";"Acidente c";"140.8";"BR-116/SP";"Pista Norte";"Engavetamento";0;0;0;0;0;0;0;0;3;0;7;1;0;0;0
"23/07/2023";"12:07:00";"224";"Acidente c";"142.6";"BR-116/SP";"Pista Norte";"Abalroamento longitudinal";0;1;0;0;0;0;0;0;1;0;4;1;0;0;0
"23/07/2023";"12:25:00";"233";"Acidente s";"140.5";"BR-116/SP";"Pista Sul";"Engavetamento";0;0;0;0;0;0;0;0;3;0;9;0;0;0;0
"23/07/2023";"01:03:00";"244";"Acidente c";"115.3";"BR-116/SP";"Pista Sul";"Colisão traseira";0;2;0;0;0;0;0;0;0;0;1;0;2;0;0
"23/07/2023";"01:22:00";"254";"Acidente c";"170.3";"BR-116/SP";"Pista Norte";"Capotamento";0;0;0;0;0;0;0;0;1;0;0;1;0;0;0
"23/07/2023";"02:11:00";"275";"Acidente c";"76.8";"BR-116/SP";"Pista Sul";"Colisão traseira";0;1;0;0;0;0;0;0;1;0;5;1;0;0;0
"23/07/2023";"02:44:00";"294";"Acidente s";"270";"BR-116/RJ";"Pista Norte";"Colisão traseira";0;0;0;0;0;0;0;0;2;0;5;0;0;0;0
"23/07/2023";"03:15:00";"309";"Acidente c";"481";"BR-101/RJ";"Pista Norte";"Queda de moto";0;1;0;0;0;0;0;0;0;0;1;1;0;0;0
"23/07/2023";"03:57:00";"339";"Acidente s";"225";"BR-116/SP";"Pista Norte";"Abalroamento longitudinal";1;0;0;0;0;0;0;0;1;0;2;0;0;0;0
"23/07/2023";"04:41:00";"359";"Acidente s";"281.7";"BR-116/RJ";"Pista Norte";"Colisão traseira";0;0;0;0;0;0;0;0;2;0;6;0;0;0;0
"23/07/2023";"05:05:00";"371";"Atropelame";"51";"BR-101/SP";"Pista Norte";"Atropelamento de pedestre atravessando";0;0;1;0;0;0;0;0;1;0;1;1;0;0;0
"23/07/2023";"05:56:00";"399";"Acidente s";"281.1";"BR-116/RJ";"Pista Norte";"Colisão traseira";0;0;0;0;0;0;0;0;2;0;5;0;0;0;0
"23/07/2023";"06:13:00";"410";"Acidente c";"139.7";"BR-116/SP";"Pista Sul";"Abalroamento longitudinal";0;1;0;0;0;0;0;0;1;0;1;1;0;0;0
"23/07/2023";"06:41:00";"427";"Acidente c";"229.81";"BR-116/SP";"Pista Sul";"Engavetamento";0;0;0;0;0;0;0;0;3;0;4;1;0;0;0
"23/07/2023";"06:42:00";"428";"Acidente c";"204.7";"BR-116/SP";"Pista Sul";"Engavetamento";0;1;0;1;0;0;0;0;1;0;2;1;0;0;0
"23/07/2023";"06:45:00";"430";"Acidente s";"139.7";"BR-116/SP";"Pista Sul";"Colisão traseira";0;2;0;0;0;0;0;0;0;0;2;0;0;0;0
"23/07/2023";"06:46:00";"431";"Acidente c";"274.2";"BR-116/RJ";"Pista Norte";"Colisão frontal";0;0;0;0;0;0;0;0;4;0;7;0;0;2;0
"23/07/2023";"06:46:00";"432";"Acidente s";"288.6";"BR-116/RJ";"Pista Norte";"Colisão traseira";0;0;0;0;0;0;0;0;2;0;5;0;0;0;0
"23/07/2023";"07:06:00";"447";"Acidente c";"503.2";"BR-101/RJ";"Pista Norte";"Colisão frontal";0;1;0;0;0;0;0;0;1;0;0;0;0;1;1
"23/07/2023";"07:19:00";"455";"Acidente s";"186.8";"BR-116/SP";"Pista Sul";"Colisão traseira";0;0;0;0;0;0;0;0;1;1;3;0;0;0;0
"23/07/2023";"08:02:00";"476";"Acidente c";"224.7";"BR-116/SP";"Pista Norte";"Colisão traseira";1;0;0;0;0;0;0;0;1;0;1;1;0;0;1
"23/07/2023";"08:44:00";"493";"Acidente c";"205.4";"BR-116/SP";"Pista Norte";"Tombamento";1;0;0;0;0;0;0;0;0;0;0;1;0;0;0
"23/07/2023";"08:46:00";"494";"Acidente s";"155.7";"BR-116/SP";"Pista Sul";"Colisão traseira";0;0;0;0;0;0;0;0;2;0;9;0;0;0;0
"23/07/2023";"09:20:00";"509";"Acidente s";"201";"BR-116/SP";"Pista Sul";"Choque em objeto fixo";0;0;0;0;0;0;0;0;1;0;1;0;0;0;0
"23/07/2023";"10:08:00";"523";"Acidente s";"205.6";"BR-116/SP";"Pista Norte";"Abalroamento longitudinal";1;0;0;0;0;0;0;0;1;0;4;0;0;0;0
"23/07/2023";"10:26:00";"529";"Acidente c";"486.5";"BR-101/RJ";"Pista Norte";"Colisão traseira";0;0;0;0;0;0;0;0;2;0;2;0;2;0;0
"24/07/2023";"02:08:00";"32";"Atropelame";"222.5";"BR-116/SP";"Pista Sul";"Atropelamento de pedestre caminhando";0;0;0;0;0;0;0;0;0;1;1;0;0;0;1
"24/07/2023";"05:22:00";"60";"Acidente s";"328.35";"BR-116/RJ";"Pista Sul";"Outros";0;0;0;0;0;0;0;0;1;0;1;0;0;0;0
"24/07/2023";"05:44:00";"66";"Acidente s";"25.5";"BR-116/SP";"Pista Norte";"Abalroamento longitudinal";2;0;0;0;0;0;0;0;0;0;4;0;0;0;0
"24/07/2023";"06:09:00";"76";"Acidente s";"219.2";"BR-116/SP";"Pista Norte";"Engavetamento";0;0;0;0;0;0;0;0;3;0;3;0;0;0;0
"24/07/2023";"06:17:00";"79";"Acidente s";"314";"BR-116/RJ";"Pista Sul";"Colisão frontal";0;0;0;0;0;0;0;0;2;0;2;0;0;0;0
"24/07/2023";"06:59:00";"110";"Acidente c";"160";"BR-116/SP";"Pista Sul";"Abalroamento longitudinal";0;1;0;0;0;0;0;0;1;0;1;0;1;0;0
"24/07/2023";"07:57:00";"149";"Acidente s";"214";"BR-116/SP";"Pista Sul";"Abalroamento longitudinal";0;2;0;0;0;0;0;0;0;0;2;0;0;0;0
"24/07/2023";"08:24:00";"170";"Acidente s";"160.7";"BR-116/SP";"Pista Norte";"Abalroamento longitudinal";0;0;0;0;0;0;0;0;1;1;4;0;0;0;0
"24/07/2023";"08:26:00";"172";"Acidente s";"106.9";"BR-116/SP";"Pista Norte";"Colisão traseira";0;0;0;0;0;0;0;0;2;0;2;0;0;0;0
"24/07/2023";"09:27:00";"216";"Acidente s";"206.8";"BR-116/SP";"Pista Norte";"Colisão traseira";1;0;0;0;0;0;0;0;1;0;2;0;0;0;0
"24/07/2023";"03:28:00";"409";"Acidente c";"38";"BR-116/SP";"Pista Norte";"Queda de moto";0;1;0;0;0;0;0;0;0;0;0;1;0;0;0
"24/07/2023";"04:32:00";"444";"Acidente c";"581.2";"BR-101/RJ";"Pista Norte";"Colisão frontal";0;0;0;0;0;0;0;0;3;0;2;3;0;0;0
"24/07/2023";"04:54:00";"452";"Acidente c";"217.5";"BR-116/SP";"Pista Norte";"Queda de moto";0;1;0;0;0;0;0;0;0;0;0;1;0;0;0
"24/07/2023";"06:12:00";"484";"Acidente c";"228.8";"BR-116/SP";"Pista Norte";"Engavetamento";1;0;0;0;0;0;0;0;2;0;4;0;1;0;0
"24/07/2023";"08:03:00";"539";"Acidente c";"24.4";"BR-101/SP";"Pista Norte";"Queda de moto";0;1;0;0;0;0;0;0;0;0;0;2;0;0;0
"24/07/2023";"09:29:00";"571";"Acidente s";"270.3";"BR-116/RJ";"Pista Norte";"Abalroamento longitudinal";1;0;0;0;0;0;0;0;1;0;3;0;0;0;0
"24/07/2023";"09:54:00";"579";"Acidente c";"385";"BR-101/RJ";"Pista Norte";"Colisão frontal";0;1;0;0;0;0;0;0;1;0;1;1;0;1;0
"24/07/2023";"10:05:00";"581";"Acidente s";"199";"BR-116/SP";"Pista Sul";"Atropelamento de animal";0;0;0;0;0;0;0;0;1;0;1;0;0;0;0
"25/07/2023";"04:11:00";"49";"Acidente c";"191.6";"BR-116/SP";"Pista Norte";"Queda de moto";0;1;0;0;0;0;0;0;0;0;0;1;0;0;0
"25/07/2023";"05:46:00";"66";"Acidente s";"230.8";"BR-116/SP";"Pista Sul";"Engavetamento";0;0;0;2;0;0;0;0;0;1;37;0;0;0;0
"25/07/2023";"06:13:00";"75";"Acidente s";"6.1";"BR-116/SP";"Pista Sul";"Choque em objeto na pista";0;0;0;0;0;0;0;0;1;0;0;0;0;0;0
"25/07/2023";"06:21:00";"76";"Acidente c";"223.3";"BR-116/SP";"Pista Norte";"Capotamento";0;0;0;0;0;0;0;0;1;1;1;1;0;0;0
"25/07/2023";"07:09:00";"107";"Acidente c";"222.8";"BR-116/SP";"Pista Sul";"Engavetamento";0;2;0;0;0;0;0;0;1;0;6;1;0;0;0
"25/07/2023";"08:04:00";"148";"Acidente s";"117.7";"BR-116/SP";"Pista Norte";"Choque em objeto fixo";0;0;0;0;0;0;0;0;1;0;0;0;0;0;0
"25/07/2023";"08:22:00";"156";"Acidente c";"205";"BR-116/SP";"Pista Sul";"Colisão traseira";0;1;0;1;0;0;0;0;0;0;1;0;0;0;1
"25/07/2023";"08:57:00";"177";"Acidente s";"197";"BR-116/SP";"Pista Sul";"Abalroamento longitudinal";0;0;0;0;0;0;0;0;1;1;0;0;0;0;0
"25/07/2023";"10:00:00";"224";"Acidente s";"101.6";"BR-116/SP";"Pista Sul";"Colisão traseira";0;0;0;0;0;0;0;0;2;0;5;0;0;0;0
"25/07/2023";"11:28:00";"275";"Acidente c";"515.2";"BR-101/RJ";"Pista Norte";"Capotamento";0;0;0;0;0;0;0;0;1;0;0;4;1;0;0
"25/07/2023";"11:30:00";"278";"Acidente c";"220";"BR-116/SP";"Pista Sul";"Colisão traseira";0;1;0;0;0;0;0;0;1;0;1;1;0;0;0
"25/07/2023";"01:39:00";"326";"Acidente c";"229.8";"BR-116/SP";"Pista Sul";"Engavetamento";2;1;0;0;0;0;0;0;0;0;2;1;0;0;0
"25/07/2023";"02:14:00";"339";"Acidente c";"575";"BR-101/RJ";"Pista Norte";"Queda de moto";0;2;0;0;0;0;0;0;0;0;1;0;1;0;0
"25/07/2023";"02:37:00";"344";"Acidente s";"486";"BR-101/RJ";"Pista Norte";"Colisão traseira";1;0;0;0;0;0;0;0;1;0;2;0;0;0;0
"25/07/2023";"03:02:00";"361";"Acidente s";"78";"BR-116/SP";"Pista Sul";"Colisão traseira";1;0;0;0;0;0;0;0;1;0;0;0;0;0;0
"25/07/2023";"05:41:00";"439";"Acidente c";"504";"BR-101/RJ";"Pista Norte";"Abalroamento longitudinal";0;1;0;0;0;0;0;0;1;0;4;0;1;0;0
"25/07/2023";"06:15:00";"457";"Atropelame";"215";"BR-116/SP";"Pista Norte";"Atropelamento de pedestre atravessando";0;0;1;0;0;0;0;0;1;0;1;0;1;0;0
"25/07/2023";"07:13:00";"483";"Acidente s";"532";"BR-101/RJ";"Pista Sul";"Choque em objeto fixo";0;0;0;0;0;0;0;0;1;0;1;0;0;0;0
"25/07/2023";"08:50:00";"521";"Atropelame";"391.8";"BR-101/RJ";"Pista Sul";"Atropelamento de pedestre atravessando";0;0;0;0;0;0;0;0;0;1;1;0;0;0;1
"25/07/2023";"11:20:00";"558";"Acidente c";"113.1";"BR-116/SP";"Pista Sul";"Choque em barreira New Jersey";0;0;0;0;0;0;0;0;1;0;0;1;0;0;0
"25/07/2023";"11:57:00";"561";"Acidente c";"129.55";"BR-116/SP";"Pista Norte";"Choque em barreira New Jersey";0;0;0;0;0;0;0;0;1;0;1;2;0;0;0
"26/07/2023";"03:53:00";"48";"Acidente c";"145";"BR-116/SP";"Pista Sul";"Choque em barreira New Jersey";0;0;0;0;0;0;0;0;1;0;0;1;0;0;0
"26/07/2023";"04:31:00";"49";"Acidente s";"229";"BR-116/SP";"Pista Sul";"Abalroamento longitudinal";0;0;0;1;0;0;0;0;1;0;2;0;0;0;0
"26/07/2023";"05:33:00";"55";"Acidente c";"219";"BR-116/SP";"Pista Norte";"Queda de moto";1;1;0;0;0;0;0;0;0;0;1;1;0;0;0
"26/07/2023";"08:02:00";"134";"Acidente c";"209.8";"BR-116/SP";"Pista Sul";"Colisão traseira";0;1;0;0;0;0;0;0;1;0;1;1;0;0;0
"26/07/2023";"08:14:00";"139";"Acidente c";"223.6";"BR-116/SP";"Pista Sul";"Colisão traseira";0;1;0;0;0;0;0;0;1;0;0;2;0;0;0
"26/07/2023";"08:36:00";"155";"Acidente c";"199";"BR-116/SP";"Pista Sul";"Colisão traseira";0;0;0;0;0;0;0;0;2;0;3;1;0;0;0
"26/07/2023";"10:03:00";"203";"Acidente s";"226";"BR-116/SP";"Pista Sul";"Colisão traseira";0;0;0;0;0;0;0;0;1;1;2;0;0;0;0
"26/07/2023";"10:06:00";"205";"Acidente c";"228";"BR-116/SP";"Pista Sul";"Colisão traseira";0;1;0;0;0;0;0;0;1;0;0;2;0;0;0
"26/07/2023";"10:09:00";"207";"Acidente s";"301.8";"BR-116/RJ";"Pista Sul";"Colisão traseira";0;0;0;0;0;0;0;0;2;0;2;0;0;0;0
"26/07/2023";"10:13:00";"209";"Acidente c";"544";"BR-101/RJ";"Pista Norte";"Colisão traseira";0;0;0;0;0;0;0;0;2;0;2;1;0;0;0
"26/07/2023";"10:51:00";"232";"Acidente s";"300.5";"BR-116/RJ";"Pista Sul";"Colisão traseira";0;0;0;0;0;0;0;0;2;0;2;0;0;0;0
"26/07/2023";"10:52:00";"233";"Acidente s";"227.1";"BR-116/SP";"Pista Sul";"Engavetamento";3;0;0;0;0;0;1;0;1;0;7;0;0;0;0
"26/07/2023";"12:36:00";"275";"Acidente c";"155";"BR-116/SP";"Pista Norte";"Abalroamento longitudinal";1;0;0;0;0;0;0;0;1;0;1;1;0;0;0
"26/07/2023";"01:28:00";"303";"Acidente s";"230.1";"BR-116/SP";"Pista Sul";"Colisão traseira";0;0;0;0;0;0;0;0;2;0;5;0;0;0;0
"26/07/2023";"01:37:00";"312";"Acidente c";"230";"BR-116/SP";"Pista Sul";"Engavetamento";0;2;0;0;0;0;0;0;1;0;3;1;0;0;0
"26/07/2023";"01:48:00";"314";"Acidente s";"192.7";"BR-116/SP";"Pista Sul";"Abalroamento longitudinal";0;0;0;0;0;0;0;0;2;0;4;0;0;0;0
"26/07/2023";"01:53:00";"318";"Acidente c";"382.8";"BR-101/RJ";"Pista Norte";"Colisão traseira";1;0;0;0;0;0;0;0;1;0;0;3;0;0;0
"26/07/2023";"02:27:00";"335";"Acidente c";"313";"BR-116/RJ";"Pista Norte";"Choque em objeto na pista";0;1;0;0;0;0;0;0;0;0;0;1;0;0;0
"26/07/2023";"02:32:00";"338";"Acidente c";"210.2";"BR-116/SP";"Pista Sul";"Abalroamento longitudinal";0;2;0;0;0;0;0;0;1;0;1;1;1;0;0
"26/07/2023";"02:44:00";"343";"Acidente s";"39";"BR-116/SP";"Pista Sul";"Abalroamento longitudinal";0;0;0;0;0;0;1;0;0;1;1;0;0;0;0
"26/07/2023";"08:35:00";"510";"Acidente s";"443";"BR-101/RJ";"Pista Norte";"Atropelamento de animal";0;0;0;0;0;0;0;0;1;0;1;0;0;0;0
"26/07/2023";"09:38:00";"539";"Acidente s";"146.7";"BR-116/SP";"Pista Sul";"Colisão traseira";0;0;0;0;0;0;0;0;1;1;3;0;0;0;0
"26/07/2023";"09:48:00";"546";"Atropelame";"404.5";"BR-101/RJ";"Pista Norte";"Atropelamento de pedestre atravessando";0;0;0;0;0;0;0;0;0;1;1;0;0;0;1
"27/07/2023";"03:03:00";"35";"Acidente s";"95.1";"BR-116/SP";"Pista Sul";"Colisão traseira";1;0;0;0;0;0;0;0;0;1;2;0;0;0;0
"27/07/2023";"05:42:00";"47";"Acidente c";"213.8";"BR-116/SP";"Pista Norte";"Colisão traseira";1;0;0;0;0;0;0;0;1;0;1;0;1;0;0
"27/07/2023";"06:15:00";"58";"Acidente c";"213.8";"BR-116/SP";"Pista Sul";"Colisão traseira";0;1;0;0;0;0;0;0;1;0;1;0;1;0;0
"27/07/2023";"06:19:00";"64";"Acidente s";"207.7";"BR-116/SP";"Pista Sul";"Choque em barreira New Jersey";1;0;0;0;0;0;0;0;0;0;1;0;0;0;0
"27/07/2023";"07:41:00";"122";"Acidente s";"211";"BR-116/SP";"Pista Sul";"Colisão traseira";0;0;0;0;0;0;0;0;2;0;3;0;0;0;0
"27/07/2023";"07:46:00";"124";"Acidente s";"210";"BR-116/SP";"Pista Sul";"Abalroamento longitudinal";0;0;0;0;0;0;1;0;1;0;4;0;0;0;0
"27/07/2023";"08:09:00";"143";"Acidente s";"117";"BR-116/SP";"Pista Norte";"Engavetamento";0;0;0;0;0;0;0;0;3;0;7;0;0;0;0
"27/07/2023";"08:17:00";"151";"Acidente s";"46";"BR-101/SP";"Pista Sul";"Colisão frontal";0;0;0;0;0;0;0;0;2;0;2;0;0;0;0
"27/07/2023";"09:26:00";"203";"Acidente c";"492";"BR-101/RJ";"Pista Norte";"Colisão frontal";0;1;0;0;0;0;0;0;1;0;1;0;1;0;0
"27/07/2023";"11:29:00";"272";"Acidente s";"217.25";"BR-116/SP";"Pista Norte";"Colisão traseira";1;0;0;0;0;0;0;0;0;1;2;0;0;0;0