data;horario;n_da_ocorrencia;tipo_de_ocorrencia;km;trecho;sentido;tipo_de_acidente;automovel;bicicleta;caminhao;moto;onibus;outros;tracao_animal;transporte_de_cargas_especiais;trator_maquinas;utilitarios;ilesos;levemente_feridos;moderadamente_feridos;gravemente_feridos;mortos
"18/08/2023";"12:34:00";"296";"Acidente c";"271";"BR-116/RJ";"Pista Sul";"Abalroamento longitudinal";0;1;0;0;0;0;0;0;1;0;1;1;0;0;0
"18/08/2023";"01:06:00";"310";"Acidente s";"291";"BR-116/RJ";"Pista Sul";"Abalroamento longitudinal";1;0;0;0;0;0;0;0;1;0;0;0;0;0;0
"18/08/2023";"02:02:00";"337";"Acidente s";"77";"BR-116/SP";"Pista Norte";"Abalroamento longitudinal";0;0;0;0;0;0;0;0;2;0;0;0;0;0;0
"18/08/2023";"02:17:00";"348";"Acidente s";"93.6";"BR-116/SP";"Pista Norte";"Abalroamento longitudinal";0;2;0;0;0;0;0;0;0;0;0;0;0;0;0
"18/08/2023";"02:32:00";"355";"Acidente s";"416";"BR-101/RJ";"Pista Sul";"Abalroamento longitudinal";0;0;0;0;0;0;0;0;2;0;2;0;0;0;0
"18/08/2023";"02:34:00";"357";"Acidente s";"229";"BR-116/SP";"Pista Sul";"Engavetamento";0;0;0;0;0;0;1;0;2;0;3;0;0;0;0
"18/08/2023";"03:03:00";"370";"Acidente c";"112.1";"BR-116/SP";"Pista Sul";"Engavetamento";0;1;0;0;0;0;0;0;1;1;1;1;0;0;0
"18/08/2023";"03:08:00";"371";"Acidente s";"117";"BR-116/SP";"Pista Norte";"Engavetamento";2;0;0;0;0;0;1;0;0;0;0;0;0;0;0
"18/08/2023";"03:25:00";"377";"Acidente c";"476.8";"BR-101/RJ";"Pista Norte";"Colisão frontal";0;2;0;0;0;0;0;0;0;0;0;0;3;0;0
"18/08/2023";"03:36:00";"381";"Acidente c";"226.1";"BR-116/SP";"Pista Sul";"Abalroamento longitudinal";0;1;0;0;0;0;0;0;0;1;1;1;0;0;0
"18/08/2023";"03:48:00";"390";"Acidente s";"389";"BR-101/RJ";"Pista Sul";"Choque em objeto na pista";0;0;0;0;0;0;0;0;1;0;3;0;0;0;0
"18/08/2023";"04:49:00";"417";"Acidente c";"71.3";"BR-116/SP";"Pista Norte";"Abalroamento longitudinal";0;1;0;0;0;0;0;0;2;0;3;1;0;0;0
"18/08/2023";"05:22:00";"434";"Acidente c";"142";"BR-116/SP";"Pista Norte";"Engavetamento";0;0;0;0;0;0;0;0;4;1;7;1;1;0;0
"18/08/2023";"05:32:00";"437";"Acidente c";"104.8";"BR-116/SP";"Pista Sul";"Abalroamento longitudinal";0;1;0;0;0;0;0;0;1;0;1;1;0;0;0
"18/08/2023";"06:25:00";"475";"Acidente c";"105";"BR-116/SP";"Pista Sul";"Engavetamento";0;0;0;0;0;0;0;0;3;0;3;0;1;0;0
"18/08/2023";"06:28:00";"480";"Atropelame";"243";"BR-116/RJ";"Pista Norte";"Atropelamento de pedestre caminhando";0;1;0;0;0;0;0;0;0;0;1;0;1;0;0
"18/08/2023";"09:11:00";"556";"Acidente s";"563";"BR-101/RJ";"Pista Norte";"Choque em objeto fixo";0;0;0;0;0;0;0;0;1;0;1;0;0;0;0
"18/08/2023";"10:48:00";"578";"Acidente c";"186.1";"BR-116/SP";"Pista Norte";"Choque em defensa";0;0;0;0;0;0;0;0;1;0;3;1;0;0;0
"19/08/2023";"12:00:00";"17";"Acidente s";"520";"BR-101/RJ";"Pista Norte";"Choque em objeto fixo";1;0;0;0;0;0;0;0;0;0;1;0;0;0;0
"19/08/2023";"12:13:00";"19";"Acidente s";"310.5";"BR-116/RJ";"Pista Sul";"Atropelamento de animal";0;0;0;0;0;0;0;0;1;0;1;0;0;0;0
"19/08/2023";"02:54:00";"61";"Acidente s";"145.4";"BR-116/SP";"Pista Norte";"Choque em objeto fixo";0;0;0;0;0;0;0;0;1;0;1;0;0;0;0
"19/08/2023";"06:58:00";"118";"Acidente s";"218.1";"BR-116/SP";"Pista Norte";"Abalroamento longitudinal";0;0;0;0;0;0;0;0;2;0;5;0;0;0;0
"19/08/2023";"07:40:00";"148";"Acidente s";"143.6";"BR-116/SP";"Pista Norte";"Colisão traseira";0;0;0;0;0;0;0;0;1;1;3;0;0;0;0
"19/08/2023";"08:36:00";"182";"Acidente c";"149.1";"BR-116/SP";"Pista Norte";"Colisão traseira";0;2;0;0;0;0;0;0;0;0;1;1;0;0;0
"19/08/2023";"08:39:00";"183";"Acidente s";"225.9";"BR-116/SP";"Pista Norte";"Colisão traseira";0;0;0;0;0;0;0;0;1;1;3;0;0;0;0
"19/08/2023";"08:52:00";"190";"Acidente c";"149.2";"BR-116/SP";"Pista Norte";"Engavetamento";0;0;0;0;0;0;0;0;3;0;9;2;1;0;0
"19/08/2023";"09:30:00";"215";"Acidente s";"72.2";"BR-116/SP";"Pista Norte";"Queda de ribanceira";1;0;0;0;0;0;0;0;0;0;1;0;0;0;0
"19/08/2023";"11:24:00";"286";"Acidente s";"216.7";"BR-116/RJ";"Pista Sul";"Engavetamento";0;0;0;0;0;0;0;0;3;0;3;0;0;0;0
"19/08/2023";"12:34:00";"324";"Acidente s";"129.3";"BR-116/SP";"Pista Norte";"Queda de moto";0;1;0;0;0;0;0;0;0;0;2;0;0;0;0
"19/08/2023";"12:47:00";"327";"Acidente c";"43.1";"BR-101/SP";"Pista Norte";"Colisão frontal";0;0;0;0;0;0;0;0;2;0;3;1;0;0;0
"19/08/2023";"01:59:00";"366";"Acidente c";"52.6";"BR-116/SP";"Pista Norte";"Queda de moto";0;1;0;0;0;0;0;0;0;0;0;1;1;0;0
"19/08/2023";"03:10:00";"416";"Acidente c";"114";"BR-116/SP";"Pista Sul";"Abalroamento longitudinal";1;0;0;0;0;0;0;0;1;0;2;2;0;0;0
"19/08/2023";"03:11:00";"417";"Acidente s";"144.55";"BR-116/SP";"Pista Sul";"Colisão traseira";0;0;0;0;0;0;0;0;2;0;6;0;0;0;0
"19/08/2023";"03:35:00";"425";"Acidente s";"277";"BR-116/RJ";"Pista Norte";"Abalroamento longitudinal";0;0;0;0;0;0;0;0;2;0;7;0;0;0;0
"19/08/2023";"05:48:00";"484";"Acidente s";"212.9";"BR-116/SP";"Pista Norte";"Queda de moto";0;1;0;0;0;0;0;0;0;0;2;0;0;0;0
"19/08/2023";"07:31:00";"532";"Acidente s";"389.85";"BR-101/RJ";"Pista Norte";"Choque em defensa";1;0;0;0;0;0;0;0;0;0;1;0;0;0;0
"19/08/2023";"07:54:00";"538";"Acidente s";"486";"BR-101/RJ";"Pista Sul";"Colisão traseira";0;0;0;0;0;1;0;0;1;0;3;0;0;0;0
"19/08/2023";"09:39:00";"573";"Acidente c";"327.5";"BR-116/RJ";"Pista Sul";"Choque em barreira New Jersey";0;0;0;0;0;0;0;0;1;0;0;1;0;0;0
"19/08/2023";"10:56:00";"587";"Acidente c";"506.4";"BR-101/RJ";"Pista Sul";"Queda de moto";0;1;0;0;0;0;0;0;1;0;1;0;0;1;0
"19/08/2023";"11:29:00";"594";"Acidente s";"480.6";"BR-101/RJ";"Pista Sul";"Capotamento";0;0;0;0;0;0;0;0;1;0;1;0;0;0;0
"20/08/2023";"12:39:00";"24";"Acidente s";"38";"BR-116/SP";"Pista Sul";"Choque em barreira New Jersey";0;0;0;0;0;0;0;0;1;0;2;0;0;0;0
"20/08/2023";"12:59:00";"28";"Acidente s";"114.4";"BR-116/SP";"Pista Sul";"Capotamento";0;0;0;0;0;0;0;0;2;0;2;0;0;0;0
"20/08/2023";"01:35:00";"33";"Acidente c";"229.8";"BR-116/SP";"Pista Norte";"Capotamento";0;0;0;0;0;0;0;0;2;0;1;1;0;0;0
"20/08/2023";"02:33:00";"44";"Atropelame";"393.7";"BR-101/RJ";"Pista Sul";"Atropelamento de pedestre caminhando";0;0;0;0;0;0;0;0;1;0;1;1;0;0;1
"20/08/2023";"03:44:00";"52";"Acidente s";"217.6";"BR-116/SP";"Pista Norte";"Abalroamento longitudinal";0;0;0;1;0;0;0;0;1;0;53;0;0;0;0
"20/08/2023";"05:30:00";"70";"Acidente s";"391.6";"BR-101/RJ";"Pista Sul";"Choque em barreira New Jersey";0;0;0;0;0;0;0;0;1;0;2;0;0;0;0
"20/08/2023";"08:08:00";"114";"Acidente c";"228.8";"BR-116/SP";"Pista Norte";"Abalroamento longitudinal";0;1;0;0;0;0;0;0;1;0;2;1;0;0;0
"20/08/2023";"09:26:00";"153";"Acidente c";"98.7";"BR-116/SP";"Pista Norte";"Queda de moto";0;1;0;0;0;0;0;0;0;0;0;1;0;0;0
"20/08/2023";"10:43:00";"184";"Atropelame";"244.8";"BR-116/RJ";"Pista Sul";"Atropelamento de pedestre atravessando";0;0;0;0;0;0;0;0;0;1;1;0;1;0;0
"20/08/2023";"12:09:00";"216";"Acidente s";"253";"BR-116/RJ";"Pista Sul";"Colisão traseira";0;0;0;0;0;0;0;0;2;0;7;0;0;0;0
"20/08/2023";"01:00:00";"245";"Acidente s";"255.4";"BR-116/RJ";"Pista Norte";"Choque em defensa";0;0;0;0;0;0;0;0;1;0;1;0;0;0;0
"20/08/2023";"01:05:00";"246";"Acidente c";"154";"BR-116/SP";"Pista Sul";"Colisão traseira";0;1;0;0;0;0;0;0;1;0;2;2;0;0;0
"20/08/2023";"01:39:00";"259";"Acidente s";"279.3";"BR-116/RJ";"Pista Sul";"Choque em objeto fixo";0;0;0;0;0;0;0;0;1;0;3;0;0;0;0
"20/08/2023";"01:45:00";"261";"Acidente s";"106.5";"BR-116/SP";"Pista Sul";"Abalroamento longitudinal";0;0;0;0;0;0;0;0;1;1;3;0;0;0;0
"20/08/2023";"03:57:00";"317";"Acidente s";"101";"BR-116/SP";"Pista Sul";"Colisão traseira";0;1;0;0;0;0;0;0;1;0;2;0;0;0;0
"20/08/2023";"04:30:00";"335";"Acidente c";"215.4";"BR-116/SP";"Pista Norte";"Abalroamento longitudinal";0;1;0;0;0;0;0;0;0;1;2;0;1;0;0
"20/08/2023";"05:55:00";"383";"Acidente s";"395";"BR-101/RJ";"Pista Sul";"Colisão traseira";0;0;0;0;0;0;0;0;2;0;5;0;0;0;0
"20/08/2023";"06:37:00";"409";"Acidente s";"198.65";"BR-116/SP";"Pista Norte";"Queda de moto";0;1;0;0;0;0;0;0;0;0;1;0;0;0;0
"20/08/2023";"08:35:00";"451";"Acidente s";"405.1";"BR-101/RJ";"Pista Norte";"Atropelamento de animal";0;0;0;0;0;0;0;0;1;0;1;0;0;0;0
"20/08/2023";"09:17:00";"466";"Acidente s";"218.8";"BR-116/SP";"Pista Sul";"Colisão traseira";0;0;0;0;0;0;0;0;1;1;2;0;0;0;0
"20/08/2023";"09:28:00";"471";"Acidente s";"207.2";"BR-116/SP";"Pista Sul";"Colisão traseira";0;0;0;0;0;0;0;0;2;0;5;0;0;0;0
"20/08/2023";"10:27:00";"488";"Acidente s";"223";"BR-116/SP";"Pista Norte";"Queda de ribanceira";0;0;0;0;0;0;0;0;1;0;1;0;0;0;0
"20/08/2023";"11:47:00";"503";"Acidente c";"230.8";"BR-116/SP";"Pista Sul";"Colisão traseira";0;0;0;0;0;0;0;0;2;0;0;4;0;0;0
"21/08/2023";"02:10:00";"28";"Acidente s";"215.7";"BR-116/SP";"Pista Sul";"Choque em barreira New Jersey";0;0;0;0;0;0;0;0;1;0;1;0;0;0;0
"21/08/2023";"02:15:00";"29";"Acidente c";"105.1";"BR-116/SP";"Pista Sul";"Choque em objeto fixo";0;0;0;0;0;0;0;0;1;0;0;1;0;0;0
"21/08/2023";"04:25:00";"43";"Acidente s";"88.1";"BR-116/SP";"Pista Sul";"Atropelamento de animal";0;0;0;0;0;0;0;0;2;0;7;0;0;0;0
"21/08/2023";"05:27:00";"53";"Acidente s";"230";"BR-116/RJ";"Pista Norte";"Abalroamento longitudinal";1;0;0;0;0;0;0;0;0;1;2;0;0;0;0
"21/08/2023";"05:57:00";"60";"Acidente s";"472";"BR-101/RJ";"Pista Sul";"Queda de moto";0;1;0;0;0;0;0;0;0;0;1;0;0;0;0
"21/08/2023";"07:21:00";"119";"Acidente c";"220";"BR-116/SP";"Pista Sul";"Abalroamento longitudinal";0;1;0;0;0;0;0;0;1;0;1;1;0;0;0
"21/08/2023";"07:59:00";"148";"Acidente s";"142.5";"BR-116/SP";"Pista Norte";"Engavetamento";0;0;0;0;0;1;0;0;3;0;4;0;0;0;0
"21/08/2023";"08:26:00";"167";"Acidente c";"528";"BR-101/RJ";"Pista Sul";"Abalroamento longitudinal";0;1;0;0;0;0;0;0;1;0;1;1;0;0;0
"21/08/2023";"09:06:00";"194";"Acidente s";"221.8";"BR-116/SP";"Pista Sul";"Abalroamento longitudinal";0;0;0;0;0;0;0;0;1;1;2;0;0;0;0
"21/08/2023";"09:20:00";"212";"Acidente s";"154.2";"BR-116/SP";"Pista Sul";"Engavetamento";1;0;0;0;0;0;0;0;2;0;4;0;0;0;0
"21/08/2023";"10:07:00";"240";"Acidente c";"71";"BR-116/SP";"Pista Sul";"Abalroamento longitudinal";1;1;0;0;0;0;0;0;0;0;1;1;0;0;0
"21/08/2023";"11:40:00";"301";"Acidente s";"134.9";"BR-116/SP";"Pista Norte";"Colisão traseira";0;0;0;0;0;0;0;0;1;1;2;0;0;0;0
"21/08/2023";"01:12:00";"344";"Acidente c";"201";"BR-116/SP";"Pista Norte";"Queda de moto";0;1;0;0;0;0;0;0;0;0;0;0;1;0;0
"21/08/2023";"01:14:00";"346";"Acidente s";"7.7";"BR-116/SP";"Pista Norte";"Colisão traseira";0;0;0;0;0;0;1;0;1;0;0;0;0;0;0
"21/08/2023";"01:45:00";"359";"Acidente s";"115.3";"BR-116/SP";"Pista Norte";"Colisão traseira";1;0;0;0;0;0;0;0;1;0;2;0;0;0;0
"21/08/2023";"02:44:00";"395";"Acidente c";"45.8";"BR-116/SP";"Pista Norte";"Queda de moto";0;1;0;0;0;0;0;0;0;0;0;0;1;0;0
"21/08/2023";"03:08:00";"410";"Acidente s";"98.8";"BR-116/SP";"Pista Sul";"Tombamento";1;0;0;0;0;0;0;0;0;0;1;0;0;0;0
"21/08/2023";"03:13:00";"414";"Acidente s";"5.6";"BR-116/SP";"Pista Sul";"Choque em objeto fixo";0;0;0;0;0;0;0;0;1;0;3;0;0;0;0
"21/08/2023";"04:31:00";"451";"Acidente s";"302.8";"BR-116/RJ";"Pista Sul";"Engavetamento";1;0;0;0;0;0;0;0;1;1;3;0;0;0;0
"21/08/2023";"05:09:00";"462";"Acidente c";"223";"BR-116/SP";"Pista Sul";"Abalroamento longitudinal";0;1;0;0;0;0;0;0;0;1;1;1;0;0;0
"21/08/2023";"06:01:00";"494";"Acidente c";"142.4";"BR-116/SP";"Pista Norte";"Queda de moto";0;1;0;0;0;0;0;0;0;0;0;1;0;0;0
"21/08/2023";"06:12:00";"499";"Acidente s";"296";"BR-116/RJ";"Pista Norte";"Colisão traseira";2;0;0;0;0;0;0;0;0;0;2;0;0;0;0
"21/08/2023";"06:17:00";"500";"Acidente s";"148.7";"BR-116/SP";"Pista Norte";"Colisão traseira";0;0;0;0;0;0;0;0;2;0;2;0;0;0;0
"21/08/2023";"07:51:00";"538";"Acidente c";"278.8";"BR-116/RJ";"Pista Norte";"Abalroamento longitudinal";0;0;0;0;0;0;0;0;2;0;1;0;1;0;0
"21/08/2023";"07:58:00";"541";"Acidente c";"399";"BR-101/RJ";"Pista Sul";"Queda de moto";0;1;0;0;0;0;0;0;0;0;0;1;1;0;0
"21/08/2023";"10:45:00";"587";"Acidente c";"148.55";"BR-116/SP";"Pista Norte";"Queda de moto";0;1;0;0;0;0;0;0;0;0;0;1;1;0;0
"21/08/2023";"11:13:00";"593";"Acidente c";"142.3";"BR-116/SP";"Pista Sul";"Engavetamento";1;0;0;0;0;0;0;0;2;0;2;0;1;0;0
"22/08/2023";"05:19:00";"63";"Acidente c";"258.5";"BR-116/RJ";"Pista Norte";"Colisão traseira";2;0;0;0;0;0;0;0;0;0;0;2;0;0;0
"22/08/2023";"07:04:00";"108";"Acidente c";"284.7";"BR-116/RJ";"Pista Sul";"Abalroamento longitudinal";1;0;0;0;0;0;0;0;1;0;1;1;0;0;0
"22/08/2023";"07:14:00";"114";"Acidente c";"112.8";"BR-116/SP";"Pista Sul";"Colisão traseira";0;0;0;0;0;0;0;0;1;1;1;0;1;0;0
"22/08/2023";"07:40:00";"130";"Acidente s";"111.6";"BR-116/SP";"Pista Sul";"Colisão traseira";2;0;0;0;0;0;0;0;0;0;2;0;0;0;0
"22/08/2023";"07:43:00";"133";"Acidente s";"221";"BR-116/SP";"Pista Norte";"Engavetamento";0;0;0;0;0;0;0;0;2;1;3;0;0;0;0
"22/08/2023";"07:47:00";"134";"Acidente s";"155.1";"BR-116/SP";"Pista Sul";"Colisão traseira";0;0;0;0;0;0;0;0;2;0;2;0;0;0;0
"22/08/2023";"07:56:00";"142";"Acidente s";"112.5";"BR-116/SP";"Pista Sul";"Colisão traseira";1;0;0;0;0;0;0;0;1;0;3;0;0;0;0
"22/08/2023";"10:12:00";"223";"Acidente s";"157.6";"BR-116/SP";"Pista Sul";"Engavetamento";0;0;0;0;0;0;0;0;3;0;3;0;0;0;0
"22/08/2023";"01:53:00";"312";"Acidente c";"479";"BR-101/RJ";"Pista Norte";"Queda de moto";0;1;0;0;0;0;0;0;0;0;0;2;0;0;0
"22/08/2023";"03:47:00";"367";"Acidente s";"124.1";"BR-116/SP";"Pista Norte";"Colisão traseira";0;0;0;0;0;0;0;0;1;1;3;0;0;0;0
"22/08/2023";"06:37:00";"448";"Atropelame";"34.7";"BR-101/SP";"Pista Norte";"Atropelamento de pedestre atravessando";1;0;0;0;0;0;0;0;0;0;2;0;0;0;1
"22/08/2023";"09:10:00";"507";"Acidente s";"403";"BR-101/RJ";"Pista Sul";"Choque em barreira New Jersey";0;0;0;0;0;0;0;0;1;0;1;0;0;0;0
"22/08/2023";"09:37:00";"513";"Acidente c";"208";"BR-116/SP";"Pista Norte";"Queda de moto";0;1;0;0;0;0;0;0;0;0;0;1;0;0;0
"23/08/2023";"12:18:00";"24";"Acidente s";"301.8";"BR-116/RJ";"Pista Sul";"Colisão traseira";2;0;0;0;0;0;0;0;0;0;2;0;0;0;0
"23/08/2023";"03:45:00";"60";"Acidente s";"279.5";"BR-116/RJ";"Pista Sul";"Choque em defensa";1;0;0;0;0;0;0;0;0;0;1;0;0;0;0
"23/08/2023";"05:27:00";"71";"Acidente c";"14";"BR-116/SP";"Pista Sul";"Atropelamento de animal";0;0;0;0;0;0;0;0;1;0;0;0;0;2;0
"23/08/2023";"06:46:00";"100";"Acidente c";"213.1";"BR-116/SP";"Pista Sul";"Queda de moto";0;1;0;0;0;0;0;0;0;0;0;2;0;0;0
"23/08/2023";"07:23:00";"130";"Acidente c";"145";"BR-116/SP";"Pista Sul";"Abalroamento longitudinal";1;1;0;0;0;0;0;0;0;1;2;1;0;0;0
"23/08/2023";"07:42:00";"142";"Acidente s";"112.7";"BR-116/SP";"Pista Norte";"Engavetamento";0;0;0;0;0;0;0;0;2;1;1;0;0;0;0
"23/08/2023";"08:03:00";"160";"Acidente c";"316.9";"BR-116/RJ";"Pista Norte";"Abalroamento longitudinal";0;1;0;0;0;0;0;0;1;0;1;1;0;0;0
"23/08/2023";"08:06:00";"162";"Acidente s";"221";"BR-116/SP";"Pista Sul";"Abalroamento longitudinal";1;0;0;1;0;0;0;0;0;0;3;0;0;0;0
"23/08/2023";"08:07:00";"164";"Acidente s";"223";"BR-116/SP";"Pista Sul";"Colisão traseira";0;0;0;0;0;0;0;0;2;0;2;0;0;0;0
"23/08/2023";"10:22:00";"236";"Acidente c";"228.8";"BR-116/SP";"Pista Sul";"Abalroamento longitudinal";1;1;0;0;0;0;0;0;0;0;1;0;1;0;0
"23/08/2023";"04:55:00";"429";"Acidente c";"113.3";"BR-116/SP";"Pista Norte";"Engavetamento";0;0;0;0;0;0;0;0;3;0;2;2;0;0;0
"23/08/2023";"05:19:00";"442";"Acidente s";"113.3";"BR-116/SP";"Pista Norte";"Colisão traseira";1;0;0;0;0;0;0;0;1;0;3;0;0;0;0
"23/08/2023";"06:40:00";"498";"Acidente s";"220";"BR-116/SP";"Pista Norte";"Abalroamento longitudinal";1;0;0;0;0;0;0;0;1;0;2;0;0;0;0
"23/08/2023";"07:00:00";"507";"Acidente c";"229";"BR-116/SP";"Pista Norte";"Abalroamento longitudinal";1;1;0;0;0;0;0;0;0;0;1;1;0;0;0
"23/08/2023";"07:13:00";"516";"Acidente s";"207";"BR-116/SP";"Pista Sul";"Engavetamento";0;0;0;0;0;0;0;0;3;0;6;0;0;0;0
"23/08/2023";"09:51:00";"575";"Acidente s";"228";"BR-116/SP";"Pista Sul";"Colisão traseira";0;0;0;0;0;0;0;0;2;0;3;0;0;0;0
"23/08/2023";"11:32:00";"599";"Acidente s";"38.4";"BR-116/SP";"Pista Norte";"Choque em barreira New Jersey";1;0;0;0;0;0;0;0;0;0;1;0;0;0;0
"24/08/2023";"12:12:00";"20";"Acidente s";"384.5";"BR-101/RJ";"Pista Norte";"Choque em objeto fixo";0;0;0;0;0;0;0;0;1;0;1;0;0;0;0
"24/08/2023";"12:34:00";"26";"Acidente c";"149.5";"BR-116/SP";"Pista Norte";"Colisão traseira";0;0;0;0;0;0;0;0;1;1;1;1;0;0;0
"24/08/2023";"01:50:00";"40";"Acidente c";"61.4";"BR-116/SP";"Pista Sul";"Choque em defensa";1;0;0;0;0;0;0;0;0;0;0;1;0;0;0
"24/08/2023";"06:27:00";"94";"Acidente s";"323.4";"BR-116/RJ";"Pista Sul";"Abalroamento longitudinal";0;0;0;0;0;0;0;0;2;0;2;0;0;0;0
"24/08/2023";"06:30:00";"96";"Acidente s";"213.9";"BR-116/SP";"Pista Sul";"Abalroamento longitudinal";1;0;0;0;0;0;0;0;1;0;5;0;0;0;0
"24/08/2023";"07:06:00";"122";"Acidente c";"219.1";"BR-116/SP";"Pista Sul";"Abalroamento longitudinal";0;1;0;0;0;0;0;0;1;0;1;1;0;0;0
"24/08/2023";"08:20:00";"194";"Acidente s";"219";"BR-116/RJ";"Pista Norte";"Colisão traseira";1;0;0;0;0;0;0;0;1;0;2;0;0;0;0
"24/08/2023";"09:50:00";"260";"Acidente s";"303";"BR-116/RJ";"Pista Norte";"Abalroamento longitudinal";1;0;0;0;0;0;0;0;1;0;2;0;0;0;0
"24/08/2023";"12:29:00";"365";"Acidente s";"221.7";"BR-116/SP";"Pista Norte";"Engavetamento";0;0;0;0;0;2;0;0;1;0;6;0;0;0;0
"24/08/2023";"02:29:00";"445";"Acidente s";"40.8";"BR-101/SP";"Pista Norte";"Choque Talude";0;0;0;0;0;0;0;0;1;0;1;0;0;0;0
"24/08/2023";"03:37:00";"483";"Acidente s";"110.3";"BR-116/SP";"Pista Norte";"Abalroamento longitudinal";0;0;0;0;0;0;0;0;2;0;2;0;0;0;0
"24/08/2023";"03:56:00";"497";"Acidente c";"508";"BR-101/RJ";"Pista Sul";"Engavetamento";0;2;1;0;0;0;0;0;1;1;2;1;1;0;0
"24/08/2023";"04:27:00";"513";"Acidente c";"225";"BR-116/SP";"Pista Norte";"Colisão traseira";0;1;0;0;0;0;0;0;0;1;2;1;0;0;0
"24/08/2023";"04:35:00";"515";"Acidente s";"229";"BR-116/SP";"Pista Norte";"Colisão traseira";1;0;0;0;0;0;1;0;0;0;2;0;0;0;0
"24/08/2023";"04:42:00";"522";"Acidente s";"192.5";"BR-116/SP";"Pista Sul";"Choque em barreira New Jersey";0;0;0;0;0;0;1;0;0;0;1;0;0;0;0
"24/08/2023";"05:09:00";"540";"Acidente c";"471.7";"BR-101/RJ";"Pista Norte";"Abalroamento longitudinal";0;1;0;0;0;0;0;0;1;0;1;1;0;0;0
"24/08/2023";"06:19:00";"579";"Acidente s";"301.5";"BR-116/RJ";"Pista Norte";"Colisão traseira";1;0;0;0;0;0;0;0;1;0;2;0;0;0;0
"24/08/2023";"06:22:00";"580";"Acidente s";"111.1";"BR-116/SP";"Pista Sul";"Choque em barreira New Jersey";0;0;0;0;0;0;0;0;1;0;1;0;0;0;0
"24/08/2023";"06:44:00";"598";"Atropelame";"310.9";"BR-116/RJ";"Pista Sul";"Atropelamento de pedestre atravessando";0;0;1;0;0;0;0;0;0;1;1;0;1;0;0
"24/08/2023";"06:51:00";"601";"Acidente s";"147.28";"BR-116/SP";"Pista Sul";"Engavetamento";0;0;0;0;0;0;0;0;2;1;4;0;0;0;0
"24/08/2023";"06:51:00";"602";"Acidente s";"320";"BR-116/RJ";"Pista Sul";"Colisão traseira";1;0;0;0;0;0;0;0;1;0;3;0;0;0;0
"24/08/2023";"07:00:00";"608";"Acidente c";"215.5";"BR-116/SP";"Pista Norte";"Abalroamento longitudinal";0;1;0;0;0;0;0;0;1;0;2;1;0;0;0
"24/08/2023";"07:01:00";"611";"Acidente c";"12.3";"BR-116/SP";"Pista Sul";"Queda de ribanceira";1;0;0;0;0;0;0;0;0;0;0;0;1;0;0
"24/08/2023";"09:35:00";"667";"Acidente c";"187.2";"BR-116/SP";"Pista Norte";"Choque em defensa";0;0;0;0;0;0;0;0;1;0;0;1;0;0;0
"24/08/2023";"10:30:00";"689";"Acidente c";"218.2";"BR-116/SP";"Pista Norte";"Queda de moto";0;1;0;0;0;0;0;0;0;0;1;1;0;0;0
"24/08/2023";"11:23:00";"706";"Acidente s";"24.4";"BR-116/SP";"Pista Norte";"Abalroamento longitudinal";0;0;0;0;0;0;0;0;1;1;1;0;0;0;0
"24/08/2023";"11:30:00";"710";"Acidente s";"215.8";"BR-116/RJ";"Pista Norte";"Colisão traseira";2;0;0;0;0;0;0;0;0;0;2;0;0;0;0
"25/08/2023";"04:25:00";"67";"Acidente s";"199";"BR-116/SP";"Pista Sul";"Colisão traseira";1;0;0;0;0;0;0;0;1;0;2;0;0;0;0
"25/08/2023";"06:26:00";"93";"Acidente c";"207";"BR-116/SP";"Pista Sul";"Colisão traseira";0;0;0;0;0;0;0;0;2;0;1;1;0;0;0
"25/08/2023";"06:57:00";"117";"Acidente s";"129";"BR-116/SP";"Pista Norte";"Abalroamento longitudinal";1;0;0;0;0;0;0;0;0;1;2;0;0;0;0
"25/08/2023";"07:59:00";"179";"Acidente s";"259.9";"BR-116/RJ";"Pista Sul";"Abalroamento longitudinal";0;0;0;0;0;0;0;0;1;1;3;0;0;0;0
"25/08/2023";"08:21:00";"202";"Acidente c";"134.45";"BR-116/SP";"Pista Sul";"Colisão traseira";0;0;0;0;0;0;0;0;3;0;2;3;0;0;0
"25/08/2023";"10:45:00";"288";"Acidente s";"582.5";"BR-101/RJ";"Pista Sul";"Abalroamento longitudinal";0;0;0;0;0;0;0;0;1;1;2;0;0;0;0
"25/08/2023";"12:19:00";"338";"Acidente s";"155.55";"BR-116/SP";"Pista Sul";"Engavetamento";3;0;0;0;0;0;0;0;0;0;4;0;0;0;0
"25/08/2023";"01:21:00";"371";"Acidente s";"312";"BR-116/RJ";"Pista Sul";"Abalroamento longitudinal";1;0;0;0;0;0;1;0;0;0;13;0;0;0;0
"25/08/2023";"01:28:00";"375";"Acidente s";"184.5";"BR-116/SP";"Pista Sul";"Choque em objeto fixo";1;0;0;0;0;0;0;0;0;0;1;0;0;0;0
"25/08/2023";"02:41:00";"419";"Acidente s";"229";"BR-116/SP";"Pista Sul";"Engavetamento";0;0;0;0;0;0;0;0;1;2;6;0;0;0;0
"25/08/2023";"04:48:00";"481";"Acidente s";"437.4";"BR-101/RJ";"Pista Sul";"Choque em objeto fixo";0;0;0;0;0;0;0;0;1;0;1;0;0;0;0
"25/08/2023";"05:09:00";"490";"Acidente s";"150.3";"BR-116/SP";"Pista Norte";"Colisão traseira";0;0;0;0;0;0;2;0;0;0;2;0;0;0;0