data;horario;n_da_ocorrencia;tipo_de_ocorrencia;km;trecho;sentido;tipo_de_acidente;automovel;bicicleta;caminhao;moto;onibus;outros;tracao_animal;transporte_de_cargas_especiais;trator_maquinas;utilitarios;ilesos;levemente_feridos;moderadamente_feridos;gravemente_feridos;mortos
"25/08/2023";"05:35:00";"505";"Acidente s";"120.7";"BR-116/SP";"Pista Sul";"Choque em objeto na pista";0;0;0;0;0;0;0;0;2;0;7;0;0;0;0
"25/08/2023";"05:45:00";"508";"Acidente c";"400.6";"BR-101/RJ";"Pista Norte";"Choque em barreira New Jersey";0;0;0;1;0;0;0;0;1;0;4;0;1;0;0
"25/08/2023";"06:07:00";"527";"Acidente s";"104.75";"BR-116/SP";"Pista Sul";"Engavetamento";0;0;0;0;0;0;0;0;2;1;6;0;0;0;0
"25/08/2023";"06:25:00";"538";"Acidente c";"418";"BR-101/RJ";"Pista Norte";"Colisão frontal";0;0;0;0;0;0;0;0;3;0;2;0;1;0;0
"25/08/2023";"06:27:00";"539";"Acidente c";"205.1";"BR-116/SP";"Pista Sul";"Colisão traseira";1;0;0;0;0;0;0;0;1;0;1;1;0;0;0
"25/08/2023";"06:30:00";"541";"Acidente c";"486";"BR-101/RJ";"Pista Norte";"Queda de moto";0;1;0;0;0;0;0;0;0;0;0;0;1;0;0
"25/08/2023";"06:30:00";"542";"Acidente s";"73.6";"BR-116/SP";"Pista Norte";"Choque em barreira New Jersey";0;0;0;0;0;0;0;0;1;0;2;0;0;0;0
"25/08/2023";"07:05:00";"560";"Acidente s";"109.2";"BR-116/SP";"Pista Sul";"Colisão traseira";0;0;0;0;0;0;0;0;1;1;2;0;0;0;0
"25/08/2023";"09:05:00";"609";"Acidente s";"187.1";"BR-116/SP";"Pista Norte";"Choque em barreira New Jersey";0;0;0;0;0;0;0;0;1;0;1;0;0;0;0
"25/08/2023";"10:50:00";"644";"Acidente c";"308.4";"BR-116/RJ";"Pista Sul";"Colisão traseira";1;1;0;0;0;0;0;0;0;0;1;0;0;0;1
"25/08/2023";"11:13:00";"650";"Acidente c";"220";"BR-116/SP";"Pista Sul";"Choque em barreira New Jersey";1;0;0;0;0;0;0;0;0;0;0;0;1;0;0
"25/08/2023";"11:31:00";"657";"Acidente s";"214.5";"BR-116/SP";"Pista Sul";"Choque em barreira New Jersey";0;0;0;0;0;0;0;0;1;0;2;0;0;0;0
"26/08/2023";"01:11:00";"34";"Atropelame";"222.5";"BR-116/SP";"Pista Sul";"Atropelamento de pedestre caminhando";0;0;0;1;0;0;0;0;0;0;31;0;1;0;0
"26/08/2023";"01:42:00";"38";"Atropelame";"222.5";"BR-116/SP";"Pista Sul";"Atropelamento de pedestre caminhando";0;0;0;0;0;0;0;0;0;1;1;0;1;0;0
"26/08/2023";"03:01:00";"57";"Acidente s";"490";"BR-101/RJ";"Pista Sul";"Choque em objeto fixo";0;0;0;0;0;1;0;0;0;0;1;0;0;0;0
"26/08/2023";"04:22:00";"70";"Acidente s";"217.9";"BR-116/SP";"Pista Norte";"Tombamento";1;0;0;0;0;0;0;0;0;0;3;0;0;0;0
"26/08/2023";"06:04:00";"84";"Acidente c";"314";"BR-116/RJ";"Pista Norte";"Abalroamento longitudinal";0;0;0;0;0;0;0;0;2;0;1;0;1;0;0
"26/08/2023";"06:46:00";"99";"Acidente c";"71.3";"BR-116/SP";"Pista Norte";"Queda de ribanceira";0;0;0;0;0;0;0;0;1;0;0;1;0;0;0
"26/08/2023";"06:50:00";"102";"Acidente s";"275";"BR-116/RJ";"Pista Sul";"Engavetamento";1;1;0;0;0;0;0;0;1;0;5;0;0;0;0
"26/08/2023";"08:05:00";"138";"Acidente s";"26";"BR-116/SP";"Pista Sul";"Choque em objeto fixo";0;0;0;0;0;0;0;0;1;0;3;0;0;0;0
"26/08/2023";"08:18:00";"146";"Acidente s";"182.3";"BR-116/SP";"Pista Norte";"Colisão traseira";0;0;0;0;0;0;0;0;2;0;2;0;0;0;0
"26/08/2023";"08:24:00";"148";"Acidente s";"269";"BR-116/RJ";"Pista Sul";"Colisão traseira";0;0;0;0;0;0;0;0;2;0;5;0;0;0;0
"26/08/2023";"08:27:00";"149";"Acidente s";"415";"BR-101/RJ";"Pista Sul";"Capotamento";0;0;0;0;0;0;1;0;0;0;1;0;0;0;0
"26/08/2023";"08:50:00";"152";"Acidente s";"26";"BR-116/SP";"Pista Sul";"Capotamento";0;0;0;0;0;0;0;0;1;0;2;0;0;0;0
"26/08/2023";"08:56:00";"157";"Acidente c";"234";"BR-116/RJ";"Pista Norte";"Choque em barreira New Jersey";0;0;0;0;0;0;0;0;1;0;0;2;0;0;0
"26/08/2023";"08:58:00";"158";"Acidente s";"146.4";"BR-116/SP";"Pista Norte";"Colisão traseira";0;0;0;1;0;0;1;0;0;0;11;0;0;0;0
"26/08/2023";"09:16:00";"165";"Acidente s";"515";"BR-101/RJ";"Pista Sul";"Choque em objeto fixo";0;0;0;0;0;0;0;0;1;0;1;0;0;0;0
"26/08/2023";"09:44:00";"175";"Acidente s";"26";"BR-116/SP";"Pista Sul";"Choque em barreira New Jersey";0;0;0;0;0;0;0;0;1;0;0;0;0;0;0
"26/08/2023";"09:46:00";"176";"Acidente s";"235.5";"BR-116/RJ";"Pista Norte";"Choque em barreira New Jersey";0;0;0;0;0;0;0;0;1;0;2;0;0;0;0
"26/08/2023";"10:27:00";"202";"Acidente c";"246.5";"BR-116/RJ";"Pista Sul";"Choque em barreira New Jersey";0;0;0;0;0;0;0;0;1;0;0;1;0;0;0
"26/08/2023";"11:50:00";"235";"Acidente s";"225.9";"BR-116/RJ";"Pista Sul";"Choque em objeto fixo";0;0;0;0;0;0;0;0;1;0;2;0;0;0;0
"26/08/2023";"12:09:00";"241";"Acidente s";"496";"BR-101/RJ";"Pista Sul";"Choque em defensa";0;0;0;0;0;0;0;0;1;0;1;0;0;0;0
"26/08/2023";"02:33:00";"290";"Acidente s";"213";"BR-116/SP";"Pista Sul";"Colisão traseira";0;0;0;0;0;0;0;0;2;0;2;0;0;0;0
"26/08/2023";"03:30:00";"306";"Acidente s";"308";"BR-116/RJ";"Pista Norte";"Atropelamento de animal";0;0;0;0;0;0;0;0;1;0;4;0;0;0;0
"26/08/2023";"03:35:00";"308";"Acidente c";"529";"BR-101/RJ";"Pista Sul";"Capotamento";0;0;0;0;0;0;0;0;1;0;2;1;0;0;0
"26/08/2023";"04:00:00";"320";"Acidente s";"234.2";"BR-116/RJ";"Pista Norte";"Choque em defensa";0;0;0;0;0;0;0;0;1;0;5;0;0;0;0
"26/08/2023";"04:54:00";"337";"Acidente s";"442";"BR-101/RJ";"Pista Sul";"Choque em objeto fixo";0;0;0;0;0;0;0;0;1;0;4;0;0;0;0
"26/08/2023";"07:35:00";"381";"Acidente s";"218.7";"BR-116/SP";"Pista Norte";"Choque em objeto na pista";0;0;0;0;0;0;0;0;1;0;2;0;0;0;0
"26/08/2023";"07:43:00";"384";"Acidente s";"148";"BR-116/SP";"Pista Norte";"Engavetamento";0;0;0;0;0;0;0;0;1;3;4;0;0;0;0
"26/08/2023";"08:07:00";"395";"Atropelame";"112.3";"BR-116/SP";"Pista Sul";"Atropelamento de pedestre caminhando";0;0;0;0;0;0;0;0;1;0;1;1;0;0;0
"26/08/2023";"08:18:00";"398";"Acidente s";"495";"BR-101/RJ";"Pista Norte";"Choque em objeto fixo";0;0;0;0;0;0;0;0;1;0;1;0;0;0;0
"26/08/2023";"11:33:00";"424";"Acidente s";"322.8";"BR-116/RJ";"Pista Norte";"Abalroamento longitudinal";0;0;0;0;0;0;0;0;2;0;2;0;0;0;0
"27/08/2023";"01:46:00";"24";"Acidente s";"322.2";"BR-116/RJ";"Pista Sul";"Choque em objeto fixo";0;0;0;0;0;0;0;0;1;0;1;0;0;0;0
"27/08/2023";"03:48:00";"43";"Acidente c";"76";"BR-116/SP";"Pista Sul";"Queda de moto";0;1;0;0;0;0;0;0;0;0;0;1;1;0;0
"27/08/2023";"03:54:00";"46";"Acidente s";"238";"BR-116/RJ";"Pista Sul";"Choque em defensa";1;0;0;0;0;0;0;0;0;0;1;0;0;0;0
"27/08/2023";"04:22:00";"52";"Acidente s";"182";"BR-116/SP";"Pista Sul";"Atropelamento de animal";1;0;0;0;0;0;0;0;0;0;1;0;0;0;0
"27/08/2023";"04:27:00";"53";"Acidente s";"298";"BR-116/RJ";"Pista Norte";"Choque em objeto fixo";0;0;0;0;0;0;0;0;1;0;1;0;0;0;0
"27/08/2023";"04:30:00";"55";"Acidente s";"186.2";"BR-116/SP";"Pista Sul";"Atropelamento de animal";0;0;0;0;0;0;0;0;1;0;1;0;0;0;0
"27/08/2023";"06:01:00";"64";"Acidente s";"94";"BR-116/SP";"Pista Sul";"Colisão traseira";0;0;0;1;0;0;0;0;1;0;36;0;0;0;0
"27/08/2023";"06:51:00";"77";"Acidente s";"291";"BR-116/RJ";"Pista Norte";"Choque Talude";0;0;0;0;0;0;0;0;1;0;1;0;0;0;0
"27/08/2023";"06:52:00";"78";"Acidente s";"226";"BR-116/RJ";"Pista Sul";"Choque em defensa";0;0;0;0;0;0;0;0;1;0;1;0;0;0;0
"27/08/2023";"08:10:00";"106";"Acidente s";"226.3";"BR-116/RJ";"Pista Sul";"Choque em barreira New Jersey";0;0;0;0;0;0;0;0;1;0;1;0;0;0;0
"27/08/2023";"08:12:00";"108";"Acidente s";"133.9";"BR-116/SP";"Pista Norte";"Choque em barreira New Jersey";0;0;0;0;0;0;0;0;1;0;1;0;0;0;0
"27/08/2023";"08:39:00";"118";"Acidente s";"387";"BR-101/RJ";"Pista Norte";"Colisão traseira";0;0;0;0;0;0;0;0;2;0;2;0;0;0;0
"27/08/2023";"09:23:00";"133";"Acidente s";"50.6";"BR-101/SP";"Pista Sul";"Colisão traseira";0;0;0;0;0;0;0;0;2;0;2;0;0;0;0
"27/08/2023";"10:03:00";"149";"Acidente c";"246.2";"BR-116/RJ";"Pista Sul";"Choque em defensa";0;0;0;0;0;0;0;0;1;0;0;1;1;0;0
"27/08/2023";"10:15:00";"155";"Acidente s";"233.3";"BR-116/RJ";"Pista Sul";"Choque em objeto fixo";0;0;0;0;0;0;0;0;1;0;2;0;0;0;0
"27/08/2023";"10:32:00";"157";"Acidente c";"202";"BR-116/SP";"Pista Sul";"Choque em objeto fixo";0;0;0;0;0;0;0;0;1;0;0;0;1;0;0
"27/08/2023";"10:33:00";"159";"Acidente s";"236";"BR-116/RJ";"Pista Norte";"Choque em barreira New Jersey";0;0;0;0;0;0;0;0;1;0;2;0;0;0;0
"27/08/2023";"12:17:00";"189";"Acidente s";"234";"BR-116/RJ";"Pista Norte";"Choque em barreira New Jersey";0;0;0;0;0;0;0;0;1;0;2;0;0;0;0
"27/08/2023";"01:04:00";"204";"Acidente c";"155.5";"BR-116/SP";"Pista Norte";"Capotamento";0;0;0;0;0;0;0;0;1;0;2;1;0;0;0
"27/08/2023";"03:05:00";"250";"Acidente c";"191.6";"BR-116/SP";"Pista Norte";"Choque em barreira New Jersey";0;0;0;0;0;0;0;0;1;0;0;2;0;0;0
"27/08/2023";"03:07:00";"251";"Acidente s";"51.2";"BR-116/SP";"Pista Norte";"Choque em objeto na pista";1;0;0;0;0;0;0;0;1;0;4;0;0;0;0
"27/08/2023";"03:08:00";"252";"Acidente s";"96.9";"BR-116/SP";"Pista Sul";"Engavetamento";0;0;0;0;0;0;0;0;3;0;7;0;0;0;0
"27/08/2023";"03:19:00";"258";"Acidente c";"416.5";"BR-101/RJ";"Pista Sul";"Queda de moto";0;1;0;0;0;0;0;0;0;0;0;1;0;0;0
"27/08/2023";"03:45:00";"269";"Acidente s";"226.3";"BR-116/RJ";"Pista Sul";"Choque em defensa";0;0;0;0;0;0;0;0;1;0;1;0;0;0;0
"27/08/2023";"04:05:00";"276";"Acidente s";"191.6";"BR-116/SP";"Pista Norte";"Colisão traseira";0;0;0;0;0;0;0;0;2;0;4;0;0;0;0
"27/08/2023";"04:35:00";"288";"Acidente s";"231.5";"BR-116/RJ";"Pista Norte";"Choque em barreira New Jersey";0;0;0;0;0;0;0;0;1;0;2;0;0;0;0
"27/08/2023";"05:12:00";"296";"Acidente s";"227.6";"BR-116/RJ";"Pista Norte";"Choque em defensa";0;0;0;0;0;0;0;0;1;0;1;0;0;0;0
"27/08/2023";"05:37:00";"305";"Acidente s";"282.8";"BR-116/RJ";"Pista Norte";"Choque em objeto fixo";0;0;0;0;0;0;0;0;1;0;1;0;0;0;0
"27/08/2023";"06:11:00";"324";"Acidente s";"160";"BR-116/SP";"Pista Norte";"Colisão traseira";0;0;0;0;0;0;0;0;2;0;8;0;0;0;0
"27/08/2023";"06:26:00";"327";"Acidente c";"162";"BR-116/SP";"Pista Norte";"Colisão traseira";0;1;0;0;0;0;0;0;0;1;1;1;0;0;0
"27/08/2023";"06:31:00";"331";"Acidente c";"413";"BR-101/RJ";"Pista Norte";"Colisão traseira";0;0;0;1;0;0;0;0;1;0;11;0;1;0;0
"27/08/2023";"06:31:00";"329";"Acidente c";"219";"BR-116/SP";"Pista Norte";"Colisão traseira";0;0;0;0;0;0;0;0;2;0;2;2;0;0;0
"27/08/2023";"06:32:00";"332";"Acidente c";"159.4";"BR-116/SP";"Pista Norte";"Engavetamento";0;1;0;0;0;0;0;0;3;0;7;3;0;0;0
"27/08/2023";"06:52:00";"342";"Acidente s";"231.4";"BR-116/RJ";"Pista Sul";"Choque em objeto fixo";0;0;0;0;0;0;0;0;1;0;3;0;0;0;0
"27/08/2023";"06:53:00";"343";"Acidente c";"542";"BR-101/RJ";"Pista Sul";"Queda de ribanceira";0;0;0;0;0;0;0;0;1;0;0;1;0;0;0
"27/08/2023";"07:16:00";"352";"Acidente s";"130";"BR-116/SP";"Pista Norte";"Choque em objeto fixo";0;0;0;0;0;0;0;0;1;0;2;0;0;0;0
"27/08/2023";"08:41:00";"373";"Acidente c";"218.8";"BR-116/SP";"Pista Norte";"Colisão traseira";0;1;0;0;0;0;0;0;0;1;1;1;0;0;0
"27/08/2023";"08:47:00";"377";"Acidente s";"497";"BR-101/RJ";"Pista Norte";"Queda de ribanceira";0;0;0;0;0;0;0;0;1;0;1;0;0;0;0
"27/08/2023";"10:04:00";"397";"Acidente s";"12.5";"BR-116/SP";"Pista Sul";"Atropelamento de animal";0;0;0;0;0;0;0;0;1;0;3;0;0;0;0
"27/08/2023";"10:19:00";"398";"Acidente s";"519";"BR-101/RJ";"Pista Norte";"Choque em objeto fixo";0;0;0;0;0;0;0;0;1;0;1;0;0;0;0
"28/08/2023";"12:16:00";"20";"Acidente s";"384";"BR-101/RJ";"Pista Norte";"Abalroamento longitudinal";1;0;0;0;0;0;0;0;1;0;3;0;0;0;0
"28/08/2023";"03:15:00";"42";"Acidente s";"549";"BR-101/RJ";"Pista Norte";"Choque em objeto fixo";0;0;0;0;0;0;0;0;1;0;1;0;0;0;0
"28/08/2023";"05:25:00";"56";"Acidente c";"462.8";"BR-101/RJ";"Pista Norte";"Choque em objeto fixo";0;1;0;0;0;0;0;0;0;0;0;1;0;0;0
"28/08/2023";"05:39:00";"59";"Acidente s";"437";"BR-101/RJ";"Pista Norte";"Queda de ribanceira";0;0;0;0;0;0;0;0;1;0;1;0;0;0;0
"28/08/2023";"05:43:00";"62";"Acidente s";"58";"BR-116/SP";"Pista Sul";"Outros";0;0;0;0;0;0;0;0;1;1;2;0;0;0;0
"28/08/2023";"06:16:00";"73";"Acidente s";"40.7";"BR-101/SP";"Pista Sul";"Choque em objeto fixo";0;0;0;0;0;0;0;0;1;0;1;0;0;0;0
"28/08/2023";"06:16:00";"72";"Acidente s";"285";"BR-116/RJ";"Pista Sul";"Choque em objeto fixo";0;0;0;0;0;0;0;0;1;0;1;0;0;0;0
"28/08/2023";"06:30:00";"78";"Acidente c";"282";"BR-116/RJ";"Pista Sul";"Choque Talude";0;0;0;0;0;0;0;0;1;0;0;1;0;0;0
"28/08/2023";"07:09:00";"96";"Acidente s";"576";"BR-101/RJ";"Pista Norte";"Choque em objeto fixo";0;0;0;0;0;0;0;0;1;0;2;0;0;0;0
"28/08/2023";"07:10:00";"97";"Acidente c";"45";"BR-116/SP";"Pista Sul";"Queda de moto";1;1;0;0;0;0;0;0;0;0;1;0;1;1;0
"28/08/2023";"07:39:00";"114";"Acidente s";"99";"BR-116/SP";"Pista Norte";"Outros";0;0;0;0;0;0;0;0;1;0;1;0;0;0;0
"28/08/2023";"08:11:00";"126";"Acidente c";"298";"BR-116/RJ";"Pista Norte";"Queda de moto";0;1;0;0;0;0;0;0;0;0;0;0;1;0;0
"28/08/2023";"08:52:00";"145";"Acidente s";"228.05";"BR-116/SP";"Pista Sul";"Atropelamento de animal";0;0;0;0;0;0;0;0;1;0;1;0;0;0;0
"28/08/2023";"09:12:00";"157";"Acidente c";"274.9";"BR-116/RJ";"Pista Sul";"Choque em barreira New Jersey";0;0;0;0;0;0;0;0;1;0;0;1;1;0;0
"28/08/2023";"10:08:00";"192";"Acidente s";"223.4";"BR-116/RJ";"Pista Norte";"Choque em objeto fixo";0;0;0;0;0;0;0;0;1;0;1;0;0;0;0
"28/08/2023";"11:13:00";"223";"Acidente s";"232.9";"BR-116/RJ";"Pista Norte";"Queda de ribanceira";0;0;0;0;0;0;0;0;1;0;1;0;0;0;0
"28/08/2023";"11:14:00";"224";"Acidente s";"205";"BR-116/SP";"Pista Norte";"Choque em defensa";1;0;0;0;0;0;0;0;0;0;1;0;0;0;0
"28/08/2023";"12:55:00";"266";"Acidente c";"146.7";"BR-116/SP";"Pista Norte";"Colisão traseira";0;1;0;0;0;0;0;0;1;0;1;0;1;0;0
"28/08/2023";"02:08:00";"296";"Acidente s";"38.5";"BR-101/SP";"Pista Norte";"Choque em objeto fixo";0;0;0;0;0;0;0;0;1;0;2;0;0;0;0
"28/08/2023";"05:08:00";"378";"Acidente c";"34.8";"BR-116/SP";"Pista Norte";"Choque em defensa";0;0;0;0;0;0;0;0;1;0;0;1;1;0;0
"28/08/2023";"05:34:00";"394";"Acidente s";"14.4";"BR-116/SP";"Pista Sul";"Queda de ribanceira";0;0;0;0;0;0;0;0;1;0;1;0;0;0;0
"28/08/2023";"07:11:00";"437";"Acidente s";"484";"BR-101/RJ";"Pista Sul";"Colisão traseira";0;0;0;0;0;0;0;0;2;0;3;0;0;0;0
"28/08/2023";"07:24:00";"445";"Acidente s";"85.7";"BR-116/SP";"Pista Sul";"Colisão traseira";0;0;0;0;0;0;0;0;2;0;5;0;0;0;0
"28/08/2023";"07:48:00";"452";"Acidente s";"85.7";"BR-116/SP";"Pista Sul";"Queda de moto";0;1;0;0;0;0;0;0;0;0;1;0;0;0;0
"28/08/2023";"10:11:00";"516";"Acidente s";"27.9";"BR-116/SP";"Pista Sul";"Choque em objeto na pista";0;0;0;0;0;0;0;0;1;0;3;0;0;0;0
"28/08/2023";"11:37:00";"540";"Acidente s";"214";"BR-116/SP";"Pista Sul";"Choque em barreira New Jersey";0;0;0;0;0;0;0;0;1;0;1;0;0;0;0
"29/08/2023";"02:32:00";"39";"Acidente s";"77.4";"BR-116/SP";"Pista Sul";"Capotamento";0;0;0;0;0;0;0;0;1;0;1;0;0;0;0
"29/08/2023";"02:54:00";"42";"Acidente c";"211.2";"BR-116/SP";"Pista Norte";"Colisão traseira";2;0;0;0;0;0;0;0;0;0;1;1;0;0;0
"29/08/2023";"04:45:00";"54";"Acidente s";"211.1";"BR-116/SP";"Pista Norte";"Abalroamento longitudinal";0;0;0;0;0;0;0;0;1;1;2;0;0;0;0
"29/08/2023";"06:21:00";"72";"Acidente s";"231";"BR-116/SP";"Pista Sul";"Colisão traseira";1;0;0;0;0;0;0;0;1;0;2;0;0;0;0
"29/08/2023";"07:57:00";"135";"Acidente s";"159";"BR-116/SP";"Pista Norte";"Engavetamento";0;0;0;0;0;0;0;0;3;0;3;0;0;0;0
"29/08/2023";"01:42:00";"325";"Atropelame";"45.6";"BR-101/SP";"Pista Sul";"Atropelamento de pedestre atravessando";0;1;1;0;0;0;0;0;0;0;0;3;0;0;0
"29/08/2023";"02:23:00";"338";"Acidente s";"299";"BR-116/RJ";"Pista Norte";"Colisão traseira";2;0;0;0;0;0;0;0;0;0;2;0;0;0;0
"29/08/2023";"03:37:00";"378";"Acidente c";"53.4";"BR-116/SP";"Pista Sul";"Abalroamento longitudinal";1;0;0;0;0;0;0;0;1;0;4;0;0;1;0
"29/08/2023";"05:16:00";"438";"Acidente c";"110.5";"BR-116/SP";"Pista Norte";"Abalroamento longitudinal";0;1;0;0;0;0;0;0;1;1;2;0;1;0;0
"29/08/2023";"06:57:00";"495";"Acidente c";"162.1";"BR-116/SP";"Pista Norte";"Queda de moto";0;1;0;0;0;0;0;0;0;0;0;1;0;0;0
"29/08/2023";"11:06:00";"564";"Acidente s";"307.8";"BR-116/RJ";"Pista Sul";"Choque em objeto fixo";1;0;0;0;0;0;0;0;0;0;1;0;0;0;0
"30/08/2023";"12:23:00";"19";"Acidente s";"112.8";"BR-116/SP";"Pista Norte";"Colisão traseira";0;0;0;0;0;0;0;0;2;0;2;0;0;0;0
"30/08/2023";"01:21:00";"25";"Acidente s";"147.9";"BR-116/SP";"Pista Norte";"Capotamento";0;0;0;0;0;0;0;0;1;0;1;0;0;0;0
"30/08/2023";"05:47:00";"65";"Acidente c";"154";"BR-116/SP";"Pista Norte";"Queda de moto";0;1;0;0;0;0;0;0;0;0;0;0;1;0;0
"30/08/2023";"06:50:00";"99";"Acidente c";"279.8";"BR-116/RJ";"Pista Norte";"Abalroamento longitudinal";1;0;0;0;0;0;0;0;1;0;0;3;0;0;0
"30/08/2023";"10:33:00";"268";"Acidente s";"115.9";"BR-116/SP";"Pista Norte";"Engavetamento";0;0;0;0;0;0;1;0;3;0;5;0;0;0;0
"30/08/2023";"11:25:00";"294";"Acidente c";"461";"BR-101/RJ";"Pista Sul";"Choque em objeto fixo";0;0;0;0;0;0;0;0;1;0;0;1;0;0;0
"30/08/2023";"12:28:00";"321";"Acidente c";"227";"BR-116/SP";"Pista Norte";"Queda de moto";0;1;0;0;0;0;0;0;0;0;0;1;0;0;0
"30/08/2023";"01:22:00";"341";"Acidente c";"163";"BR-116/SP";"Pista Norte";"Queda de moto";0;1;0;0;0;0;0;0;0;0;0;1;0;0;0
"30/08/2023";"02:47:00";"379";"Acidente s";"108.2";"BR-116/SP";"Pista Norte";"Colisão traseira";2;0;0;0;0;0;0;0;0;0;2;0;0;0;0
"30/08/2023";"03:06:00";"393";"Acidente c";"142.2";"BR-116/SP";"Pista Norte";"Queda de moto";0;1;0;0;0;0;0;0;0;0;0;2;0;0;0
"30/08/2023";"04:57:00";"454";"Acidente s";"156.3";"BR-116/SP";"Pista Sul";"Engavetamento";0;0;0;0;0;0;0;0;3;0;3;0;0;0;0
"30/08/2023";"07:54:00";"548";"Acidente c";"215.5";"BR-116/SP";"Pista Norte";"Queda de moto";0;1;0;0;0;0;0;0;0;0;0;1;0;0;0
"30/08/2023";"09:55:00";"593";"Acidente c";"209.7";"BR-116/SP";"Pista Sul";"Queda de moto";1;1;0;0;0;0;0;0;0;0;2;1;0;0;0
"30/08/2023";"10:32:00";"602";"Acidente c";"57";"BR-116/SP";"Pista Sul";"Colisão traseira";0;0;0;0;0;0;0;0;2;0;3;1;1;0;0
"30/08/2023";"11:40:00";"621";"Acidente s";"597";"BR-101/RJ";"Pista Sul";"Choque em objeto fixo";0;0;0;0;0;0;0;0;1;0;1;0;0;0;0
"31/08/2023";"01:47:00";"35";"Acidente s";"144.1";"BR-116/SP";"Pista Norte";"Colisão traseira";1;0;0;0;0;0;0;0;1;0;3;0;0;0;0
"31/08/2023";"05:13:00";"74";"Acidente s";"212.1";"BR-116/SP";"Pista Sul";"Choque em barreira New Jersey";0;0;0;0;0;0;0;0;1;0;1;0;0;0;0
"31/08/2023";"05:37:00";"79";"Acidente s";"26";"BR-116/SP";"Pista Sul";"Colisão traseira";2;0;0;0;0;0;0;0;0;0;3;0;0;0;0
"31/08/2023";"07:01:00";"117";"Acidente s";"225";"BR-116/SP";"Pista Sul";"Engavetamento";0;0;0;0;0;0;0;0;1;2;3;0;0;0;0
"31/08/2023";"07:14:00";"136";"Acidente c";"213.5";"BR-116/SP";"Pista Sul";"Colisão traseira";1;1;0;0;0;0;0;0;0;0;1;0;1;0;0
"31/08/2023";"07:22:00";"140";"Acidente c";"223.4";"BR-116/SP";"Pista Sul";"Colisão traseira";0;1;0;0;0;0;0;0;1;0;2;1;0;0;0
"31/08/2023";"07:31:00";"149";"Acidente c";"230.3";"BR-116/SP";"Pista Norte";"Colisão traseira";0;1;0;0;0;0;1;0;0;0;3;1;0;0;0
"31/08/2023";"07:52:00";"164";"Acidente s";"258";"BR-116/RJ";"Pista Norte";"Engavetamento";1;0;0;0;0;0;0;0;2;0;3;0;0;0;0
"31/08/2023";"08:27:00";"187";"Acidente c";"58";"BR-116/SP";"Pista Sul";"Choque em barreira New Jersey";0;0;0;0;0;0;0;0;1;0;0;0;1;0;0
"31/08/2023";"08:30:00";"190";"Acidente c";"227.2";"BR-116/SP";"Pista Sul";"Queda de moto";0;1;0;0;0;0;0;0;0;0;0;0;0;1;0
"31/08/2023";"08:41:00";"196";"Acidente c";"219.3";"BR-116/SP";"Pista Sul";"Queda de moto";0;1;0;0;0;0;0;0;0;0;0;2;0;0;0
"31/08/2023";"09:42:00";"233";"Acidente s";"155";"BR-116/SP";"Pista Sul";"Colisão traseira";0;0;0;0;0;0;0;0;2;0;2;0;0;0;0
"31/08/2023";"02:00:00";"373";"Acidente c";"111.65";"BR-116/SP";"Pista Sul";"Abalroamento longitudinal";1;0;0;0;0;0;0;0;1;0;1;0;1;0;0
"31/08/2023";"04:06:00";"441";"Acidente s";"315.2";"BR-116/RJ";"Pista Sul";"Colisão traseira";1;0;0;0;0;0;0;0;1;0;2;0;0;0;0
"31/08/2023";"04:48:00";"463";"Acidente s";"218.2";"BR-116/SP";"Pista Norte";"Engavetamento";0;0;0;0;0;0;1;0;1;1;3;0;0;0;0
"31/08/2023";"06:32:00";"515";"Acidente s";"200.6";"BR-116/SP";"Pista Norte";"Atropelamento de animal";0;0;0;0;0;0;0;0;1;0;1;0;0;0;0
"31/08/2023";"08:11:00";"568";"Acidente s";"493";"BR-101/RJ";"Pista Norte";"Abalroamento longitudinal";0;0;0;0;0;1;0;0;1;0;3;0;0;0;0
"31/08/2023";"08:51:00";"582";"Acidente s";"286.9";"BR-116/RJ";"Pista Norte";"Abalroamento longitudinal";0;0;0;0;0;0;0;0;2;0;4;0;0;0;0
"01/09/2023";"02:27:00";"38";"Acidente c";"2.5";"BR-116/SP";"Pista Norte";"Queda de ribanceira";2;0;0;0;0;0;0;0;0;0;0;1;1;0;0
"01/09/2023";"02:52:00";"42";"Acidente s";"53";"BR-116/SP";"Pista Norte";"Outros";1;0;0;0;0;0;0;0;0;0;0;0;0;0;0
"01/09/2023";"06:58:00";"114";"Acidente c";"213.3";"BR-116/SP";"Pista Sul";"Colisão traseira";0;1;0;0;0;0;0;0;1;0;1;2;0;0;0
"01/09/2023";"07:26:00";"145";"Acidente c";"143";"BR-116/SP";"Pista Norte";"Engavetamento";1;0;0;0;0;0;0;0;3;0;3;1;0;0;0
"01/09/2023";"07:35:00";"153";"Acidente c";"296";"BR-116/RJ";"Pista Sul";"Choque em defensa";0;0;0;0;0;0;0;0;1;0;0;0;1;0;0
"01/09/2023";"08:44:00";"199";"Acidente c";"225.9";"BR-116/SP";"Pista Sul";"Colisão traseira";0;1;0;0;0;0;0;0;1;0;2;1;0;0;0
"01/09/2023";"08:47:00";"202";"Acidente c";"222.1";"BR-116/SP";"Pista Sul";"Queda de moto";0;1;0;0;0;0;0;0;0;0;0;1;0;0;0
"01/09/2023";"09:38:00";"232";"Acidente s";"275";"BR-116/RJ";"Pista Sul";"Colisão traseira";1;0;0;0;0;0;0;0;1;0;3;0;0;0;0