data;horario;n_da_ocorrencia;tipo_de_ocorrencia;km;trecho;sentido;tipo_de_acidente;automovel;bicicleta;caminhao;moto;onibus;outros;tracao_animal;transporte_de_cargas_especiais;trator_maquinas;utilitarios;ilesos;levemente_feridos;moderadamente_feridos;gravemente_feridos;mortos
"01/09/2023";"10:43:00";"275";"Acidente s";"110.6";"BR-116/SP";"Pista Norte";"Colisão traseira";1;0;0;0;0;0;0;0;1;0;6;0;0;0;0
"01/09/2023";"11:40:00";"299";"Acidente s";"473.8";"BR-101/RJ";"Pista Sul";"Colisão traseira";0;0;0;0;0;0;1;0;1;0;2;0;0;0;0
"01/09/2023";"12:52:00";"330";"Acidente c";"60";"BR-116/SP";"Pista Sul";"Choque em barreira New Jersey";0;0;0;0;0;0;0;0;1;0;0;0;1;0;0
"01/09/2023";"02:56:00";"392";"Acidente c";"477";"BR-101/RJ";"Pista Sul";"Engavetamento";0;0;0;0;0;0;0;0;3;0;4;0;1;0;0
"01/09/2023";"04:38:00";"454";"Acidente s";"142.1";"BR-116/SP";"Pista Norte";"Engavetamento";0;0;0;0;0;0;0;0;3;0;7;0;0;0;0
"01/09/2023";"05:37:00";"498";"Acidente c";"323";"BR-116/RJ";"Pista Norte";"Colisão frontal";0;2;0;0;0;0;0;0;1;0;0;3;0;1;0
"01/09/2023";"06:51:00";"535";"Acidente s";"223.3";"BR-116/SP";"Pista Norte";"Abalroamento longitudinal";1;0;0;0;0;0;0;0;1;0;2;0;0;0;0
"01/09/2023";"07:03:00";"539";"Acidente c";"39";"BR-116/SP";"Pista Sul";"Choque em barreira New Jersey";0;0;0;0;0;0;0;0;1;0;0;4;0;0;0
"01/09/2023";"07:58:00";"565";"Atropelame";"45.8";"BR-101/SP";"Pista Sul";"Atropelamento de pedestre atravessando";0;1;0;0;0;0;0;0;0;0;1;0;1;0;0
"01/09/2023";"08:18:00";"571";"Acidente c";"119.2";"BR-116/SP";"Pista Norte";"Capotamento";0;0;0;0;0;1;0;0;0;1;1;0;1;0;0
"01/09/2023";"09:01:00";"589";"Acidente s";"47.9";"BR-101/SP";"Pista Sul";"Colisão traseira";0;0;0;0;0;0;0;0;1;1;2;0;0;0;0
"01/09/2023";"09:16:00";"598";"Acidente c";"244.7";"BR-116/RJ";"Pista Sul";"Capotamento";0;0;0;0;0;0;0;0;1;0;0;2;0;0;0
"01/09/2023";"09:23:00";"601";"Acidente c";"219.1";"BR-116/SP";"Pista Sul";"Colisão frontal";0;1;0;0;0;0;0;0;1;0;2;1;0;0;0
"01/09/2023";"11:03:00";"629";"Acidente s";"145.3";"BR-116/SP";"Pista Norte";"Queda de moto";0;1;0;0;0;0;0;0;0;0;1;0;0;0;0
"02/09/2023";"04:56:00";"63";"Acidente c";"226";"BR-116/SP";"Pista Sul";"Queda de moto";0;1;0;0;0;0;0;0;0;0;0;1;0;0;0
"02/09/2023";"05:39:00";"75";"Acidente c";"146.2";"BR-116/SP";"Pista Sul";"Queda de moto";0;1;0;0;0;0;0;0;0;0;0;0;0;0;1
"02/09/2023";"05:51:00";"78";"Acidente s";"211.5";"BR-116/SP";"Pista Sul";"Abalroamento longitudinal";1;0;0;0;0;0;0;0;1;0;2;0;0;0;0
"02/09/2023";"06:53:00";"104";"Acidente c";"165.2";"BR-116/SP";"Pista Norte";"Queda de moto";0;1;0;0;0;0;0;0;0;0;0;1;0;0;0
"02/09/2023";"07:19:00";"118";"Acidente c";"142.3";"BR-116/SP";"Pista Sul";"Abalroamento longitudinal";0;1;0;0;0;0;0;0;1;0;2;0;2;0;0
"02/09/2023";"08:16:00";"151";"Acidente s";"119.8";"BR-116/SP";"Pista Sul";"Colisão traseira";0;0;0;0;0;0;0;0;2;0;2;0;0;0;0
"02/09/2023";"09:06:00";"178";"Acidente c";"48";"BR-101/SP";"Pista Sul";"Abalroamento transversal";0;1;0;0;0;0;0;0;1;0;2;1;0;0;0
"02/09/2023";"09:09:00";"182";"Acidente s";"145.8";"BR-116/SP";"Pista Sul";"Abalroamento longitudinal";1;0;0;0;0;0;0;0;1;0;5;0;0;0;0
"02/09/2023";"09:13:00";"187";"Acidente c";"283";"BR-116/RJ";"Pista Sul";"Abalroamento longitudinal";0;1;0;0;0;0;0;0;1;0;1;0;1;0;0
"02/09/2023";"09:13:00";"186";"Acidente c";"218.8";"BR-116/SP";"Pista Norte";"Queda de moto";0;1;0;0;0;0;0;0;0;0;0;1;0;0;0
"02/09/2023";"11:43:00";"268";"Acidente c";"216.96";"BR-116/SP";"Pista Norte";"Capotamento";0;0;0;0;0;0;0;0;1;0;0;2;0;0;0
"02/09/2023";"01:16:00";"318";"Acidente c";"224.45";"BR-116/SP";"Pista Sul";"Colisão traseira";0;1;0;0;0;0;0;0;1;0;2;1;0;0;0
"02/09/2023";"01:22:00";"323";"Acidente s";"230.3";"BR-116/SP";"Pista Sul";"Colisão traseira";0;0;0;0;0;0;0;0;2;0;2;0;0;0;0
"02/09/2023";"01:54:00";"344";"Acidente s";"156.1";"BR-116/SP";"Pista Norte";"Engavetamento";0;0;0;0;0;0;0;0;4;0;7;0;0;0;0
"02/09/2023";"02:02:00";"351";"Acidente s";"421";"BR-101/RJ";"Pista Norte";"Colisão traseira";1;0;0;0;0;0;0;0;1;0;2;0;0;0;0
"02/09/2023";"04:13:00";"467";"Acidente s";"119.5";"BR-116/SP";"Pista Norte";"Colisão traseira";0;0;0;0;0;0;0;0;2;0;5;0;0;0;0
"02/09/2023";"04:42:00";"487";"Acidente s";"119.5";"BR-116/SP";"Pista Norte";"Colisão traseira";0;0;0;0;0;0;0;0;2;0;4;0;0;0;0
"02/09/2023";"05:03:00";"496";"Acidente c";"203.7";"BR-116/SP";"Pista Sul";"Queda de moto";0;1;0;0;0;0;0;0;0;0;0;1;0;0;0
"02/09/2023";"05:55:00";"522";"Acidente c";"493";"BR-101/RJ";"Pista Norte";"Abalroamento longitudinal";0;0;0;0;0;0;0;0;2;0;0;5;0;0;0
"02/09/2023";"06:31:00";"538";"Acidente s";"145.8";"BR-116/SP";"Pista Sul";"Engavetamento";0;1;0;0;0;0;1;0;7;0;24;0;0;0;0
"02/09/2023";"06:34:00";"539";"Acidente s";"28.1";"BR-116/SP";"Pista Sul";"Abalroamento longitudinal";0;0;0;0;0;0;0;0;2;0;3;0;0;0;0
"02/09/2023";"07:05:00";"548";"Acidente c";"311";"BR-116/RJ";"Pista Sul";"Choque em barreira New Jersey";1;0;0;0;0;0;0;0;0;0;0;1;0;0;0
"02/09/2023";"08:04:00";"567";"Acidente s";"225";"BR-116/SP";"Pista Sul";"Colisão traseira";0;0;0;0;0;0;0;0;1;1;2;0;0;0;0
"02/09/2023";"08:33:00";"575";"Acidente c";"424.05";"BR-101/RJ";"Pista Norte";"Colisão frontal";0;0;0;0;0;0;0;0;3;0;0;5;0;0;0
"02/09/2023";"10:29:00";"595";"Acidente c";"275.5";"BR-116/RJ";"Pista Norte";"Choque em objeto na pista";0;0;0;0;0;0;0;0;1;0;0;0;1;0;0
"03/09/2023";"12:45:00";"26";"Acidente c";"147.44";"BR-116/SP";"Pista Sul";"Capotamento";0;0;0;0;0;0;0;0;2;0;1;0;2;0;0
"03/09/2023";"02:10:00";"42";"Acidente c";"150.25";"BR-116/SP";"Pista Norte";"Queda de moto";0;1;0;0;0;0;0;0;0;0;0;0;1;0;0
"03/09/2023";"02:29:00";"44";"Acidente c";"305";"BR-116/RJ";"Pista Sul";"Abalroamento longitudinal";0;0;0;1;0;0;0;0;1;0;20;0;1;0;0
"03/09/2023";"04:22:00";"58";"Acidente s";"217";"BR-116/SP";"Pista Norte";"Choque em objeto fixo";0;0;0;0;0;0;0;0;1;0;1;0;0;0;0
"03/09/2023";"05:27:00";"69";"Acidente c";"484";"BR-101/RJ";"Pista Norte";"Colisão frontal";0;0;0;0;0;0;0;0;2;0;1;0;2;0;0
"03/09/2023";"07:22:00";"133";"Acidente s";"298";"BR-116/RJ";"Pista Sul";"Choque em objeto fixo";0;0;0;0;0;0;0;0;1;0;1;0;0;0;0
"03/09/2023";"01:05:00";"291";"Acidente c";"293.3";"BR-116/RJ";"Pista Sul";"Queda de ribanceira";0;0;0;0;0;0;0;0;1;0;0;0;1;0;0
"03/09/2023";"02:48:00";"342";"Acidente c";"233.6";"BR-116/RJ";"Pista Norte";"Engavetamento";0;0;0;0;0;0;0;0;3;1;1;0;1;0;0
"03/09/2023";"06:44:00";"486";"Acidente s";"440";"BR-101/RJ";"Pista Norte";"Colisão traseira";0;0;0;0;0;0;0;0;2;0;5;0;0;0;0
"03/09/2023";"09:38:00";"550";"Acidente s";"282";"BR-116/RJ";"Pista Norte";"Choque em objeto fixo";0;0;0;0;0;0;0;0;1;0;1;0;0;0;0
"03/09/2023";"10:15:00";"563";"Acidente s";"4.25";"BR-116/SP";"Pista Norte";"Choque em objeto fixo";1;0;0;0;0;0;0;0;0;0;1;0;0;0;0
"03/09/2023";"10:24:00";"567";"Acidente c";"273.25";"BR-116/RJ";"Pista Sul";"Choque em barreira New Jersey";0;0;0;0;0;0;0;0;2;0;2;1;0;0;0
"04/09/2023";"06:07:00";"86";"Acidente c";"187.3";"BR-116/SP";"Pista Norte";"Queda de moto";0;1;0;0;0;0;0;0;0;0;0;1;0;0;0
"04/09/2023";"06:19:00";"91";"Acidente s";"212.3";"BR-116/SP";"Pista Sul";"Colisão traseira";0;1;0;0;0;0;0;0;1;0;2;0;0;0;0
"04/09/2023";"07:48:00";"159";"Acidente s";"214.8";"BR-116/SP";"Pista Sul";"Colisão traseira";0;0;0;0;0;0;0;0;2;0;3;0;0;0;0
"04/09/2023";"08:03:00";"168";"Acidente c";"144.9";"BR-116/SP";"Pista Sul";"Abalroamento longitudinal";0;1;0;0;0;0;0;0;1;0;1;0;1;0;0
"04/09/2023";"08:25:00";"189";"Acidente s";"216.8";"BR-116/SP";"Pista Sul";"Colisão traseira";0;0;0;2;0;0;0;0;0;0;2;0;0;0;0
"04/09/2023";"09:11:00";"228";"Acidente s";"51.5";"BR-116/SP";"Pista Sul";"Colisão traseira";1;0;0;0;0;0;0;0;1;0;4;0;0;0;0
"04/09/2023";"10:43:00";"306";"Acidente s";"213";"BR-116/SP";"Pista Sul";"Colisão traseira";1;0;0;0;0;1;0;0;0;0;2;0;0;0;0
"04/09/2023";"10:45:00";"309";"Acidente s";"118";"BR-116/SP";"Pista Sul";"Colisão traseira";0;0;0;0;0;0;0;0;1;1;2;0;0;0;0
"04/09/2023";"11:08:00";"321";"Acidente s";"216.8";"BR-116/SP";"Pista Sul";"Abalroamento longitudinal";1;0;0;0;0;0;0;0;1;0;4;0;0;0;0
"04/09/2023";"12:03:00";"352";"Acidente s";"213";"BR-116/SP";"Pista Sul";"Choque em barreira New Jersey";1;0;0;0;0;0;0;0;0;0;1;0;0;0;0
"04/09/2023";"12:04:00";"353";"Acidente c";"305";"BR-116/RJ";"Pista Norte";"Tombamento";1;0;0;0;0;0;0;0;0;0;0;0;1;0;0
"04/09/2023";"12:13:00";"358";"Acidente s";"151.55";"BR-116/SP";"Pista Norte";"Abalroamento longitudinal";1;0;0;0;0;0;0;0;1;0;7;0;0;0;0
"04/09/2023";"12:15:00";"359";"Acidente s";"17.3";"BR-116/SP";"Pista Norte";"Tombamento";1;0;0;0;0;0;0;0;0;0;2;0;0;0;0
"04/09/2023";"01:34:00";"405";"Acidente c";"482";"BR-101/RJ";"Pista Sul";"Abalroamento longitudinal";0;1;0;0;0;0;0;0;1;0;1;1;0;0;0
"04/09/2023";"03:46:00";"497";"Acidente s";"155";"BR-116/SP";"Pista Sul";"Colisão traseira";0;0;0;0;0;0;0;0;2;0;2;0;0;0;0
"04/09/2023";"04:29:00";"525";"Acidente s";"145.5";"BR-116/SP";"Pista Norte";"Colisão traseira";1;0;0;0;0;0;0;0;1;0;3;0;0;0;0
"04/09/2023";"04:54:00";"540";"Acidente s";"145.3";"BR-116/SP";"Pista Norte";"Colisão traseira";1;0;0;0;0;0;0;0;1;0;2;0;0;0;0
"04/09/2023";"05:04:00";"546";"Acidente s";"105.8";"BR-116/SP";"Pista Sul";"Abalroamento longitudinal";1;0;0;0;0;0;0;0;1;0;3;0;0;0;0
"04/09/2023";"05:16:00";"556";"Acidente s";"279";"BR-116/RJ";"Pista Sul";"Colisão traseira";2;0;0;0;0;0;0;0;0;0;0;0;0;0;0
"04/09/2023";"06:28:00";"598";"Acidente s";"210.05";"BR-116/SP";"Pista Norte";"Engavetamento";0;0;0;0;0;0;0;0;4;0;7;0;0;0;0
"04/09/2023";"06:42:00";"606";"Acidente c";"532";"BR-101/RJ";"Pista Sul";"Abalroamento longitudinal";1;0;0;0;0;0;0;0;1;0;0;2;0;0;0
"04/09/2023";"07:34:00";"637";"Acidente s";"224.7";"BR-116/SP";"Pista Sul";"Colisão traseira";0;0;0;0;0;0;0;0;2;0;2;0;0;0;0
"04/09/2023";"07:58:00";"648";"Acidente s";"547";"BR-101/RJ";"Pista Sul";"Atropelamento de animal";0;0;0;0;0;0;0;0;1;0;0;0;0;0;0
"04/09/2023";"08:44:00";"663";"Acidente c";"214.4";"BR-116/SP";"Pista Norte";"Abalroamento longitudinal";0;1;0;0;0;0;0;0;1;0;1;1;0;0;0
"04/09/2023";"09:48:00";"688";"Acidente s";"230.5";"BR-116/SP";"Pista Sul";"Choque em objeto na pista";1;0;0;0;0;0;0;0;1;0;3;0;0;0;0
"04/09/2023";"10:15:00";"696";"Acidente s";"186";"BR-116/SP";"Pista Norte";"Atropelamento de animal";0;0;0;0;0;0;0;0;1;0;1;0;0;0;0
"04/09/2023";"11:13:00";"709";"Acidente c";"121";"BR-116/SP";"Pista Norte";"Queda de moto";0;1;0;0;0;0;0;0;0;0;0;0;1;0;0
"04/09/2023";"11:36:00";"713";"Acidente c";"121.7";"BR-116/SP";"Pista Norte";"Colisão traseira";2;0;0;0;0;0;0;0;0;0;1;1;0;0;0
"05/09/2023";"04:47:00";"57";"Acidente s";"216.8";"BR-116/SP";"Pista Norte";"Abalroamento longitudinal";2;0;0;0;0;0;0;0;0;0;4;0;0;0;0
"05/09/2023";"05:39:00";"68";"Acidente c";"144";"BR-116/SP";"Pista Norte";"Choque em barreira New Jersey";0;0;0;0;0;0;0;0;1;0;0;1;0;0;0
"05/09/2023";"06:02:00";"76";"Acidente c";"208.1";"BR-116/SP";"Pista Sul";"Colisão traseira";0;1;0;0;0;0;0;0;1;0;4;1;0;0;0
"05/09/2023";"06:16:00";"83";"Acidente c";"166.8";"BR-116/SP";"Pista Sul";"Colisão traseira";0;0;1;0;0;0;0;0;0;1;1;0;1;0;0
"05/09/2023";"08:07:00";"154";"Acidente s";"161.9";"BR-116/SP";"Pista Norte";"Queda de moto";0;1;0;0;0;0;0;0;0;0;1;0;0;0;0
"05/09/2023";"08:29:00";"167";"Acidente s";"224";"BR-116/SP";"Pista Sul";"Colisão traseira";0;1;0;0;0;0;0;0;1;0;3;0;0;0;0
"05/09/2023";"10:22:00";"252";"Acidente c";"480";"BR-101/RJ";"Pista Norte";"Abalroamento longitudinal";0;1;0;0;0;0;0;0;1;0;2;1;1;0;0
"05/09/2023";"03:11:00";"404";"Acidente s";"515";"BR-101/RJ";"Pista Sul";"Choque em objeto fixo";0;0;0;0;0;0;0;0;1;0;3;0;0;0;0
"05/09/2023";"03:35:00";"418";"Acidente s";"463";"BR-101/RJ";"Pista Sul";"Choque em objeto fixo";0;0;0;0;0;0;0;0;1;0;1;0;0;0;0
"05/09/2023";"03:42:00";"425";"Acidente c";"219";"BR-116/SP";"Pista Norte";"Colisão traseira";0;1;0;0;0;0;0;0;0;1;1;0;0;1;0
"05/09/2023";"03:48:00";"429";"Acidente s";"151";"BR-116/SP";"Pista Norte";"Colisão traseira";1;0;0;0;0;0;0;0;1;0;2;0;0;0;0
"05/09/2023";"04:36:00";"452";"Acidente s";"389";"BR-101/RJ";"Pista Norte";"Choque em objeto na pista";0;0;0;0;0;0;0;0;1;0;1;0;0;0;0
"05/09/2023";"04:42:00";"456";"Acidente c";"221.4";"BR-116/SP";"Pista Sul";"Engavetamento";0;1;0;0;0;0;1;0;1;0;2;1;0;0;0
"05/09/2023";"06:05:00";"517";"Acidente s";"244.2";"BR-116/RJ";"Pista Norte";"Choque em barreira New Jersey";1;0;0;0;0;0;0;0;0;0;1;0;0;0;0
"05/09/2023";"06:28:00";"530";"Acidente c";"220.3";"BR-116/SP";"Pista Norte";"Engavetamento";0;2;0;0;0;0;0;0;1;0;3;0;1;0;0
"05/09/2023";"07:26:00";"559";"Acidente s";"53";"BR-116/SP";"Pista Norte";"Colisão traseira";0;0;0;0;0;0;0;0;2;0;2;0;0;0;0
"05/09/2023";"07:32:00";"561";"Acidente c";"528.5";"BR-101/RJ";"Pista Norte";"Capotamento";0;0;0;0;0;0;0;0;1;0;0;1;0;0;0
"05/09/2023";"08:41:00";"591";"Acidente s";"434";"BR-101/RJ";"Pista Norte";"Queda de ribanceira";1;0;0;0;0;0;0;0;0;0;1;0;0;0;0
"05/09/2023";"09:14:00";"607";"Acidente c";"228";"BR-116/SP";"Pista Norte";"Queda de moto";0;1;0;0;0;0;0;0;0;0;0;1;0;0;0
"05/09/2023";"09:18:00";"610";"Atropelame";"324.7";"BR-116/RJ";"Pista Sul";"Atropelamento de pedestre atravessando";1;0;0;0;0;0;0;0;1;0;1;0;1;0;0
"05/09/2023";"09:40:00";"617";"Acidente s";"78.8";"BR-116/SP";"Pista Sul";"Abalroamento longitudinal";2;0;0;0;0;0;0;0;0;0;2;0;0;0;0
"06/09/2023";"05:40:00";"77";"Acidente s";"444.5";"BR-101/RJ";"Pista Sul";"Choque em objeto fixo";0;0;0;0;0;0;0;0;1;0;5;0;0;0;0
"06/09/2023";"06:46:00";"105";"Acidente s";"226";"BR-116/RJ";"Pista Sul";"Colisão traseira";0;0;0;0;0;0;0;0;1;0;1;0;0;0;0
"06/09/2023";"07:11:00";"117";"Acidente s";"252.7";"BR-116/RJ";"Pista Norte";"Colisão traseira";0;0;0;0;0;0;0;0;2;0;2;0;0;0;0
"06/09/2023";"09:24:00";"213";"Acidente s";"219";"BR-116/SP";"Pista Sul";"Abalroamento longitudinal";0;1;0;0;0;0;0;0;1;0;2;0;0;0;0
"06/09/2023";"11:15:00";"269";"Acidente c";"233.8";"BR-116/RJ";"Pista Norte";"Engavetamento";2;0;0;0;0;0;0;0;1;0;2;0;1;0;0
"06/09/2023";"11:29:00";"274";"Acidente s";"235";"BR-116/RJ";"Pista Norte";"Engavetamento";3;0;0;0;0;0;0;0;2;0;5;0;0;0;0
"06/09/2023";"11:45:00";"284";"Acidente s";"153.6";"BR-116/SP";"Pista Sul";"Colisão traseira";0;0;0;0;0;0;0;0;2;0;5;0;0;0;0
"06/09/2023";"01:04:00";"333";"Acidente s";"219";"BR-116/SP";"Pista Sul";"Colisão traseira";0;0;0;0;0;0;0;0;1;1;2;0;0;0;0
"06/09/2023";"01:14:00";"341";"Acidente c";"223";"BR-116/SP";"Pista Sul";"Colisão traseira";0;1;0;0;0;0;1;0;0;0;1;1;0;0;0
"06/09/2023";"01:43:00";"355";"Acidente s";"417.8";"BR-101/RJ";"Pista Norte";"Choque em defensa";0;0;0;0;0;0;1;0;0;0;1;0;0;0;0
"06/09/2023";"02:58:00";"395";"Acidente s";"232.8";"BR-116/RJ";"Pista Norte";"Choque em barreira New Jersey";0;0;0;0;0;0;0;0;1;0;1;0;0;0;0
"06/09/2023";"03:01:00";"396";"Acidente s";"583.8";"BR-101/RJ";"Pista Sul";"Choque em barreira New Jersey";1;0;0;0;0;0;0;0;0;0;0;0;0;0;0
"06/09/2023";"03:04:00";"398";"Acidente c";"218";"BR-116/RJ";"Pista Norte";"Abalroamento longitudinal";0;1;0;0;0;0;0;0;0;1;1;0;1;0;0
"06/09/2023";"03:13:00";"401";"Acidente s";"423";"BR-101/RJ";"Pista Sul";"Abalroamento longitudinal";0;0;0;0;0;0;0;0;2;0;3;0;0;0;0
"06/09/2023";"04:32:00";"443";"Acidente c";"325.1";"BR-116/RJ";"Pista Sul";"Abalroamento longitudinal";0;1;0;0;0;0;0;0;0;1;1;1;0;0;0
"06/09/2023";"05:38:00";"486";"Acidente c";"226.4";"BR-116/RJ";"Pista Sul";"Choque em defensa";0;0;0;0;0;0;0;0;1;0;2;1;0;0;0
"06/09/2023";"05:42:00";"489";"Acidente c";"138.8";"BR-116/SP";"Pista Sul";"Engavetamento";0;1;0;0;0;0;0;0;2;0;4;1;0;0;0
"06/09/2023";"06:08:00";"507";"Acidente s";"42.6";"BR-116/SP";"Pista Norte";"Engavetamento";0;0;0;0;0;0;0;0;3;0;6;0;0;0;0
"06/09/2023";"06:22:00";"513";"Acidente c";"230.8";"BR-116/SP";"Pista Norte";"Engavetamento";1;1;0;0;0;0;1;0;0;0;3;2;0;0;0
"06/09/2023";"06:31:00";"518";"Acidente c";"230.9";"BR-116/RJ";"Pista Norte";"Capotamento";0;0;0;0;0;0;0;0;1;0;2;1;0;0;0
"06/09/2023";"06:35:00";"522";"Atropelame";"308.8";"BR-116/RJ";"Pista Norte";"Atropelamento de pedestre atravessando";0;0;1;0;0;0;0;0;0;1;1;1;0;0;0
"06/09/2023";"07:20:00";"553";"Acidente c";"84.4";"BR-116/SP";"Pista Sul";"Queda de moto";0;1;0;0;0;0;0;0;0;0;1;1;0;0;0
"06/09/2023";"07:27:00";"555";"Acidente c";"395";"BR-101/RJ";"Pista Norte";"Queda de moto";0;1;0;0;0;0;0;0;0;0;0;1;0;0;0
"06/09/2023";"07:30:00";"558";"Acidente s";"521";"BR-101/RJ";"Pista Norte";"Choque em objeto fixo";0;0;0;0;0;0;0;0;1;0;3;0;0;0;0
"06/09/2023";"07:57:00";"571";"Acidente c";"219";"BR-116/SP";"Pista Sul";"Colisão traseira";0;1;0;0;0;0;0;0;1;0;1;1;0;0;0
"06/09/2023";"08:28:00";"583";"Acidente c";"208.2";"BR-116/SP";"Pista Sul";"Capotamento";0;0;0;0;0;0;0;0;1;0;0;1;0;0;0
"06/09/2023";"11:06:00";"627";"Acidente s";"22.25";"BR-116/SP";"Pista Norte";"Abalroamento longitudinal";0;0;0;1;0;0;0;0;1;0;45;0;0;0;0
"07/09/2023";"12:52:00";"32";"Acidente c";"17.6";"BR-116/SP";"Pista Sul";"Atropelamento de animal";0;0;0;0;0;0;0;0;1;0;0;2;1;0;0
"07/09/2023";"12:55:00";"33";"Acidente s";"289.7";"BR-116/RJ";"Pista Norte";"Tombamento";1;0;0;0;0;0;0;0;0;0;1;0;0;0;0
"07/09/2023";"01:22:00";"38";"Acidente s";"596";"BR-101/RJ";"Pista Norte";"Choque em objeto fixo";0;0;0;0;0;0;0;0;1;0;1;0;0;0;0
"07/09/2023";"02:04:00";"45";"Acidente s";"125";"BR-116/SP";"Pista Norte";"Abalroamento longitudinal";0;0;0;0;0;0;0;0;1;0;1;0;0;0;0
"07/09/2023";"03:56:00";"72";"Acidente s";"246.9";"BR-116/RJ";"Pista Norte";"Capotamento";0;0;0;0;0;0;0;0;1;0;1;0;0;0;0
"07/09/2023";"04:29:00";"78";"Acidente s";"246.75";"BR-116/RJ";"Pista Norte";"Colisão traseira";1;0;0;0;0;0;0;0;1;0;2;0;0;0;0
"07/09/2023";"06:44:00";"117";"Acidente s";"165.2";"BR-116/SP";"Pista Norte";"Engavetamento";0;0;0;0;0;0;0;0;3;0;11;0;0;0;0
"07/09/2023";"06:51:00";"123";"Acidente c";"476";"BR-101/RJ";"Pista Norte";"Colisão frontal";0;1;0;0;0;0;0;0;1;0;1;1;0;0;0
"07/09/2023";"06:56:00";"128";"Acidente s";"203.5";"BR-116/SP";"Pista Norte";"Engavetamento";0;0;0;0;0;0;0;0;2;1;5;0;0;0;0
"07/09/2023";"07:57:00";"171";"Acidente s";"170";"BR-116/SP";"Pista Norte";"Choque em objeto fixo";0;0;0;0;0;0;0;0;1;0;3;0;0;0;0
"07/09/2023";"08:03:00";"173";"Acidente c";"45";"BR-101/SP";"Pista Norte";"Colisão frontal";0;0;0;0;0;0;0;0;2;0;0;0;1;3;1
"07/09/2023";"08:31:00";"190";"Acidente s";"176";"BR-116/SP";"Pista Norte";"Colisão traseira";0;0;0;0;0;0;0;0;1;1;2;0;0;0;0
"07/09/2023";"08:36:00";"192";"Acidente s";"162";"BR-116/SP";"Pista Norte";"Colisão traseira";0;0;0;0;0;0;0;0;2;0;7;0;0;0;0
"07/09/2023";"09:07:00";"215";"Acidente c";"261.7";"BR-116/RJ";"Pista Norte";"Engavetamento";0;1;0;0;0;0;0;0;5;0;15;1;0;0;0
"07/09/2023";"09:28:00";"230";"Acidente s";"165.9";"BR-116/SP";"Pista Norte";"Abalroamento longitudinal";1;0;0;0;0;0;0;0;1;0;4;0;0;0;0
"07/09/2023";"10:21:00";"266";"Acidente c";"442";"BR-101/RJ";"Pista Sul";"Abalroamento longitudinal";0;0;0;0;0;0;0;0;2;0;5;1;0;0;0
"07/09/2023";"10:56:00";"291";"Acidente s";"157.8";"BR-116/SP";"Pista Sul";"Capotamento";0;0;0;0;0;0;0;0;1;0;2;0;0;0;0
"07/09/2023";"11:11:00";"300";"Acidente s";"529";"BR-101/RJ";"Pista Norte";"Abalroamento longitudinal";0;0;0;0;0;0;0;0;1;1;2;0;0;0;0
"07/09/2023";"11:33:00";"312";"Acidente c";"114";"BR-116/SP";"Pista Norte";"Abalroamento longitudinal";0;1;0;1;0;0;0;0;1;0;51;0;0;1;0
"07/09/2023";"11:49:00";"326";"Acidente s";"281.85";"BR-116/RJ";"Pista Sul";"Engavetamento";0;0;0;0;0;0;0;0;2;1;3;0;0;0;0
"07/09/2023";"12:05:00";"337";"Acidente c";"433";"BR-101/RJ";"Pista Sul";"Abalroamento transversal";0;1;0;0;0;0;0;0;1;0;2;1;0;0;0
"07/09/2023";"12:12:00";"341";"Acidente s";"487";"BR-101/RJ";"Pista Sul";"Colisão traseira";0;0;0;0;0;0;0;0;1;1;2;0;0;0;0
"07/09/2023";"12:37:00";"357";"Acidente s";"117";"BR-116/SP";"Pista Norte";"Abalroamento longitudinal";1;0;0;0;0;0;0;0;1;0;3;0;0;0;0
"07/09/2023";"01:08:00";"372";"Acidente s";"383";"BR-101/RJ";"Pista Sul";"Colisão traseira";0;0;0;0;0;0;0;0;2;1;3;0;0;0;0
"07/09/2023";"01:49:00";"391";"Acidente s";"213.2";"BR-116/SP";"Pista Norte";"Colisão traseira";0;0;0;0;0;0;0;0;2;0;6;0;0;0;0
"07/09/2023";"03:01:00";"429";"Acidente s";"123.5";"BR-116/SP";"Pista Sul";"Colisão traseira";0;0;0;0;0;0;0;0;2;0;6;0;0;0;0
"07/09/2023";"03:45:00";"453";"Acidente c";"50";"BR-101/SP";"Pista Norte";"Abalroamento longitudinal";0;1;0;0;0;0;0;0;1;0;0;1;0;0;0
"07/09/2023";"03:53:00";"458";"Acidente c";"139.7";"BR-116/SP";"Pista Sul";"Choque em barreira New Jersey";0;1;0;0;0;0;0;0;0;0;0;0;1;0;0
"07/09/2023";"04:28:00";"477";"Acidente s";"279";"BR-116/RJ";"Pista Sul";"Tombamento";1;0;0;0;0;0;0;0;0;0;0;0;0;0;0
"07/09/2023";"04:32:00";"480";"Acidente c";"205.6";"BR-116/SP";"Pista Sul";"Queda de moto";0;1;0;0;0;0;0;0;0;0;0;2;0;0;0
"07/09/2023";"11:03:00";"602";"Acidente c";"301";"BR-116/RJ";"Pista Sul";"Queda de ribanceira";0;0;0;0;0;0;0;0;1;0;0;0;0;1;0
"08/09/2023";"12:31:00";"26";"Acidente s";"418";"BR-101/RJ";"Pista Norte";"Atropelamento de animal";0;0;0;0;0;0;0;0;1;0;0;0;0;0;0
"08/09/2023";"01:36:00";"39";"Acidente c";"490";"BR-101/RJ";"Pista Sul";"Colisão traseira";1;1;0;0;0;0;0;0;0;0;1;1;0;0;0