data;horario;n_da_ocorrencia;tipo_de_ocorrencia;km;trecho;sentido;tipo_de_acidente;automovel;bicicleta;caminhao;moto;onibus;outros;tracao_animal;transporte_de_cargas_especiais;trator_maquinas;utilitarios;ilesos;levemente_feridos;moderadamente_feridos;gravemente_feridos;mortos
"22/09/2023";"12:07:00";"410";"Acidente s";"261.3";"BR-116/RJ";"Pista Sul";"Abalroamento longitudinal";0;0;0;0;0;0;0;0;1;1;2;0;0;0;0
"22/09/2023";"12:08:00";"412";"Acidente c";"219";"BR-116/SP";"Pista Sul";"Colisão traseira";1;0;0;0;0;0;0;0;1;0;1;0;0;1;0
"22/09/2023";"01:46:00";"463";"Acidente c";"158";"BR-116/SP";"Pista Norte";"Colisão traseira";0;1;0;0;0;0;0;0;0;1;1;0;2;0;0
"22/09/2023";"02:59:00";"500";"Acidente s";"211";"BR-116/SP";"Pista Norte";"Abalroamento longitudinal";1;0;0;0;0;0;0;0;1;0;2;0;0;0;0
"22/09/2023";"03:40:00";"529";"Acidente c";"286";"BR-116/RJ";"Pista Norte";"Capotamento";0;0;0;0;0;0;0;0;1;0;0;0;1;0;0
"22/09/2023";"05:36:00";"614";"Acidente s";"220";"BR-116/SP";"Pista Norte";"Colisão traseira";1;0;0;0;0;0;0;0;1;0;3;0;0;0;0
"22/09/2023";"06:00:00";"629";"Acidente s";"228";"BR-116/RJ";"Pista Sul";"Colisão traseira";1;0;0;0;0;0;0;0;0;1;3;0;0;0;0
"22/09/2023";"06:02:00";"630";"Acidente s";"187.15";"BR-116/SP";"Pista Norte";"Choque em objeto fixo";0;0;0;0;0;0;0;0;1;0;4;0;0;0;0
"22/09/2023";"06:57:00";"667";"Acidente s";"104.8";"BR-116/SP";"Pista Sul";"Colisão traseira";0;0;0;0;0;0;0;0;2;0;3;0;0;0;0
"22/09/2023";"07:28:00";"677";"Acidente s";"208.1";"BR-116/SP";"Pista Sul";"Engavetamento";0;0;0;0;0;0;0;0;2;2;4;0;0;0;0
"23/09/2023";"01:16:00";"38";"Acidente s";"139.9";"BR-116/SP";"Pista Norte";"Abalroamento longitudinal";0;0;0;0;0;0;0;0;1;1;3;0;0;0;0
"23/09/2023";"05:34:00";"76";"Atropelame";"141.35";"BR-116/SP";"Pista Norte";"Atropelamento de pedestre atravessando";0;0;0;0;0;0;0;0;0;1;1;0;0;0;1
"23/09/2023";"07:59:00";"148";"Acidente c";"103.7";"BR-116/SP";"Pista Norte";"Engavetamento";0;0;0;0;0;0;0;0;4;1;11;1;0;0;0
"23/09/2023";"08:05:00";"153";"Acidente s";"228.3";"BR-116/SP";"Pista Sul";"Colisão traseira";0;0;0;0;0;0;0;0;1;1;2;0;0;0;0
"23/09/2023";"08:16:00";"160";"Acidente c";"230";"BR-116/SP";"Pista Sul";"Colisão traseira";0;1;0;0;0;0;0;0;1;0;2;1;0;0;0
"23/09/2023";"10:10:00";"231";"Acidente s";"278";"BR-116/RJ";"Pista Norte";"Abalroamento longitudinal";1;0;0;0;0;0;0;0;1;0;3;0;0;0;0
"23/09/2023";"11:20:00";"265";"Acidente c";"126";"BR-116/SP";"Pista Norte";"Colisão traseira";0;0;0;0;0;0;0;0;2;0;1;2;0;0;0
"23/09/2023";"11:33:00";"271";"Acidente s";"126.5";"BR-116/SP";"Pista Norte";"Colisão traseira";0;0;0;0;0;0;1;0;1;0;2;0;0;0;0
"23/09/2023";"11:42:00";"280";"Acidente s";"429.8";"BR-101/RJ";"Pista Sul";"Choque em objeto fixo";0;0;0;0;0;0;0;0;1;0;1;0;0;0;0
"23/09/2023";"11:55:00";"285";"Acidente s";"262";"BR-116/RJ";"Pista Norte";"Choque em objeto fixo";0;0;0;0;0;0;0;0;1;0;1;0;0;0;0
"23/09/2023";"12:38:00";"305";"Acidente c";"67";"BR-116/SP";"Pista Norte";"Engavetamento";0;1;0;0;0;0;0;0;2;0;4;2;0;0;0
"23/09/2023";"01:01:00";"315";"Acidente s";"230.3";"BR-116/SP";"Pista Norte";"Engavetamento";1;0;0;0;0;0;0;0;0;2;3;0;0;0;0
"23/09/2023";"01:23:00";"329";"Acidente s";"156";"BR-116/SP";"Pista Norte";"Engavetamento";0;0;0;0;0;0;0;0;1;2;3;0;0;0;0
"23/09/2023";"02:09:00";"351";"Acidente s";"413";"BR-101/RJ";"Pista Norte";"Colisão traseira";0;0;0;0;0;0;0;0;1;1;2;0;0;0;0
"23/09/2023";"02:38:00";"368";"Acidente s";"96.4";"BR-116/SP";"Pista Sul";"Colisão traseira";0;0;0;0;0;0;0;0;2;0;7;0;0;0;0
"23/09/2023";"02:39:00";"370";"Acidente s";"300";"BR-116/RJ";"Pista Sul";"Queda de ribanceira";0;0;0;0;0;0;0;0;1;0;1;0;0;0;0
"23/09/2023";"03:36:00";"406";"Acidente s";"38";"BR-101/SP";"Pista Norte";"Choque em objeto fixo";0;0;0;0;0;0;0;0;1;0;5;0;0;0;0
"23/09/2023";"04:07:00";"424";"Acidente s";"230.4";"BR-116/SP";"Pista Sul";"Colisão traseira";0;0;0;0;0;0;0;0;1;1;2;0;0;0;0
"23/09/2023";"04:13:00";"428";"Acidente s";"141.7";"BR-116/SP";"Pista Norte";"Colisão traseira";0;0;0;0;0;0;0;0;1;1;3;0;0;0;0
"23/09/2023";"04:21:00";"430";"Acidente c";"61";"BR-116/SP";"Pista Sul";"Queda de moto";0;1;0;0;0;0;0;0;0;0;0;0;2;0;0
"23/09/2023";"06:18:00";"481";"Acidente s";"211.8";"BR-116/SP";"Pista Sul";"Abalroamento longitudinal";1;0;0;0;0;0;0;0;1;0;2;0;0;0;0
"23/09/2023";"07:14:00";"517";"Acidente s";"511";"BR-101/RJ";"Pista Norte";"Colisão frontal";0;0;0;0;0;0;0;0;2;0;6;0;0;0;0
"23/09/2023";"10:08:00";"573";"Atropelame";"226.3";"BR-116/SP";"Pista Norte";"Atropelamento de pedestre atravessando";0;0;0;0;0;0;0;0;0;1;1;0;1;0;0
"23/09/2023";"10:13:00";"574";"Acidente c";"225.5";"BR-116/SP";"Pista Sul";"Colisão traseira";0;0;0;0;0;0;0;0;2;0;7;1;0;0;0
"24/09/2023";"12:21:00";"21";"Acidente c";"58.8";"BR-116/SP";"Pista Norte";"Capotamento";0;0;0;0;0;0;0;0;1;0;0;0;1;0;0
"24/09/2023";"12:26:00";"23";"Acidente c";"78.3";"BR-116/SP";"Pista Norte";"Choque em barreira New Jersey";0;0;0;0;0;1;0;0;0;0;0;1;0;0;0
"24/09/2023";"12:32:00";"25";"Acidente s";"78.3";"BR-116/SP";"Pista Sul";"Choque em objeto na pista";1;0;0;0;0;0;0;0;2;0;3;0;0;0;0
"24/09/2023";"02:09:00";"42";"Acidente c";"98";"BR-116/SP";"Pista Sul";"Colisão traseira";1;0;0;0;0;0;0;0;3;0;2;0;3;0;0
"24/09/2023";"02:30:00";"45";"Acidente s";"538";"BR-101/RJ";"Pista Sul";"Choque em objeto fixo";0;0;0;0;0;0;0;0;1;0;1;0;0;0;0
"24/09/2023";"02:46:00";"48";"Acidente s";"169";"BR-116/SP";"Pista Norte";"Choque em barreira New Jersey";0;0;0;0;0;0;0;0;1;0;2;0;0;0;0
"24/09/2023";"05:37:00";"62";"Acidente s";"289";"BR-116/RJ";"Pista Sul";"Choque em defensa";0;0;0;0;0;0;0;0;1;0;1;0;0;0;0
"24/09/2023";"06:06:00";"67";"Acidente s";"197";"BR-116/SP";"Pista Sul";"Choque em barreira New Jersey";0;0;0;0;0;0;0;0;1;0;5;0;0;0;0
"24/09/2023";"06:23:00";"71";"Acidente c";"225";"BR-116/SP";"Pista Sul";"Engavetamento";0;0;0;0;0;0;0;0;3;0;4;1;0;0;0
"24/09/2023";"07:01:00";"86";"Acidente s";"575";"BR-101/RJ";"Pista Norte";"Choque em objeto fixo";0;0;0;0;0;0;0;0;1;0;1;0;0;0;0
"24/09/2023";"07:26:00";"95";"Acidente s";"225";"BR-116/SP";"Pista Sul";"Engavetamento";0;0;0;0;0;0;0;0;3;0;9;0;0;0;0
"24/09/2023";"11:08:00";"188";"Acidente s";"417";"BR-101/RJ";"Pista Sul";"Colisão traseira";0;0;0;0;0;0;0;0;2;0;7;0;0;0;0
"24/09/2023";"03:01:00";"297";"Acidente s";"233.5";"BR-116/RJ";"Pista Norte";"Colisão traseira";0;2;0;0;0;0;0;0;0;0;2;0;0;0;0
"24/09/2023";"03:14:00";"306";"Acidente s";"54.8";"BR-116/SP";"Pista Sul";"Choque em objeto fixo";0;0;0;0;0;0;0;0;1;0;1;0;0;0;0
"24/09/2023";"05:35:00";"415";"Acidente s";"498";"BR-101/RJ";"Pista Sul";"Choque em objeto fixo";0;0;0;0;0;0;0;0;1;0;1;0;0;0;0
"24/09/2023";"05:45:00";"421";"Acidente c";"230.1";"BR-116/SP";"Pista Norte";"Colisão traseira";0;1;0;0;0;0;0;0;0;1;1;1;0;0;0
"24/09/2023";"06:47:00";"457";"Acidente c";"7.6";"BR-116/SP";"Pista Sul";"Outros";0;0;0;0;0;0;0;0;1;0;1;1;0;0;0
"24/09/2023";"07:19:00";"482";"Acidente s";"525";"BR-101/RJ";"Pista Norte";"Choque em objeto fixo";0;0;0;0;0;0;0;0;1;0;3;0;0;0;0
"24/09/2023";"07:35:00";"495";"Acidente s";"438";"BR-101/RJ";"Pista Norte";"Engavetamento";0;0;0;0;0;0;0;0;1;1;2;0;0;0;0
"24/09/2023";"08:51:00";"535";"Acidente c";"471";"BR-101/RJ";"Pista Sul";"Abalroamento longitudinal";0;1;0;0;0;0;0;0;1;0;1;2;0;0;0
"24/09/2023";"09:18:00";"549";"Acidente c";"292.9";"BR-116/RJ";"Pista Norte";"Queda de moto";0;1;0;0;0;0;0;0;0;0;0;0;2;0;0
"24/09/2023";"09:40:00";"564";"Acidente c";"230.35";"BR-116/SP";"Pista Sul";"Colisão traseira";0;0;0;0;0;0;0;0;3;0;3;1;1;0;0
"24/09/2023";"10:16:00";"575";"Acidente s";"391";"BR-101/RJ";"Pista Sul";"Colisão traseira";0;0;0;0;0;0;0;0;2;0;7;0;0;0;0
"24/09/2023";"11:51:00";"608";"Acidente s";"166.82";"BR-116/SP";"Pista Sul";"Tombamento";1;0;0;0;0;0;0;0;0;0;1;0;0;0;0
"25/09/2023";"01:14:00";"32";"Acidente c";"45.4";"BR-116/SP";"Pista Norte";"Colisão traseira";2;0;0;0;0;0;0;0;0;0;1;0;0;1;0
"25/09/2023";"01:43:00";"38";"Acidente s";"230.9";"BR-116/RJ";"Pista Norte";"Choque Talude";1;0;0;0;0;0;0;0;0;0;1;0;0;0;0
"25/09/2023";"01:53:00";"41";"Acidente c";"298.4";"BR-116/RJ";"Pista Sul";"Colisão traseira";1;0;0;0;0;0;0;0;1;0;3;0;1;0;0
"25/09/2023";"02:07:00";"47";"Acidente s";"89";"BR-116/SP";"Pista Norte";"Colisão traseira";0;0;0;0;0;1;0;0;1;0;9;0;0;0;0
"25/09/2023";"02:46:00";"53";"Acidente c";"109.8";"BR-116/SP";"Pista Norte";"Choque em barreira New Jersey";0;0;0;0;0;0;0;0;1;0;0;0;1;0;0
"25/09/2023";"06:09:00";"93";"Acidente c";"115.6";"BR-116/SP";"Pista Sul";"Queda de moto";0;1;0;0;0;0;0;0;0;0;0;1;0;0;0
"25/09/2023";"07:00:00";"137";"Acidente c";"216.3";"BR-116/SP";"Pista Sul";"Colisão traseira";0;1;0;0;0;0;0;0;1;0;1;1;0;0;0
"25/09/2023";"07:32:00";"163";"Acidente s";"165.6";"BR-116/SP";"Pista Sul";"Engavetamento";1;0;0;0;0;0;0;0;1;0;3;0;0;0;0
"25/09/2023";"07:35:00";"166";"Acidente s";"165.6";"BR-116/SP";"Pista Sul";"Abalroamento longitudinal";1;0;0;0;0;0;0;0;1;0;5;0;0;0;0
"25/09/2023";"08:35:00";"218";"Acidente s";"499";"BR-101/RJ";"Pista Sul";"Choque em objeto fixo";0;0;0;0;0;0;0;0;1;0;1;0;0;0;0
"25/09/2023";"09:21:00";"254";"Acidente c";"155.1";"BR-116/SP";"Pista Sul";"Engavetamento";0;0;0;0;0;0;0;0;4;1;7;3;0;0;0
"25/09/2023";"09:26:00";"256";"Acidente s";"227";"BR-116/SP";"Pista Sul";"Abalroamento longitudinal";0;0;0;0;0;0;0;0;1;1;2;0;0;0;0
"25/09/2023";"10:25:00";"296";"Acidente s";"200";"BR-116/SP";"Pista Norte";"Engavetamento";0;0;0;0;0;0;0;0;3;0;3;0;0;0;0
"25/09/2023";"11:10:00";"324";"Acidente c";"224.3";"BR-116/SP";"Pista Sul";"Abalroamento longitudinal";0;2;0;0;0;0;0;0;0;0;2;1;0;0;0
"25/09/2023";"12:19:00";"362";"Acidente c";"510";"BR-101/RJ";"Pista Sul";"Queda de moto";0;1;0;0;0;0;0;0;0;0;0;1;0;0;0
"25/09/2023";"04:15:00";"485";"Acidente s";"184.3";"BR-116/SP";"Pista Norte";"Colisão traseira";0;0;0;2;0;0;0;0;0;0;80;0;0;0;0
"25/09/2023";"04:21:00";"488";"Acidente c";"67";"BR-116/SP";"Pista Norte";"Queda de moto";0;1;0;0;0;0;0;0;0;0;0;0;1;0;0
"25/09/2023";"04:46:00";"502";"Acidente s";"142";"BR-116/SP";"Pista Norte";"Abalroamento longitudinal";1;0;0;0;0;0;0;0;1;0;4;0;0;0;0
"25/09/2023";"05:28:00";"525";"Acidente c";"145";"BR-116/SP";"Pista Norte";"Abalroamento longitudinal";1;0;0;0;0;0;0;0;1;0;4;1;0;0;0
"25/09/2023";"05:37:00";"533";"Acidente s";"278.9";"BR-116/RJ";"Pista Sul";"Colisão traseira";1;0;0;0;0;0;0;0;1;0;2;0;0;0;0
"25/09/2023";"06:50:00";"589";"Acidente c";"224.1";"BR-116/SP";"Pista Norte";"Engavetamento";0;0;0;0;0;0;1;0;1;1;8;1;0;0;0
"25/09/2023";"07:33:00";"617";"Acidente s";"324.5";"BR-116/RJ";"Pista Sul";"Choque em defensa";0;0;0;0;0;0;0;0;1;0;1;0;0;0;0
"25/09/2023";"11:37:00";"684";"Acidente s";"316.8";"BR-116/RJ";"Pista Norte";"Choque em objeto na pista";0;0;0;0;0;0;0;0;1;0;4;0;0;0;0
"26/09/2023";"04:52:00";"64";"Acidente s";"491";"BR-101/RJ";"Pista Norte";"Capotamento";0;0;0;0;0;0;0;0;1;0;1;0;0;0;0
"26/09/2023";"06:55:00";"117";"Acidente c";"216.4";"BR-116/SP";"Pista Norte";"Queda de moto";0;1;0;0;0;0;0;0;0;0;0;1;0;0;0
"26/09/2023";"08:20:00";"200";"Acidente s";"161.7";"BR-116/SP";"Pista Norte";"Abalroamento longitudinal";0;0;0;0;0;0;0;0;2;0;2;0;0;0;0
"26/09/2023";"08:27:00";"209";"Acidente s";"201";"BR-116/SP";"Pista Sul";"Queda de moto";0;2;0;0;0;0;0;0;0;1;3;0;0;0;0
"26/09/2023";"08:29:00";"212";"Acidente c";"153.7";"BR-116/SP";"Pista Sul";"Colisão traseira";0;1;0;0;0;0;0;0;1;0;1;0;1;0;0
"26/09/2023";"08:45:00";"221";"Acidente s";"111.6";"BR-116/SP";"Pista Norte";"Engavetamento";0;0;0;0;0;0;0;0;3;0;4;0;0;0;0
"26/09/2023";"08:55:00";"236";"Acidente s";"188.3";"BR-116/SP";"Pista Norte";"Tombamento";0;0;0;0;0;0;1;0;0;0;1;0;0;0;0
"26/09/2023";"09:13:00";"251";"Acidente c";"111.6";"BR-116/SP";"Pista Norte";"Queda de moto";0;1;0;0;0;0;0;0;0;0;0;2;0;0;0
"26/09/2023";"10:38:00";"324";"Acidente c";"218.6";"BR-116/SP";"Pista Sul";"Abalroamento longitudinal";0;1;0;0;0;0;0;0;1;0;2;0;1;0;0
"26/09/2023";"01:22:00";"411";"Acidente s";"138";"BR-116/SP";"Pista Norte";"Colisão traseira";0;0;0;0;0;0;0;0;1;1;3;0;0;0;0
"26/09/2023";"02:25:00";"453";"Acidente s";"147";"BR-116/SP";"Pista Sul";"Colisão traseira";0;0;0;0;0;0;0;0;1;1;2;0;0;0;0
"26/09/2023";"02:54:00";"470";"Acidente c";"220";"BR-116/SP";"Pista Sul";"Colisão traseira";0;1;0;0;0;0;0;0;1;0;1;1;0;0;0
"26/09/2023";"03:29:00";"487";"Acidente s";"227.9";"BR-116/SP";"Pista Sul";"Abalroamento longitudinal";1;0;0;0;0;0;0;0;1;0;2;0;0;0;0
"26/09/2023";"04:35:00";"520";"Acidente c";"59.6";"BR-116/SP";"Pista Norte";"Abalroamento longitudinal";0;1;0;0;0;0;0;0;0;1;1;0;2;0;0
"26/09/2023";"05:25:00";"536";"Acidente c";"227.3";"BR-116/SP";"Pista Norte";"Abalroamento longitudinal";0;1;0;0;0;0;0;0;1;0;2;1;0;0;0
"26/09/2023";"05:26:00";"537";"Acidente s";"154.6";"BR-116/SP";"Pista Sul";"Colisão traseira";0;1;0;0;0;0;0;0;1;0;2;0;0;0;0
"26/09/2023";"11:58:00";"694";"Acidente s";"181.8";"BR-116/SP";"Pista Norte";"Choque em objeto fixo";1;0;0;0;0;0;0;0;0;0;1;0;0;0;0
"27/09/2023";"03:27:00";"41";"Acidente s";"284";"BR-116/RJ";"Pista Norte";"Colisão traseira";1;0;0;0;0;0;1;0;0;0;2;0;0;0;0
"27/09/2023";"04:00:00";"48";"Acidente s";"97";"BR-116/SP";"Pista Sul";"Abalroamento longitudinal";2;0;0;0;0;0;0;0;0;0;2;0;0;0;0
"27/09/2023";"04:57:00";"59";"Acidente c";"223.9";"BR-116/SP";"Pista Norte";"Colisão traseira";1;0;0;0;0;0;0;0;1;0;1;1;0;0;0
"27/09/2023";"08:30:00";"199";"Acidente c";"222.9";"BR-116/SP";"Pista Norte";"Abalroamento longitudinal";0;1;0;0;0;0;0;0;1;0;2;1;0;0;0
"27/09/2023";"09:11:00";"236";"Acidente s";"86.8";"BR-116/SP";"Pista Norte";"Choque em barreira New Jersey";0;0;0;0;0;0;0;0;1;0;0;0;0;0;0
"27/09/2023";"09:51:00";"272";"Acidente c";"219.1";"BR-116/SP";"Pista Sul";"Abalroamento longitudinal";0;2;0;0;0;0;0;0;0;0;0;3;0;0;0
"27/09/2023";"11:22:00";"322";"Acidente s";"147";"BR-116/SP";"Pista Norte";"Capotamento";0;0;0;0;0;1;0;0;0;0;1;0;0;0;0
"27/09/2023";"11:24:00";"324";"Acidente s";"212";"BR-116/SP";"Pista Sul";"Atropelamento de animal";0;0;0;0;0;0;0;0;1;0;1;0;0;0;0
"27/09/2023";"11:34:00";"334";"Acidente c";"478";"BR-101/RJ";"Pista Norte";"Choque em barreira New Jersey";1;0;0;0;0;0;0;0;0;0;1;1;0;0;0
"27/09/2023";"02:52:00";"462";"Acidente s";"224.65";"BR-116/SP";"Pista Sul";"Choque em defensa";0;0;0;0;0;0;0;0;2;1;3;0;0;0;0
"27/09/2023";"04:23:00";"497";"Acidente s";"217.5";"BR-116/SP";"Pista Sul";"Choque em barreira New Jersey";0;0;0;0;0;0;0;0;1;0;1;0;0;0;0
"27/09/2023";"05:23:00";"531";"Acidente s";"147.9";"BR-116/SP";"Pista Norte";"Colisão traseira";0;0;0;0;0;0;0;0;1;1;3;0;0;0;0
"27/09/2023";"05:55:00";"562";"Acidente s";"226.2";"BR-116/SP";"Pista Norte";"Engavetamento";0;0;0;0;0;0;0;0;1;2;3;0;0;0;0
"27/09/2023";"06:04:00";"572";"Acidente s";"113.8";"BR-116/SP";"Pista Norte";"Colisão traseira";0;0;0;0;0;0;0;0;2;0;3;0;0;0;0
"27/09/2023";"06:29:00";"583";"Acidente c";"86.95";"BR-116/SP";"Pista Sul";"Choque em barreira New Jersey";0;1;0;0;0;0;0;0;0;0;0;1;0;0;0
"27/09/2023";"07:09:00";"599";"Acidente c";"222.5";"BR-116/SP";"Pista Norte";"Abalroamento longitudinal";0;1;0;0;0;1;0;0;0;0;1;1;0;0;0
"27/09/2023";"07:09:00";"600";"Acidente s";"58.9";"BR-116/SP";"Pista Sul";"Abalroamento longitudinal";0;0;0;0;0;0;0;0;1;1;2;0;0;0;0
"27/09/2023";"07:13:00";"601";"Acidente s";"187.3";"BR-116/SP";"Pista Sul";"Choque em defensa";0;0;0;0;0;0;0;0;1;0;1;0;0;0;0
"27/09/2023";"07:55:00";"620";"Acidente s";"484";"BR-101/RJ";"Pista Sul";"Colisão traseira";0;0;0;0;0;0;1;0;0;1;13;0;0;0;0
"27/09/2023";"07:55:00";"621";"Acidente s";"187.3";"BR-116/SP";"Pista Sul";"Colisão traseira";1;0;0;0;0;0;0;0;1;0;4;0;0;0;0
"27/09/2023";"08:06:00";"627";"Acidente s";"86.8";"BR-116/SP";"Pista Norte";"Abalroamento longitudinal";1;0;0;0;0;0;0;0;1;0;4;0;0;0;0
"28/09/2023";"12:20:00";"25";"Acidente s";"332.6";"BR-116/RJ";"Pista Norte";"Choque em objeto fixo";1;0;0;0;0;0;0;0;0;0;1;0;0;0;0
"28/09/2023";"01:28:00";"39";"Acidente c";"225";"BR-116/RJ";"Pista Sul";"Choque em barreira New Jersey";0;0;0;0;0;0;0;0;1;0;0;2;0;0;0
"28/09/2023";"02:40:00";"51";"Acidente s";"227.15";"BR-116/RJ";"Pista Norte";"Choque em barreira New Jersey";1;0;0;0;0;0;0;0;0;0;1;0;0;0;0
"28/09/2023";"03:26:00";"59";"Acidente s";"484";"BR-101/RJ";"Pista Norte";"Choque em objeto fixo";0;0;0;0;0;0;0;0;1;0;1;0;0;0;0
"28/09/2023";"03:54:00";"62";"Acidente s";"474";"BR-101/RJ";"Pista Sul";"Choque em objeto fixo";0;0;0;0;0;0;0;0;1;0;1;0;0;0;0
"28/09/2023";"05:41:00";"83";"Acidente c";"230.4";"BR-116/SP";"Pista Sul";"Capotamento";0;0;0;0;2;0;0;0;1;0;3;1;0;0;0
"28/09/2023";"05:48:00";"87";"Acidente c";"228";"BR-116/SP";"Pista Sul";"Abalroamento longitudinal";0;1;0;0;0;0;0;0;1;0;1;0;1;0;0
"28/09/2023";"06:18:00";"96";"Acidente c";"270.5";"BR-116/RJ";"Pista Sul";"Choque em defensa";0;0;0;0;0;0;0;0;1;0;0;0;1;0;0
"28/09/2023";"06:56:00";"126";"Acidente s";"155";"BR-116/SP";"Pista Sul";"Engavetamento";0;0;0;0;0;0;0;0;4;0;5;0;0;0;0
"28/09/2023";"07:18:00";"145";"Acidente c";"528.5";"BR-101/RJ";"Pista Norte";"Choque em objeto fixo";0;0;0;0;0;0;0;0;1;0;0;1;0;0;0
"28/09/2023";"07:48:00";"171";"Acidente c";"388";"BR-101/RJ";"Pista Sul";"Engavetamento";1;1;0;0;0;0;0;0;2;0;6;2;0;0;0
"28/09/2023";"07:54:00";"176";"Acidente s";"154";"BR-116/SP";"Pista Norte";"Colisão traseira";0;0;0;0;0;0;0;0;1;1;2;0;0;0;0
"28/09/2023";"08:36:00";"204";"Acidente s";"252";"BR-116/RJ";"Pista Sul";"Choque em objeto fixo";0;0;0;0;0;0;0;0;1;0;2;0;0;0;0
"28/09/2023";"09:07:00";"224";"Acidente s";"278.7";"BR-116/RJ";"Pista Sul";"Choque em objeto fixo";0;0;0;0;0;0;0;0;1;0;1;0;0;0;0
"28/09/2023";"10:28:00";"272";"Acidente s";"144";"BR-116/SP";"Pista Norte";"Colisão traseira";0;0;0;0;0;0;0;0;2;0;0;0;0;0;0
"28/09/2023";"11:33:00";"308";"Acidente s";"282";"BR-116/RJ";"Pista Norte";"Choque em barreira New Jersey";0;0;0;0;0;0;0;0;1;0;1;0;0;0;0
"28/09/2023";"12:46:00";"338";"Acidente s";"232.7";"BR-116/RJ";"Pista Norte";"Choque Talude";1;0;0;0;0;0;0;0;0;0;1;0;0;0;0
"28/09/2023";"01:02:00";"346";"Acidente s";"231.5";"BR-116/RJ";"Pista Sul";"Choque em barreira New Jersey";0;0;0;0;0;0;0;0;1;0;1;0;0;0;0
"28/09/2023";"02:18:00";"387";"Acidente s";"484";"BR-101/RJ";"Pista Norte";"Colisão traseira";0;0;0;0;0;0;0;0;2;0;2;0;0;0;0
"28/09/2023";"02:19:00";"389";"Acidente c";"281";"BR-116/RJ";"Pista Sul";"Colisão traseira";2;0;0;0;0;0;0;0;0;0;1;0;1;0;0
"28/09/2023";"02:33:00";"394";"Acidente s";"279";"BR-116/RJ";"Pista Sul";"Choque em barreira New Jersey";0;0;0;0;0;0;0;0;1;0;1;0;0;0;0
"28/09/2023";"03:33:00";"425";"Acidente s";"462.9";"BR-101/RJ";"Pista Norte";"Choque em defensa";0;0;0;0;0;0;0;0;1;0;2;0;0;0;0
"28/09/2023";"03:39:00";"427";"Acidente s";"333";"BR-116/RJ";"Pista Norte";"Queda de ribanceira";0;0;0;0;0;0;1;0;0;0;2;0;0;0;0
"28/09/2023";"04:23:00";"455";"Acidente s";"406";"BR-101/RJ";"Pista Sul";"Engavetamento";1;0;0;0;0;0;0;0;2;0;7;0;0;0;0
"28/09/2023";"04:43:00";"463";"Acidente c";"110.9";"BR-116/SP";"Pista Norte";"Queda de moto";0;1;0;0;0;0;1;0;0;0;2;0;1;0;0
"28/09/2023";"05:15:00";"477";"Acidente c";"220";"BR-116/SP";"Pista Sul";"Colisão traseira";1;0;0;0;0;0;0;0;1;0;1;1;0;0;0
"28/09/2023";"06:26:00";"518";"Acidente s";"462";"BR-101/RJ";"Pista Norte";"Engavetamento";0;0;0;1;0;1;0;0;0;1;92;0;0;0;0
"28/09/2023";"06:34:00";"521";"Acidente s";"462";"BR-101/RJ";"Pista Norte";"Choque Talude";0;0;0;1;0;0;0;0;0;0;45;0;0;0;0
"29/09/2023";"01:36:00";"33";"Acidente c";"30.5";"BR-116/SP";"Pista Norte";"Colisão traseira";2;0;0;0;0;0;0;0;0;0;1;1;0;0;0
"29/09/2023";"03:49:00";"45";"Acidente s";"23.3";"BR-116/SP";"Pista Sul";"Choque em barreira New Jersey";1;0;0;0;0;0;0;0;0;0;1;0;0;0;0
"29/09/2023";"04:45:00";"50";"Acidente s";"100.1";"BR-116/SP";"Pista Norte";"Colisão traseira";2;0;0;0;0;0;0;0;0;0;2;0;0;0;0
"29/09/2023";"05:09:00";"55";"Acidente s";"209";"BR-116/SP";"Pista Sul";"Choque em defensa";0;0;0;0;0;0;0;0;1;0;1;0;0;0;0
"29/09/2023";"05:36:00";"61";"Acidente c";"417.9";"BR-101/RJ";"Pista Sul";"Choque Talude";0;0;0;0;0;0;0;0;1;0;1;0;1;0;0
"29/09/2023";"06:12:00";"77";"Acidente s";"333";"BR-116/RJ";"Pista Norte";"Colisão traseira";1;0;0;0;0;0;0;0;1;0;2;0;0;0;0
"29/09/2023";"06:38:00";"92";"Acidente s";"304.2";"BR-116/RJ";"Pista Sul";"Choque em defensa";0;0;0;0;0;0;0;0;1;0;1;0;0;0;0
"29/09/2023";"08:02:00";"158";"Acidente s";"218";"BR-116/SP";"Pista Norte";"Queda de moto";0;1;0;0;0;0;0;0;0;0;2;0;0;0;0
"29/09/2023";"08:17:00";"165";"Acidente s";"280.5";"BR-116/RJ";"Pista Norte";"Tombamento";1;0;0;0;0;0;0;0;0;0;2;0;0;0;0
"29/09/2023";"08:51:00";"190";"Acidente s";"282.1";"BR-116/RJ";"Pista Norte";"Choque em barreira New Jersey";0;0;0;0;0;0;0;0;1;0;1;0;0;0;0
"29/09/2023";"11:07:00";"259";"Acidente c";"101.5";"BR-116/SP";"Pista Norte";"Engavetamento";2;0;0;0;0;0;0;0;3;0;7;2;0;0;0
"29/09/2023";"11:35:00";"274";"Acidente s";"159.5";"BR-116/SP";"Pista Sul";"Colisão traseira";2;0;0;0;0;0;0;0;0;0;2;0;0;0;0
"29/09/2023";"01:05:00";"327";"Acidente s";"219.5";"BR-116/SP";"Pista Sul";"Colisão traseira";1;0;0;0;0;0;0;0;1;0;2;0;0;0;0