data;horario;n_da_ocorrencia;tipo_de_ocorrencia;km;trecho;sentido;tipo_de_acidente;automovel;bicicleta;caminhao;moto;onibus;outros;tracao_animal;transporte_de_cargas_especiais;trator_maquinas;utilitarios;ilesos;levemente_feridos;moderadamente_feridos;gravemente_feridos;mortos
"06/10/2023";"06:53:00";"139";"Acidente s";"276";"BR-116/RJ";"Pista Sul";"Choque em barreira New Jersey";0;0;0;0;0;0;0;0;1;0;1;0;0;0;0
"06/10/2023";"07:33:00";"182";"Acidente s";"234.45";"BR-116/RJ";"Pista Sul";"Colisão traseira";1;0;0;0;0;0;0;0;1;0;2;0;0;0;0
"06/10/2023";"07:48:00";"194";"Acidente c";"425";"BR-101/RJ";"Pista Sul";"Abalroamento longitudinal";0;0;0;0;0;0;0;0;2;0;0;7;0;0;0
"06/10/2023";"07:48:00";"193";"Acidente s";"267.8";"BR-116/RJ";"Pista Sul";"Abalroamento longitudinal";1;0;0;0;0;0;0;0;1;0;2;0;0;0;0
"06/10/2023";"08:38:00";"237";"Acidente s";"271";"BR-116/RJ";"Pista Sul";"Choque em objeto na pista";0;0;0;0;0;0;0;0;1;0;1;0;0;0;0
"06/10/2023";"09:02:00";"259";"Acidente s";"24.2";"BR-116/SP";"Pista Norte";"Choque em barreira New Jersey";0;0;0;0;0;0;0;0;1;0;2;0;0;0;0
"06/10/2023";"09:03:00";"260";"Acidente c";"215.95";"BR-116/SP";"Pista Sul";"Colisão traseira";0;1;0;0;0;0;0;0;0;1;1;1;0;0;0
"06/10/2023";"09:16:00";"266";"Acidente s";"215.95";"BR-116/SP";"Pista Sul";"Choque em defensa";0;0;0;0;0;0;0;0;1;0;0;0;0;0;0
"06/10/2023";"09:17:00";"267";"Acidente s";"488";"BR-101/RJ";"Pista Sul";"Abalroamento longitudinal";2;0;0;0;0;0;0;0;0;0;2;0;0;0;0
"06/10/2023";"09:29:00";"285";"Acidente s";"385";"BR-101/RJ";"Pista Sul";"Choque em objeto fixo";0;0;0;0;0;0;0;0;1;0;1;0;0;0;0
"06/10/2023";"11:21:00";"363";"Acidente c";"215.1";"BR-116/SP";"Pista Norte";"Queda de moto";0;1;0;0;0;0;0;0;0;0;0;1;0;0;0
"06/10/2023";"12:02:00";"383";"Acidente s";"97.6";"BR-116/SP";"Pista Sul";"Engavetamento";0;0;0;0;0;0;0;0;4;0;12;0;0;0;0
"06/10/2023";"02:05:00";"453";"Acidente s";"151.5";"BR-116/SP";"Pista Norte";"Engavetamento";1;1;0;0;0;0;0;0;1;0;4;0;0;0;0
"06/10/2023";"02:25:00";"461";"Acidente s";"152.2";"BR-116/SP";"Pista Norte";"Choque em barreira New Jersey";1;0;0;0;0;0;0;0;0;0;1;0;0;0;0
"06/10/2023";"02:26:00";"462";"Acidente s";"211";"BR-116/SP";"Pista Sul";"Choque em barreira New Jersey";0;0;0;0;0;0;0;0;1;0;1;0;0;0;0
"06/10/2023";"03:42:00";"504";"Acidente s";"104.75";"BR-116/SP";"Pista Norte";"Choque em barreira New Jersey";0;0;0;0;0;0;0;0;1;0;2;0;0;0;0
"06/10/2023";"04:37:00";"530";"Acidente s";"334.1";"BR-116/RJ";"Pista Sul";"Choque em barreira New Jersey";1;0;0;0;0;0;0;0;0;0;1;0;0;0;0
"06/10/2023";"04:48:00";"540";"Acidente c";"229";"BR-116/SP";"Pista Norte";"Colisão traseira";0;1;0;0;0;0;0;0;1;0;1;0;0;1;0
"06/10/2023";"05:24:00";"559";"Acidente s";"179.3";"BR-116/SP";"Pista Sul";"Outros";1;0;0;0;0;0;0;0;0;0;1;0;0;0;0
"06/10/2023";"05:48:00";"577";"Acidente c";"250";"BR-116/RJ";"Pista Sul";"Choque em barreira New Jersey";0;0;0;0;0;1;0;0;0;1;2;0;1;0;0
"06/10/2023";"06:02:00";"582";"Acidente s";"104.1";"BR-116/SP";"Pista Sul";"Colisão traseira";0;1;0;0;0;0;0;0;1;0;2;0;0;0;0
"06/10/2023";"06:15:00";"590";"Acidente s";"442";"BR-101/RJ";"Pista Norte";"Choque em objeto fixo";0;0;0;0;0;0;0;0;1;0;0;0;0;0;0
"06/10/2023";"06:45:00";"612";"Acidente c";"398";"BR-101/RJ";"Pista Sul";"Colisão traseira";0;0;0;0;0;0;0;0;2;0;0;3;0;0;0
"06/10/2023";"06:52:00";"615";"Acidente s";"108.5";"BR-116/SP";"Pista Sul";"Colisão traseira";1;0;0;0;0;0;0;0;1;0;2;0;0;0;0
"06/10/2023";"07:12:00";"636";"Acidente s";"214.8";"BR-116/SP";"Pista Norte";"Colisão traseira";0;0;0;0;0;0;0;0;1;1;3;0;0;0;0
"06/10/2023";"07:25:00";"647";"Atropelame";"85.55";"BR-116/SP";"Pista Norte";"Atropelamento de pedestre caminhando";0;0;0;0;0;0;0;0;1;0;2;1;0;0;0
"06/10/2023";"07:43:00";"661";"Acidente s";"48.3";"BR-101/SP";"Pista Sul";"Colisão traseira";0;0;0;0;0;0;0;0;2;0;2;0;0;0;0
"06/10/2023";"11:21:00";"747";"Atropelame";"53.2";"BR-116/SP";"Pista Sul";"Atropelamento de pedestre caminhando";0;0;0;0;0;0;0;0;1;0;2;1;0;0;0
"07/10/2023";"12:33:00";"22";"Acidente c";"227.85";"BR-116/SP";"Pista Norte";"Colisão traseira";0;1;0;0;0;0;0;0;1;0;1;1;0;0;0
"07/10/2023";"04:37:00";"70";"Acidente s";"232";"BR-116/RJ";"Pista Norte";"Choque em barreira New Jersey";1;0;0;0;0;0;0;0;0;0;1;0;0;0;0
"07/10/2023";"06:29:00";"100";"Acidente c";"182.3";"BR-116/SP";"Pista Norte";"Colisão traseira";1;0;0;0;0;0;0;0;1;0;2;1;0;0;0
"07/10/2023";"07:36:00";"150";"Acidente s";"189";"BR-116/SP";"Pista Sul";"Choque em objeto fixo";0;0;0;0;0;0;0;0;1;0;1;0;0;0;0
"07/10/2023";"10:54:00";"289";"Acidente s";"227.3";"BR-116/SP";"Pista Sul";"Tombamento";0;0;0;0;0;0;1;0;0;0;0;0;0;0;0
"07/10/2023";"01:11:00";"358";"Acidente s";"144.8";"BR-116/SP";"Pista Sul";"Colisão traseira";0;0;0;0;0;0;0;0;1;1;3;0;0;0;0
"07/10/2023";"01:30:00";"369";"Acidente s";"146";"BR-116/SP";"Pista Norte";"Colisão traseira";0;0;0;0;0;0;0;0;2;0;3;0;0;0;0
"07/10/2023";"03:15:00";"436";"Acidente s";"513";"BR-101/RJ";"Pista Norte";"Abalroamento longitudinal";0;0;0;0;0;0;0;0;1;1;2;0;0;0;0
"07/10/2023";"03:32:00";"449";"Acidente s";"155.1";"BR-116/SP";"Pista Norte";"Abalroamento longitudinal";1;0;0;0;0;0;0;0;1;0;2;0;0;0;0
"07/10/2023";"04:16:00";"474";"Acidente s";"258";"BR-116/RJ";"Pista Sul";"Colisão frontal";0;0;0;0;0;0;0;0;2;0;6;0;0;0;0
"07/10/2023";"05:11:00";"502";"Acidente c";"391";"BR-101/RJ";"Pista Norte";"Colisão traseira";0;0;0;0;0;0;0;0;1;1;2;2;1;0;0
"07/10/2023";"05:36:00";"509";"Acidente c";"415";"BR-101/RJ";"Pista Norte";"Colisão traseira";1;1;0;0;0;0;0;0;0;0;2;0;0;1;1
"07/10/2023";"06:33:00";"538";"Acidente s";"219.8";"BR-116/SP";"Pista Norte";"Abalroamento longitudinal";1;0;0;0;0;0;0;0;1;0;2;0;0;0;0
"07/10/2023";"06:41:00";"544";"Acidente s";"549.6";"BR-101/RJ";"Pista Norte";"Atropelamento de animal";0;0;0;0;0;0;0;0;1;0;2;0;0;0;0
"07/10/2023";"08:44:00";"604";"Atropelame";"84.8";"BR-116/SP";"Pista Norte";"Atropelamento de pedestre atravessando";0;1;0;0;0;0;0;0;0;0;0;0;2;0;0
"07/10/2023";"08:51:00";"607";"Acidente s";"125.1";"BR-116/SP";"Pista Norte";"Choque em objeto fixo";0;0;0;0;0;0;0;0;1;0;1;0;0;0;0
"07/10/2023";"09:13:00";"612";"Acidente c";"321.2";"BR-116/RJ";"Pista Norte";"Choque em barreira New Jersey";0;1;0;0;0;0;0;0;0;0;0;0;1;0;0
"07/10/2023";"10:43:00";"637";"Atropelame";"85.6";"BR-116/SP";"Pista Norte";"Atropelamento de pedestre atravessando";0;0;0;0;0;0;0;0;0;1;1;0;1;0;0
"07/10/2023";"11:02:00";"641";"Acidente s";"476";"BR-101/RJ";"Pista Sul";"Choque em objeto fixo";0;0;0;0;0;0;0;0;1;0;1;0;0;0;0
"07/10/2023";"11:18:00";"647";"Acidente c";"418";"BR-101/RJ";"Pista Norte";"Queda de moto";0;1;0;0;0;0;0;0;0;0;0;1;0;0;0
"07/10/2023";"11:26:00";"648";"Atropelame";"51.45";"BR-116/SP";"Pista Sul";"Atropelamento de pedestre atravessando";0;0;0;0;0;0;0;0;0;1;1;0;1;0;0
"08/10/2023";"02:10:00";"39";"Acidente s";"223.45";"BR-116/SP";"Pista Sul";"Choque em objeto fixo";0;0;0;0;0;0;0;0;1;0;1;0;0;0;0
"08/10/2023";"02:14:00";"41";"Acidente s";"105.2";"BR-116/SP";"Pista Sul";"Choque em objeto fixo";0;0;0;0;0;0;0;0;1;0;2;0;0;0;0
"08/10/2023";"03:49:00";"62";"Acidente s";"417.5";"BR-101/RJ";"Pista Sul";"Choque em objeto fixo";0;0;0;0;0;0;0;0;1;0;2;0;0;0;0
"08/10/2023";"04:55:00";"70";"Acidente c";"227.9";"BR-116/SP";"Pista Norte";"Colisão traseira";0;0;0;0;0;0;0;0;2;1;2;0;1;0;0
"08/10/2023";"05:05:00";"72";"Acidente c";"145.3";"BR-116/SP";"Pista Sul";"Queda de moto";0;1;0;0;0;0;0;0;0;0;0;1;0;0;0
"08/10/2023";"06:21:00";"87";"Acidente c";"318";"BR-116/RJ";"Pista Norte";"Choque em objeto fixo";0;0;0;0;0;0;0;0;1;0;0;1;0;0;0
"08/10/2023";"06:35:00";"92";"Acidente c";"217";"BR-116/SP";"Pista Norte";"Choque em barreira New Jersey";0;0;0;0;0;0;0;0;1;0;0;1;0;0;0
"08/10/2023";"06:54:00";"98";"Acidente s";"482";"BR-101/RJ";"Pista Sul";"Choque em objeto fixo";0;0;0;0;0;0;0;0;1;0;1;0;0;0;0
"08/10/2023";"07:46:00";"126";"Acidente s";"215.6";"BR-116/SP";"Pista Sul";"Choque em objeto fixo";0;0;0;0;0;0;0;0;1;0;0;0;0;0;0
"08/10/2023";"08:39:00";"148";"Acidente c";"389";"BR-101/RJ";"Pista Sul";"Colisão traseira";0;1;0;0;0;0;0;0;1;0;1;0;1;0;0
"08/10/2023";"08:40:00";"150";"Acidente s";"147.8";"BR-116/SP";"Pista Sul";"Abalroamento longitudinal";0;0;0;0;0;0;0;0;2;0;2;0;0;0;0
"08/10/2023";"09:02:00";"163";"Acidente s";"139";"BR-116/SP";"Pista Sul";"Colisão traseira";0;0;0;0;0;0;0;0;2;0;5;0;0;0;0
"08/10/2023";"10:05:00";"197";"Acidente s";"229";"BR-116/SP";"Pista Norte";"Engavetamento";1;0;0;0;0;0;0;0;2;0;6;0;0;0;0
"08/10/2023";"10:17:00";"203";"Acidente s";"3.5";"BR-116/SP";"Pista Sul";"Colisão traseira";0;0;0;0;0;0;0;0;1;1;3;0;0;0;0
"08/10/2023";"11:15:00";"233";"Acidente s";"278.8";"BR-116/RJ";"Pista Norte";"Abalroamento longitudinal";1;0;0;0;0;0;0;0;1;0;2;0;0;0;0
"08/10/2023";"02:39:00";"331";"Acidente s";"145";"BR-116/SP";"Pista Norte";"Abalroamento longitudinal";0;0;0;0;0;0;0;0;2;0;4;0;0;0;0
"08/10/2023";"02:57:00";"341";"Acidente c";"387";"BR-101/RJ";"Pista Norte";"Colisão traseira";0;0;0;0;0;0;0;0;2;0;1;1;0;0;0
"08/10/2023";"03:38:00";"360";"Acidente s";"245";"BR-116/RJ";"Pista Norte";"Choque em barreira New Jersey";0;0;0;0;0;0;0;0;1;0;4;0;0;0;0
"08/10/2023";"03:50:00";"369";"Acidente s";"60";"BR-116/SP";"Pista Norte";"Choque em defensa";0;0;0;0;0;0;0;0;2;0;1;0;0;0;0
"08/10/2023";"04:49:00";"402";"Acidente c";"49.5";"BR-101/SP";"Pista Norte";"Colisão traseira";0;2;0;0;0;0;0;0;0;0;1;1;0;0;0
"08/10/2023";"04:50:00";"403";"Atropelame";"152.85";"BR-116/SP";"Pista Norte";"Atropelamento de pedestre atravessando";0;0;0;0;0;0;0;0;0;1;0;0;2;0;0
"08/10/2023";"05:05:00";"409";"Acidente s";"97";"BR-116/SP";"Pista Sul";"Choque em barreira New Jersey";1;0;0;0;0;0;0;0;0;0;1;0;0;0;0
"08/10/2023";"05:46:00";"431";"Acidente s";"97.5";"BR-116/SP";"Pista Sul";"Abalroamento longitudinal";0;0;0;0;0;0;0;0;2;0;8;0;0;0;0
"08/10/2023";"05:50:00";"435";"Acidente s";"558";"BR-101/RJ";"Pista Norte";"Choque em defensa";0;0;0;0;0;0;0;0;1;0;1;0;0;0;0
"08/10/2023";"05:50:00";"434";"Acidente c";"154.7";"BR-116/SP";"Pista Sul";"Colisão traseira";0;1;0;0;0;0;0;0;0;1;1;2;0;0;0
"08/10/2023";"07:28:00";"499";"Acidente s";"482";"BR-101/RJ";"Pista Sul";"Abalroamento longitudinal";0;0;0;0;0;0;0;0;1;1;3;0;0;0;0
"08/10/2023";"08:25:00";"526";"Acidente s";"128";"BR-116/SP";"Pista Sul";"Colisão traseira";0;0;0;0;0;0;0;0;2;0;3;0;0;0;0
"08/10/2023";"08:30:00";"529";"Acidente c";"468";"BR-101/RJ";"Pista Norte";"Choque Talude";0;0;0;0;0;0;0;0;1;0;0;2;0;0;0
"09/10/2023";"12:28:00";"25";"Acidente s";"169.9";"BR-116/SP";"Pista Sul";"Choque em barreira New Jersey";0;0;0;0;0;0;0;0;1;0;1;0;0;0;0
"09/10/2023";"12:42:00";"29";"Acidente s";"448";"BR-101/RJ";"Pista Sul";"Choque em objeto fixo";0;0;0;0;0;0;0;0;1;0;1;0;0;0;0
"09/10/2023";"04:00:00";"63";"Atropelame";"178.35";"BR-116/SP";"Pista Norte";"Atropelamento de pedestre atravessando";0;0;0;0;0;0;0;0;1;0;1;0;0;0;1
"09/10/2023";"05:25:00";"83";"Acidente s";"213.6";"BR-116/SP";"Pista Norte";"Engavetamento";2;0;0;1;0;0;0;0;0;0;3;0;0;0;0
"09/10/2023";"06:13:00";"89";"Acidente c";"486";"BR-101/RJ";"Pista Norte";"Colisão frontal";1;0;0;0;0;0;0;0;1;0;1;1;0;0;0
"09/10/2023";"06:35:00";"102";"Acidente s";"228.1";"BR-116/SP";"Pista Sul";"Colisão traseira";0;0;0;0;0;0;0;0;2;0;2;0;0;0;0
"09/10/2023";"06:37:00";"103";"Acidente s";"155.9";"BR-116/SP";"Pista Sul";"Colisão traseira";0;0;0;0;0;0;0;0;2;0;2;0;0;0;0
"09/10/2023";"06:47:00";"105";"Acidente c";"416";"BR-101/RJ";"Pista Norte";"Capotamento";0;0;0;0;0;0;1;0;0;0;6;1;4;1;0
"09/10/2023";"07:45:00";"134";"Acidente c";"139.4";"BR-116/SP";"Pista Sul";"Colisão traseira";0;1;0;0;0;0;0;0;0;1;1;0;2;0;0
"09/10/2023";"07:58:00";"140";"Acidente c";"230.1";"BR-116/SP";"Pista Sul";"Engavetamento";0;1;0;0;0;0;0;0;1;1;1;1;0;0;0
"09/10/2023";"08:22:00";"161";"Acidente s";"484";"BR-101/RJ";"Pista Sul";"Colisão traseira";0;0;0;0;0;0;0;0;2;0;3;0;0;0;0
"09/10/2023";"08:43:00";"169";"Acidente s";"273";"BR-116/RJ";"Pista Norte";"Choque em barreira New Jersey";0;0;0;0;0;0;0;0;1;0;1;0;0;0;0
"09/10/2023";"08:54:00";"177";"Acidente s";"223";"BR-116/SP";"Pista Sul";"Choque em objeto fixo";0;0;0;0;0;0;0;0;1;0;1;0;0;0;0
"09/10/2023";"09:19:00";"193";"Acidente c";"223";"BR-116/SP";"Pista Sul";"Queda de moto";0;1;0;0;0;0;0;0;0;0;0;1;0;0;0
"09/10/2023";"09:26:00";"199";"Acidente s";"108.6";"BR-116/SP";"Pista Sul";"Colisão traseira";0;0;0;0;0;0;0;0;2;0;4;0;0;0;0
"09/10/2023";"09:38:00";"204";"Acidente s";"226.1";"BR-116/RJ";"Pista Sul";"Choque em barreira New Jersey";0;0;0;0;0;0;0;0;1;0;1;0;0;0;0
"09/10/2023";"09:39:00";"209";"Acidente s";"219";"BR-116/SP";"Pista Sul";"Colisão traseira";0;0;0;0;0;0;0;0;1;1;2;0;0;0;0
"09/10/2023";"09:58:00";"221";"Acidente s";"226.1";"BR-116/RJ";"Pista Sul";"Choque em defensa";0;0;0;0;0;0;0;0;1;0;1;0;0;0;0
"09/10/2023";"10:20:00";"240";"Acidente c";"140";"BR-116/SP";"Pista Norte";"Queda de moto";0;1;0;0;0;0;0;0;0;0;0;1;0;0;0
"09/10/2023";"10:32:00";"245";"Acidente s";"166.8";"BR-116/SP";"Pista Norte";"Colisão traseira";1;0;0;0;0;0;0;0;0;1;2;0;0;0;0
"09/10/2023";"10:43:00";"250";"Acidente s";"227";"BR-116/SP";"Pista Sul";"Engavetamento";1;0;0;0;0;0;0;0;2;0;4;0;0;0;0
"09/10/2023";"10:46:00";"253";"Acidente c";"222.5";"BR-116/SP";"Pista Sul";"Colisão traseira";0;1;0;0;0;0;0;0;1;0;3;1;0;0;0
"09/10/2023";"11:07:00";"264";"Acidente s";"253";"BR-116/RJ";"Pista Norte";"Choque em objeto na pista";0;0;0;0;0;0;0;0;1;0;2;0;0;0;0
"09/10/2023";"11:29:00";"280";"Acidente s";"220.85";"BR-116/RJ";"Pista Sul";"Colisão traseira";1;0;0;0;0;0;0;0;1;0;3;0;0;0;0
"09/10/2023";"03:36:00";"413";"Acidente c";"161.15";"BR-116/SP";"Pista Norte";"Colisão traseira";0;1;0;0;0;0;0;0;1;0;1;0;0;1;0
"09/10/2023";"03:45:00";"419";"Acidente s";"225";"BR-116/SP";"Pista Norte";"Colisão traseira";0;0;0;0;0;0;0;0;2;0;2;0;0;0;0
"09/10/2023";"03:58:00";"424";"Acidente s";"227";"BR-116/SP";"Pista Norte";"Colisão traseira";1;0;0;0;0;0;1;0;0;0;4;0;0;0;0
"09/10/2023";"04:04:00";"427";"Acidente c";"230";"BR-116/SP";"Pista Norte";"Colisão traseira";0;1;0;0;0;0;0;0;1;0;1;1;0;0;0
"09/10/2023";"04:44:00";"446";"Acidente c";"148.2";"BR-116/SP";"Pista Norte";"Colisão traseira";0;1;0;0;0;0;0;0;1;0;1;0;0;1;0
"09/10/2023";"04:57:00";"458";"Acidente c";"241.6";"BR-116/RJ";"Pista Sul";"Choque em barreira New Jersey";2;0;0;0;0;0;0;0;1;0;1;1;0;1;0
"09/10/2023";"06:33:00";"492";"Acidente c";"144.9";"BR-116/SP";"Pista Sul";"Colisão traseira";0;0;0;0;0;0;0;0;1;1;1;1;0;0;0
"09/10/2023";"07:08:00";"515";"Acidente s";"280.2";"BR-116/RJ";"Pista Norte";"Abalroamento longitudinal";0;0;0;0;0;0;0;0;1;1;2;0;0;0;0
"09/10/2023";"07:17:00";"520";"Acidente c";"162";"BR-116/SP";"Pista Norte";"Engavetamento";0;0;0;0;0;0;0;0;3;1;3;1;0;0;0
"09/10/2023";"10:01:00";"592";"Acidente c";"483";"BR-101/RJ";"Pista Norte";"Queda de ribanceira";0;0;0;0;0;0;0;0;1;0;0;0;0;1;0
"09/10/2023";"10:52:00";"613";"Atropelame";"219.2";"BR-116/SP";"Pista Sul";"Atropelamento de pedestre atravessando";0;0;0;0;0;0;0;0;0;1;1;0;0;0;1
"10/10/2023";"04:48:00";"57";"Acidente c";"230.2";"BR-116/SP";"Pista Sul";"Choque em defensa";0;0;0;0;0;0;0;0;1;0;0;1;0;0;0
"10/10/2023";"07:31:00";"151";"Acidente s";"248.5";"BR-116/RJ";"Pista Sul";"Choque em barreira New Jersey";0;0;0;0;0;0;0;0;1;0;1;0;0;0;0
"10/10/2023";"08:15:00";"188";"Acidente s";"442";"BR-101/RJ";"Pista Norte";"Capotamento";0;0;0;0;0;0;0;0;1;0;1;0;0;0;0
"10/10/2023";"08:20:00";"196";"Acidente s";"135.4";"BR-116/SP";"Pista Sul";"Abalroamento longitudinal";0;1;0;0;0;0;0;0;1;0;4;0;0;0;0
"10/10/2023";"11:15:00";"337";"Acidente s";"6";"BR-116/SP";"Pista Sul";"Choque em objeto fixo";0;0;0;0;0;0;0;0;1;0;0;0;0;0;0
"10/10/2023";"11:36:00";"343";"Acidente c";"575.8";"BR-101/RJ";"Pista Sul";"Abalroamento longitudinal";0;0;0;0;0;0;0;0;1;1;1;0;1;0;0
"10/10/2023";"11:54:00";"354";"Acidente c";"147.8";"BR-116/SP";"Pista Norte";"Engavetamento";0;1;0;0;0;1;0;0;1;0;2;0;1;0;0
"10/10/2023";"12:44:00";"380";"Acidente c";"222.9";"BR-116/SP";"Pista Sul";"Abalroamento longitudinal";1;2;0;0;0;0;0;0;1;0;3;0;0;1;0
"10/10/2023";"12:56:00";"386";"Acidente s";"147.8";"BR-116/SP";"Pista Norte";"Colisão traseira";0;1;0;0;0;0;0;0;1;0;3;0;0;0;0
"10/10/2023";"01:16:00";"400";"Atropelame";"136.3";"BR-116/SP";"Pista Norte";"Atropelamento de pedestre atravessando";0;0;0;0;0;0;0;0;1;0;4;1;0;0;0
"10/10/2023";"01:31:00";"409";"Acidente s";"459";"BR-101/RJ";"Pista Norte";"Abalroamento longitudinal";0;0;0;0;0;0;0;0;2;0;3;0;0;0;0
"10/10/2023";"02:24:00";"443";"Acidente s";"150.4";"BR-116/SP";"Pista Norte";"Colisão traseira";2;0;0;0;0;0;0;0;0;0;2;0;0;0;0
"10/10/2023";"03:42:00";"484";"Acidente c";"218.5";"BR-116/SP";"Pista Norte";"Queda de moto";0;1;0;0;0;0;0;0;0;0;1;1;0;0;0
"10/10/2023";"04:10:00";"503";"Acidente c";"456";"BR-101/RJ";"Pista Norte";"Colisão frontal";0;0;0;0;0;0;0;0;3;0;1;3;0;0;0
"10/10/2023";"04:40:00";"520";"Acidente s";"204";"BR-116/SP";"Pista Sul";"Atropelamento de animal";0;0;0;0;0;1;0;0;0;1;2;0;0;0;0
"10/10/2023";"06:42:00";"595";"Acidente c";"149.6";"BR-116/SP";"Pista Sul";"Abalroamento longitudinal";0;1;0;0;0;0;0;0;0;1;1;1;0;0;0
"10/10/2023";"07:43:00";"620";"Acidente s";"498";"BR-101/RJ";"Pista Sul";"Atropelamento de animal";0;0;0;0;0;0;0;0;1;0;1;0;0;0;0
"10/10/2023";"08:08:00";"636";"Acidente s";"33.6";"BR-101/SP";"Pista Norte";"Atropelamento de animal";0;0;0;0;0;0;0;0;1;0;4;0;0;0;0
"10/10/2023";"09:51:00";"678";"Acidente c";"147";"BR-116/SP";"Pista Norte";"Engavetamento";1;0;0;0;0;0;0;0;2;0;3;1;0;0;0
"10/10/2023";"10:05:00";"681";"Atropelame";"156.8";"BR-116/SP";"Pista Sul";"Atropelamento de pedestre atravessando";0;1;1;0;0;0;0;0;0;0;0;2;1;0;0
"10/10/2023";"11:24:00";"700";"Acidente s";"243.3";"BR-116/RJ";"Pista Sul";"Colisão traseira";1;0;0;0;0;0;0;0;1;0;2;0;0;0;0
"11/10/2023";"02:52:00";"58";"Acidente s";"286";"BR-116/RJ";"Pista Sul";"Abalroamento longitudinal";1;0;0;0;0;0;0;0;2;0;0;0;0;0;0
"11/10/2023";"03:38:00";"69";"Acidente s";"64.88";"BR-116/SP";"Pista Sul";"Colisão traseira";2;0;0;0;0;0;0;0;0;0;2;0;0;0;0
"11/10/2023";"05:59:00";"93";"Acidente c";"222.1";"BR-116/SP";"Pista Sul";"Abalroamento longitudinal";0;1;0;0;0;0;0;0;1;0;2;0;1;0;0
"11/10/2023";"06:17:00";"104";"Acidente s";"114.6";"BR-116/SP";"Pista Norte";"Tombamento";1;0;0;0;0;0;0;0;0;0;0;0;0;0;0
"11/10/2023";"06:30:00";"119";"Acidente c";"219.1";"BR-116/SP";"Pista Sul";"Abalroamento longitudinal";0;1;0;0;0;0;0;0;1;0;2;1;0;0;0
"11/10/2023";"06:49:00";"123";"Acidente s";"147";"BR-116/SP";"Pista Norte";"Colisão traseira";0;0;0;0;0;0;0;0;2;0;3;0;0;0;0
"11/10/2023";"07:14:00";"149";"Acidente s";"267";"BR-116/RJ";"Pista Norte";"Capotamento";0;0;0;0;0;0;0;0;1;0;1;0;0;0;0
"11/10/2023";"07:44:00";"178";"Acidente c";"43";"BR-116/SP";"Pista Sul";"Choque em objeto na pista";0;1;0;0;0;0;0;0;0;0;0;0;1;0;0
"11/10/2023";"07:46:00";"180";"Acidente c";"145.2";"BR-116/SP";"Pista Sul";"Colisão traseira";0;1;0;0;0;0;0;0;1;0;1;1;0;0;0
"11/10/2023";"07:47:00";"181";"Acidente c";"267";"BR-116/RJ";"Pista Norte";"Engavetamento";0;0;0;0;0;0;0;0;2;1;1;2;0;0;0
"11/10/2023";"07:50:00";"184";"Acidente s";"141";"BR-116/SP";"Pista Norte";"Abalroamento longitudinal";1;0;0;0;0;0;0;0;1;0;3;0;0;0;0
"11/10/2023";"08:10:00";"201";"Acidente c";"488";"BR-101/RJ";"Pista Sul";"Abalroamento longitudinal";0;1;0;0;0;0;0;0;1;0;1;1;0;0;0
"11/10/2023";"08:59:00";"230";"Acidente s";"51.9";"BR-101/SP";"Pista Sul";"Engavetamento";0;0;0;0;0;0;0;0;3;0;4;0;0;0;0
"11/10/2023";"09:16:00";"249";"Acidente s";"104";"BR-116/SP";"Pista Sul";"Engavetamento";0;0;0;0;0;0;0;0;3;1;7;0;0;0;0
"11/10/2023";"10:33:00";"301";"Acidente s";"310";"BR-116/RJ";"Pista Sul";"Abalroamento longitudinal";1;0;0;0;0;0;0;0;1;0;2;0;0;0;0
"11/10/2023";"10:34:00";"304";"Acidente s";"490";"BR-101/RJ";"Pista Sul";"Choque em objeto fixo";0;0;0;0;0;0;0;0;1;0;1;0;0;0;0
"11/10/2023";"12:08:00";"365";"Acidente c";"158.6";"BR-116/SP";"Pista Norte";"Colisão traseira";0;0;0;0;0;0;0;0;1;1;1;1;0;0;0
"11/10/2023";"12:22:00";"372";"Acidente s";"97.9";"BR-116/SP";"Pista Sul";"Colisão traseira";0;0;0;0;0;0;0;0;1;1;5;0;0;0;0
"11/10/2023";"12:27:00";"373";"Acidente c";"442";"BR-101/RJ";"Pista Sul";"Abalroamento longitudinal";2;0;0;0;0;0;0;0;0;0;4;1;0;0;0
"11/10/2023";"01:54:00";"424";"Acidente s";"155";"BR-116/SP";"Pista Sul";"Colisão traseira";0;0;0;0;0;0;0;0;1;1;2;0;0;0;0
"11/10/2023";"02:17:00";"437";"Acidente c";"381";"BR-101/RJ";"Pista Sul";"Engavetamento";0;0;0;0;0;0;0;0;3;0;2;2;1;0;0
"11/10/2023";"02:40:00";"458";"Acidente s";"215.6";"BR-116/SP";"Pista Sul";"Colisão traseira";2;0;0;0;0;0;0;0;0;0;3;0;0;0;0
"11/10/2023";"03:21:00";"494";"Acidente s";"216.6";"BR-116/SP";"Pista Sul";"Choque em barreira New Jersey";1;0;0;0;0;0;0;0;0;0;1;0;0;0;0
"11/10/2023";"03:22:00";"496";"Acidente s";"225.5";"BR-116/SP";"Pista Norte";"Colisão traseira";0;0;0;0;0;0;0;0;2;0;2;0;0;0;0
"11/10/2023";"03:41:00";"507";"Acidente c";"100.25";"BR-116/SP";"Pista Sul";"Colisão traseira";0;1;0;0;0;0;0;0;1;0;0;1;0;0;0