data;horario;n_da_ocorrencia;tipo_de_ocorrencia;km;trecho;sentido;tipo_de_acidente;automovel;bicicleta;caminhao;moto;onibus;outros;tracao_animal;transporte_de_cargas_especiais;trator_maquinas;utilitarios;ilesos;levemente_feridos;moderadamente_feridos;gravemente_feridos;mortos
"19/10/2023";"02:14:00";"392";"Atropelame";"219";"BR-116/SP";"Pista Norte";"Atropelamento de pedestre caminhando";0;0;0;0;0;0;0;0;0;1;1;0;1;0;0
"19/10/2023";"02:34:00";"402";"Acidente s";"229.8";"BR-116/RJ";"Pista Norte";"Choque Talude";1;0;0;0;0;0;0;0;0;0;1;0;0;0;0
"19/10/2023";"04:18:00";"447";"Acidente c";"224.5";"BR-116/SP";"Pista Norte";"Abalroamento longitudinal";1;1;0;0;0;0;0;0;1;0;2;0;0;2;0
"19/10/2023";"05:43:00";"480";"Acidente c";"145.45";"BR-116/SP";"Pista Norte";"Queda de moto";0;1;0;0;0;0;0;0;0;0;0;0;2;0;0
"19/10/2023";"10:11:00";"606";"Acidente s";"211.3";"BR-116/SP";"Pista Sul";"Capotamento";0;0;0;0;0;0;0;0;1;0;1;0;0;0;0
"19/10/2023";"11:13:00";"625";"Acidente s";"103.25";"BR-116/SP";"Pista Norte";"Colisão traseira";2;0;0;0;0;0;0;0;0;0;2;0;0;0;0
"20/10/2023";"01:39:00";"40";"Acidente s";"230.5";"BR-116/SP";"Pista Norte";"Colisão traseira";1;0;0;0;0;0;0;0;1;0;1;0;0;0;0
"20/10/2023";"03:22:00";"58";"Acidente c";"544";"BR-101/RJ";"Pista Sul";"Choque em objeto na pista";1;0;0;0;0;0;0;0;0;0;0;2;1;0;0
"20/10/2023";"05:58:00";"86";"Acidente s";"136.61";"BR-116/SP";"Pista Norte";"Abalroamento longitudinal";1;0;0;0;0;0;1;0;1;0;4;0;0;0;0
"20/10/2023";"07:20:00";"140";"Acidente c";"221.9";"BR-116/SP";"Pista Sul";"Colisão traseira";0;1;0;0;0;0;0;0;1;0;1;1;0;0;0
"20/10/2023";"07:45:00";"155";"Acidente s";"482.5";"BR-101/RJ";"Pista Sul";"Colisão frontal";1;0;0;0;0;0;0;0;1;0;5;0;0;0;0
"20/10/2023";"08:49:00";"201";"Acidente c";"227.5";"BR-116/SP";"Pista Sul";"Abalroamento longitudinal";0;1;0;0;0;0;0;0;1;0;1;1;0;0;0
"20/10/2023";"09:59:00";"251";"Acidente c";"43";"BR-101/SP";"Pista Sul";"Queda de moto";0;1;0;0;0;0;0;0;0;0;0;1;0;0;0
"20/10/2023";"10:22:00";"265";"Acidente s";"295";"BR-116/RJ";"Pista Sul";"Abalroamento longitudinal";1;0;0;0;0;0;0;0;1;0;2;0;0;0;0
"20/10/2023";"11:42:00";"306";"Acidente s";"229.6";"BR-116/SP";"Pista Sul";"Colisão traseira";0;0;0;0;0;0;0;0;1;1;3;0;0;0;0
"20/10/2023";"12:25:00";"331";"Acidente s";"145";"BR-116/SP";"Pista Norte";"Choque em barreira New Jersey";0;0;0;0;0;0;0;0;1;0;1;0;0;0;0
"20/10/2023";"01:02:00";"348";"Acidente s";"262.2";"BR-116/RJ";"Pista Norte";"Choque em barreira New Jersey";0;0;0;0;0;0;0;0;1;0;1;0;0;0;0
"20/10/2023";"02:25:00";"389";"Acidente c";"226";"BR-116/SP";"Pista Norte";"Choque em objeto fixo";1;0;0;0;0;0;0;0;0;0;0;1;0;0;0
"20/10/2023";"02:51:00";"417";"Acidente c";"557";"BR-101/RJ";"Pista Norte";"Queda de moto";0;1;0;0;0;0;0;0;0;0;0;1;0;0;0
"20/10/2023";"03:34:00";"436";"Acidente s";"106.4";"BR-116/SP";"Pista Sul";"Colisão traseira";0;0;0;0;0;0;0;0;2;0;2;0;0;0;0
"20/10/2023";"04:06:00";"449";"Acidente c";"490";"BR-101/RJ";"Pista Norte";"Choque Talude";1;0;0;0;0;0;0;0;0;0;0;1;0;0;0
"20/10/2023";"04:46:00";"464";"Acidente s";"36.3";"BR-116/SP";"Pista Sul";"Choque em defensa";0;0;0;0;0;0;0;0;1;0;1;0;0;0;0
"20/10/2023";"07:13:00";"530";"Acidente c";"107";"BR-116/SP";"Pista Sul";"Abalroamento longitudinal";0;0;0;0;0;0;0;0;2;0;5;0;1;0;0
"20/10/2023";"09:42:00";"592";"Acidente s";"233";"BR-116/RJ";"Pista Sul";"Choque em objeto fixo";0;0;0;0;0;0;0;0;1;0;5;0;0;0;0
"21/10/2023";"02:00:00";"49";"Acidente s";"215.5";"BR-116/SP";"Pista Norte";"Choque em barreira New Jersey";0;0;0;0;0;0;0;0;1;0;1;0;0;0;0
"21/10/2023";"02:25:00";"52";"Atropelame";"252";"BR-116/RJ";"Pista Norte";"Atropelamento de pedestre atravessando";1;0;1;0;0;0;0;0;0;0;2;0;1;0;0
"21/10/2023";"10:47:00";"269";"Acidente c";"127.9";"BR-116/SP";"Pista Sul";"Colisão traseira";0;1;0;0;0;0;0;0;0;1;1;1;0;0;0
"21/10/2023";"01:19:00";"337";"Acidente c";"484";"BR-101/RJ";"Pista Sul";"Colisão frontal";0;0;0;0;0;0;0;0;2;0;1;0;2;0;0
"21/10/2023";"01:23:00";"339";"Acidente s";"282";"BR-116/RJ";"Pista Norte";"Choque em objeto fixo";0;0;0;0;0;0;0;0;1;0;1;0;0;0;0
"21/10/2023";"04:03:00";"398";"Acidente c";"202.2";"BR-116/SP";"Pista Norte";"Capotamento";0;0;0;0;0;0;0;0;1;1;3;1;0;0;0
"21/10/2023";"05:25:00";"430";"Acidente s";"55.1";"BR-116/SP";"Pista Norte";"Capotamento";0;0;0;0;0;0;0;0;1;0;1;0;0;0;0
"21/10/2023";"05:37:00";"435";"Acidente c";"265";"BR-116/RJ";"Pista Norte";"Choque em barreira New Jersey";0;0;0;0;0;0;0;0;1;0;0;1;0;0;0
"21/10/2023";"06:17:00";"451";"Acidente s";"41.5";"BR-116/SP";"Pista Norte";"Colisão traseira";0;0;0;0;0;0;0;0;1;1;3;0;0;0;0
"21/10/2023";"07:42:00";"481";"Acidente s";"401";"BR-101/RJ";"Pista Norte";"Choque em barreira New Jersey";0;0;0;0;0;0;0;0;1;0;1;0;0;0;0
"21/10/2023";"07:45:00";"483";"Acidente c";"430";"BR-101/RJ";"Pista Sul";"Choque em objeto fixo";0;0;0;0;0;0;0;0;1;0;0;1;0;0;0
"21/10/2023";"08:25:00";"493";"Acidente c";"157.3";"BR-116/SP";"Pista Norte";"Engavetamento";0;0;0;0;0;0;0;0;3;0;2;1;0;0;0
"21/10/2023";"08:35:00";"495";"Acidente c";"408";"BR-101/RJ";"Pista Sul";"Colisão frontal";0;0;0;0;0;0;0;0;2;0;0;2;0;0;0
"21/10/2023";"09:52:00";"528";"Acidente c";"136.2";"BR-116/SP";"Pista Sul";"Colisão traseira";0;1;0;0;0;0;0;0;0;1;1;2;0;0;0
"21/10/2023";"10:32:00";"544";"Atropelame";"211.9";"BR-116/SP";"Pista Sul";"Atropelamento de pedestre atravessando";0;0;0;0;0;0;0;0;1;0;3;0;0;0;1
"21/10/2023";"11:24:00";"556";"Atropelame";"317";"BR-116/RJ";"Pista Norte";"Atropelamento de pedestre atravessando";0;0;1;0;0;0;0;0;0;1;1;0;1;0;0
"21/10/2023";"11:58:00";"563";"Acidente c";"451";"BR-101/RJ";"Pista Norte";"Colisão frontal";0;0;0;0;0;0;0;0;2;0;1;1;0;0;0
"22/10/2023";"12:29:00";"18";"Acidente c";"147.3";"BR-116/SP";"Pista Sul";"Choque em objeto fixo";0;0;0;0;0;0;0;0;1;0;0;1;0;0;0
"22/10/2023";"01:04:00";"24";"Acidente c";"226.1";"BR-116/SP";"Pista Sul";"Colisão traseira";0;0;0;0;0;0;0;0;3;0;2;1;0;0;0
"22/10/2023";"01:44:00";"37";"Acidente s";"431";"BR-101/RJ";"Pista Norte";"Choque em barreira New Jersey";0;0;0;0;0;0;0;0;1;0;1;0;0;0;0
"22/10/2023";"04:02:00";"59";"Acidente c";"96";"BR-116/SP";"Pista Sul";"Abalroamento longitudinal";1;0;0;0;0;0;0;0;1;0;1;0;1;0;0
"22/10/2023";"05:16:00";"69";"Acidente s";"185.3";"BR-116/SP";"Pista Sul";"Queda de ribanceira";0;0;0;0;0;0;0;0;1;0;1;0;0;0;0
"22/10/2023";"07:31:00";"118";"Acidente s";"143.1";"BR-116/SP";"Pista Sul";"Abalroamento longitudinal";1;0;0;0;0;0;0;0;1;0;2;0;0;0;0
"22/10/2023";"07:33:00";"119";"Acidente s";"530";"BR-101/RJ";"Pista Sul";"Choque em objeto fixo";0;0;0;0;0;0;0;0;1;0;1;0;0;0;0
"22/10/2023";"07:57:00";"129";"Acidente c";"143";"BR-116/SP";"Pista Sul";"Colisão traseira";0;0;0;0;0;0;0;0;2;0;0;4;0;0;0
"22/10/2023";"08:58:00";"157";"Acidente s";"557";"BR-101/RJ";"Pista Sul";"Choque em objeto fixo";0;0;0;0;0;0;0;0;1;0;2;0;0;0;0
"22/10/2023";"10:39:00";"197";"Acidente c";"232.3";"BR-116/RJ";"Pista Norte";"Queda de moto";0;1;0;0;0;0;0;0;0;0;0;1;1;0;0
"22/10/2023";"10:44:00";"199";"Acidente c";"571";"BR-101/RJ";"Pista Norte";"Abalroamento longitudinal";0;2;0;0;0;0;0;0;0;0;0;1;1;0;0
"22/10/2023";"11:53:00";"223";"Acidente c";"542";"BR-101/RJ";"Pista Sul";"Queda de moto";0;1;0;0;0;0;0;0;0;0;0;1;1;0;0
"22/10/2023";"12:48:00";"244";"Acidente s";"109.6";"BR-116/SP";"Pista Sul";"Colisão traseira";0;0;0;0;0;0;0;0;2;0;5;0;0;0;0
"22/10/2023";"01:09:00";"253";"Acidente s";"62";"BR-116/SP";"Pista Norte";"Colisão traseira";0;0;0;0;0;0;0;0;2;0;2;0;0;0;0
"22/10/2023";"04:41:00";"346";"Acidente c";"325.7";"BR-116/RJ";"Pista Norte";"Colisão traseira";0;0;0;1;0;0;0;0;0;1;22;3;0;0;0
"22/10/2023";"04:47:00";"350";"Acidente s";"233";"BR-116/RJ";"Pista Sul";"Choque Talude";0;0;0;0;0;0;0;0;1;0;1;0;0;0;0
"22/10/2023";"04:48:00";"351";"Acidente c";"31.6";"BR-116/SP";"Pista Norte";"Colisão traseira";2;0;0;0;0;0;0;0;0;0;1;0;1;0;0
"22/10/2023";"05:05:00";"363";"Acidente c";"102";"BR-116/SP";"Pista Sul";"Colisão traseira";0;1;0;0;0;0;0;0;0;1;1;2;0;0;0
"22/10/2023";"06:30:00";"395";"Acidente c";"557";"BR-101/RJ";"Pista Norte";"Queda de moto";0;1;0;0;0;0;0;0;0;0;1;1;0;0;0
"22/10/2023";"06:31:00";"396";"Acidente c";"485";"BR-101/RJ";"Pista Sul";"Abalroamento longitudinal";0;1;0;0;0;0;0;0;1;0;2;1;1;0;0
"22/10/2023";"06:46:00";"402";"Acidente s";"36.9";"BR-101/SP";"Pista Sul";"Queda de moto";0;1;0;0;0;0;0;0;0;0;1;0;0;0;0
"23/10/2023";"02:03:00";"37";"Acidente c";"329.8";"BR-116/RJ";"Pista Sul";"Colisão traseira";2;0;0;0;0;0;0;0;0;0;0;2;0;0;0
"23/10/2023";"07:15:00";"119";"Acidente s";"224";"BR-116/SP";"Pista Sul";"Colisão traseira";1;0;0;0;0;0;0;0;1;0;2;0;0;0;0
"23/10/2023";"07:51:00";"144";"Acidente c";"229.8";"BR-116/SP";"Pista Sul";"Queda de moto";0;1;0;0;0;0;0;0;0;1;1;1;0;0;0
"23/10/2023";"08:56:00";"203";"Acidente c";"154";"BR-116/SP";"Pista Sul";"Colisão traseira";0;2;0;0;0;0;0;0;0;0;1;1;0;0;0
"23/10/2023";"09:13:00";"215";"Acidente c";"224";"BR-116/SP";"Pista Sul";"Colisão traseira";0;0;0;0;0;0;0;0;2;0;1;0;1;0;0
"23/10/2023";"10:39:00";"266";"Acidente c";"222.2";"BR-116/SP";"Pista Sul";"Engavetamento";0;2;0;0;0;0;0;0;1;0;3;1;0;0;0
"23/10/2023";"04:52:00";"472";"Acidente s";"36";"BR-101/SP";"Pista Sul";"Choque em objeto na pista";0;0;0;0;0;0;0;0;1;0;1;0;0;0;0
"23/10/2023";"05:08:00";"480";"Atropelame";"170.1";"BR-116/SP";"Pista Norte";"Atropelamento de pedestre atravessando";1;0;1;0;0;0;0;0;1;0;5;1;0;0;0
"23/10/2023";"05:45:00";"499";"Acidente s";"36.6";"BR-116/SP";"Pista Sul";"Tombamento";1;0;0;0;0;0;0;0;0;0;1;0;0;0;0
"23/10/2023";"06:34:00";"521";"Atropelame";"303";"BR-116/RJ";"Pista Sul";"Atropelamento de pedestre caminhando";0;0;1;0;0;0;0;0;0;1;1;1;0;0;0
"23/10/2023";"07:05:00";"538";"Acidente s";"145";"BR-116/SP";"Pista Norte";"Choque em barreira New Jersey";0;0;0;0;0;0;0;0;1;0;1;0;0;0;0
"23/10/2023";"10:17:00";"614";"Acidente c";"146.6";"BR-116/SP";"Pista Sul";"Queda de moto";0;1;0;0;0;0;0;0;0;1;1;1;0;0;0
"23/10/2023";"11:55:00";"638";"Acidente s";"328.6";"BR-116/RJ";"Pista Norte";"Atropelamento de animal";0;0;0;0;0;0;0;0;1;0;2;0;0;0;0
"24/10/2023";"01:05:00";"30";"Acidente s";"299";"BR-116/RJ";"Pista Norte";"Colisão traseira";1;0;0;0;0;0;0;0;1;0;2;0;0;0;0
"24/10/2023";"03:01:00";"52";"Acidente s";"216.96";"BR-116/SP";"Pista Norte";"Choque em barreira New Jersey";1;0;0;0;0;0;0;0;0;0;1;0;0;0;0
"24/10/2023";"04:25:00";"61";"Acidente s";"254";"BR-116/RJ";"Pista Sul";"Choque em objeto fixo";0;0;0;0;0;0;0;0;1;0;1;0;0;0;0
"24/10/2023";"06:16:00";"86";"Acidente c";"250";"BR-116/RJ";"Pista Norte";"Engavetamento";3;0;0;0;0;0;0;0;1;0;4;1;0;0;0
"24/10/2023";"07:55:00";"177";"Acidente s";"224.8";"BR-116/SP";"Pista Sul";"Engavetamento";1;0;0;0;0;0;0;0;2;0;3;0;0;0;0
"24/10/2023";"09:01:00";"226";"Acidente c";"207.8";"BR-116/SP";"Pista Sul";"Engavetamento";0;0;0;0;0;0;0;0;4;0;3;1;0;0;0
"24/10/2023";"10:38:00";"283";"Acidente c";"521";"BR-101/RJ";"Pista Sul";"Abalroamento longitudinal";0;1;0;0;0;0;0;0;1;0;1;1;0;0;0
"24/10/2023";"11:28:00";"305";"Acidente s";"519";"BR-101/RJ";"Pista Norte";"Choque em objeto fixo";0;0;0;0;0;0;0;0;1;0;1;0;0;0;0
"24/10/2023";"01:47:00";"386";"Acidente c";"227";"BR-116/RJ";"Pista Sul";"Colisão traseira";2;0;0;0;0;0;0;0;0;0;2;0;1;0;0
"24/10/2023";"04:06:00";"472";"Acidente s";"165.2";"BR-116/SP";"Pista Norte";"Colisão traseira";1;0;0;0;0;0;0;0;1;0;2;0;0;0;0
"24/10/2023";"05:34:00";"512";"Acidente c";"327";"BR-116/RJ";"Pista Norte";"Queda de moto";0;1;0;0;0;0;0;0;0;0;0;0;1;0;0
"24/10/2023";"06:14:00";"545";"Acidente s";"142";"BR-116/SP";"Pista Norte";"Colisão traseira";1;0;0;0;0;0;0;0;1;0;1;0;0;0;0
"24/10/2023";"07:18:00";"583";"Acidente s";"505.6";"BR-101/RJ";"Pista Sul";"Engavetamento";0;0;0;0;0;0;0;0;3;0;6;0;0;0;0
"24/10/2023";"10:09:00";"659";"Acidente c";"277.1";"BR-116/RJ";"Pista Sul";"Queda de moto";0;1;0;0;0;0;0;0;0;0;0;0;2;0;0
"25/10/2023";"03:17:00";"64";"Acidente s";"94.95";"BR-116/SP";"Pista Norte";"Atropelamento de animal";1;0;0;0;0;0;1;0;0;0;2;0;0;0;0
"25/10/2023";"03:58:00";"73";"Acidente s";"225.5";"BR-116/SP";"Pista Norte";"Colisão traseira";2;0;0;0;0;0;0;0;0;0;2;0;0;0;0
"25/10/2023";"04:50:00";"78";"Acidente s";"40";"BR-116/SP";"Pista Sul";"Atropelamento de animal";0;0;0;0;0;0;0;0;1;0;3;0;0;0;0
"25/10/2023";"06:16:00";"113";"Acidente c";"264";"BR-116/RJ";"Pista Norte";"Abalroamento longitudinal";1;0;0;0;0;0;0;0;1;0;1;0;4;0;0
"25/10/2023";"07:35:00";"188";"Acidente s";"273";"BR-116/RJ";"Pista Norte";"Choque em barreira New Jersey";1;0;0;0;0;0;0;0;0;0;1;0;0;0;0
"25/10/2023";"07:50:00";"199";"Acidente c";"227.95";"BR-116/SP";"Pista Sul";"Colisão traseira";0;1;0;0;0;0;0;0;1;0;1;1;0;0;0
"25/10/2023";"07:54:00";"202";"Acidente c";"138.5";"BR-116/SP";"Pista Sul";"Abalroamento longitudinal";0;1;0;0;0;0;0;0;1;0;3;1;0;0;0
"25/10/2023";"08:37:00";"233";"Acidente c";"137";"BR-116/SP";"Pista Sul";"Engavetamento";1;0;0;0;0;0;0;0;4;0;10;2;0;0;0
"25/10/2023";"08:43:00";"238";"Acidente s";"136.7";"BR-116/SP";"Pista Sul";"Colisão traseira";1;0;0;0;0;0;0;0;1;0;2;0;0;0;0
"25/10/2023";"11:05:00";"337";"Acidente s";"223.6";"BR-116/SP";"Pista Sul";"Abalroamento longitudinal";1;0;0;0;0;0;0;0;1;0;3;0;0;0;0
"25/10/2023";"11:42:00";"358";"Acidente s";"244.7";"BR-116/RJ";"Pista Norte";"Choque Talude";1;0;0;0;0;0;0;0;0;0;1;0;0;0;0
"25/10/2023";"11:49:00";"363";"Acidente s";"232";"BR-116/RJ";"Pista Sul";"Choque em barreira New Jersey";0;0;0;0;0;0;0;0;1;0;2;0;0;0;0
"25/10/2023";"12:53:00";"395";"Acidente s";"137";"BR-116/SP";"Pista Norte";"Outros";0;0;0;0;0;0;0;0;1;0;1;0;0;0;0
"25/10/2023";"01:42:00";"410";"Acidente s";"162.2";"BR-116/SP";"Pista Norte";"Choque em defensa";1;0;0;0;0;0;0;0;0;0;1;0;0;0;0
"25/10/2023";"01:49:00";"414";"Acidente c";"222.1";"BR-116/SP";"Pista Norte";"Colisão traseira";0;1;0;0;0;0;0;0;1;0;1;1;0;0;0
"25/10/2023";"02:04:00";"426";"Acidente s";"36.1";"BR-116/SP";"Pista Norte";"Abalroamento longitudinal";1;0;0;0;0;0;0;0;1;0;4;0;0;0;0
"25/10/2023";"02:33:00";"442";"Acidente s";"229.6";"BR-116/RJ";"Pista Norte";"Choque em objeto fixo";0;0;0;0;0;0;0;0;1;0;2;0;0;0;0
"25/10/2023";"04:23:00";"488";"Acidente s";"482";"BR-101/RJ";"Pista Norte";"Abalroamento longitudinal";1;0;0;0;0;0;0;0;1;0;4;0;0;0;0
"25/10/2023";"04:42:00";"494";"Acidente s";"415.5";"BR-101/RJ";"Pista Sul";"Capotamento";0;0;0;0;0;0;0;0;1;0;2;0;0;0;0
"25/10/2023";"05:38:00";"517";"Acidente c";"225.92";"BR-116/SP";"Pista Norte";"Choque em barreira New Jersey";0;0;0;0;0;0;0;0;1;0;0;0;0;0;1
"25/10/2023";"06:35:00";"561";"Acidente c";"574";"BR-101/RJ";"Pista Norte";"Queda de moto";0;1;0;0;0;0;0;0;0;0;0;1;0;0;0
"25/10/2023";"08:24:00";"610";"Acidente s";"225.8";"BR-116/SP";"Pista Norte";"Colisão traseira";0;0;0;0;0;0;0;0;2;0;1;0;0;0;0
"25/10/2023";"11:06:00";"684";"Acidente c";"229.6";"BR-116/RJ";"Pista Norte";"Colisão traseira";2;0;0;0;0;0;0;0;0;0;0;1;1;0;0
"26/10/2023";"04:27:00";"59";"Acidente s";"495";"BR-101/RJ";"Pista Sul";"Choque em objeto fixo";0;0;0;0;0;0;0;0;1;0;1;0;0;0;0
"26/10/2023";"05:11:00";"66";"Acidente s";"154.9";"BR-116/SP";"Pista Norte";"Abalroamento longitudinal";1;0;0;0;0;0;0;0;1;0;2;0;0;0;0
"26/10/2023";"05:37:00";"73";"Acidente s";"234";"BR-116/RJ";"Pista Norte";"Abalroamento longitudinal";1;0;0;0;0;0;0;0;0;1;2;0;0;0;0
"26/10/2023";"06:30:00";"94";"Acidente s";"108";"BR-116/SP";"Pista Norte";"Choque em objeto fixo";0;0;0;0;0;0;0;0;1;0;2;0;0;0;0
"26/10/2023";"06:38:00";"99";"Acidente c";"161";"BR-116/SP";"Pista Sul";"Queda de moto";0;1;0;0;0;0;0;0;0;0;0;0;1;0;0
"26/10/2023";"06:40:00";"100";"Acidente s";"475";"BR-101/RJ";"Pista Sul";"Capotamento";0;0;0;0;0;0;0;0;1;0;1;0;0;0;0
"26/10/2023";"06:55:00";"107";"Acidente s";"88";"BR-116/SP";"Pista Norte";"Choque em objeto fixo";0;0;0;0;0;0;0;0;1;0;2;0;0;0;0
"26/10/2023";"06:59:00";"111";"Acidente s";"516";"BR-101/RJ";"Pista Norte";"Capotamento";0;0;0;0;0;0;0;0;1;0;1;0;0;0;0
"26/10/2023";"07:22:00";"123";"Acidente s";"429.3";"BR-101/RJ";"Pista Norte";"Choque em objeto fixo";0;0;0;0;0;0;0;0;1;0;2;0;0;0;0
"26/10/2023";"07:27:00";"126";"Acidente s";"66";"BR-116/SP";"Pista Sul";"Choque em barreira New Jersey";0;0;0;0;0;0;0;0;1;0;2;0;0;0;0
"26/10/2023";"08:09:00";"161";"Acidente c";"158";"BR-116/SP";"Pista Norte";"Queda de moto";0;1;0;0;0;0;0;0;0;0;0;1;0;0;0
"26/10/2023";"08:14:00";"166";"Acidente s";"499";"BR-101/RJ";"Pista Norte";"Choque em objeto fixo";0;0;0;0;0;0;0;0;1;0;1;0;0;0;0
"26/10/2023";"08:42:00";"184";"Acidente c";"473";"BR-101/RJ";"Pista Norte";"Abalroamento longitudinal";1;0;0;0;0;0;0;0;1;0;1;2;0;0;0
"26/10/2023";"09:32:00";"224";"Acidente c";"218";"BR-116/SP";"Pista Sul";"Colisão traseira";0;1;0;0;0;0;0;0;1;0;1;2;0;0;0
"26/10/2023";"10:23:00";"254";"Acidente s";"226.5";"BR-116/RJ";"Pista Sul";"Choque em defensa";0;0;0;0;0;0;0;0;1;0;1;0;0;0;0
"26/10/2023";"11:14:00";"277";"Acidente s";"197.2";"BR-116/SP";"Pista Norte";"Engavetamento";3;0;0;0;0;0;0;0;1;0;5;0;0;0;0
"26/10/2023";"12:33:00";"318";"Acidente c";"218.6";"BR-116/SP";"Pista Sul";"Engavetamento";0;0;0;0;0;0;0;0;4;0;5;1;0;0;0
"26/10/2023";"02:14:00";"369";"Acidente s";"216.1";"BR-116/SP";"Pista Norte";"Choque em barreira New Jersey";1;0;0;0;0;0;0;0;0;0;1;0;0;0;0
"26/10/2023";"02:48:00";"383";"Atropelame";"230.1";"BR-116/SP";"Pista Sul";"Atropelamento de pedestre atravessando";0;0;0;0;0;0;0;0;1;0;1;1;0;0;0
"26/10/2023";"03:27:00";"403";"Acidente s";"269.8";"BR-116/RJ";"Pista Sul";"Choque em objeto na pista";1;0;0;0;0;0;0;0;0;0;2;0;0;0;0
"26/10/2023";"03:30:00";"406";"Acidente s";"270.1";"BR-116/RJ";"Pista Sul";"Choque em objeto na pista";1;0;0;0;0;0;0;0;0;0;1;0;0;0;0
"26/10/2023";"05:19:00";"465";"Acidente s";"285.1";"BR-116/RJ";"Pista Norte";"Abalroamento longitudinal";1;0;0;0;0;0;0;0;0;1;2;0;0;0;0
"26/10/2023";"07:40:00";"530";"Acidente s";"147";"BR-116/SP";"Pista Norte";"Abalroamento longitudinal";1;0;0;0;0;0;0;0;1;0;2;0;0;0;0
"26/10/2023";"09:13:00";"582";"Acidente s";"267.4";"BR-116/RJ";"Pista Norte";"Atropelamento de animal";2;0;0;0;0;0;0;0;0;0;2;0;0;0;0
"27/10/2023";"12:48:00";"25";"Acidente s";"540";"BR-101/RJ";"Pista Sul";"Choque em objeto fixo";0;0;0;0;0;0;0;0;1;0;1;0;0;0;0
"27/10/2023";"02:14:00";"40";"Acidente c";"199.5";"BR-116/SP";"Pista Norte";"Choque em defensa";0;0;0;0;0;0;0;0;1;0;0;0;3;1;0
"27/10/2023";"06:31:00";"91";"Acidente s";"231.4";"BR-116/RJ";"Pista Sul";"Choque em objeto fixo";0;0;0;0;0;0;0;0;1;0;2;0;0;0;0
"27/10/2023";"08:29:00";"185";"Acidente c";"588";"BR-101/RJ";"Pista Norte";"Colisão traseira";0;0;0;0;0;0;0;0;2;0;2;1;0;0;0
"27/10/2023";"09:12:00";"218";"Acidente c";"163.3";"BR-116/SP";"Pista Norte";"Abalroamento longitudinal";0;1;0;0;0;0;0;0;1;0;2;0;1;0;0
"27/10/2023";"09:55:00";"250";"Acidente c";"223.2";"BR-116/SP";"Pista Norte";"Colisão traseira";0;0;0;0;0;0;0;0;2;0;1;1;0;0;0
"27/10/2023";"11:58:00";"315";"Acidente s";"108";"BR-116/SP";"Pista Norte";"Colisão traseira";0;0;0;0;0;0;0;0;1;1;2;0;0;0;0
"27/10/2023";"05:16:00";"497";"Acidente s";"218";"BR-116/SP";"Pista Norte";"Colisão traseira";0;0;0;0;0;0;0;0;2;0;2;0;0;0;0
"27/10/2023";"05:52:00";"513";"Acidente s";"72.2";"BR-116/SP";"Pista Norte";"Abalroamento longitudinal";1;0;0;0;0;0;0;0;1;0;5;0;0;0;0
"27/10/2023";"06:58:00";"552";"Acidente s";"147.8";"BR-116/SP";"Pista Norte";"Engavetamento";0;0;0;0;0;0;0;0;3;0;6;0;0;0;0
"27/10/2023";"07:35:00";"562";"Acidente s";"452.2";"BR-101/RJ";"Pista Sul";"Colisão frontal";0;0;0;0;0;1;0;0;1;0;6;0;0;0;0
"27/10/2023";"09:22:00";"599";"Acidente s";"239.9";"BR-116/RJ";"Pista Sul";"Choque em objeto fixo";0;0;0;0;0;0;0;0;1;0;2;0;0;0;0
"27/10/2023";"10:19:00";"617";"Acidente s";"19.8";"BR-116/SP";"Pista Sul";"Choque em objeto fixo";1;0;0;0;0;0;0;0;0;0;1;0;0;0;0
"27/10/2023";"10:46:00";"626";"Acidente s";"81.5";"BR-116/SP";"Pista Norte";"Queda de moto";0;1;0;0;0;0;0;0;0;0;1;0;0;0;0
"28/10/2023";"01:12:00";"39";"Acidente c";"49.4";"BR-116/SP";"Pista Norte";"Capotamento";0;0;0;1;0;0;1;0;1;0;63;0;0;0;1
"28/10/2023";"01:13:00";"40";"Acidente s";"70.7";"BR-116/SP";"Pista Norte";"Choque em barreira New Jersey";0;0;0;0;0;0;0;0;1;0;1;0;0;0;0
"28/10/2023";"01:36:00";"44";"Acidente c";"338.95";"BR-116/RJ";"Pista Sul";"Queda de moto";1;1;0;1;0;0;0;0;0;0;33;0;0;0;1
"28/10/2023";"03:25:00";"68";"Acidente s";"232";"BR-116/RJ";"Pista Norte";"Choque Talude";0;0;0;0;0;0;0;0;1;0;2;0;0;0;0
"28/10/2023";"05:47:00";"84";"Acidente s";"285";"BR-116/RJ";"Pista Sul";"Choque Talude";0;0;0;0;0;0;0;0;2;1;3;0;0;0;0
"28/10/2023";"06:00:00";"94";"Acidente s";"273.4";"BR-116/RJ";"Pista Norte";"Choque em barreira New Jersey";0;0;0;0;0;0;0;0;1;0;1;0;0;0;0
"28/10/2023";"07:12:00";"130";"Acidente s";"198.3";"BR-116/SP";"Pista Sul";"Colisão traseira";2;0;0;0;0;0;0;0;0;0;3;0;0;0;0
"28/10/2023";"07:14:00";"131";"Acidente s";"219.2";"BR-116/SP";"Pista Sul";"Engavetamento";0;0;0;0;0;0;0;0;1;2;4;0;0;0;0
"28/10/2023";"07:18:00";"134";"Acidente c";"231";"BR-116/SP";"Pista Sul";"Abalroamento longitudinal";0;1;0;0;0;0;0;0;1;0;2;1;0;0;0