data;horario;n_da_ocorrencia;tipo_de_ocorrencia;km;trecho;sentido;tipo_de_acidente;automovel;bicicleta;caminhao;moto;onibus;outros;tracao_animal;transporte_de_cargas_especiais;trator_maquinas;utilitarios;ilesos;levemente_feridos;moderadamente_feridos;gravemente_feridos;mortos
"06/11/2023";"06:30:00";"82";"Acidente c";"114";"BR-116/SP";"Pista Norte";"Tombamento";0;0;0;0;0;0;1;0;0;0;0;1;0;0;0
"06/11/2023";"06:53:00";"103";"Acidente s";"207";"BR-116/SP";"Pista Sul";"Engavetamento";0;0;0;0;0;0;0;0;3;0;3;0;0;0;0
"06/11/2023";"07:06:00";"116";"Acidente s";"223";"BR-116/SP";"Pista Norte";"Engavetamento";0;0;0;0;0;0;0;0;3;0;3;0;0;0;0
"06/11/2023";"07:29:00";"127";"Acidente s";"471";"BR-101/RJ";"Pista Sul";"Abalroamento longitudinal";0;1;0;0;0;0;0;0;1;0;2;0;0;0;0
"06/11/2023";"08:00:00";"157";"Acidente c";"298";"BR-116/RJ";"Pista Norte";"Choque em objeto fixo";0;0;0;0;0;0;0;0;1;0;3;2;0;0;0
"06/11/2023";"10:16:00";"234";"Acidente c";"155";"BR-116/SP";"Pista Sul";"Colisão frontal";0;1;0;0;0;0;0;0;1;0;1;1;0;0;0
"06/11/2023";"10:33:00";"240";"Acidente s";"250.6";"BR-116/RJ";"Pista Sul";"Choque em objeto na pista";0;0;0;0;0;0;0;0;1;0;2;0;0;0;0
"06/11/2023";"11:24:00";"270";"Acidente s";"155";"BR-116/SP";"Pista Sul";"Engavetamento";0;0;0;0;0;0;0;0;4;0;4;0;0;0;0
"06/11/2023";"12:15:00";"295";"Acidente c";"164.15";"BR-116/SP";"Pista Norte";"Queda de moto";0;1;0;0;0;0;0;0;0;0;0;1;0;0;0
"06/11/2023";"12:28:00";"303";"Acidente c";"258.3";"BR-116/RJ";"Pista Sul";"Colisão traseira";0;0;0;0;0;0;0;0;2;0;4;2;0;0;0
"06/11/2023";"01:03:00";"334";"Acidente s";"317";"BR-116/RJ";"Pista Norte";"Choque em objeto fixo";1;0;0;0;0;0;0;0;0;0;2;0;0;0;0
"06/11/2023";"02:46:00";"385";"Acidente s";"201.4";"BR-116/SP";"Pista Sul";"Choque em objeto na pista";0;0;0;0;0;0;0;0;1;0;7;0;0;0;0
"06/11/2023";"02:47:00";"387";"Acidente s";"56.9";"BR-116/SP";"Pista Norte";"Choque em objeto fixo";1;0;0;0;0;0;0;0;0;0;1;0;0;0;0
"06/11/2023";"05:21:00";"457";"Acidente s";"158";"BR-116/SP";"Pista Norte";"Colisão traseira";0;0;0;0;0;0;0;0;2;0;4;0;0;0;0
"06/11/2023";"06:27:00";"500";"Acidente c";"117.4";"BR-116/SP";"Pista Norte";"Queda de ribanceira";0;0;0;0;0;0;0;0;1;0;0;0;1;1;0
"06/11/2023";"08:28:00";"552";"Atropelame";"146.72";"BR-116/SP";"Pista Norte";"Atropelamento de pedestre atravessando";0;0;0;0;0;0;0;0;0;1;1;0;0;0;1
"06/11/2023";"10:13:00";"591";"Acidente s";"222";"BR-116/SP";"Pista Norte";"Colisão traseira";0;0;0;0;0;0;0;0;2;0;2;0;0;0;0
"06/11/2023";"11:24:00";"612";"Acidente c";"138.5";"BR-116/SP";"Pista Sul";"Colisão traseira";0;1;0;0;0;0;0;0;1;0;1;1;0;0;0
"07/11/2023";"02:04:00";"36";"Acidente c";"13.85";"BR-116/SP";"Pista Norte";"Colisão traseira";2;0;0;1;0;0;0;0;0;0;44;1;3;1;0
"07/11/2023";"03:56:00";"47";"Acidente s";"165.9";"BR-116/SP";"Pista Norte";"Atropelamento de animal";0;0;0;0;0;0;0;0;1;0;1;0;0;0;0
"07/11/2023";"05:08:00";"62";"Acidente c";"22.5";"BR-116/SP";"Pista Norte";"Queda de ribanceira";1;0;0;0;0;0;0;0;0;0;0;1;0;0;0
"07/11/2023";"06:37:00";"99";"Acidente s";"152.7";"BR-116/SP";"Pista Norte";"Abalroamento longitudinal";1;0;0;0;0;0;0;0;1;0;2;0;0;0;0
"07/11/2023";"06:48:00";"115";"Acidente s";"141.4";"BR-116/SP";"Pista Norte";"Colisão traseira";0;0;0;0;0;0;0;0;2;0;3;0;0;0;0
"07/11/2023";"08:50:00";"219";"Acidente c";"47.6";"BR-101/SP";"Pista Sul";"Queda de moto";0;1;0;0;0;0;0;0;0;0;0;1;0;0;0
"07/11/2023";"02:08:00";"394";"Acidente c";"223.5";"BR-116/SP";"Pista Norte";"Colisão traseira";0;1;0;0;0;0;0;0;1;0;1;0;2;0;0
"07/11/2023";"02:55:00";"421";"Acidente s";"36";"BR-116/SP";"Pista Sul";"Colisão traseira";2;0;0;0;0;0;0;0;0;0;2;0;0;0;0
"07/11/2023";"03:19:00";"427";"Atropelame";"46.6";"BR-101/SP";"Pista Sul";"Atropelamento de pedestre atravessando";0;1;1;0;0;0;0;0;0;0;0;0;0;2;0
"07/11/2023";"05:15:00";"485";"Acidente c";"212.5";"BR-116/SP";"Pista Norte";"Choque em barreira New Jersey";1;0;0;0;0;0;0;0;2;0;2;1;0;0;0
"07/11/2023";"05:24:00";"491";"Acidente s";"154.5";"BR-116/SP";"Pista Sul";"Abalroamento longitudinal";0;1;0;0;0;0;0;0;0;1;2;0;0;0;0
"07/11/2023";"05:31:00";"497";"Acidente c";"117.3";"BR-116/SP";"Pista Norte";"Queda de moto";0;1;0;0;0;0;0;0;0;0;0;1;0;0;0
"07/11/2023";"05:33:00";"499";"Acidente s";"116.25";"BR-116/SP";"Pista Norte";"Engavetamento";0;0;0;0;0;0;0;0;3;1;4;0;0;0;0
"07/11/2023";"05:37:00";"501";"Acidente c";"214";"BR-116/SP";"Pista Norte";"Engavetamento";0;0;0;0;0;0;0;0;4;0;6;1;0;0;0
"07/11/2023";"05:42:00";"505";"Acidente s";"135.5";"BR-116/SP";"Pista Sul";"Colisão traseira";0;0;0;0;0;0;0;0;1;1;3;0;0;0;0
"07/11/2023";"06:10:00";"521";"Acidente c";"575";"BR-101/RJ";"Pista Sul";"Atropelamento de pedestre atravessando";0;1;1;0;0;0;0;0;0;0;0;1;1;0;0
"07/11/2023";"06:16:00";"526";"Acidente s";"217.5";"BR-116/SP";"Pista Norte";"Choque em barreira New Jersey";1;0;0;0;0;0;0;0;0;0;1;0;0;0;0
"07/11/2023";"06:31:00";"532";"Acidente c";"522";"BR-101/RJ";"Pista Sul";"Choque em objeto fixo";0;0;0;0;0;0;0;0;1;0;0;1;0;0;0
"07/11/2023";"06:35:00";"535";"Acidente s";"131.75";"BR-116/SP";"Pista Norte";"Choque em objeto fixo";0;0;0;0;0;0;0;0;1;0;1;0;0;0;0
"07/11/2023";"09:43:00";"631";"Acidente s";"123";"BR-116/SP";"Pista Sul";"Capotamento";0;0;0;0;0;0;0;0;1;0;1;0;0;0;0
"07/11/2023";"09:50:00";"634";"Acidente s";"212.3";"BR-116/SP";"Pista Norte";"Abalroamento longitudinal";0;0;0;0;0;0;0;0;2;0;3;0;0;0;0
"08/11/2023";"12:22:00";"26";"Acidente s";"21";"BR-116/SP";"Pista Sul";"Choque em objeto fixo";1;0;0;0;0;0;0;0;0;0;1;0;0;0;0
"08/11/2023";"06:40:00";"113";"Acidente s";"229";"BR-116/SP";"Pista Sul";"Abalroamento longitudinal";0;1;0;0;0;0;0;0;1;0;2;0;0;0;0
"08/11/2023";"07:07:00";"131";"Acidente c";"52";"BR-101/SP";"Pista Sul";"Queda de moto";0;1;0;0;0;0;0;0;0;0;1;1;0;0;0
"08/11/2023";"07:29:00";"152";"Acidente s";"224.9";"BR-116/SP";"Pista Sul";"Colisão traseira";0;0;0;0;0;0;1;0;1;0;4;0;0;0;0
"08/11/2023";"08:02:00";"175";"Acidente c";"228.9";"BR-116/SP";"Pista Sul";"Abalroamento longitudinal";0;1;0;0;0;0;0;0;1;0;1;1;0;0;0
"08/11/2023";"02:25:00";"418";"Acidente c";"210";"BR-116/SP";"Pista Norte";"Abalroamento longitudinal";0;1;0;0;0;0;0;0;1;0;1;1;0;0;0
"08/11/2023";"03:07:00";"445";"Acidente s";"218.8";"BR-116/SP";"Pista Sul";"Choque em barreira New Jersey";0;0;0;0;0;0;0;0;2;0;5;0;0;0;0
"08/11/2023";"03:32:00";"459";"Acidente s";"181.4";"BR-116/SP";"Pista Norte";"Abalroamento transversal";1;0;0;0;0;0;0;0;1;0;2;0;0;0;0
"08/11/2023";"04:25:00";"478";"Acidente c";"143.4";"BR-116/SP";"Pista Norte";"Colisão traseira";0;0;0;0;0;0;0;0;2;0;3;2;0;0;0
"08/11/2023";"05:08:00";"498";"Acidente s";"236";"BR-116/RJ";"Pista Sul";"Colisão traseira";2;0;0;0;0;0;0;0;0;0;3;0;0;0;0
"08/11/2023";"05:34:00";"510";"Acidente s";"112.3";"BR-116/SP";"Pista Norte";"Colisão traseira";1;0;0;0;0;0;0;0;0;1;2;0;0;0;0
"08/11/2023";"06:41:00";"556";"Acidente c";"315";"BR-116/RJ";"Pista Norte";"Choque em barreira New Jersey";0;0;0;0;0;0;0;0;1;0;0;1;0;0;0
"09/11/2023";"03:30:00";"52";"Acidente s";"395";"BR-101/RJ";"Pista Norte";"Atropelamento de animal";0;0;0;0;0;0;0;0;1;0;2;0;0;0;0
"09/11/2023";"05:59:00";"85";"Acidente c";"445";"BR-101/RJ";"Pista Norte";"Choque em objeto fixo";1;0;0;0;0;0;0;0;0;0;1;1;0;0;0
"09/11/2023";"06:55:00";"132";"Atropelame";"227.9";"BR-116/SP";"Pista Norte";"Atropelamento de pedestre atravessando";0;0;0;0;0;0;0;0;0;1;1;0;0;0;1
"09/11/2023";"06:58:00";"133";"Atropelame";"152.6";"BR-116/SP";"Pista Norte";"Atropelamento de pedestre atravessando";1;0;1;0;0;0;0;0;0;0;2;0;1;0;0
"09/11/2023";"08:05:00";"183";"Acidente c";"206.5";"BR-116/SP";"Pista Sul";"Abalroamento longitudinal";0;1;0;0;0;0;0;0;1;0;1;1;0;0;0
"09/11/2023";"08:23:00";"197";"Acidente s";"217";"BR-116/SP";"Pista Sul";"Colisão traseira";0;0;0;0;0;0;0;0;2;0;3;0;0;0;0
"09/11/2023";"09:11:00";"237";"Acidente c";"227";"BR-116/SP";"Pista Sul";"Engavetamento";0;0;0;0;0;0;0;0;4;0;3;2;0;0;0
"09/11/2023";"09:23:00";"243";"Acidente c";"220.9";"BR-116/SP";"Pista Sul";"Engavetamento";1;1;0;0;0;0;0;0;1;0;5;0;1;0;0
"09/11/2023";"12:12:00";"327";"Acidente c";"155";"BR-116/SP";"Pista Norte";"Choque em barreira New Jersey";0;0;0;0;0;0;0;0;1;0;0;0;0;1;0
"09/11/2023";"12:39:00";"338";"Acidente s";"413";"BR-101/RJ";"Pista Sul";"Colisão traseira";0;0;0;0;0;0;0;0;2;0;3;0;0;0;0
"09/11/2023";"02:45:00";"410";"Acidente s";"325";"BR-116/RJ";"Pista Sul";"Abalroamento longitudinal";1;0;0;0;0;0;0;0;1;0;2;0;0;0;0
"09/11/2023";"03:02:00";"420";"Acidente c";"52.5";"BR-101/SP";"Pista Sul";"Abalroamento longitudinal";0;1;0;0;0;0;0;0;1;0;1;1;0;0;0
"09/11/2023";"06:38:00";"543";"Acidente c";"138";"BR-116/SP";"Pista Sul";"Abalroamento longitudinal";0;1;0;0;0;0;0;0;1;0;1;1;0;0;0
"09/11/2023";"07:22:00";"569";"Acidente s";"227.6";"BR-116/SP";"Pista Norte";"Colisão traseira";0;0;0;0;0;0;0;0;2;0;3;0;0;0;0
"09/11/2023";"08:17:00";"595";"Acidente c";"228";"BR-116/SP";"Pista Norte";"Engavetamento";1;0;0;1;0;0;0;0;1;0;6;1;0;0;0
"09/11/2023";"08:47:00";"609";"Acidente s";"1.3";"BR-101/SP";"Pista Norte";"Choque em objeto na pista";0;0;0;0;0;0;0;0;1;0;1;0;0;0;0
"09/11/2023";"09:03:00";"619";"Acidente s";"245.2";"BR-116/RJ";"Pista Sul";"Abalroamento transversal";1;0;0;0;0;0;0;0;1;0;2;0;0;0;0
"09/11/2023";"09:51:00";"637";"Acidente s";"80.7";"BR-116/SP";"Pista Sul";"Atropelamento de animal";1;0;0;0;0;0;0;0;1;0;2;0;0;0;0
"10/11/2023";"01:38:00";"48";"Acidente s";"454";"BR-101/RJ";"Pista Sul";"Atropelamento de animal";0;0;0;0;0;0;0;0;1;0;1;0;0;0;0
"10/11/2023";"01:39:00";"50";"Acidente s";"37.75";"BR-116/SP";"Pista Sul";"Choque em objeto fixo";0;0;0;0;0;0;0;0;1;0;1;0;0;0;0
"10/11/2023";"03:25:00";"64";"Acidente c";"224.15";"BR-116/RJ";"Pista Norte";"Tombamento";1;0;0;0;0;0;0;0;0;0;0;1;0;0;0
"10/11/2023";"03:52:00";"70";"Acidente c";"59.8";"BR-116/SP";"Pista Norte";"Abalroamento longitudinal";0;1;0;1;0;0;0;0;0;0;41;0;1;0;0
"10/11/2023";"04:06:00";"73";"Acidente s";"85.4";"BR-116/SP";"Pista Sul";"Colisão traseira";1;0;0;0;0;0;0;0;0;0;1;0;0;0;0
"10/11/2023";"07:40:00";"175";"Acidente c";"110";"BR-116/SP";"Pista Norte";"Queda de moto";0;1;0;0;0;0;0;0;0;0;1;1;0;0;0
"10/11/2023";"10:40:00";"311";"Acidente s";"219";"BR-116/SP";"Pista Norte";"Colisão traseira";1;0;0;0;0;0;0;0;1;0;2;0;0;0;0
"10/11/2023";"11:50:00";"350";"Acidente c";"312";"BR-116/RJ";"Pista Norte";"Queda de moto";0;1;0;0;0;0;0;0;0;0;0;1;1;0;0
"10/11/2023";"12:05:00";"356";"Atropelame";"139.7";"BR-116/SP";"Pista Norte";"Atropelamento de pedestre caminhando";0;0;0;0;0;0;0;0;1;0;3;1;0;0;0
"10/11/2023";"01:16:00";"385";"Acidente c";"210.1";"BR-116/SP";"Pista Sul";"Engavetamento";0;0;0;0;0;0;0;0;4;0;6;1;0;0;0
"10/11/2023";"02:01:00";"410";"Acidente c";"287";"BR-116/RJ";"Pista Sul";"Colisão traseira";2;0;0;0;0;0;0;0;0;0;1;0;0;1;0
"10/11/2023";"03:09:00";"452";"Acidente s";"210";"BR-116/SP";"Pista Norte";"Colisão traseira";2;0;0;0;0;0;0;0;0;0;2;0;0;0;0
"10/11/2023";"03:41:00";"468";"Acidente c";"134";"BR-116/SP";"Pista Sul";"Colisão traseira";0;1;0;0;0;0;0;0;1;0;1;0;0;1;0
"10/11/2023";"03:50:00";"471";"Acidente s";"136";"BR-116/SP";"Pista Norte";"Engavetamento";0;0;0;0;0;0;0;0;1;2;3;0;0;0;0
"10/11/2023";"04:29:00";"490";"Acidente c";"132.1";"BR-116/SP";"Pista Sul";"Engavetamento";0;0;0;0;0;0;1;0;2;0;2;1;0;0;0
"10/11/2023";"04:43:00";"499";"Acidente s";"225";"BR-116/SP";"Pista Sul";"Engavetamento";0;0;0;0;0;0;0;0;2;0;2;0;0;0;0
"10/11/2023";"05:22:00";"522";"Acidente c";"216";"BR-116/SP";"Pista Norte";"Colisão traseira";0;1;0;0;0;0;0;0;1;0;1;0;1;0;0
"10/11/2023";"06:10:00";"553";"Acidente s";"476";"BR-101/RJ";"Pista Sul";"Colisão traseira";0;0;0;0;0;0;0;0;1;1;2;0;0;0;0
"10/11/2023";"06:26:00";"566";"Acidente s";"226.4";"BR-116/SP";"Pista Sul";"Choque em barreira New Jersey";0;0;0;0;0;0;0;0;1;0;1;0;0;0;0
"10/11/2023";"07:27:00";"593";"Acidente s";"217";"BR-116/SP";"Pista Norte";"Colisão traseira";0;0;0;0;0;0;0;0;2;0;2;0;0;0;0
"10/11/2023";"07:58:00";"608";"Acidente c";"55.4";"BR-116/SP";"Pista Norte";"Capotamento";0;0;0;0;0;0;0;0;1;0;0;0;1;0;0
"10/11/2023";"09:49:00";"665";"Acidente c";"223";"BR-116/SP";"Pista Norte";"Colisão traseira";1;1;0;0;0;0;0;0;0;0;1;0;1;0;0
"10/11/2023";"09:51:00";"666";"Acidente c";"307.4";"BR-116/RJ";"Pista Norte";"Choque em barreira New Jersey";0;0;0;0;0;0;0;0;1;0;0;1;0;0;0
"11/11/2023";"01:20:00";"36";"Acidente s";"485";"BR-101/RJ";"Pista Sul";"Choque em objeto fixo";0;0;0;0;0;0;0;0;1;0;0;0;0;0;0
"11/11/2023";"05:12:00";"68";"Acidente c";"189";"BR-116/SP";"Pista Norte";"Choque em objeto fixo";1;0;0;0;0;0;0;0;0;0;0;0;1;0;0
"11/11/2023";"05:41:00";"76";"Acidente s";"50";"BR-116/SP";"Pista Norte";"Choque em defensa";0;0;0;0;0;0;0;0;1;0;1;0;0;0;0
"11/11/2023";"05:45:00";"77";"Acidente c";"144.9";"BR-116/SP";"Pista Norte";"Queda de moto";0;1;0;0;0;0;0;0;0;0;0;1;0;0;0
"11/11/2023";"06:37:00";"107";"Acidente s";"595.1";"BR-101/RJ";"Pista Sul";"Choque em defensa";0;0;0;0;0;0;0;0;1;0;1;0;0;0;0
"11/11/2023";"06:52:00";"121";"Acidente c";"384";"BR-101/RJ";"Pista Norte";"Abalroamento longitudinal";0;0;0;0;0;0;0;0;2;0;1;1;0;0;0
"11/11/2023";"08:51:00";"208";"Acidente c";"101";"BR-116/SP";"Pista Norte";"Colisão traseira";0;1;0;0;0;0;0;0;1;0;1;1;1;0;0
"11/11/2023";"08:55:00";"215";"Acidente c";"400";"BR-101/RJ";"Pista Sul";"Abalroamento longitudinal";0;1;0;0;0;0;0;0;1;0;2;0;1;0;0
"11/11/2023";"09:18:00";"232";"Acidente s";"203.2";"BR-116/SP";"Pista Norte";"Colisão traseira";1;0;0;0;0;0;0;0;1;0;4;0;0;0;0
"11/11/2023";"10:36:00";"293";"Acidente s";"478";"BR-101/RJ";"Pista Sul";"Colisão traseira";0;0;0;0;0;0;0;0;2;0;2;0;0;0;0
"11/11/2023";"11:00:00";"305";"Acidente s";"157";"BR-116/SP";"Pista Norte";"Colisão traseira";0;0;0;0;0;0;0;0;2;0;5;0;0;0;0
"11/11/2023";"12:00:00";"339";"Acidente s";"217.8";"BR-116/SP";"Pista Norte";"Abalroamento longitudinal";0;0;0;0;0;0;0;0;1;1;2;0;0;0;0
"11/11/2023";"12:13:00";"344";"Acidente c";"112.9";"BR-116/SP";"Pista Norte";"Capotamento";0;0;0;0;0;0;0;0;1;0;0;1;0;0;0
"11/11/2023";"12:24:00";"350";"Acidente c";"146.05";"BR-116/SP";"Pista Sul";"Abalroamento longitudinal";1;0;0;0;0;0;0;0;1;1;3;0;1;0;0
"11/11/2023";"03:19:00";"451";"Acidente c";"476";"BR-101/RJ";"Pista Norte";"Engavetamento";1;1;0;0;0;0;0;0;1;0;3;0;1;0;0
"11/11/2023";"04:13:00";"487";"Acidente s";"504.3";"BR-101/RJ";"Pista Sul";"Colisão traseira";0;1;0;0;0;0;0;0;1;0;2;0;0;0;0
"11/11/2023";"04:34:00";"495";"Acidente c";"421";"BR-101/RJ";"Pista Norte";"Colisão traseira";0;1;0;0;0;0;0;0;1;0;3;0;1;0;0
"11/11/2023";"05:33:00";"519";"Acidente s";"227.3";"BR-116/SP";"Pista Sul";"Choque em defensa";0;0;0;0;0;0;0;0;1;0;2;0;0;0;0
"11/11/2023";"06:39:00";"549";"Acidente s";"227.8";"BR-116/RJ";"Pista Sul";"Choque em objeto fixo";1;0;0;0;0;0;0;0;1;0;2;0;0;0;0
"11/11/2023";"07:55:00";"580";"Acidente s";"225";"BR-116/SP";"Pista Norte";"Choque em defensa";1;0;0;0;0;0;0;0;0;0;3;0;0;0;0
"12/11/2023";"05:37:00";"79";"Acidente s";"210";"BR-116/SP";"Pista Sul";"Abalroamento longitudinal";0;0;0;0;0;0;0;0;1;1;2;0;0;0;0
"12/11/2023";"08:31:00";"150";"Acidente c";"501";"BR-101/RJ";"Pista Sul";"Capotamento";0;0;0;0;0;0;0;0;1;0;0;0;1;0;0
"12/11/2023";"12:10:00";"259";"Acidente s";"547";"BR-101/RJ";"Pista Sul";"Capotamento";0;0;0;0;0;0;0;0;1;0;2;0;0;0;0
"12/11/2023";"12:47:00";"282";"Acidente s";"51.3";"BR-116/SP";"Pista Sul";"Abalroamento longitudinal";1;0;0;0;0;0;0;0;0;1;2;0;0;0;0
"12/11/2023";"02:36:00";"366";"Acidente c";"140.4";"BR-116/SP";"Pista Norte";"Colisão traseira";0;1;0;0;0;0;0;0;1;0;2;0;1;0;0
"12/11/2023";"02:46:00";"370";"Acidente c";"228.3";"BR-116/SP";"Pista Sul";"Abalroamento longitudinal";0;1;0;0;0;0;0;0;1;0;1;1;0;0;0
"12/11/2023";"02:58:00";"380";"Acidente c";"424";"BR-101/RJ";"Pista Norte";"Engavetamento";0;0;0;0;0;0;0;0;1;2;3;1;0;0;0
"12/11/2023";"03:08:00";"386";"Acidente s";"117";"BR-116/SP";"Pista Sul";"Queda de moto";0;1;0;0;0;0;0;0;0;0;1;0;0;0;0
"12/11/2023";"03:16:00";"392";"Acidente s";"69";"BR-116/SP";"Pista Sul";"Choque em defensa";1;0;0;0;0;0;0;0;0;0;1;0;0;0;0
"12/11/2023";"03:48:00";"414";"Acidente c";"95";"BR-116/SP";"Pista Sul";"Engavetamento";0;0;0;0;0;0;0;0;5;0;4;1;0;0;0
"12/11/2023";"03:50:00";"417";"Acidente c";"423";"BR-101/RJ";"Pista Sul";"Abalroamento longitudinal";0;1;0;0;0;0;0;0;1;0;1;1;0;0;0
"12/11/2023";"04:07:00";"424";"Acidente s";"428";"BR-101/RJ";"Pista Norte";"Abalroamento longitudinal";0;0;0;0;0;0;0;0;2;0;6;0;0;0;0
"12/11/2023";"04:40:00";"448";"Acidente c";"95.5";"BR-116/SP";"Pista Sul";"Engavetamento";0;0;0;2;0;0;0;0;0;1;59;0;7;0;0
"12/11/2023";"04:40:00";"449";"Acidente c";"524";"BR-101/RJ";"Pista Sul";"Colisão frontal";0;0;0;0;0;0;0;0;2;0;9;1;0;0;0
"12/11/2023";"04:45:00";"456";"Acidente s";"207.8";"BR-116/SP";"Pista Sul";"Colisão traseira";0;0;0;0;0;0;0;0;2;0;3;0;0;0;0
"12/11/2023";"07:15:00";"545";"Acidente c";"415.6";"BR-101/RJ";"Pista Norte";"Colisão frontal";0;1;0;0;0;0;0;0;1;0;2;0;0;2;0
"12/11/2023";"07:32:00";"555";"Acidente s";"386";"BR-101/RJ";"Pista Norte";"Abalroamento longitudinal";0;0;0;0;0;0;0;0;2;0;0;0;0;0;0
"12/11/2023";"10:08:00";"620";"Acidente s";"226.5";"BR-116/SP";"Pista Norte";"Choque em objeto fixo";0;0;0;0;0;0;0;0;1;0;2;0;0;0;0
"12/11/2023";"10:22:00";"624";"Acidente s";"125";"BR-116/SP";"Pista Norte";"Choque em objeto na pista";0;0;0;0;0;0;0;0;2;0;2;0;0;0;0
"12/11/2023";"11:30:00";"641";"Acidente s";"96";"BR-116/SP";"Pista Norte";"Capotamento";0;0;0;0;0;0;0;0;1;0;3;0;0;0;0
"12/11/2023";"11:41:00";"644";"Acidente c";"228.7";"BR-116/SP";"Pista Norte";"Colisão traseira";0;0;0;1;0;0;0;0;0;1;5;1;0;0;0
"13/11/2023";"03:33:00";"42";"Acidente c";"215.3";"BR-116/RJ";"Pista Norte";"Colisão traseira";2;0;0;0;0;0;0;0;0;0;2;0;1;0;0
"13/11/2023";"05:33:00";"57";"Acidente s";"498";"BR-101/RJ";"Pista Sul";"Queda de moto";0;1;0;0;0;0;0;0;0;0;1;0;0;0;0
"13/11/2023";"06:09:00";"83";"Acidente c";"215.9";"BR-116/SP";"Pista Sul";"Choque em objeto fixo";0;1;0;0;0;0;0;0;0;0;0;1;0;0;0
"13/11/2023";"06:42:00";"109";"Acidente s";"154.9";"BR-116/SP";"Pista Sul";"Colisão traseira";0;0;0;0;0;0;0;0;2;0;3;0;0;0;0
"13/11/2023";"06:57:00";"118";"Acidente c";"225.8";"BR-116/SP";"Pista Sul";"Queda de moto";0;1;0;0;0;0;0;0;0;0;0;1;0;0;0
"13/11/2023";"07:06:00";"127";"Acidente c";"299.8";"BR-116/RJ";"Pista Norte";"Engavetamento";0;0;0;0;0;0;0;0;2;3;4;2;0;0;0
"13/11/2023";"07:36:00";"156";"Acidente s";"235";"BR-116/RJ";"Pista Norte";"Colisão traseira";2;0;0;0;0;0;0;0;0;0;2;0;0;0;0
"13/11/2023";"08:23:00";"192";"Acidente s";"148.85";"BR-116/SP";"Pista Sul";"Engavetamento";0;0;0;0;0;0;0;0;2;1;3;0;0;0;0
"13/11/2023";"08:35:00";"203";"Acidente s";"152";"BR-116/SP";"Pista Sul";"Colisão traseira";2;0;0;0;0;0;0;0;0;0;2;0;0;0;0
"13/11/2023";"09:12:00";"233";"Acidente c";"317";"BR-116/RJ";"Pista Sul";"Abalroamento longitudinal";1;0;0;0;0;0;0;0;2;0;2;1;0;0;0
"13/11/2023";"09:47:00";"255";"Acidente c";"525";"BR-101/RJ";"Pista Sul";"Abalroamento longitudinal";0;0;0;0;0;0;0;0;2;0;2;0;1;0;0
"13/11/2023";"12:26:00";"350";"Acidente c";"218.8";"BR-116/SP";"Pista Sul";"Queda de moto";0;1;0;0;0;0;0;0;1;0;1;0;1;0;0
"13/11/2023";"01:21:00";"388";"Acidente c";"216.95";"BR-116/SP";"Pista Sul";"Colisão traseira";0;0;0;0;0;0;0;0;2;0;2;1;0;0;0
"13/11/2023";"01:26:00";"390";"Acidente c";"484.2";"BR-101/RJ";"Pista Sul";"Colisão traseira";0;0;0;0;0;0;0;0;1;1;2;0;1;0;0
"13/11/2023";"02:54:00";"446";"Acidente c";"26";"BR-116/SP";"Pista Sul";"Queda de moto";0;1;0;0;0;0;0;0;0;0;0;0;2;0;0
"13/11/2023";"03:28:00";"474";"Acidente c";"394";"BR-101/RJ";"Pista Norte";"Colisão traseira";1;1;0;0;0;0;0;0;0;0;1;0;0;1;0
"13/11/2023";"03:56:00";"495";"Acidente s";"219.7";"BR-116/SP";"Pista Norte";"Colisão traseira";1;0;0;0;0;0;0;0;1;0;2;0;0;0;0
"13/11/2023";"04:15:00";"506";"Acidente s";"165.2";"BR-116/SP";"Pista Sul";"Abalroamento longitudinal";0;0;0;0;0;0;0;0;1;1;3;0;0;0;0
"13/11/2023";"05:07:00";"543";"Acidente s";"279.9";"BR-116/RJ";"Pista Norte";"Choque em objeto na pista";0;0;0;0;0;0;0;0;2;0;3;0;0;0;0
"13/11/2023";"05:13:00";"548";"Acidente s";"512";"BR-101/RJ";"Pista Sul";"Abalroamento longitudinal";0;0;0;0;0;0;0;0;2;0;2;0;0;0;0
"13/11/2023";"05:30:00";"558";"Acidente c";"36";"BR-101/SP";"Pista Norte";"Abalroamento longitudinal";0;0;0;0;0;0;0;0;2;0;1;0;1;0;0
"13/11/2023";"05:32:00";"560";"Acidente c";"212.6";"BR-116/SP";"Pista Norte";"Colisão traseira";0;1;0;0;0;0;0;0;1;0;3;1;0;0;0
"13/11/2023";"06:03:00";"580";"Atropelame";"384.7";"BR-101/RJ";"Pista Norte";"Atropelamento de pedestre atravessando";1;0;0;0;0;0;0;0;0;0;1;0;0;0;1
"13/11/2023";"06:24:00";"596";"Acidente c";"226.5";"BR-116/SP";"Pista Norte";"Colisão traseira";0;1;0;0;0;0;0;0;2;0;2;0;1;0;0
"13/11/2023";"06:40:00";"608";"Acidente s";"523.6";"BR-101/RJ";"Pista Norte";"Choque em objeto fixo";0;0;0;0;0;0;0;0;1;0;1;0;0;0;0
"13/11/2023";"07:12:00";"626";"Acidente s";"147.2";"BR-116/SP";"Pista Norte";"Abalroamento longitudinal";1;0;0;0;0;0;0;0;1;0;5;0;0;0;0