data;horario;n_da_ocorrencia;tipo_de_ocorrencia;km;trecho;sentido;tipo_de_acidente;automovel;bicicleta;caminhao;moto;onibus;outros;tracao_animal;transporte_de_cargas_especiais;trator_maquinas;utilitarios;ilesos;levemente_feridos;moderadamente_feridos;gravemente_feridos;mortos
"23/12/2023";"07:50:00";"563";"Acidente s";"488";"BR-101/RJ";"Pista Norte";"Choque em objeto fixo";0;0;0;0;0;0;0;0;1;0;1;0;0;0;0
"23/12/2023";"11:18:00";"631";"Acidente c";"86.95";"BR-116/SP";"Pista Norte";"Queda de moto";0;1;0;0;0;0;0;0;0;0;0;1;0;0;0
"24/12/2023";"12:48:00";"36";"Acidente c";"513";"BR-101/RJ";"Pista Sul";"Choque em objeto fixo";0;0;0;0;0;0;0;0;1;0;0;1;0;0;0
"24/12/2023";"01:53:00";"48";"Acidente s";"186.3";"BR-116/SP";"Pista Norte";"Atropelamento de animal";0;0;0;0;0;0;0;0;1;0;1;0;0;0;0
"24/12/2023";"02:16:00";"51";"Acidente s";"211.7";"BR-116/SP";"Pista Norte";"Colisão traseira";0;0;0;0;0;0;0;0;2;0;4;0;0;0;0
"24/12/2023";"03:01:00";"58";"Acidente s";"480";"BR-101/RJ";"Pista Norte";"Choque em objeto fixo";0;0;0;0;0;0;0;0;1;0;1;0;0;0;0
"24/12/2023";"03:58:00";"66";"Acidente c";"589";"BR-101/RJ";"Pista Sul";"Choque Talude";0;0;0;0;0;0;0;0;1;0;0;1;0;0;0
"24/12/2023";"06:56:00";"104";"Acidente s";"311.7";"BR-116/RJ";"Pista Norte";"Choque em objeto fixo";0;0;0;0;0;0;0;0;1;0;1;0;0;0;0
"24/12/2023";"11:28:00";"192";"Acidente s";"249";"BR-116/RJ";"Pista Norte";"Choque em barreira New Jersey";0;0;0;0;0;0;0;0;1;0;2;0;0;0;0
"24/12/2023";"11:34:00";"194";"Acidente c";"505";"BR-101/RJ";"Pista Norte";"Abalroamento longitudinal";0;0;0;0;0;0;0;0;2;0;5;1;0;0;0
"24/12/2023";"02:30:00";"261";"Acidente s";"430";"BR-101/RJ";"Pista Norte";"Choque em objeto fixo";0;0;0;0;0;0;0;0;1;0;2;0;0;0;0
"24/12/2023";"03:00:00";"272";"Acidente c";"199.5";"BR-116/SP";"Pista Norte";"Colisão traseira";0;0;0;0;0;0;0;0;2;0;3;2;0;0;0
"24/12/2023";"03:30:00";"288";"Acidente s";"7.02";"BR-116/SP";"Pista Sul";"Capotamento";0;0;0;0;0;0;0;0;1;0;2;0;0;0;0
"24/12/2023";"04:00:00";"299";"Acidente c";"39.2";"BR-101/SP";"Pista Norte";"Choque em objeto fixo";0;0;0;0;0;0;0;0;1;0;0;1;0;0;0
"25/12/2023";"12:25:00";"22";"Acidente c";"273";"BR-116/RJ";"Pista Norte";"Choque em barreira New Jersey";0;0;0;0;0;0;0;0;1;0;0;2;0;0;0
"25/12/2023";"12:59:00";"26";"Acidente s";"329.5";"BR-116/RJ";"Pista Norte";"Atropelamento de animal";0;0;0;0;0;0;0;0;1;0;1;0;0;0;0
"25/12/2023";"01:45:00";"37";"Acidente s";"482";"BR-101/RJ";"Pista Sul";"Choque em objeto fixo";0;0;0;0;0;0;0;0;1;0;1;0;0;0;0
"25/12/2023";"03:02:00";"52";"Acidente s";"204.2";"BR-116/SP";"Pista Sul";"Choque em barreira New Jersey";0;0;0;0;0;0;0;0;1;0;1;0;0;0;0
"25/12/2023";"03:12:00";"54";"Acidente s";"402.3";"BR-101/RJ";"Pista Sul";"Choque em barreira New Jersey";0;0;0;0;0;0;0;0;1;0;2;0;0;0;0
"25/12/2023";"07:04:00";"103";"Acidente s";"70.7";"BR-116/SP";"Pista Sul";"Colisão traseira";0;0;0;0;0;0;0;0;2;0;2;0;0;0;0
"25/12/2023";"07:43:00";"118";"Acidente c";"385";"BR-101/RJ";"Pista Sul";"Capotamento";0;0;0;0;0;0;0;0;1;0;0;1;0;0;0
"25/12/2023";"09:47:00";"165";"Acidente s";"187";"BR-116/SP";"Pista Norte";"Choque em defensa";0;0;0;0;0;0;0;0;1;0;2;0;0;0;0
"25/12/2023";"10:56:00";"190";"Acidente c";"383.5";"BR-101/RJ";"Pista Sul";"Colisão traseira";0;0;0;0;0;0;0;0;2;0;0;4;0;0;0
"25/12/2023";"11:55:00";"208";"Acidente c";"48.7";"BR-101/SP";"Pista Sul";"Colisão traseira";0;1;0;0;0;0;0;0;1;0;0;3;0;0;0
"25/12/2023";"12:03:00";"213";"Acidente c";"155";"BR-116/SP";"Pista Norte";"Colisão traseira";0;0;0;0;0;0;0;0;2;0;2;1;0;0;0
"25/12/2023";"12:45:00";"224";"Acidente s";"201";"BR-116/SP";"Pista Norte";"Capotamento";0;0;0;0;0;0;0;0;1;0;1;0;0;0;0
"25/12/2023";"12:54:00";"226";"Atropelame";"507";"BR-101/RJ";"Pista Norte";"Atropelamento de pedestre atravessando";0;1;1;0;0;0;0;0;0;0;0;1;1;0;0
"25/12/2023";"01:13:00";"236";"Acidente s";"199";"BR-116/SP";"Pista Sul";"Colisão traseira";0;0;0;0;0;0;0;0;2;0;9;0;0;0;0
"25/12/2023";"01:19:00";"239";"Acidente c";"487";"BR-101/RJ";"Pista Sul";"Abalroamento longitudinal";0;1;0;0;0;0;0;0;1;0;1;0;1;0;0
"25/12/2023";"02:57:00";"281";"Acidente s";"32.5";"BR-116/SP";"Pista Sul";"Outros";0;0;0;0;0;0;0;0;1;0;1;0;0;0;0
"25/12/2023";"03:03:00";"290";"Acidente s";"19";"BR-116/SP";"Pista Sul";"Choque em barreira New Jersey";0;0;0;0;0;0;0;0;1;0;2;0;0;0;0
"25/12/2023";"03:52:00";"313";"Acidente c";"7.2";"BR-116/SP";"Pista Sul";"Capotamento";0;0;0;0;0;0;0;0;1;0;0;0;2;2;0
"25/12/2023";"05:36:00";"360";"Acidente c";"216.8";"BR-116/SP";"Pista Sul";"Queda de moto";0;1;0;0;0;0;0;0;0;0;0;2;0;0;0
"25/12/2023";"06:59:00";"398";"Acidente c";"46.8";"BR-101/SP";"Pista Sul";"Colisão frontal";0;1;0;0;0;0;0;0;0;1;1;1;0;0;0
"25/12/2023";"07:57:00";"427";"Acidente s";"15.2";"BR-116/SP";"Pista Sul";"Abalroamento longitudinal";0;0;0;0;0;0;0;0;1;1;1;0;0;0;0
"25/12/2023";"09:17:00";"462";"Acidente s";"40.5";"BR-101/SP";"Pista Sul";"Choque em objeto fixo";0;0;0;0;0;0;0;0;1;0;2;0;0;0;0
"26/12/2023";"12:17:00";"22";"Atropelame";"230.5";"BR-116/SP";"Pista Sul";"Atropelamento de pedestre caminhando";0;0;0;0;0;0;0;0;1;0;5;0;0;0;1
"26/12/2023";"12:48:00";"29";"Acidente s";"422";"BR-101/RJ";"Pista Norte";"Choque em objeto fixo";0;0;0;0;0;0;0;0;1;0;0;0;0;0;0
"26/12/2023";"02:41:00";"54";"Acidente c";"418";"BR-101/RJ";"Pista Sul";"Choque Talude";0;0;0;0;0;0;0;0;1;0;2;2;0;0;1
"26/12/2023";"03:08:00";"59";"Atropelame";"226.8";"BR-116/SP";"Pista Norte";"Atropelamento de pedestre caminhando";0;1;0;0;0;0;0;0;0;0;0;0;2;0;0
"26/12/2023";"06:30:00";"81";"Acidente s";"324.9";"BR-116/RJ";"Pista Norte";"Colisão traseira";0;0;0;0;0;0;0;0;2;0;3;0;0;0;0
"26/12/2023";"08:56:00";"151";"Acidente s";"410";"BR-101/RJ";"Pista Sul";"Queda de ribanceira";0;0;0;0;0;0;0;0;1;0;1;0;0;0;0
"26/12/2023";"10:27:00";"197";"Acidente s";"492";"BR-101/RJ";"Pista Norte";"Choque em objeto fixo";0;0;0;0;0;0;0;0;1;0;4;0;0;0;0
"26/12/2023";"12:11:00";"259";"Acidente s";"146.2";"BR-116/SP";"Pista Norte";"Choque em barreira New Jersey";0;0;0;0;0;0;0;0;1;0;1;0;0;0;0
"26/12/2023";"01:13:00";"284";"Acidente s";"324.9";"BR-116/RJ";"Pista Sul";"Colisão traseira";0;0;0;0;0;0;0;0;2;0;3;0;0;0;0
"26/12/2023";"02:05:00";"316";"Atropelame";"503";"BR-101/RJ";"Pista Norte";"Atropelamento de pedestre atravessando";0;1;1;0;0;0;0;0;0;0;0;0;2;0;0
"26/12/2023";"02:53:00";"337";"Acidente c";"493.3";"BR-101/RJ";"Pista Norte";"Capotamento";0;0;0;0;0;0;0;0;1;0;4;1;0;0;0
"26/12/2023";"02:53:00";"338";"Acidente s";"169";"BR-116/SP";"Pista Norte";"Colisão traseira";0;0;0;0;0;0;0;0;1;1;2;0;0;0;0
"26/12/2023";"03:04:00";"342";"Acidente s";"285";"BR-116/RJ";"Pista Sul";"Choque em barreira New Jersey";0;0;0;0;0;0;0;0;1;0;1;0;0;0;0
"26/12/2023";"03:11:00";"343";"Acidente c";"69";"BR-116/SP";"Pista Norte";"Engavetamento";0;0;0;0;0;0;0;0;3;1;5;1;1;0;0
"26/12/2023";"03:21:00";"349";"Acidente s";"269.6";"BR-116/RJ";"Pista Sul";"Choque em barreira New Jersey";0;0;0;0;0;0;0;0;1;0;1;0;0;0;0
"26/12/2023";"03:28:00";"353";"Acidente s";"226.6";"BR-116/RJ";"Pista Sul";"Choque em defensa";0;0;0;0;0;0;0;0;1;0;2;0;0;0;0
"26/12/2023";"03:29:00";"355";"Acidente c";"129.2";"BR-116/SP";"Pista Norte";"Queda de moto";0;1;0;0;0;0;0;0;0;0;0;0;0;1;0
"26/12/2023";"03:31:00";"357";"Acidente c";"278.5";"BR-116/RJ";"Pista Sul";"Choque em barreira New Jersey";0;0;0;0;0;0;0;0;1;0;2;1;0;0;0
"26/12/2023";"03:48:00";"361";"Acidente s";"25";"BR-116/SP";"Pista Norte";"Choque em barreira New Jersey";0;0;0;0;0;0;0;0;1;0;2;0;0;0;0
"26/12/2023";"04:00:00";"368";"Acidente s";"113";"BR-116/SP";"Pista Norte";"Colisão traseira";0;0;0;0;0;0;0;0;1;1;3;0;0;0;0
"26/12/2023";"04:39:00";"389";"Acidente c";"47.9";"BR-101/SP";"Pista Sul";"Abalroamento longitudinal";0;0;0;0;0;0;0;0;2;0;4;1;0;0;0
"26/12/2023";"04:46:00";"393";"Acidente s";"232.5";"BR-116/RJ";"Pista Norte";"Choque em defensa";0;0;0;0;0;0;0;0;1;0;1;0;0;0;0
"26/12/2023";"04:48:00";"394";"Acidente s";"275";"BR-116/RJ";"Pista Norte";"Engavetamento";0;0;0;0;0;0;0;0;2;1;8;0;0;0;0
"26/12/2023";"05:10:00";"404";"Acidente c";"47.9";"BR-101/SP";"Pista Norte";"Abalroamento longitudinal";0;1;0;0;0;0;0;0;1;0;2;1;0;0;0
"26/12/2023";"05:11:00";"407";"Acidente s";"222";"BR-116/SP";"Pista Norte";"Abalroamento longitudinal";0;1;0;0;0;0;0;0;1;0;2;0;0;0;0
"26/12/2023";"07:54:00";"476";"Acidente c";"482";"BR-101/RJ";"Pista Sul";"Abalroamento longitudinal";0;1;0;0;0;0;0;0;0;1;1;1;0;0;0
"26/12/2023";"09:26:00";"507";"Acidente s";"575.3";"BR-101/RJ";"Pista Sul";"Atropelamento de animal";0;0;0;0;0;0;0;0;1;0;1;0;0;0;0
"26/12/2023";"09:38:00";"510";"Acidente s";"517";"BR-101/RJ";"Pista Sul";"Capotamento";0;0;0;0;0;0;0;0;1;0;2;0;0;0;0
"26/12/2023";"10:27:00";"522";"Acidente c";"16.7";"BR-101/SP";"Pista Norte";"Choque em objeto fixo";0;0;0;0;0;0;0;0;1;0;0;2;0;0;0
"27/12/2023";"12:46:00";"26";"Acidente s";"227.9";"BR-116/RJ";"Pista Norte";"Choque em barreira New Jersey";0;0;0;0;0;0;0;0;1;0;4;0;0;0;0
"27/12/2023";"01:29:00";"36";"Acidente c";"309.5";"BR-116/RJ";"Pista Sul";"Choque em defensa";0;0;0;0;0;1;0;0;1;1;5;0;0;1;0
"27/12/2023";"03:12:00";"55";"Acidente s";"59.6";"BR-116/SP";"Pista Norte";"Atropelamento de animal";0;0;0;0;0;0;0;0;2;1;10;0;0;0;0
"27/12/2023";"06:26:00";"90";"Acidente s";"109.8";"BR-116/SP";"Pista Norte";"Choque em barreira New Jersey";1;0;0;0;0;0;0;0;0;0;1;0;0;0;0
"27/12/2023";"06:49:00";"102";"Acidente s";"19";"BR-116/SP";"Pista Sul";"Choque em objeto fixo";1;0;0;0;0;0;0;0;0;0;1;0;0;0;0
"27/12/2023";"06:56:00";"107";"Atropelame";"19";"BR-116/SP";"Pista Sul";"Atropelamento de pedestre atravessando";0;0;0;0;0;0;0;0;0;1;1;0;0;1;0
"27/12/2023";"06:59:00";"109";"Acidente s";"26.8";"BR-116/SP";"Pista Sul";"Choque em barreira New Jersey";0;0;0;0;0;0;0;0;1;0;1;0;0;0;0
"27/12/2023";"07:04:00";"113";"Acidente c";"124.7";"BR-116/SP";"Pista Norte";"Engavetamento";0;0;0;0;0;0;0;0;5;0;9;0;1;0;0
"27/12/2023";"07:14:00";"119";"Acidente c";"19";"BR-116/SP";"Pista Norte";"Abalroamento longitudinal";2;0;0;0;0;0;0;0;0;0;1;0;0;1;0
"27/12/2023";"07:15:00";"123";"Acidente s";"249";"BR-116/RJ";"Pista Norte";"Choque em objeto na pista";0;0;0;0;0;0;0;0;1;0;1;0;0;0;0
"27/12/2023";"08:21:00";"156";"Acidente c";"506";"BR-101/RJ";"Pista Norte";"Abalroamento longitudinal";0;1;0;0;0;0;0;0;1;0;1;1;0;0;0
"27/12/2023";"08:24:00";"157";"Acidente c";"74.5";"BR-116/SP";"Pista Norte";"Colisão traseira";0;0;0;0;0;0;0;0;1;1;3;1;0;0;0
"27/12/2023";"08:33:00";"166";"Acidente s";"7";"BR-116/SP";"Pista Norte";"Choque em barreira New Jersey";0;0;0;0;0;0;0;0;1;0;1;0;0;0;0
"27/12/2023";"10:11:00";"221";"Acidente c";"279";"BR-116/RJ";"Pista Sul";"Abalroamento longitudinal";1;0;0;0;0;0;0;0;1;0;2;1;0;0;0
"27/12/2023";"11:07:00";"252";"Acidente c";"230";"BR-116/SP";"Pista Sul";"Abalroamento longitudinal";0;1;0;0;0;0;0;0;1;0;1;0;1;0;0
"27/12/2023";"11:14:00";"259";"Acidente s";"41";"BR-101/SP";"Pista Norte";"Engavetamento";0;0;0;0;0;0;0;0;2;2;8;0;0;0;0
"27/12/2023";"12:26:00";"279";"Acidente s";"118.3";"BR-116/SP";"Pista Norte";"Colisão traseira";0;0;0;0;0;0;0;0;1;1;5;0;0;0;0
"27/12/2023";"01:16:00";"299";"Acidente s";"104.7";"BR-116/SP";"Pista Norte";"Colisão traseira";0;0;0;0;0;0;0;0;2;0;6;0;0;0;0
"27/12/2023";"01:42:00";"313";"Acidente s";"484";"BR-101/RJ";"Pista Norte";"Choque em objeto fixo";1;0;0;0;0;0;0;0;0;0;1;0;0;0;0
"27/12/2023";"01:45:00";"315";"Acidente s";"141.7";"BR-116/SP";"Pista Norte";"Colisão traseira";0;0;0;0;0;0;0;0;2;0;2;0;0;0;0
"27/12/2023";"02:27:00";"333";"Acidente s";"104.1";"BR-116/SP";"Pista Sul";"Engavetamento";0;0;0;0;0;0;0;0;2;1;9;0;0;0;0
"27/12/2023";"03:18:00";"353";"Acidente s";"297";"BR-116/RJ";"Pista Sul";"Colisão traseira";1;0;0;0;0;0;0;0;1;0;2;0;0;0;0
"27/12/2023";"04:47:00";"372";"Acidente c";"100.4";"BR-116/SP";"Pista Sul";"Engavetamento";0;0;0;0;0;0;0;0;2;0;5;0;1;0;0
"27/12/2023";"05:33:00";"390";"Acidente s";"77.8";"BR-116/SP";"Pista Norte";"Abalroamento longitudinal";1;0;0;0;0;0;0;0;0;1;2;0;0;0;0
"28/12/2023";"12:32:00";"25";"Acidente c";"43.8";"BR-116/SP";"Pista Sul";"Colisão traseira";1;0;0;0;0;0;0;0;1;0;1;1;0;0;0
"28/12/2023";"02:32:00";"35";"Acidente c";"88.5";"BR-116/SP";"Pista Norte";"Colisão traseira";1;0;0;0;0;0;0;0;1;1;2;0;1;0;0
"28/12/2023";"06:31:00";"85";"Acidente c";"383";"BR-101/RJ";"Pista Norte";"Tombamento";1;0;0;0;0;0;0;0;0;0;0;2;0;0;0
"28/12/2023";"07:47:00";"133";"Acidente s";"223.5";"BR-116/RJ";"Pista Norte";"Colisão traseira";1;0;0;0;0;0;0;0;2;0;5;0;0;0;0
"28/12/2023";"09:20:00";"178";"Acidente s";"169.9";"BR-116/SP";"Pista Norte";"Engavetamento";1;0;0;0;0;0;0;0;5;0;9;0;0;0;0
"28/12/2023";"09:32:00";"186";"Acidente s";"88";"BR-116/SP";"Pista Norte";"Colisão traseira";0;0;0;0;0;0;0;0;2;0;3;0;0;0;0
"28/12/2023";"11:04:00";"229";"Acidente s";"166.3";"BR-116/SP";"Pista Norte";"Colisão traseira";2;0;0;0;0;0;0;0;0;0;2;0;0;0;0
"28/12/2023";"12:22:00";"276";"Acidente s";"320.7";"BR-116/RJ";"Pista Sul";"Choque em objeto fixo";0;0;0;0;0;0;0;0;1;0;1;0;0;0;0
"28/12/2023";"01:36:00";"322";"Acidente s";"161.8";"BR-116/SP";"Pista Norte";"Abalroamento longitudinal";1;0;0;0;0;0;0;0;1;0;3;0;0;0;0
"28/12/2023";"01:57:00";"329";"Acidente c";"510";"BR-101/RJ";"Pista Sul";"Engavetamento";0;0;0;0;0;0;0;0;2;1;2;1;0;0;0
"28/12/2023";"02:00:00";"332";"Acidente c";"2.9";"BR-101/SP";"Pista Sul";"Choque em objeto fixo";0;0;0;0;0;0;0;0;1;0;4;1;0;0;0
"28/12/2023";"03:08:00";"364";"Atropelame";"49";"BR-101/SP";"Pista Sul";"Atropelamento de pedestre atravessando";0;0;1;0;0;0;0;0;1;0;2;1;0;0;0
"28/12/2023";"03:11:00";"366";"Acidente s";"86.8";"BR-116/SP";"Pista Sul";"Engavetamento";0;0;0;0;0;0;0;0;2;2;4;0;0;0;0
"28/12/2023";"03:19:00";"372";"Acidente s";"162.6";"BR-116/SP";"Pista Norte";"Engavetamento";0;0;0;0;0;0;0;0;3;0;6;0;0;0;0
"28/12/2023";"03:35:00";"382";"Acidente s";"211.9";"BR-116/SP";"Pista Norte";"Abalroamento longitudinal";0;0;0;0;0;0;0;0;1;1;5;0;0;0;0
"28/12/2023";"04:10:00";"400";"Acidente s";"278.8";"BR-116/RJ";"Pista Sul";"Abalroamento longitudinal";1;0;0;0;0;0;0;0;1;0;4;0;0;0;0
"28/12/2023";"04:23:00";"410";"Acidente s";"231.5";"BR-116/RJ";"Pista Norte";"Colisão traseira";0;0;0;0;0;0;0;0;2;0;2;0;0;0;0
"28/12/2023";"04:58:00";"426";"Acidente s";"577";"BR-101/RJ";"Pista Norte";"Choque em objeto fixo";0;0;0;0;0;0;0;0;1;0;1;0;0;0;0
"28/12/2023";"05:12:00";"436";"Acidente s";"159.7";"BR-116/SP";"Pista Norte";"Engavetamento";0;0;0;0;0;0;0;0;3;0;7;0;0;0;0
"28/12/2023";"05:45:00";"449";"Acidente s";"229";"BR-116/SP";"Pista Norte";"Abalroamento longitudinal";0;0;0;0;0;0;0;0;2;1;3;0;0;0;0
"28/12/2023";"06:22:00";"471";"Acidente s";"205.1";"BR-116/SP";"Pista Sul";"Colisão traseira";2;0;0;0;0;0;0;0;1;0;5;0;0;0;0
"28/12/2023";"08:11:00";"525";"Acidente s";"389";"BR-101/RJ";"Pista Norte";"Capotamento";0;0;0;0;0;0;0;0;1;0;1;0;0;0;0
"28/12/2023";"09:24:00";"562";"Acidente s";"157.8";"BR-116/SP";"Pista Norte";"Choque em objeto fixo";0;0;0;0;0;0;0;0;1;0;1;0;0;0;0
"28/12/2023";"11:32:00";"594";"Acidente s";"73.6";"BR-116/SP";"Pista Sul";"Choque em objeto na pista";0;0;1;0;0;0;0;0;2;0;3;0;0;0;0
"29/12/2023";"01:42:00";"32";"Acidente c";"223.5";"BR-116/SP";"Pista Sul";"Abalroamento longitudinal";0;1;0;0;0;0;0;0;0;1;1;1;0;0;0
"29/12/2023";"02:43:00";"51";"Acidente s";"91";"BR-116/SP";"Pista Sul";"Choque em objeto na pista";0;0;0;0;0;0;0;0;1;0;1;0;0;0;0
"29/12/2023";"04:14:00";"61";"Acidente s";"76.8";"BR-116/SP";"Pista Norte";"Choque em defensa";1;0;0;0;0;0;0;0;0;0;0;0;0;0;0
"29/12/2023";"04:29:00";"63";"Acidente s";"175";"BR-116/SP";"Pista Sul";"Abalroamento longitudinal";0;0;0;0;0;0;0;0;2;1;7;0;0;0;0
"29/12/2023";"04:49:00";"67";"Acidente c";"16.2";"BR-116/SP";"Pista Sul";"Choque em barreira New Jersey";1;0;0;0;0;0;0;0;0;0;2;0;1;0;0
"29/12/2023";"05:13:00";"70";"Acidente c";"404.4";"BR-101/RJ";"Pista Norte";"Choque em objeto fixo";0;0;0;0;0;0;0;0;1;0;0;0;0;2;1
"29/12/2023";"05:30:00";"76";"Acidente s";"210.2";"BR-116/SP";"Pista Sul";"Abalroamento longitudinal";0;0;0;0;0;0;0;0;1;1;3;0;0;0;0
"29/12/2023";"05:40:00";"86";"Acidente c";"48.5";"BR-101/SP";"Pista Norte";"Abalroamento longitudinal";0;0;0;0;0;0;0;0;2;0;4;2;0;0;0
"29/12/2023";"07:06:00";"114";"Acidente s";"165.2";"BR-116/SP";"Pista Norte";"Abalroamento longitudinal";1;0;0;0;0;0;0;0;1;0;3;0;0;0;0
"29/12/2023";"07:28:00";"128";"Acidente c";"218.5";"BR-116/SP";"Pista Sul";"Abalroamento longitudinal";1;1;0;0;0;0;0;0;0;0;1;1;0;0;0
"29/12/2023";"10:36:00";"247";"Acidente s";"510";"BR-101/RJ";"Pista Sul";"Colisão traseira";0;0;0;0;0;0;0;0;2;0;3;0;0;0;0
"29/12/2023";"11:09:00";"278";"Acidente s";"166.5";"BR-116/SP";"Pista Norte";"Engavetamento";0;0;0;0;0;2;0;0;2;0;12;0;0;0;0
"29/12/2023";"11:51:00";"312";"Acidente s";"166.3";"BR-116/SP";"Pista Norte";"Abalroamento longitudinal";1;0;0;0;0;0;0;0;1;0;2;0;0;0;0
"29/12/2023";"12:15:00";"328";"Acidente c";"219";"BR-116/SP";"Pista Norte";"Queda de moto";0;1;0;0;0;0;0;0;0;0;0;1;0;0;0
"29/12/2023";"12:19:00";"331";"Acidente s";"271";"BR-116/RJ";"Pista Sul";"Choque em objeto fixo";0;0;0;0;0;0;0;0;1;0;1;0;0;0;0
"29/12/2023";"12:25:00";"335";"Acidente s";"504";"BR-101/RJ";"Pista Sul";"Engavetamento";0;0;0;0;0;0;0;0;3;0;10;0;0;0;0
"29/12/2023";"12:52:00";"350";"Acidente s";"157.7";"BR-116/SP";"Pista Norte";"Choque em barreira New Jersey";0;0;0;0;0;0;0;0;1;0;1;0;0;0;0
"29/12/2023";"01:00:00";"355";"Acidente s";"447";"BR-101/RJ";"Pista Norte";"Choque em objeto fixo";0;0;0;0;0;0;0;0;1;0;1;0;0;0;0
"29/12/2023";"01:41:00";"379";"Acidente s";"324.9";"BR-116/RJ";"Pista Norte";"Choque em barreira New Jersey";1;0;0;0;0;0;0;0;0;0;1;0;0;0;0
"29/12/2023";"02:06:00";"397";"Acidente c";"387";"BR-101/RJ";"Pista Sul";"Capotamento";0;0;0;0;0;0;0;0;1;0;0;1;0;0;0
"29/12/2023";"03:35:00";"463";"Acidente s";"272";"BR-116/RJ";"Pista Sul";"Colisão traseira";1;0;0;0;0;0;0;0;1;0;2;0;0;0;0
"29/12/2023";"04:11:00";"489";"Acidente c";"19";"BR-101/SP";"Pista Norte";"Abalroamento longitudinal";0;0;0;0;0;0;0;0;2;0;3;1;1;0;0
"29/12/2023";"05:07:00";"525";"Acidente c";"50.6";"BR-101/SP";"Pista Norte";"Engavetamento";0;0;0;0;0;0;0;0;3;0;7;1;0;0;0
"29/12/2023";"06:50:00";"585";"Acidente c";"216.5";"BR-116/SP";"Pista Sul";"Abalroamento longitudinal";1;0;0;0;0;0;0;0;1;0;3;1;0;0;0
"29/12/2023";"07:06:00";"594";"Atropelame";"410";"BR-101/RJ";"Pista Sul";"Atropelamento de pedestre atravessando";0;0;0;0;0;0;0;0;1;0;3;0;0;0;1
"29/12/2023";"07:21:00";"600";"Acidente c";"219.3";"BR-116/SP";"Pista Norte";"Queda de moto";0;1;0;0;0;0;0;0;0;0;0;0;1;0;0
"29/12/2023";"07:55:00";"619";"Acidente s";"48.5";"BR-116/SP";"Pista Norte";"Colisão traseira";0;0;0;0;0;0;0;0;2;0;1;0;0;0;0
"29/12/2023";"09:12:00";"658";"Atropelame";"305.8";"BR-116/RJ";"Pista Sul";"Atropelamento de pedestre atravessando";0;0;1;0;0;0;0;0;1;0;0;1;0;0;1
"29/12/2023";"09:18:00";"662";"Acidente c";"455";"BR-101/RJ";"Pista Sul";"Abalroamento longitudinal";0;1;0;0;0;0;0;0;1;0;4;1;0;0;0
"29/12/2023";"11:54:00";"701";"Acidente c";"108.6";"BR-116/SP";"Pista Sul";"Queda de moto";0;1;0;0;0;0;0;0;0;0;1;1;0;0;0
"30/12/2023";"01:10:00";"34";"Atropelame";"51.5";"BR-116/SP";"Pista Sul";"Atropelamento de pedestre atravessando";0;0;0;0;0;0;0;0;0;1;1;0;0;0;1
"30/12/2023";"03:08:00";"53";"Acidente c";"531.8";"BR-101/RJ";"Pista Sul";"Capotamento";0;0;0;0;0;0;0;0;1;0;0;1;0;2;0
"30/12/2023";"03:54:00";"64";"Acidente c";"118.9";"BR-116/SP";"Pista Norte";"Colisão traseira";1;0;0;0;0;0;0;0;1;0;0;1;2;0;0
"30/12/2023";"04:26:00";"68";"Acidente c";"307.9";"BR-116/RJ";"Pista Norte";"Abalroamento longitudinal";1;0;0;0;0;0;0;0;1;0;1;1;0;0;0
"30/12/2023";"06:34:00";"93";"Acidente s";"234";"BR-116/RJ";"Pista Sul";"Abalroamento longitudinal";0;0;0;0;0;0;0;0;1;1;2;0;0;0;0
"30/12/2023";"06:48:00";"101";"Acidente s";"440";"BR-101/RJ";"Pista Norte";"Choque em objeto fixo";0;0;0;0;0;0;0;0;1;0;4;0;0;0;0
"30/12/2023";"07:17:00";"113";"Acidente s";"510.8";"BR-101/RJ";"Pista Sul";"Engavetamento";0;0;0;0;0;0;0;0;2;1;7;0;0;0;0
"30/12/2023";"08:03:00";"132";"Acidente s";"251";"BR-116/RJ";"Pista Norte";"Choque em defensa";0;0;0;0;0;0;0;0;1;0;2;0;0;0;0
"30/12/2023";"08:30:00";"149";"Acidente s";"225";"BR-116/SP";"Pista Norte";"Queda de moto";0;1;0;0;0;0;0;0;0;0;1;0;0;0;0
"30/12/2023";"08:35:00";"153";"Acidente s";"225";"BR-116/SP";"Pista Norte";"Queda de moto";0;1;0;0;0;0;0;0;0;0;1;0;0;0;0
"30/12/2023";"08:44:00";"162";"Acidente c";"109";"BR-116/SP";"Pista Norte";"Choque em defensa";1;0;0;0;0;0;0;0;1;0;4;1;0;0;0
"30/12/2023";"09:02:00";"172";"Acidente c";"219";"BR-116/SP";"Pista Sul";"Queda de moto";0;1;0;0;0;0;0;0;0;0;0;2;0;0;0
"30/12/2023";"09:33:00";"186";"Acidente s";"299";"BR-116/RJ";"Pista Sul";"Choque em defensa";0;0;0;0;0;0;0;0;1;0;1;0;0;0;0
"30/12/2023";"09:53:00";"192";"Acidente c";"319";"BR-116/RJ";"Pista Norte";"Queda de moto";0;1;0;0;0;0;0;0;0;0;0;2;0;0;0
"30/12/2023";"10:49:00";"208";"Acidente s";"533";"BR-101/RJ";"Pista Sul";"Engavetamento";0;0;0;0;0;0;0;0;3;0;8;0;0;0;0