data;horario;n_da_ocorrencia;tipo_de_ocorrencia;km;trecho;sentido;tipo_de_acidente;automovel;bicicleta;caminhao;moto;onibus;outros;tracao_animal;transporte_de_cargas_especiais;trator_maquinas;utilitarios;ilesos;levemente_feridos;moderadamente_feridos;gravemente_feridos;mortos
"30/12/2023";"10:59:00";"215";"Acidente s";"501";"BR-101/RJ";"Pista Sul";"Colisão traseira";0;0;0;0;0;0;0;0;2;0;6;0;0;0;0
"30/12/2023";"11:46:00";"229";"Acidente s";"508";"BR-101/RJ";"Pista Sul";"Engavetamento";0;0;0;0;0;0;0;0;4;0;6;0;0;0;0
"30/12/2023";"12:10:00";"236";"Acidente c";"422";"BR-101/RJ";"Pista Sul";"Colisão frontal";0;1;0;0;0;0;0;0;2;0;0;4;2;1;1
"30/12/2023";"12:36:00";"246";"Acidente c";"234";"BR-116/RJ";"Pista Norte";"Queda de moto";0;1;0;0;0;0;0;0;0;0;0;2;0;0;0
"30/12/2023";"01:15:00";"262";"Acidente s";"104.5";"BR-116/SP";"Pista Norte";"Colisão traseira";0;0;0;0;0;0;0;0;1;1;5;0;0;0;0
"30/12/2023";"01:52:00";"275";"Acidente s";"35";"BR-101/SP";"Pista Sul";"Engavetamento";0;0;0;0;0;0;0;0;3;2;14;0;0;0;0
"30/12/2023";"01:53:00";"276";"Acidente s";"226.15";"BR-116/SP";"Pista Sul";"Abalroamento longitudinal";0;0;0;0;0;0;0;0;2;0;3;0;0;0;0
"30/12/2023";"01:57:00";"279";"Acidente s";"116.2";"BR-116/SP";"Pista Sul";"Colisão traseira";0;0;0;0;0;0;0;0;1;1;3;0;0;0;0
"30/12/2023";"02:19:00";"288";"Acidente s";"571.9";"BR-101/RJ";"Pista Norte";"Choque em objeto fixo";0;0;0;0;0;0;0;0;1;0;1;0;0;0;0
"30/12/2023";"02:41:00";"298";"Acidente c";"481";"BR-101/RJ";"Pista Norte";"Colisão traseira";0;1;0;0;0;0;0;0;1;0;1;0;1;0;0
"30/12/2023";"03:01:00";"310";"Acidente s";"86";"BR-116/SP";"Pista Sul";"Colisão traseira";0;0;0;0;0;0;0;0;2;0;6;0;0;0;0
"30/12/2023";"03:11:00";"315";"Acidente s";"570.5";"BR-101/RJ";"Pista Sul";"Choque em objeto fixo";0;0;0;0;0;0;0;0;1;0;1;0;0;0;0
"30/12/2023";"03:25:00";"319";"Acidente s";"557";"BR-101/RJ";"Pista Sul";"Choque em objeto fixo";0;0;0;0;0;0;0;0;1;0;2;0;0;0;0
"30/12/2023";"03:35:00";"322";"Acidente s";"233.4";"BR-116/RJ";"Pista Norte";"Choque em barreira New Jersey";1;0;0;0;0;0;0;0;0;0;1;0;0;0;0
"30/12/2023";"03:46:00";"327";"Acidente s";"474";"BR-101/RJ";"Pista Sul";"Choque em objeto fixo";0;0;0;0;0;0;0;0;1;0;4;0;0;0;0
"30/12/2023";"04:41:00";"348";"Acidente s";"530";"BR-101/RJ";"Pista Sul";"Outros";0;0;0;0;0;0;0;0;1;0;1;0;0;0;0
"30/12/2023";"05:06:00";"357";"Acidente s";"95.6";"BR-116/SP";"Pista Sul";"Capotamento";0;0;0;0;0;0;0;0;1;0;4;0;0;0;0
"30/12/2023";"05:42:00";"370";"Acidente c";"104.3";"BR-116/SP";"Pista Sul";"Queda de moto";0;1;0;0;0;0;0;0;0;0;0;0;2;0;0
"30/12/2023";"05:52:00";"375";"Acidente s";"390";"BR-101/RJ";"Pista Norte";"Choque em barreira New Jersey";0;0;0;0;0;0;0;0;1;0;1;0;0;0;0
"30/12/2023";"07:32:00";"421";"Acidente s";"322";"BR-116/RJ";"Pista Norte";"Colisão traseira";0;0;0;0;0;0;0;0;2;1;6;0;0;0;0
"30/12/2023";"08:14:00";"436";"Acidente c";"214";"BR-116/SP";"Pista Norte";"Queda de moto";0;1;0;0;0;0;0;0;0;1;1;2;0;0;0
"30/12/2023";"09:38:00";"450";"Acidente c";"218.2";"BR-116/SP";"Pista Sul";"Colisão traseira";0;1;0;1;0;0;0;0;0;0;25;0;0;0;1
"30/12/2023";"09:40:00";"452";"Acidente s";"21.3";"BR-116/SP";"Pista Sul";"Choque em barreira New Jersey";0;0;0;0;0;0;0;0;1;0;1;0;0;0;0
"30/12/2023";"11:56:00";"482";"Acidente s";"142.5";"BR-116/SP";"Pista Sul";"Colisão traseira";1;0;0;0;0;0;0;0;1;0;2;0;0;0;0
"31/12/2023";"01:34:00";"33";"Atropelame";"62.1";"BR-116/SP";"Pista Sul";"Atropelamento de pedestre atravessando";0;0;0;0;0;0;0;0;0;1;1;0;1;0;0
"31/12/2023";"01:48:00";"35";"Acidente c";"428";"BR-101/RJ";"Pista Norte";"Queda de moto";0;1;0;0;0;0;0;0;0;0;0;1;0;0;0
"31/12/2023";"05:17:00";"53";"Acidente s";"412";"BR-101/RJ";"Pista Sul";"Choque em objeto fixo";0;0;0;0;0;0;0;0;1;0;1;0;0;0;0
"31/12/2023";"05:48:00";"59";"Acidente s";"217.9";"BR-116/SP";"Pista Norte";"Choque em objeto fixo";0;0;0;0;0;0;0;0;1;0;2;0;0;0;0
"31/12/2023";"05:53:00";"60";"Acidente s";"127.7";"BR-116/SP";"Pista Norte";"Abalroamento longitudinal";0;0;0;0;0;0;0;0;2;0;8;0;0;0;0
"31/12/2023";"06:26:00";"70";"Atropelame";"149";"BR-116/SP";"Pista Sul";"Atropelamento de pedestre atravessando";0;0;0;0;0;0;0;0;0;1;1;0;0;1;0
"31/12/2023";"09:59:00";"150";"Acidente s";"274";"BR-116/RJ";"Pista Norte";"Choque em objeto na pista";0;0;0;0;0;0;0;0;1;0;1;0;0;0;0
"31/12/2023";"12:25:00";"191";"Acidente c";"263";"BR-116/RJ";"Pista Sul";"Colisão traseira";0;0;0;0;0;0;0;0;2;0;4;1;0;0;0
"31/12/2023";"12:49:00";"199";"Acidente s";"234";"BR-116/RJ";"Pista Sul";"Choque em objeto fixo";0;0;0;0;0;0;0;0;1;0;1;0;0;0;0
"31/12/2023";"02:03:00";"224";"Acidente c";"157";"BR-116/SP";"Pista Sul";"Queda de moto";0;1;0;0;0;0;0;0;0;0;1;1;0;0;0
"31/12/2023";"03:09:00";"238";"Acidente s";"511";"BR-101/RJ";"Pista Norte";"Colisão traseira";0;0;0;0;0;0;0;0;2;0;2;0;0;0;0
"31/12/2023";"03:44:00";"253";"Atropelame";"511";"BR-101/RJ";"Pista Norte";"Atropelamento de pedestre atravessando";0;0;0;0;0;0;0;0;1;0;1;1;0;0;0
"31/12/2023";"07:11:00";"311";"Acidente s";"25.3";"BR-101/SP";"Pista Sul";"Choque em objeto fixo";0;0;0;0;0;0;0;0;1;0;2;0;0;0;0
"31/12/2023";"07:30:00";"318";"Acidente s";"492";"BR-101/RJ";"Pista Norte";"Abalroamento longitudinal";0;0;0;0;0;0;0;0;2;0;3;0;0;0;0
"31/12/2023";"08:32:00";"337";"Atropelame";"92.2";"BR-116/SP";"Pista Norte";"Atropelamento de pedestre atravessando";0;0;0;0;0;0;0;0;0;1;1;0;0;0;1
"31/12/2023";"09:56:00";"353";"Acidente s";"229.1";"BR-116/SP";"Pista Norte";"Colisão traseira";0;0;0;0;0;0;0;0;2;0;6;0;0;0;0
"31/12/2023";"10:07:00";"354";"Acidente s";"52.6";"BR-116/SP";"Pista Sul";"Colisão traseira";0;0;0;0;0;0;0;0;2;0;2;0;0;0;0
"01/01/2024";"12:13:00";"49";"Sem vítima";"28,400";"BR-101/SP";"Crescente";"Choque";0;0;0;0;0;0;0;0;0;0;1;0;0;0;0
"01/01/2024";"12:18:00";"50";"Sem vítima";"41,100";"BR-101/SP";"Crescente";"Colisão lateral em sentido contrário";0;0;0;0;0;0;0;0;0;0;3;0;0;0;0
"01/01/2024";"01:35:00";"58";"Sem vítima";"6,000";"BR-101/SP";"Decrescente";"Acidentes de outra natureza";0;0;0;0;0;0;0;0;0;0;0;0;0;0;0
"01/01/2024";"01:40:00";"59";"Sem vítima";"485,000";"BR-101/SP";"Crescente";"Colisão frontal";0;0;0;0;0;0;0;0;0;0;2;0;0;0;0
"01/01/2024";"01:57:00";"60";"Sem vítima";"597,800";"BR-101/SP";"Crescente";"Choque";0;0;0;0;0;0;0;0;0;0;1;0;0;0;0
"01/01/2024";"03:26:00";"80";"Com vítima";"491,000";"BR-101/SP";"Decrescente";"Colisão frontal";0;0;0;0;0;0;0;0;0;0;1;0;1;0;0
"01/01/2024";"07:07:00";"136";"Sem vítima";"234,000";"BR-116/SP";"Crescente";"Choque";0;0;0;0;0;0;0;0;0;0;3;0;0;0;0
"01/01/2024";"07:24:00";"142";"Com vítima";"234,000";"BR-116/SP";"Decrescente";"Choque";0;0;0;0;0;0;0;0;0;0;2;1;0;0;0
"01/01/2024";"07:25:00";"144";"Sem vítima";"475,000";"BR-101/SP";"Crescente";"Acidentes de outra natureza";0;0;0;0;0;0;0;0;0;0;0;0;0;0;0
"01/01/2024";"07:29:00";"145";"Sem vítima";"482,000";"BR-101/SP";"Decrescente";"Colisão traseira";0;0;0;0;0;0;0;0;0;0;0;0;0;0;0
"01/01/2024";"08:09:00";"154";"Sem vítima";"264,000";"BR-116/SP";"Decrescente";"Acidentes de outra natureza";0;0;0;0;0;0;0;0;0;0;2;0;0;0;0
"01/01/2024";"09:02:00";"164";"Sem vítima";"419,000";"BR-101/SP";"Decrescente";"Engavetamento";0;0;0;0;0;0;0;0;0;0;6;0;0;0;0
"01/01/2024";"09:11:00";"168";"Com vítima";"90,000";"BR-116/SP";"Crescente";"Atropelamento de pedestre";0;0;0;0;0;0;0;0;0;0;4;0;0;0;0
"01/01/2024";"09:24:00";"171";"Com vítima";"162,000";"BR-116/SP";"Decrescente";"Choque";0;0;0;0;0;0;0;0;0;0;0;1;0;1;0
"01/01/2024";"11:25:00";"212";"Sem vítima";"454,000";"BR-101/SP";"Crescente";"Colisão frontal";0;0;0;0;0;0;0;0;0;0;2;0;0;0;0
"01/01/2024";"12:31:00";"237";"Com vítima";"425,300";"BR-101/SP";"Crescente";"Choque";0;0;0;0;0;0;0;0;0;0;0;1;0;0;0
"01/01/2024";"01:01:00";"251";"Sem vítima";"223,500";"BR-116/SP";"Crescente";"Choque";0;0;0;0;0;0;0;0;0;0;1;0;0;0;0
"01/01/2024";"01:03:00";"253";"Com vítima";"506,000";"BR-101/SP";"Crescente";"Acidentes de outra natureza";0;0;0;0;0;0;0;0;0;0;0;1;0;0;0
"01/01/2024";"01:56:00";"267";"Sem vítima";"40,000";"BR-101/SP";"Decrescente";"Colisão lateral em sentido contrário";0;0;0;0;0;0;0;0;0;0;2;0;0;0;0
"01/01/2024";"03:12:00";"314";"Com vítima";"102,000";"BR-116/SP";"Decrescente";"Atropelamento de pedestre";0;0;0;0;0;0;0;0;0;0;0;2;0;0;0
"01/01/2024";"03:33:00";"327";"Sem vítima";"106,900";"BR-116/SP";"Crescente";"Colisão traseira";0;0;0;0;0;0;0;0;0;0;5;0;0;0;0
"01/01/2024";"03:33:00";"328";"Sem vítima";"100,300";"BR-116/SP";"Crescente";"Engavetamento";0;0;0;0;0;0;0;0;0;0;6;0;0;0;0
"01/01/2024";"04:52:00";"368";"Sem vítima";"51,000";"BR-101/SP";"Decrescente";"Engavetamento";0;0;0;0;0;0;0;0;0;0;6;0;0;0;0
"01/01/2024";"04:58:00";"374";"Sem vítima";"182,300";"BR-116/SP";"Decrescente";"Colisão traseira";0;0;0;0;0;0;0;0;0;0;3;0;0;0;0
"01/01/2024";"05:06:00";"380";"Com vítima";"230,800";"BR-116/SP";"Crescente";"Colisão lateral em sentido contrário";0;0;0;0;0;0;0;0;0;0;0;1;0;0;0
"01/01/2024";"05:27:00";"384";"Sem vítima";"86,700";"BR-116/SP";"Crescente";"Engavetamento";0;0;0;0;0;0;0;0;0;0;12;0;0;0;0
"01/01/2024";"06:12:00";"402";"Com vítima";"530,000";"BR-101/SP";"Decrescente";"Colisão lateral em sentido contrário";0;0;0;0;0;0;0;0;0;0;0;3;0;2;0
"01/01/2024";"06:44:00";"409";"Com vítima";"208,000";"BR-116/SP";"Crescente";"Colisão lateral em sentido contrário";0;0;0;0;0;0;0;0;0;0;0;2;0;0;0
"01/01/2024";"07:02:00";"416";"Com vítima";"105,500";"BR-116/SP";"Crescente";"Capotamento";0;0;0;0;0;0;0;0;0;0;0;3;2;0;0
"01/01/2024";"09:00:00";"561";"Sem vítima";"274,200";"BR-116/SP";"Crescente";"Colisão lateral em sentido contrário";0;0;0;0;0;0;0;0;0;0;3;0;0;0;0
"01/01/2024";"09:03:00";"21";"Com vítima";"591,000";"BR-101/SP";"Crescente";"Colisão traseira";0;0;0;0;0;0;0;0;0;0;0;1;0;0;0
"01/01/2024";"09:36:00";"28";"Sem vítima";"226,000";"BR-116/SP";"Crescente";"Choque";0;0;0;0;0;0;0;0;0;0;1;0;0;0;0
"01/01/2024";"11:59:00";"45";"Com vítima";"389,800";"BR-101/SP";"Crescente";"Choque";0;0;0;0;0;0;0;0;0;0;0;0;1;0;0
"02/01/2024";"01:26:00";"57";"Com vítima";"134,317";"BR-116/SP";"Decrescente";"Colisão traseira";0;0;0;0;0;0;0;0;0;0;1;0;0;1;0
"02/01/2024";"01:46:00";"59";"Com vítima";"108,000";"BR-116/SP";"Crescente";"Colisão lateral em sentido contrário";0;0;0;0;0;0;0;0;0;0;1;2;0;0;0
"02/01/2024";"03:20:00";"82";"Com vítima";"67,600";"BR-116/SP";"Decrescente";"Choque";0;0;0;0;0;0;0;0;0;0;0;1;0;0;0
"02/01/2024";"03:57:00";"102";"Sem vítima";"472,000";"BR-101/SP";"Crescente";"Colisão lateral em sentido contrário";0;0;0;0;0;0;0;0;0;0;3;0;0;0;0
"02/01/2024";"05:36:00";"164";"Sem vítima";"119,000";"BR-116/SP";"Decrescente";"Colisão lateral em sentido contrário";0;0;0;0;0;0;0;0;0;0;1;0;0;0;0
"02/01/2024";"07:01:00";"212";"Com vítima";"117,400";"BR-116/SP";"Decrescente";"Colisão traseira";0;0;0;0;0;0;0;0;0;0;1;2;0;0;0
"02/01/2024";"07:03:00";"215";"Sem vítima";"115,000";"BR-116/SP";"Decrescente";"Colisão traseira";0;0;0;0;0;0;0;0;0;0;6;0;0;0;0
"02/01/2024";"07:05:00";"216";"Sem vítima";"433,000";"BR-101/SP";"Crescente";"Engavetamento";0;0;0;0;0;0;0;0;0;0;4;0;0;0;0
"02/01/2024";"07:28:00";"232";"Com vítima";"44,200";"BR-101/SP";"Crescente";"Colisão frontal";0;0;0;0;0;0;0;0;0;0;0;0;1;0;0
"02/01/2024";"07:46:00";"245";"Sem vítima";"490,000";"BR-101/SP";"Decrescente";"Acidentes de outra natureza";0;0;0;0;0;0;0;0;0;0;3;0;0;0;0
"02/01/2024";"07:53:00";"250";"Sem vítima";"117,300";"BR-116/SP";"Decrescente";"Colisão traseira";0;0;0;0;0;0;0;0;0;0;2;0;0;0;0
"02/01/2024";"07:54:00";"249";"Com vítima";"42,000";"BR-101/SP";"Decrescente";"Engavetamento";0;0;0;0;0;0;0;0;0;0;2;0;1;0;0
"02/01/2024";"08:22:00";"267";"Sem vítima";"106,600";"BR-116/SP";"Crescente";"Colisão traseira";0;0;0;0;0;0;0;0;0;0;2;0;0;0;0
"02/01/2024";"09:54:00";"312";"Sem vítima";"88,700";"BR-116/SP";"Decrescente";"Engavetamento";0;0;0;0;0;0;0;0;0;0;17;0;0;0;0
"02/01/2024";"10:03:00";"316";"Sem vítima";"438,000";"BR-101/SP";"Decrescente";"Colisão traseira";0;0;0;0;0;0;0;0;0;0;2;0;0;0;0
"02/01/2024";"10:42:00";"332";"Sem vítima";"165,200";"BR-116/SP";"Crescente";"Engavetamento";0;0;0;0;0;0;0;0;0;0;6;0;0;0;0
"02/01/2024";"11:03:00";"341";"Sem vítima";"102,000";"BR-116/SP";"Crescente";"Choque";0;0;0;0;0;0;0;0;0;0;1;0;0;0;0
"02/01/2024";"11:26:00";"360";"Sem vítima";"139,600";"BR-116/SP";"Crescente";"Engavetamento";0;0;0;0;0;0;0;0;0;0;8;0;0;0;0
"02/01/2024";"12:05:00";"380";"Sem vítima";"41,100";"BR-116/SP";"Crescente";"Colisão traseira";0;0;0;0;0;0;0;0;0;0;5;0;0;0;0
"02/01/2024";"12:56:00";"411";"Sem vítima";"41,000";"BR-116/SP";"Crescente";"Colisão traseira";0;0;0;0;0;0;0;0;0;0;2;0;0;0;0
"02/01/2024";"01:07:00";"416";"Com vítima";"42,000";"BR-101/SP";"Crescente";"Colisão traseira";0;0;0;0;0;0;0;0;0;0;2;0;2;0;0
"02/01/2024";"01:58:00";"448";"Sem vítima";"419,000";"BR-101/SP";"Decrescente";"Colisão lateral em sentido contrário";0;0;0;0;0;0;0;0;0;0;2;0;0;0;0
"02/01/2024";"03:53:00";"516";"Com vítima";"232,000";"BR-116/SP";"Decrescente";"Capotamento";0;0;0;0;0;0;0;0;0;0;0;4;0;0;0
"02/01/2024";"04:00:00";"538";"Sem vítima";"596,000";"BR-101/SP";"Decrescente";"Choque";0;0;0;0;0;0;0;0;0;0;0;0;0;0;0
"02/01/2024";"07:41:00";"615";"Com vítima";"64,900";"BR-116/SP";"Crescente";"Choque";0;0;0;0;0;0;0;0;0;0;0;0;1;0;0
"02/01/2024";"08:45:00";"635";"Sem vítima";"215,000";"BR-116/SP";"Decrescente";"Choque";0;0;0;0;0;0;0;0;0;0;1;0;0;0;0
"02/01/2024";"09:00:00";"43";"Com vítima";"231,400";"BR-116/SP";"Crescente";"Choque";0;0;0;0;0;0;0;0;0;0;1;1;0;0;0
"02/01/2024";"09:00:00";"621";"Sem vítima";"29,500";"BR-116/SP";"Decrescente";"Choque";0;0;0;0;0;0;0;0;0;0;0;0;0;0;0
"02/01/2024";"10:55:00";"39";"Sem vítima";"24,400";"BR-116/SP";"Decrescente";"Colisão traseira";0;0;0;0;0;0;0;0;0;0;2;0;0;0;0
"03/01/2024";"12:28:00";"51";"Sem vítima";"235,000";"BR-116/SP";"Crescente";"Choque";0;0;0;0;0;0;0;0;0;0;5;0;0;0;0
"03/01/2024";"01:43:00";"62";"Sem vítima";"216,000";"BR-116/SP";"Decrescente";"Atropelamento de pedestre";0;0;0;0;0;0;0;0;0;0;1;0;0;0;0
"03/01/2024";"01:53:00";"64";"Sem vítima";"245,000";"BR-116/SP";"Decrescente";"Acidentes de outra natureza";0;0;0;0;0;0;0;0;0;0;1;0;0;0;0
"03/01/2024";"03:29:00";"84";"Sem vítima";"125,000";"BR-116/SP";"Decrescente";"Colisão traseira";0;0;0;0;0;0;0;0;0;0;5;0;0;0;0
"03/01/2024";"04:28:00";"123";"Com vítima";"60,500";"BR-116/SP";"Crescente";"Acidentes de outra natureza";0;0;0;0;0;0;0;0;0;0;0;1;0;0;0
"03/01/2024";"04:53:00";"140";"Sem vítima";"227,000";"BR-116/SP";"Decrescente";"Colisão lateral em sentido contrário";0;0;0;0;0;0;0;0;0;0;1;0;0;0;0
"03/01/2024";"05:44:00";"175";"Sem vítima";"226,800";"BR-116/SP";"Crescente";"Choque";0;0;0;0;0;0;0;0;0;0;2;0;0;0;0
"03/01/2024";"06:44:00";"205";"Sem vítima";"133,300";"BR-116/SP";"Decrescente";"Colisão traseira";0;0;0;0;0;0;0;0;0;0;5;0;0;0;0
"03/01/2024";"07:18:00";"227";"Sem vítima";"86,500";"BR-116/SP";"Crescente";"Colisão traseira";0;0;0;0;0;0;0;0;0;0;6;0;0;0;0
"03/01/2024";"08:28:00";"273";"Sem vítima";"63,400";"BR-116/SP";"Crescente";"Colisão traseira";0;0;0;0;0;0;0;0;0;0;0;0;0;0;0
"03/01/2024";"08:34:00";"278";"Sem vítima";"230,000";"BR-116/SP";"Decrescente";"Colisão lateral em sentido contrário";0;0;0;0;0;0;0;0;0;0;2;0;0;0;0
"03/01/2024";"09:39:00";"319";"Sem vítima";"484,000";"BR-101/SP";"Crescente";"Colisão traseira";0;0;0;0;0;0;0;0;0;0;2;0;0;0;0
"03/01/2024";"10:23:00";"340";"Sem vítima";"220,500";"BR-116/SP";"Crescente";"Tombamento";0;0;0;0;0;0;0;0;0;0;3;0;0;0;0
"03/01/2024";"10:43:00";"355";"Sem vítima";"230,700";"BR-116/SP";"Crescente";"Colisão lateral em sentido contrário";0;0;0;0;0;0;0;0;0;0;3;0;0;0;0
"03/01/2024";"12:21:00";"406";"Com vítima";"67,000";"BR-116/SP";"Crescente";"Colisão traseira";0;0;0;0;0;0;0;0;0;0;1;0;0;1;0
"03/01/2024";"12:39:00";"420";"Sem vítima";"225,500";"BR-116/SP";"Decrescente";"Acidentes de outra natureza";0;0;0;0;0;0;0;0;0;0;1;0;0;0;0
"03/01/2024";"12:55:00";"425";"Sem vítima";"62,600";"BR-116/SP";"Crescente";"Colisão traseira";0;0;0;0;0;0;0;0;0;0;2;0;0;0;0
"03/01/2024";"01:00:00";"434";"Com vítima";"227,500";"BR-116/SP";"Decrescente";"Acidentes de outra natureza";0;0;0;0;0;0;0;0;0;0;0;1;0;0;0
"03/01/2024";"01:07:00";"441";"Sem vítima";"432,000";"BR-101/SP";"Decrescente";"Capotamento";0;0;0;0;0;0;0;0;0;0;1;0;0;0;0
"03/01/2024";"01:25:00";"455";"Sem vítima";"154,700";"BR-116/SP";"Crescente";"Acidentes de outra natureza";0;0;0;0;0;0;0;0;0;0;1;0;0;0;0
"03/01/2024";"01:26:00";"456";"Com vítima";"225,800";"BR-116/SP";"Decrescente";"Acidentes de outra natureza";0;0;0;0;0;0;0;0;0;0;1;1;0;0;0
"03/01/2024";"01:40:00";"462";"Sem vítima";"135,100";"BR-116/SP";"Decrescente";"Colisão traseira";0;0;0;0;0;0;0;0;0;0;3;0;0;0;0
"03/01/2024";"02:17:00";"480";"Sem vítima";"134,000";"BR-116/SP";"Decrescente";"Engavetamento";0;0;0;0;0;0;0;0;0;0;10;0;0;0;0
"03/01/2024";"02:21:00";"483";"Sem vítima";"225,500";"BR-116/SP";"Decrescente";"Choque";0;0;0;0;0;0;0;0;0;0;1;0;0;0;0
"03/01/2024";"02:44:00";"494";"Com vítima";"324,900";"BR-116/SP";"Crescente";"Colisão traseira";0;0;0;0;0;0;0;0;0;0;0;1;0;0;0
"03/01/2024";"03:07:00";"506";"Sem vítima";"229,400";"BR-116/SP";"Decrescente";"Colisão traseira";0;0;0;0;0;0;0;0;0;0;2;0;0;0;0
"03/01/2024";"04:09:00";"544";"Sem vítima";"209,000";"BR-116/SP";"Decrescente";"Colisão traseira";0;0;0;0;0;0;0;0;0;0;3;0;0;0;0
"03/01/2024";"04:41:00";"556";"Com vítima";"98,800";"BR-116/SP";"Crescente";"Acidentes de outra natureza";0;0;0;0;0;0;0;0;0;0;0;1;0;0;0
"03/01/2024";"06:23:00";"611";"Sem vítima";"175,550";"BR-116/SP";"Crescente";"Colisão traseira";0;0;0;0;0;0;0;0;0;0;3;0;0;0;0
"03/01/2024";"09:00:00";"93";"Sem vítima";"518,000";"BR-101/SP";"Decrescente";"Choque";0;0;0;0;0;0;0;0;0;0;2;0;0;0;0
"03/01/2024";"09:20:00";"25";"Sem vítima";"271,000";"BR-116/SP";"Decrescente";"Choque";0;0;0;0;0;0;0;0;0;0;1;0;0;0;0
"04/01/2024";"12:16:00";"52";"Sem vítima";"271,000";"BR-116/SP";"Crescente";"Choque";0;0;0;0;0;0;0;0;0;0;1;0;0;0;0
"04/01/2024";"02:47:00";"79";"Com vítima";"384,000";"BR-101/SP";"Decrescente";"Colisão lateral em sentido contrário";0;0;0;0;0;0;0;0;0;0;3;1;0;0;0
"04/01/2024";"05:00:00";"165";"Sem vítima";"319,000";"BR-116/SP";"Decrescente";"Acidentes de outra natureza";0;0;0;0;0;0;0;0;0;0;0;0;0;0;0
"04/01/2024";"10:02:00";"332";"Com vítima";"74,000";"BR-116/SP";"Crescente";"Colisão traseira";0;0;0;0;0;0;0;0;0;0;5;1;0;0;0
"04/01/2024";"10:23:00";"323";"Com vítima";"10,000";"BR-116/SP";"Decrescente";"Capotamento";0;0;0;0;0;0;0;0;0;0;0;3;1;0;0
"04/01/2024";"11:01:00";"347";"Com vítima";"506,000";"BR-101/SP";"Crescente";"Atropelamento de pedestre";0;0;0;0;0;0;0;0;0;0;0;0;0;0;0
"04/01/2024";"11:39:00";"321";"Com vítima";"104,650";"BR-116/SP";"Crescente";"Engavetamento";0;0;0;0;0;0;0;0;0;0;13;1;1;0;0
"04/01/2024";"02:23:00";"440";"Sem vítima";"390,000";"BR-101/SP";"Decrescente";"Choque";0;0;0;0;0;0;0;0;0;0;2;0;0;0;0
"04/01/2024";"03:38:00";"479";"Com vítima";"225,000";"BR-116/SP";"Decrescente";"Queda de moto";0;0;0;0;0;0;0;0;0;0;1;1;0;0;0
"04/01/2024";"08:09:00";"599";"Com vítima";"221,000";"BR-116/SP";"Decrescente";"Atropelamento de pedestre";0;0;0;0;0;0;0;0;0;0;2;0;0;0;0
"04/01/2024";"09:10:00";"22";"Com vítima";"226,300";"BR-116/SP";"Decrescente";"Engavetamento";0;0;0;0;0;0;0;0;0;0;2;0;1;0;0
"04/01/2024";"10:46:00";"46";"Sem vítima";"219,000";"BR-116/SP";"Decrescente";"Choque";0;0;0;0;0;0;0;0;0;0;4;0;0;0;0
"05/01/2024";"03:49:00";"106";"Sem vítima";"526,000";"BR-101/SP";"Decrescente";"Choque";0;0;0;0;0;0;0;0;0;0;1;0;0;0;0
"05/01/2024";"04:45:00";"138";"Sem vítima";"131,800";"BR-116/SP";"Decrescente";"Engavetamento";0;0;0;0;0;0;0;0;0;0;7;0;0;0;0
"05/01/2024";"06:58:00";"220";"Sem vítima";"283,000";"BR-116/SP";"Crescente";"Engavetamento";0;0;0;0;0;0;0;0;0;0;2;0;0;0;0
"05/01/2024";"07:19:00";"234";"Com vítima";"140,500";"BR-116/SP";"Crescente";"Colisão traseira";0;0;0;0;0;0;0;0;0;0;1;2;0;0;0
"05/01/2024";"08:11:00";"256";"Com vítima";"233,400";"BR-116/SP";"Decrescente";"Colisão lateral em sentido contrário";0;0;0;0;0;0;0;0;0;0;2;1;0;0;0
"05/01/2024";"08:12:00";"258";"Sem vítima";"397,000";"BR-101/SP";"Decrescente";"Colisão lateral em sentido contrário";0;0;0;0;0;0;0;0;0;0;2;0;0;0;0
"05/01/2024";"11:46:00";"344";"Sem vítima";"385,000";"BR-101/SP";"Decrescente";"Colisão lateral em sentido contrário";0;0;0;0;0;0;0;0;0;0;2;0;0;0;0
"05/01/2024";"12:44:00";"369";"Sem vítima";"266,100";"BR-116/SP";"Crescente";"Choque";0;0;0;0;0;0;0;0;0;0;1;0;0;0;0
"05/01/2024";"12:47:00";"371";"Sem vítima";"223,000";"BR-116/SP";"Decrescente";"Engavetamento";0;0;0;0;0;0;0;0;0;0;0;0;0;0;0
"05/01/2024";"12:51:00";"374";"Sem vítima";"277,300";"BR-116/SP";"Crescente";"Colisão lateral em sentido contrário";0;0;0;0;0;0;0;0;0;0;3;0;0;0;0
"05/01/2024";"12:56:00";"377";"Com vítima";"147,000";"BR-116/SP";"Crescente";"Colisão traseira";0;0;0;0;0;0;0;0;0;0;1;1;0;0;0
"05/01/2024";"02:27:00";"422";"Com vítima";"437,000";"BR-101/SP";"Decrescente";"Tombamento";0;0;0;0;0;0;0;0;0;0;0;3;0;0;0