data;horario;n_da_ocorrencia;tipo_de_ocorrencia;km;trecho;sentido;tipo_de_acidente;automovel;bicicleta;caminhao;moto;onibus;outros;tracao_animal;transporte_de_cargas_especiais;trator_maquinas;utilitarios;ilesos;levemente_feridos;moderadamente_feridos;gravemente_feridos;mortos
"05/01/2024";"03:38:00";"463";"Sem vítima";"208,800";"BR-116/SP";"Decrescente";"Engavetamento";0;0;0;0;0;0;0;0;0;0;2;0;0;0;0
"05/01/2024";"04:42:00";"498";"Com vítima";"168,100";"BR-116/SP";"Decrescente";"Acidentes de outra natureza";0;0;0;0;0;0;0;0;0;0;1;0;1;0;0
"05/01/2024";"05:00:00";"508";"Sem vítima";"168,000";"BR-116/SP";"Decrescente";"Colisão traseira";0;0;0;0;0;0;0;0;0;0;3;0;0;0;0
"05/01/2024";"06:38:00";"545";"Com vítima";"48,300";"BR-116/SP";"Decrescente";"Acidentes de outra natureza";0;0;0;0;0;0;0;0;0;0;0;1;0;0;0
"05/01/2024";"07:12:00";"551";"Sem vítima";"217,000";"BR-116/SP";"Decrescente";"Colisão traseira";0;0;0;0;0;0;0;0;0;0;7;0;0;0;0
"06/01/2024";"12:18:00";"38";"Sem vítima";"38,650";"BR-116/SP";"Decrescente";"Choque";0;0;0;0;0;0;0;0;0;0;0;0;0;0;0
"06/01/2024";"12:56:00";"46";"Sem vítima";"475,800";"BR-101/SP";"Crescente";"Choque";0;0;0;0;0;0;0;0;0;0;1;0;0;0;0
"06/01/2024";"04:34:00";"133";"Sem vítima";"434,000";"BR-101/SP";"Decrescente";"Choque";0;0;0;0;0;0;0;0;0;0;1;0;0;0;0
"06/01/2024";"05:09:00";"159";"Com vítima";"133,600";"BR-116/SP";"Crescente";"Colisão lateral em sentido contrário";0;0;0;0;0;0;0;0;0;0;4;1;1;0;0
"06/01/2024";"05:20:00";"169";"Com vítima";"554,000";"BR-101/SP";"Decrescente";"Colisão frontal";0;0;0;0;0;0;0;0;0;0;2;2;0;0;0
"06/01/2024";"05:45:00";"177";"Sem vítima";"116,000";"BR-116/SP";"Decrescente";"Engavetamento";0;0;0;0;0;0;0;0;0;0;10;0;0;0;0
"06/01/2024";"06:29:00";"199";"Com vítima";"495,000";"BR-101/SP";"Decrescente";"Colisão lateral em sentido contrário";0;0;0;0;0;0;0;0;0;0;2;0;1;0;0
"06/01/2024";"07:52:00";"243";"Sem vítima";"47,700";"BR-116/SP";"Crescente";"Colisão traseira";0;0;0;0;0;0;0;0;0;0;2;0;0;0;0
"06/01/2024";"08:26:00";"259";"Sem vítima";"529,000";"BR-101/SP";"Crescente";"Choque";0;0;0;0;0;0;0;0;0;0;1;0;0;0;0
"06/01/2024";"09:11:00";"278";"Sem vítima";"156,300";"BR-116/SP";"Crescente";"Engavetamento";0;0;0;0;0;0;0;0;0;0;7;0;0;0;0
"06/01/2024";"09:34:00";"291";"Sem vítima";"45,700";"BR-101/SP";"Crescente";"Colisão lateral em sentido contrário";0;0;0;0;0;0;0;0;0;0;3;0;0;0;0
"06/01/2024";"09:50:00";"297";"Com vítima";"113,600";"BR-116/SP";"Crescente";"Acidentes de outra natureza";0;0;0;0;0;0;0;0;0;0;0;1;0;0;0
"06/01/2024";"10:55:00";"332";"Com vítima";"51,000";"BR-116/SP";"Crescente";"Colisão traseira";0;0;0;0;0;0;0;0;0;0;1;0;0;1;0
"06/01/2024";"10:56:00";"333";"Com vítima";"462,000";"BR-101/SP";"Decrescente";"Capotamento";0;0;0;0;0;0;0;0;0;0;0;1;0;0;0
"06/01/2024";"11:13:00";"342";"Com vítima";"545,000";"BR-101/SP";"Decrescente";"Colisão lateral em sentido contrário";0;0;0;0;0;0;0;0;0;0;4;1;0;0;0
"06/01/2024";"12:36:00";"374";"Com vítima";"221,800";"BR-116/SP";"Crescente";"Acidentes de outra natureza";0;0;0;0;0;0;0;0;0;0;0;2;0;0;0
"06/01/2024";"12:42:00";"379";"Sem vítima";"104,000";"BR-116/SP";"Crescente";"Engavetamento";0;0;0;0;0;0;0;0;0;0;3;0;0;0;0
"06/01/2024";"01:10:00";"394";"Com vítima";"284,900";"BR-116/SP";"Decrescente";"Colisão traseira";0;0;0;0;0;0;0;0;0;0;0;0;1;0;0
"06/01/2024";"01:22:00";"400";"Sem vítima";"55,000";"BR-116/SP";"Decrescente";"Choque";0;0;0;0;0;0;0;0;0;0;1;0;0;0;0
"06/01/2024";"03:30:00";"458";"Sem vítima";"296,000";"BR-116/SP";"Decrescente";"Choque";0;0;0;0;0;0;0;0;0;0;0;0;0;0;0
"06/01/2024";"04:31:00";"482";"Sem vítima";"93,800";"BR-116/SP";"Decrescente";"Atropelamento de pedestre";0;0;0;0;0;0;0;0;0;0;0;0;0;0;0
"06/01/2024";"05:34:00";"504";"Sem vítima";"177,000";"BR-116/SP";"Crescente";"Atropelamento de pedestre";0;0;0;0;0;0;0;0;0;0;4;0;0;0;0
"06/01/2024";"06:39:00";"528";"Com vítima";"238,200";"BR-116/SP";"Decrescente";"Colisão lateral em sentido contrário";0;0;0;0;0;0;0;0;0;0;2;3;0;0;0
"06/01/2024";"07:44:00";"542";"Com vítima";"227,700";"BR-116/SP";"Decrescente";"Choque";0;0;0;0;0;0;0;0;0;0;0;0;1;0;0
"06/01/2024";"10:57:00";"32";"Com vítima";"484,000";"BR-101/SP";"Crescente";"Colisão traseira";0;0;0;0;0;0;0;0;0;0;2;0;1;0;0
"07/01/2024";"02:07:00";"51";"Com vítima";"484,000";"BR-101/SP";"Crescente";"Colisão frontal";0;0;0;0;0;0;0;0;0;0;0;2;0;0;0
"07/01/2024";"03:30:00";"75";"Sem vítima";"115,300";"BR-116/SP";"Decrescente";"Choque";0;0;0;0;0;0;0;0;0;0;2;0;0;0;0
"07/01/2024";"06:45:00";"160";"Sem vítima";"94,000";"BR-116/SP";"Decrescente";"Acidentes de outra natureza";0;0;0;0;0;0;0;0;0;0;2;0;0;0;0
"07/01/2024";"07:24:00";"179";"Sem vítima";"43,000";"BR-101/SP";"Decrescente";"Colisão traseira";0;0;0;0;0;0;0;0;0;0;3;0;0;0;0
"07/01/2024";"07:45:00";"183";"Com vítima";"428,000";"BR-101/SP";"Crescente";"Colisão traseira";0;0;0;0;0;0;0;0;0;0;5;1;0;0;0
"07/01/2024";"10:35:00";"256";"Sem vítima";"155,000";"BR-116/SP";"Crescente";"Acidentes de outra natureza";0;0;0;0;0;0;0;0;0;0;0;0;0;0;0
"07/01/2024";"10:50:00";"263";"Sem vítima";"75,000";"BR-116/SP";"Crescente";"Engavetamento";0;0;0;0;0;0;0;0;0;0;1;0;0;0;0
"07/01/2024";"11:15:00";"272";"Com vítima";"8,600";"BR-116/SP";"Crescente";"Colisão lateral em sentido contrário";0;0;0;0;0;0;0;0;0;0;2;1;0;0;0
"07/01/2024";"11:53:00";"294";"Com vítima";"99,800";"BR-116/SP";"Crescente";"Engavetamento";0;0;0;0;0;0;0;0;0;0;4;2;1;1;0
"07/01/2024";"02:15:00";"372";"Sem vítima";"184,650";"BR-116/SP";"Decrescente";"Choque";0;0;0;0;0;0;0;0;0;0;1;0;0;0;0
"07/01/2024";"03:01:00";"394";"Com vítima";"153,650";"BR-116/SP";"Crescente";"Engavetamento";0;0;0;0;0;0;0;0;0;0;11;1;0;0;0
"07/01/2024";"03:59:00";"434";"Sem vítima";"213,000";"BR-116/SP";"Crescente";"Colisão lateral em sentido contrário";0;0;0;0;0;0;0;0;0;0;3;0;0;0;0
"07/01/2024";"05:24:00";"470";"Sem vítima";"69,300";"BR-116/SP";"Crescente";"Colisão lateral em sentido contrário";0;0;0;0;0;0;0;0;0;0;0;0;0;0;0
"07/01/2024";"05:25:00";"472";"Com vítima";"218,350";"BR-116/SP";"Crescente";"Colisão frontal";0;0;0;0;0;0;0;0;0;0;1;1;0;0;0
"07/01/2024";"05:47:00";"485";"Com vítima";"96,200";"BR-116/SP";"Crescente";"Colisão traseira";0;0;0;0;0;0;0;0;0;0;0;1;0;0;0
"07/01/2024";"06:35:00";"488";"Com vítima";"405,000";"BR-101/SP";"Crescente";"Queda de carga";0;0;0;0;0;0;0;0;0;0;0;1;0;0;0
"07/01/2024";"07:21:00";"525";"Sem vítima";"419,000";"BR-101/SP";"Decrescente";"Choque";0;0;0;0;0;0;0;0;0;0;0;0;0;0;0
"07/01/2024";"09:00:00";"406";"Com vítima";"243,550";"BR-116/SP";"Decrescente";"Engavetamento";0;0;0;0;0;0;0;0;0;0;10;1;0;0;0
"07/01/2024";"10:46:00";"30";"Sem vítima";"203,900";"BR-116/SP";"Crescente";"Choque";0;0;0;0;0;0;0;0;0;0;1;0;0;0;0
"08/01/2024";"04:58:00";"150";"Com vítima";"144,950";"BR-116/SP";"Crescente";"Colisão traseira";0;0;0;0;0;0;0;0;0;0;5;0;2;0;0
"08/01/2024";"06:08:00";"199";"Com vítima";"534,000";"BR-101/SP";"Crescente";"Atropelamento de pedestre";0;0;0;0;0;0;0;0;0;0;0;0;0;0;0
"08/01/2024";"06:50:00";"242";"Sem vítima";"226,800";"BR-116/SP";"Decrescente";"Colisão lateral em sentido contrário";0;0;0;0;0;0;0;0;0;0;2;0;0;0;0
"08/01/2024";"07:39:00";"273";"Sem vítima";"482,000";"BR-101/SP";"Decrescente";"Colisão traseira";0;0;0;0;0;0;0;0;0;0;1;0;0;0;0
"08/01/2024";"08:01:00";"288";"Com vítima";"227,500";"BR-116/SP";"Decrescente";"Colisão traseira";0;0;0;0;0;0;0;0;0;0;1;0;1;0;0
"08/01/2024";"10:21:00";"316";"Com vítima";"485,000";"BR-101/SP";"Crescente";"Colisão lateral em sentido contrário";0;0;0;0;0;0;0;0;0;0;0;1;0;0;0
"08/01/2024";"11:08:00";"374";"Com vítima";"230,000";"BR-116/SP";"Crescente";"Colisão lateral em sentido contrário";0;0;0;0;0;0;0;0;0;0;1;1;0;0;0
"08/01/2024";"11:49:00";"391";"Sem vítima";"19,000";"BR-101/SP";"Decrescente";"Colisão lateral em sentido contrário";0;0;0;0;0;0;0;0;0;0;2;0;0;0;0
"08/01/2024";"12:21:00";"411";"Sem vítima";"206,000";"BR-116/SP";"Crescente";"Colisão lateral em sentido contrário";0;0;0;0;0;0;0;0;0;0;2;0;0;0;0
"08/01/2024";"01:17:00";"442";"Sem vítima";"46,500";"BR-116/SP";"Crescente";"Engavetamento";0;0;0;0;0;0;0;0;0;0;3;0;0;0;0
"08/01/2024";"01:21:00";"444";"Sem vítima";"225,000";"BR-116/SP";"Decrescente";"Acidentes de outra natureza";0;0;0;0;0;0;0;0;0;0;1;0;0;0;0
"08/01/2024";"01:44:00";"459";"Sem vítima";"225,000";"BR-116/SP";"Decrescente";"Acidentes de outra natureza";0;0;0;0;0;0;0;0;0;0;1;0;0;0;0
"08/01/2024";"02:21:00";"475";"Sem vítima";"230,000";"BR-116/SP";"Decrescente";"Colisão lateral em sentido contrário";0;0;0;0;0;0;0;0;0;0;1;0;0;0;0
"08/01/2024";"02:59:00";"491";"Sem vítima";"244,100";"BR-116/SP";"Decrescente";"Choque";0;0;0;0;0;0;0;0;0;0;1;0;0;0;0
"08/01/2024";"03:20:00";"500";"Com vítima";"221,400";"BR-116/SP";"Crescente";"Colisão lateral em sentido contrário";0;0;0;0;0;0;0;0;0;0;1;1;0;0;0
"08/01/2024";"03:32:00";"505";"Sem vítima";"153,580";"BR-116/SP";"Crescente";"Engavetamento";0;0;0;0;0;0;0;0;0;0;5;0;0;0;0
"08/01/2024";"04:25:00";"521";"Com vítima";"284,000";"BR-116/SP";"Crescente";"Choque";0;0;0;0;0;0;0;0;0;0;0;1;0;0;0
"08/01/2024";"05:19:00";"544";"Com vítima";"75,000";"BR-116/SP";"Crescente";"Atropelamento de pedestre";0;0;0;0;0;0;0;0;0;0;0;0;0;0;0
"08/01/2024";"05:51:00";"551";"Com vítima";"63,000";"BR-116/SP";"Decrescente";"Atropelamento de pedestre";0;0;0;0;0;0;0;0;0;0;0;0;0;1;0
"08/01/2024";"08:25:00";"609";"Com vítima";"103,100";"BR-116/SP";"Crescente";"Choque";0;0;0;0;0;0;0;0;0;0;1;1;0;0;0
"08/01/2024";"09:00:00";"19";"Com vítima";"454,500";"BR-101/SP";"Crescente";"Choque";0;0;0;0;0;0;0;0;0;0;1;1;0;0;0
"08/01/2024";"11:16:00";"37";"Sem vítima";"157,800";"BR-116/SP";"Crescente";"Colisão traseira";0;0;0;0;0;0;0;0;0;0;3;0;0;0;0
"09/01/2024";"03:07:00";"64";"Com vítima";"218,000";"BR-116/SP";"Decrescente";"Colisão traseira";0;0;0;0;0;0;0;0;0;0;1;0;1;0;0
"09/01/2024";"03:10:00";"66";"Sem vítima";"216,000";"BR-116/SP";"Decrescente";"Acidentes de outra natureza";0;0;0;0;0;0;0;0;0;0;0;0;0;0;0
"09/01/2024";"03:43:00";"90";"Com vítima";"227,900";"BR-116/SP";"Crescente";"Colisão traseira";0;0;0;0;0;0;0;0;0;0;2;1;0;0;0
"09/01/2024";"04:25:00";"122";"Com vítima";"95,550";"BR-116/SP";"Crescente";"Tombamento";0;0;0;0;0;0;0;0;0;0;0;0;1;0;0
"09/01/2024";"04:28:00";"124";"Sem vítima";"222,000";"BR-116/SP";"Crescente";"Engavetamento";0;0;0;0;0;0;0;0;0;0;2;0;0;0;0
"09/01/2024";"04:42:00";"135";"Sem vítima";"37,000";"BR-101/SP";"Decrescente";"Colisão lateral em sentido contrário";0;0;0;0;0;0;0;0;0;0;10;0;0;0;0
"09/01/2024";"05:19:00";"151";"Com vítima";"185,000";"BR-116/SP";"Decrescente";"Acidentes de outra natureza";0;0;0;0;0;0;0;0;0;0;1;1;0;0;0
"09/01/2024";"05:37:00";"161";"Sem vítima";"224,000";"BR-116/SP";"Crescente";"Engavetamento";0;0;0;0;0;0;0;0;0;0;2;0;0;0;0
"09/01/2024";"05:49:00";"163";"Sem vítima";"207,300";"BR-116/SP";"Crescente";"Colisão traseira";0;0;0;0;0;0;0;0;0;0;2;0;0;0;0
"09/01/2024";"08:49:00";"250";"Sem vítima";"524,000";"BR-101/SP";"Decrescente";"Choque";0;0;0;0;0;0;0;0;0;0;1;0;0;0;0
"09/01/2024";"10:34:00";"299";"Sem vítima";"271,000";"BR-116/SP";"Crescente";"Choque";0;0;0;0;0;0;0;0;0;0;2;0;0;0;0
"09/01/2024";"10:53:00";"306";"Com vítima";"55,000";"BR-116/SP";"Crescente";"Choque";0;0;0;0;0;0;0;0;0;0;2;3;0;0;0
"09/01/2024";"12:53:00";"375";"Sem vítima";"225,000";"BR-116/SP";"Decrescente";"Colisão lateral em sentido contrário";0;0;0;0;0;0;0;0;0;0;2;0;0;0;0
"09/01/2024";"01:40:00";"392";"Sem vítima";"481,000";"BR-101/SP";"Crescente";"Choque";0;0;0;0;0;0;0;0;0;0;1;0;0;0;0
"09/01/2024";"02:06:00";"403";"Sem vítima";"328,000";"BR-116/SP";"Decrescente";"Acidentes de outra natureza";0;0;0;0;0;0;0;0;0;0;0;0;0;0;0
"09/01/2024";"02:18:00";"413";"Com vítima";"106,100";"BR-116/SP";"Decrescente";"Colisão lateral em sentido contrário";0;0;0;0;0;0;0;0;0;0;1;0;1;0;0
"09/01/2024";"02:51:00";"428";"Com vítima";"164,800";"BR-116/SP";"Crescente";"Colisão lateral em sentido contrário";0;0;0;0;0;0;0;0;0;0;2;0;1;0;0
"09/01/2024";"03:10:00";"438";"Sem vítima";"226,000";"BR-116/SP";"Decrescente";"Acidentes de outra natureza";0;0;0;0;0;0;0;0;0;0;1;0;0;0;0
"09/01/2024";"03:24:00";"444";"Com vítima";"225,000";"BR-116/SP";"Decrescente";"Acidentes de outra natureza";0;0;0;0;0;0;0;0;0;0;0;0;1;0;0
"09/01/2024";"03:44:00";"458";"Com vítima";"226,500";"BR-116/SP";"Decrescente";"Acidentes de outra natureza";0;0;0;0;0;0;0;0;0;0;0;1;0;0;0
"09/01/2024";"04:47:00";"488";"Sem vítima";"226,500";"BR-116/SP";"Decrescente";"Colisão traseira";0;0;0;0;0;0;0;0;0;0;2;0;0;0;0
"09/01/2024";"05:27:00";"510";"Sem vítima";"524,000";"BR-101/SP";"Decrescente";"Choque";0;0;0;0;0;0;0;0;0;0;4;0;0;0;0
"09/01/2024";"09:00:00";"479";"Sem vítima";"275,000";"BR-116/SP";"Decrescente";"Colisão traseira";0;0;0;0;0;0;0;0;0;0;3;0;0;0;0
"10/01/2024";"01:18:00";"73";"Com vítima";"275,100";"BR-116/SP";"Decrescente";"Acidentes de outra natureza";0;0;0;0;0;0;0;0;0;0;0;0;1;0;0
"10/01/2024";"03:48:00";"135";"Com vítima";"140,000";"BR-116/SP";"Crescente";"Colisão traseira";0;0;0;0;0;0;0;0;0;0;1;3;0;0;0
"10/01/2024";"04:04:00";"148";"Sem vítima";"207,000";"BR-116/SP";"Crescente";"Colisão traseira";0;0;0;0;0;0;0;0;0;0;3;0;0;0;0
"10/01/2024";"04:38:00";"179";"Com vítima";"218,000";"BR-116/SP";"Crescente";"Colisão lateral em sentido contrário";0;0;0;0;0;0;0;0;0;0;0;0;1;0;0
"10/01/2024";"06:23:00";"254";"Com vítima";"22,000";"BR-116/SP";"Crescente";"Tombamento";0;0;0;0;0;0;0;0;0;0;0;0;1;0;0
"10/01/2024";"09:15:00";"345";"Sem vítima";"123,350";"BR-116/SP";"Crescente";"Colisão traseira";0;0;0;0;0;0;0;0;0;0;4;0;0;0;0
"10/01/2024";"09:42:00";"360";"Sem vítima";"58,000";"BR-116/SP";"Crescente";"Colisão lateral em sentido contrário";0;0;0;0;0;0;0;0;0;0;3;0;0;0;0
"10/01/2024";"09:50:00";"362";"Sem vítima";"274,800";"BR-116/SP";"Crescente";"Tombamento";0;0;0;0;0;0;0;0;0;0;1;0;0;0;0
"10/01/2024";"11:22:00";"410";"Sem vítima";"230,200";"BR-116/SP";"Decrescente";"Tombamento";0;0;0;0;0;0;0;0;0;0;1;0;0;0;0
"10/01/2024";"11:37:00";"418";"Sem vítima";"209,000";"BR-116/SP";"Decrescente";"Colisão traseira";0;0;0;0;0;0;0;0;0;0;3;0;0;0;0
"10/01/2024";"11:57:00";"424";"Com vítima";"209,300";"BR-116/SP";"Decrescente";"Colisão lateral em sentido contrário";0;0;0;0;0;0;0;0;0;0;2;1;0;0;0
"10/01/2024";"12:34:00";"448";"Sem vítima";"412,000";"BR-101/SP";"Decrescente";"Colisão traseira";0;0;0;0;0;0;0;0;0;0;2;0;0;0;0
"10/01/2024";"01:51:00";"488";"Com vítima";"428,000";"BR-101/SP";"Decrescente";"Colisão lateral em sentido contrário";0;0;0;0;0;0;0;0;0;0;0;5;0;0;0
"10/01/2024";"02:03:00";"495";"Com vítima";"108,350";"BR-116/SP";"Crescente";"Colisão traseira";0;0;0;0;0;0;0;0;0;0;3;1;1;0;0
"10/01/2024";"03:27:00";"543";"Com vítima";"229,000";"BR-116/SP";"Crescente";"Acidentes de outra natureza";0;0;0;0;0;0;0;0;0;0;0;1;0;0;0
"10/01/2024";"03:54:00";"559";"Com vítima";"572,000";"BR-101/SP";"Crescente";"Colisão lateral em sentido contrário";0;0;0;0;0;0;0;0;0;0;0;0;2;0;0
"10/01/2024";"04:18:00";"575";"Sem vítima";"126,300";"BR-116/SP";"Crescente";"Choque";0;0;0;0;0;0;0;0;0;0;1;0;0;0;0
"10/01/2024";"04:48:00";"586";"Com vítima";"225,000";"BR-116/SP";"Decrescente";"Engavetamento";0;0;0;0;0;0;0;0;0;0;1;0;2;0;0
"10/01/2024";"05:12:00";"601";"Sem vítima";"217,000";"BR-116/SP";"Decrescente";"Colisão traseira";0;0;0;0;0;0;0;0;0;0;2;0;0;0;0
"10/01/2024";"07:31:00";"647";"Sem vítima";"225,500";"BR-116/SP";"Decrescente";"Choque";0;0;0;0;0;0;0;0;0;0;1;0;0;0;0
"10/01/2024";"08:26:00";"664";"Sem vítima";"577,000";"BR-101/SP";"Crescente";"Choque";0;0;0;0;0;0;0;0;0;0;1;0;0;0;0
"10/01/2024";"09:50:00";"29";"Com vítima";"228,900";"BR-116/SP";"Crescente";"Colisão traseira";0;0;0;0;0;0;0;0;0;0;0;1;0;0;0
"11/01/2024";"04:54:00";"153";"Sem vítima";"486,000";"BR-101/SP";"Crescente";"Engavetamento";0;0;0;0;0;0;0;0;0;0;1;0;0;0;0
"11/01/2024";"06:46:00";"255";"Sem vítima";"537,000";"BR-101/SP";"Decrescente";"Colisão lateral em sentido contrário";0;0;0;0;0;0;0;0;0;0;2;0;0;0;0
"11/01/2024";"07:32:00";"291";"Com vítima";"19,900";"BR-116/SP";"Crescente";"Capotamento";0;0;0;0;0;0;0;0;0;0;0;2;1;0;0
"11/01/2024";"09:07:00";"349";"Com vítima";"73,000";"BR-116/SP";"Crescente";"Engavetamento";0;0;0;0;0;0;0;0;0;0;2;1;2;0;0
"11/01/2024";"11:14:00";"413";"Com vítima";"197,400";"BR-116/SP";"Crescente";"Colisão traseira";0;0;0;0;0;0;0;0;0;0;1;1;0;0;0
"11/01/2024";"11:29:00";"424";"Com vítima";"48,000";"BR-101/SP";"Crescente";"Atropelamento de pedestre";0;0;0;0;0;0;0;0;0;0;0;0;0;0;0
"11/01/2024";"11:32:00";"427";"Com vítima";"387,000";"BR-101/SP";"Decrescente";"Capotamento";0;0;0;0;0;0;0;0;0;0;2;1;0;0;0
"11/01/2024";"01:05:00";"482";"Sem vítima";"295,000";"BR-116/SP";"Decrescente";"Acidentes de outra natureza";0;0;0;0;0;0;0;0;0;0;1;0;0;0;0
"11/01/2024";"01:48:00";"509";"Sem vítima";"112,000";"BR-116/SP";"Crescente";"Choque";0;0;0;0;0;0;0;0;0;0;0;0;0;0;0
"11/01/2024";"02:06:00";"515";"Sem vítima";"146,200";"BR-116/SP";"Decrescente";"Engavetamento";0;0;0;0;0;0;0;0;0;0;4;0;0;0;0
"11/01/2024";"02:18:00";"523";"Com vítima";"101,700";"BR-116/SP";"Crescente";"Colisão traseira";0;0;0;0;0;0;0;0;0;0;0;0;1;0;0
"11/01/2024";"02:21:00";"527";"Sem vítima";"109,800";"BR-116/SP";"Crescente";"Colisão traseira";0;0;0;0;0;0;0;0;0;0;0;0;0;0;0
"11/01/2024";"05:35:00";"642";"Sem vítima";"29,400";"BR-101/SP";"Crescente";"Colisão traseira";0;0;0;0;0;0;0;0;0;0;2;0;0;0;0
"11/01/2024";"06:11:00";"659";"Sem vítima";"146,000";"BR-116/SP";"Crescente";"Colisão traseira";0;0;0;0;0;0;0;0;0;0;4;0;0;0;0
"11/01/2024";"06:31:00";"671";"Com vítima";"46,000";"BR-101/SP";"Crescente";"Atropelamento de pedestre";0;0;0;0;0;0;0;0;0;0;1;0;0;0;0
"11/01/2024";"06:52:00";"681";"Com vítima";"39,700";"BR-101/SP";"Crescente";"Colisão lateral em sentido contrário";0;0;0;0;0;0;0;0;0;0;2;2;0;0;0
"12/01/2024";"01:29:00";"386";"Sem vítima";"429,000";"BR-101/SP";"Crescente";"Choque";0;0;0;0;0;0;0;0;0;0;1;0;0;0;0
"12/01/2024";"03:24:00";"119";"Sem vítima";"284,900";"BR-116/SP";"Crescente";"Colisão lateral em sentido contrário";0;0;0;0;0;0;0;0;0;0;5;0;0;0;0
"12/01/2024";"04:00:00";"150";"Com vítima";"211,050";"BR-116/SP";"Crescente";"Colisão traseira";0;0;0;0;0;0;0;0;0;0;1;1;1;0;0
"12/01/2024";"04:04:00";"152";"Com vítima";"283,000";"BR-116/SP";"Crescente";"Colisão traseira";0;0;0;0;0;0;0;0;0;0;0;1;1;0;0
"12/01/2024";"04:27:00";"176";"Com vítima";"433,000";"BR-101/SP";"Decrescente";"Choque";0;0;0;0;0;0;0;0;0;0;0;1;0;0;0
"12/01/2024";"04:27:00";"177";"Com vítima";"316,700";"BR-116/SP";"Decrescente";"Acidentes de outra natureza";0;0;0;0;0;0;0;0;0;0;0;1;1;0;0
"12/01/2024";"05:00:00";"204";"Com vítima";"146,700";"BR-116/SP";"Decrescente";"Colisão traseira";0;0;0;0;0;0;0;0;0;0;0;4;0;0;0
"12/01/2024";"05:17:00";"216";"Sem vítima";"290,000";"BR-116/SP";"Decrescente";"Colisão traseira";0;0;0;0;0;0;0;0;0;0;3;0;0;0;0
"12/01/2024";"07:06:00";"286";"Com vítima";"524,000";"BR-101/SP";"Crescente";"Colisão lateral em sentido contrário";0;0;0;0;0;0;0;0;0;0;1;0;1;0;0
"12/01/2024";"07:59:00";"322";"Com vítima";"80,700";"BR-116/SP";"Decrescente";"Colisão traseira";0;0;0;0;0;0;0;0;0;0;1;1;0;0;0
"12/01/2024";"08:51:00";"346";"Com vítima";"512,000";"BR-101/SP";"Crescente";"Tombamento";0;0;0;0;0;0;0;0;0;0;0;2;0;0;0
"12/01/2024";"10:36:00";"403";"Sem vítima";"414,000";"BR-101/SP";"Crescente";"Engavetamento";0;0;0;0;0;0;0;0;0;0;5;0;0;0;0
"12/01/2024";"11:00:00";"417";"Com vítima";"413,200";"BR-101/SP";"Crescente";"Choque";0;0;0;0;0;0;0;0;0;0;1;2;0;0;0
"12/01/2024";"11:32:00";"439";"Com vítima";"199,200";"BR-116/SP";"Crescente";"Colisão traseira";0;0;0;0;0;0;0;0;0;0;1;1;0;0;0
"12/01/2024";"12:33:00";"464";"Sem vítima";"26,000";"BR-116/SP";"Crescente";"Choque";0;0;0;0;0;0;0;0;0;0;1;0;0;0;0
"12/01/2024";"01:08:00";"489";"Com vítima";"225,500";"BR-116/SP";"Decrescente";"Acidentes de outra natureza";0;0;0;0;0;0;0;0;0;0;1;1;0;0;0
"12/01/2024";"01:21:00";"495";"Com vítima";"275,400";"BR-116/SP";"Decrescente";"Colisão traseira";0;0;0;0;0;0;0;0;0;0;3;0;2;0;0
"12/01/2024";"01:21:00";"497";"Com vítima";"226,000";"BR-116/SP";"Decrescente";"Acidentes de outra natureza";0;0;0;0;0;0;0;0;0;0;0;1;0;0;0
"12/01/2024";"01:53:00";"521";"Sem vítima";"226,000";"BR-116/SP";"Decrescente";"Colisão lateral em sentido contrário";0;0;0;0;0;0;0;0;0;0;84;0;0;0;0
"12/01/2024";"01:54:00";"520";"Sem vítima";"436,000";"BR-101/SP";"Crescente";"Choque";0;0;0;0;0;0;0;0;0;0;1;0;0;0;0
"12/01/2024";"03:17:00";"569";"Sem vítima";"415,200";"BR-101/SP";"Crescente";"Capotamento";0;0;0;0;0;0;0;0;0;0;1;0;0;0;0
"12/01/2024";"03:41:00";"573";"Com vítima";"434,000";"BR-101/SP";"Crescente";"Colisão frontal";0;0;0;0;0;0;0;0;0;0;5;1;0;0;0
"12/01/2024";"03:46:00";"576";"Com vítima";"225,100";"BR-116/SP";"Decrescente";"Acidentes de outra natureza";0;0;0;0;0;0;0;0;0;0;0;1;0;0;0
"12/01/2024";"04:01:00";"587";"Sem vítima";"511,000";"BR-101/SP";"Crescente";"Colisão lateral em sentido contrário";0;0;0;0;0;0;0;0;0;0;2;0;0;0;0
"12/01/2024";"04:26:00";"602";"Com vítima";"585,000";"BR-101/SP";"Decrescente";"Atropelamento de pedestre";0;0;0;0;0;0;0;0;0;0;0;0;0;0;0