data;horario;n_da_ocorrencia;tipo_de_ocorrencia;km;trecho;sentido;tipo_de_acidente;automovel;bicicleta;caminhao;moto;onibus;outros;tracao_animal;transporte_de_cargas_especiais;trator_maquinas;utilitarios;ilesos;levemente_feridos;moderadamente_feridos;gravemente_feridos;mortos
"12/01/2024";"04:53:00";"613";"Com vítima";"286,000";"BR-116/SP";"Crescente";"Colisão traseira";0;0;0;0;0;0;0;0;0;0;0;2;0;0;0
"12/01/2024";"05:37:00";"634";"Com vítima";"51,800";"BR-101/SP";"Decrescente";"Atropelamento de pedestre";0;0;0;0;0;0;0;0;0;0;0;0;0;0;0
"12/01/2024";"05:56:00";"644";"Sem vítima";"501,900";"BR-101/SP";"Crescente";"Capotamento";0;0;0;0;0;0;0;0;0;0;1;0;0;0;0
"12/01/2024";"06:27:00";"669";"Sem vítima";"251,900";"BR-116/SP";"Crescente";"Choque";0;0;0;0;0;0;0;0;0;0;2;0;0;0;0
"12/01/2024";"07:58:00";"704";"Com vítima";"215,000";"BR-116/SP";"Crescente";"Atropelamento de pedestre";0;0;0;0;0;0;0;0;0;0;0;0;0;0;0
"12/01/2024";"08:59:00";"723";"Sem vítima";"202,400";"BR-116/SP";"Decrescente";"Colisão traseira";0;0;0;0;0;0;0;0;0;0;6;0;0;0;0
"12/01/2024";"09:00:00";"278";"Sem vítima";"231,000";"BR-116/SP";"Crescente";"Choque";0;0;0;0;0;0;0;0;0;0;0;0;0;0;0
"12/01/2024";"09:00:00";"319";"Sem vítima";"106,600";"BR-116/SP";"Crescente";"Engavetamento";0;0;0;0;0;0;0;0;0;0;7;0;0;0;0
"13/01/2024";"01:41:00";"60";"Sem vítima";"44,900";"BR-116/SP";"Decrescente";"Colisão lateral em sentido contrário";0;0;0;0;0;0;0;0;0;0;0;0;0;0;0
"13/01/2024";"02:28:00";"76";"Sem vítima";"308,000";"BR-116/SP";"Decrescente";"Choque";0;0;0;0;0;0;0;0;0;0;1;0;0;0;0
"13/01/2024";"05:39:00";"159";"Com vítima";"59,750";"BR-116/SP";"Crescente";"Colisão traseira";0;0;0;0;0;0;0;0;0;0;3;0;1;0;0
"13/01/2024";"07:28:00";"210";"Com vítima";"43,100";"BR-116/SP";"Crescente";"Choque";0;0;0;0;0;0;0;0;0;0;0;1;0;0;0
"13/01/2024";"07:59:00";"223";"Sem vítima";"563,000";"BR-101/SP";"Crescente";"Choque";0;0;0;0;0;0;0;0;0;0;1;0;0;0;0
"13/01/2024";"08:39:00";"242";"Sem vítima";"566,000";"BR-101/SP";"Decrescente";"Colisão traseira";0;0;0;0;0;0;0;0;0;0;3;0;0;0;0
"13/01/2024";"09:39:00";"266";"Com vítima";"52,000";"BR-101/SP";"Crescente";"Engavetamento";0;0;0;0;0;0;0;0;0;0;2;1;0;0;0
"13/01/2024";"10:19:00";"279";"Sem vítima";"320,000";"BR-116/SP";"Decrescente";"Choque";0;0;0;0;0;0;0;0;0;0;4;0;0;0;0
"13/01/2024";"10:42:00";"285";"Com vítima";"76,700";"BR-116/SP";"Decrescente";"Acidentes de outra natureza";0;0;0;0;0;0;0;0;0;0;1;1;0;0;0
"13/01/2024";"11:14:00";"301";"Com vítima";"242,000";"BR-116/SP";"Crescente";"Capotamento";0;0;0;0;0;0;0;0;0;0;0;2;0;0;0
"13/01/2024";"11:40:00";"308";"Sem vítima";"154,300";"BR-116/SP";"Crescente";"Colisão traseira";0;0;0;0;0;0;0;0;0;0;2;0;0;0;0
"13/01/2024";"11:41:00";"309";"Sem vítima";"101,700";"BR-116/SP";"Crescente";"Engavetamento";0;0;0;0;0;0;0;0;0;0;3;0;0;0;0
"13/01/2024";"11:55:00";"313";"Sem vítima";"76,600";"BR-116/SP";"Crescente";"Colisão traseira";0;0;0;0;0;0;0;0;0;0;5;0;0;0;0
"13/01/2024";"11:55:00";"314";"Com vítima";"268,500";"BR-116/SP";"Crescente";"Choque";0;0;0;0;0;0;0;0;0;0;0;3;1;0;0
"13/01/2024";"12:19:00";"327";"Sem vítima";"193,300";"BR-116/SP";"Crescente";"Choque";0;0;0;0;0;0;0;0;0;0;7;0;0;0;0
"13/01/2024";"12:55:00";"344";"Com vítima";"292,000";"BR-116/SP";"Decrescente";"Queda de moto";0;0;0;0;0;0;0;0;0;0;1;0;0;1;0
"13/01/2024";"01:06:00";"346";"Sem vítima";"227,900";"BR-116/SP";"Decrescente";"Choque";0;0;0;0;0;0;0;0;0;0;2;0;0;0;0
"13/01/2024";"01:08:00";"347";"Sem vítima";"116,000";"BR-116/SP";"Decrescente";"Acidentes de outra natureza";0;0;0;0;0;0;0;0;0;0;0;0;0;0;0
"13/01/2024";"01:31:00";"362";"Sem vítima";"6,800";"BR-116/SP";"Crescente";"Colisão traseira";0;0;0;0;0;0;0;0;0;0;6;0;0;0;0
"13/01/2024";"02:13:00";"383";"Sem vítima";"570,300";"BR-101/SP";"Crescente";"Choque";0;0;0;0;0;0;0;0;0;0;1;0;0;0;0
"13/01/2024";"02:16:00";"386";"Com vítima";"227,000";"BR-116/SP";"Crescente";"Acidentes de outra natureza";0;0;0;0;0;0;0;0;0;0;0;1;0;0;0
"13/01/2024";"02:26:00";"392";"Com vítima";"233,900";"BR-116/SP";"Decrescente";"Capotamento";0;0;0;0;0;0;0;0;0;0;0;2;0;0;0
"13/01/2024";"02:47:00";"402";"Sem vítima";"430,000";"BR-101/SP";"Crescente";"Choque";0;0;0;0;0;0;0;0;0;0;1;0;0;0;0
"13/01/2024";"03:39:00";"421";"Sem vítima";"219,650";"BR-116/SP";"Decrescente";"Capotamento";0;0;0;0;0;0;0;0;0;0;0;0;0;0;0
"13/01/2024";"03:58:00";"430";"Sem vítima";"454,000";"BR-101/SP";"Decrescente";"Engavetamento";0;0;0;0;0;0;0;0;0;0;2;0;0;0;0
"13/01/2024";"04:20:00";"442";"Sem vítima";"231,800";"BR-116/SP";"Decrescente";"Colisão lateral em sentido contrário";0;0;0;0;0;0;0;0;0;0;2;0;0;0;0
"13/01/2024";"04:36:00";"450";"Com vítima";"395,000";"BR-101/SP";"Decrescente";"Choque";0;0;0;0;0;0;0;0;0;0;0;1;0;0;0
"13/01/2024";"04:57:00";"457";"Sem vítima";"227,300";"BR-116/SP";"Decrescente";"Choque";0;0;0;0;0;0;0;0;0;0;0;0;0;0;0
"13/01/2024";"05:58:00";"477";"Com vítima";"219,800";"BR-116/SP";"Crescente";"Colisão lateral em sentido contrário";0;0;0;0;0;0;0;0;0;0;1;0;0;1;0
"13/01/2024";"06:01:00";"479";"Com vítima";"218,000";"BR-116/SP";"Decrescente";"Acidentes de outra natureza";0;0;0;0;0;0;0;0;0;0;1;1;0;0;0
"13/01/2024";"06:39:00";"494";"Com vítima";"219,100";"BR-116/SP";"Decrescente";"Colisão traseira";0;0;0;0;0;0;0;0;0;0;2;0;0;0;1
"13/01/2024";"07:38:00";"503";"Com vítima";"218,900";"BR-116/SP";"Decrescente";"Colisão traseira";0;0;0;0;0;0;0;0;0;0;1;1;0;0;0
"13/01/2024";"08:13:00";"509";"Com vítima";"210,200";"BR-116/SP";"Decrescente";"Choque";0;0;0;0;0;0;0;0;0;0;0;1;0;0;0
"13/01/2024";"08:35:00";"515";"Sem vítima";"222,000";"BR-116/SP";"Decrescente";"Colisão traseira";0;0;0;0;0;0;0;0;0;0;5;0;0;0;0
"13/01/2024";"08:59:00";"517";"Com vítima";"222,100";"BR-116/SP";"Decrescente";"Engavetamento";0;0;0;0;0;0;0;0;0;0;5;0;2;0;0
"13/01/2024";"09:53:00";"26";"Sem vítima";"210,200";"BR-116/SP";"Decrescente";"Choque";0;0;0;0;0;0;0;0;0;0;1;0;0;0;0
"13/01/2024";"11:13:00";"35";"Sem vítima";"590,000";"BR-101/SP";"Decrescente";"Choque";0;0;0;0;0;0;0;0;0;0;2;0;0;0;0
"14/01/2024";"01:40:00";"58";"Sem vítima";"501,000";"BR-101/SP";"Crescente";"Colisão lateral em sentido contrário";0;0;0;0;0;0;0;0;0;0;2;0;0;0;0
"14/01/2024";"02:32:00";"66";"Sem vítima";"477,800";"BR-101/SP";"Crescente";"Choque";0;0;0;0;0;0;0;0;0;0;1;0;0;0;0
"14/01/2024";"03:02:00";"71";"Sem vítima";"251,400";"BR-116/SP";"Crescente";"Choque";0;0;0;0;0;0;0;0;0;0;1;0;0;0;0
"14/01/2024";"03:07:00";"73";"Sem vítima";"122,000";"BR-116/SP";"Decrescente";"Acidentes de outra natureza";0;0;0;0;0;0;0;0;0;0;0;0;0;0;0
"14/01/2024";"03:26:00";"77";"Com vítima";"47,000";"BR-101/SP";"Crescente";"Colisão traseira";0;0;0;0;0;0;0;0;0;0;1;1;0;0;0
"14/01/2024";"03:33:00";"82";"Com vítima";"127,380";"BR-116/SP";"Crescente";"Choque";0;0;0;0;0;0;0;0;0;0;0;0;0;1;0
"14/01/2024";"03:48:00";"87";"Com vítima";"22,300";"BR-116/SP";"Crescente";"Tombamento";0;0;0;0;0;0;0;0;0;0;0;0;1;0;0
"14/01/2024";"04:32:00";"110";"Sem vítima";"597,000";"BR-101/SP";"Crescente";"Choque";0;0;0;0;0;0;0;0;0;0;1;0;0;0;0
"14/01/2024";"06:59:00";"183";"Sem vítima";"49,900";"BR-101/SP";"Crescente";"Colisão traseira";0;0;0;0;0;0;0;0;0;0;4;0;0;0;0
"14/01/2024";"07:02:00";"186";"Sem vítima";"95,300";"BR-116/SP";"Decrescente";"Colisão traseira";0;0;0;0;0;0;0;0;0;0;4;0;0;0;0
"14/01/2024";"07:11:00";"190";"Com vítima";"66,300";"BR-116/SP";"Decrescente";"Colisão lateral em sentido contrário";0;0;0;0;0;0;0;0;0;0;1;0;3;0;0
"14/01/2024";"07:27:00";"197";"Sem vítima";"219,000";"BR-116/SP";"Crescente";"Colisão lateral em sentido contrário";0;0;0;0;0;0;0;0;0;0;5;0;0;0;0
"14/01/2024";"08:54:00";"247";"Com vítima";"509,000";"BR-101/SP";"Crescente";"Choque";0;0;0;0;0;0;0;0;0;0;3;0;1;0;0
"14/01/2024";"10:01:00";"272";"Sem vítima";"452,100";"BR-101/SP";"Crescente";"Choque";0;0;0;0;0;0;0;0;0;0;2;0;0;0;0
"14/01/2024";"10:16:00";"282";"Sem vítima";"100,400";"BR-116/SP";"Crescente";"Engavetamento";0;0;0;0;0;0;0;0;0;0;8;0;0;0;0
"14/01/2024";"10:44:00";"288";"Com vítima";"84,850";"BR-116/SP";"Crescente";"Acidentes de outra natureza";0;0;0;0;0;0;0;0;0;0;0;0;2;0;0
"14/01/2024";"11:24:00";"306";"Sem vítima";"46,000";"BR-116/SP";"Decrescente";"Choque";0;0;0;0;0;0;0;0;0;0;5;0;0;0;0
"14/01/2024";"01:02:00";"349";"Com vítima";"106,350";"BR-116/SP";"Crescente";"Colisão traseira";0;0;0;0;0;0;0;0;0;0;0;0;1;0;0
"14/01/2024";"01:08:00";"351";"Com vítima";"416,000";"BR-101/SP";"Crescente";"Acidentes de outra natureza";0;0;0;0;0;0;0;0;0;0;0;1;0;1;0
"14/01/2024";"02:19:00";"394";"Sem vítima";"110,450";"BR-116/SP";"Decrescente";"Colisão traseira";0;0;0;0;0;0;0;0;0;0;3;0;0;0;0
"14/01/2024";"04:26:00";"461";"Com vítima";"297,600";"BR-116/SP";"Decrescente";"Colisão lateral em sentido contrário";0;0;0;0;0;0;0;0;0;0;2;0;1;0;0
"14/01/2024";"07:16:00";"528";"Com vítima";"230,400";"BR-116/SP";"Crescente";"Engavetamento";0;0;0;0;0;0;0;0;0;0;0;7;1;0;0
"14/01/2024";"07:36:00";"536";"Com vítima";"304,550";"BR-116/SP";"Crescente";"Acidentes de outra natureza";0;0;0;0;0;0;0;0;0;0;0;0;1;0;0
"14/01/2024";"08:20:00";"546";"Com vítima";"219,000";"BR-116/SP";"Decrescente";"Colisão traseira";0;0;0;0;0;0;0;0;0;0;0;5;0;0;0
"14/01/2024";"08:24:00";"547";"Sem vítima";"390,000";"BR-101/SP";"Decrescente";"Choque";0;0;0;0;0;0;0;0;0;0;1;0;0;0;0
"14/01/2024";"08:46:00";"553";"Com vítima";"477,000";"BR-101/SP";"Crescente";"Colisão frontal";0;0;0;0;0;0;0;0;0;0;0;0;3;0;0
"14/01/2024";"10:12:00";"29";"Sem vítima";"195,300";"BR-116/SP";"Crescente";"Colisão traseira";0;0;0;0;0;0;0;0;0;0;2;0;0;0;0
"14/01/2024";"10:15:00";"30";"Sem vítima";"132,000";"BR-116/SP";"Crescente";"Choque";0;0;0;0;0;0;0;0;0;0;2;0;0;0;0
"15/01/2024";"12:50:00";"53";"Sem vítima";"563,000";"BR-101/SP";"Decrescente";"Choque";0;0;0;0;0;0;0;0;0;0;0;0;0;0;0
"15/01/2024";"02:24:00";"66";"Com vítima";"172,000";"BR-116/SP";"Crescente";"Colisão traseira";0;0;0;0;0;0;0;0;0;0;1;1;0;0;0
"15/01/2024";"02:41:00";"74";"Com vítima";"51,000";"BR-116/SP";"Crescente";"Choque";0;0;0;0;0;0;0;0;0;0;0;0;1;0;0
"15/01/2024";"05:57:00";"191";"Com vítima";"264,000";"BR-116/SP";"Decrescente";"Capotamento";0;0;0;0;0;0;0;0;0;0;1;3;0;0;0
"15/01/2024";"06:46:00";"224";"Com vítima";"41,800";"BR-101/SP";"Crescente";"Acidentes de outra natureza";0;0;0;0;0;0;0;0;0;0;0;0;2;0;0
"15/01/2024";"08:06:00";"265";"Com vítima";"219,300";"BR-116/SP";"Crescente";"Colisão lateral em sentido contrário";0;0;0;0;0;0;0;0;0;0;1;1;1;0;0
"15/01/2024";"09:52:00";"313";"Com vítima";"576,000";"BR-101/SP";"Decrescente";"Acidentes de outra natureza";0;0;0;0;0;0;0;0;0;0;0;1;0;0;0
"15/01/2024";"10:04:00";"320";"Sem vítima";"314,800";"BR-116/SP";"Decrescente";"Engavetamento";0;0;0;0;0;0;0;0;0;0;6;0;0;0;0
"15/01/2024";"10:16:00";"326";"Com vítima";"313,800";"BR-116/SP";"Decrescente";"Capotamento";0;0;0;0;0;0;0;0;0;0;1;3;0;0;0
"15/01/2024";"11:38:00";"367";"Sem vítima";"576,000";"BR-101/SP";"Decrescente";"Colisão lateral em sentido contrário";0;0;0;0;0;0;0;0;0;0;1;0;0;0;0
"15/01/2024";"11:51:00";"377";"Sem vítima";"227,650";"BR-116/SP";"Decrescente";"Engavetamento";0;0;0;0;0;0;0;0;0;0;4;0;0;0;0
"15/01/2024";"12:19:00";"396";"Sem vítima";"258,000";"BR-116/SP";"Crescente";"Colisão lateral em sentido contrário";0;0;0;0;0;0;0;0;0;0;6;0;0;0;0
"15/01/2024";"12:43:00";"411";"Sem vítima";"283,100";"BR-116/SP";"Crescente";"Colisão traseira";0;0;0;0;0;0;0;0;0;0;3;0;0;0;0
"15/01/2024";"01:52:00";"456";"Sem vítima";"41,900";"BR-101/SP";"Crescente";"Colisão traseira";0;0;0;0;0;0;0;0;0;0;5;0;0;0;0
"15/01/2024";"06:35:00";"605";"Com vítima";"226,600";"BR-116/SP";"Decrescente";"Choque";0;0;0;0;0;0;0;0;0;0;0;0;1;0;0
"15/01/2024";"06:42:00";"608";"Com vítima";"230,100";"BR-116/SP";"Decrescente";"Engavetamento";0;0;0;0;0;0;0;0;0;0;3;0;2;0;3
"15/01/2024";"08:56:00";"643";"Sem vítima";"271,400";"BR-116/SP";"Crescente";"Choque";0;0;0;0;0;0;0;0;0;0;1;0;0;0;0
"15/01/2024";"09:17:00";"22";"Sem vítima";"231,000";"BR-116/SP";"Decrescente";"Colisão lateral em sentido contrário";0;0;0;0;0;0;0;0;0;0;2;0;0;0;0
"15/01/2024";"10:40:00";"33";"Sem vítima";"36,900";"BR-116/SP";"Decrescente";"Colisão traseira";0;0;0;0;0;0;0;0;0;0;2;0;0;0;0
"16/01/2024";"03:44:00";"98";"Com vítima";"320,400";"BR-116/SP";"Crescente";"Choque";0;0;0;0;0;0;0;0;0;0;3;2;0;0;0
"16/01/2024";"03:45:00";"99";"Sem vítima";"223,200";"BR-116/SP";"Crescente";"Colisão lateral em sentido contrário";0;0;0;0;0;0;0;0;0;0;2;0;0;0;0
"16/01/2024";"04:48:00";"147";"Com vítima";"209,500";"BR-116/SP";"Decrescente";"Choque";0;0;0;0;0;0;0;0;0;0;0;1;0;0;0
"16/01/2024";"04:50:00";"150";"Com vítima";"210,000";"BR-116/SP";"Crescente";"Colisão lateral em sentido contrário";0;0;0;0;0;0;0;0;0;0;1;1;0;0;0
"16/01/2024";"04:56:00";"153";"Sem vítima";"304,500";"BR-116/SP";"Decrescente";"Engavetamento";0;0;0;0;0;0;0;0;0;0;3;0;0;0;0
"16/01/2024";"04:59:00";"156";"Com vítima";"217,900";"BR-116/SP";"Decrescente";"Acidentes de outra natureza";0;0;0;0;0;0;0;0;0;0;0;0;1;0;0
"16/01/2024";"05:44:00";"118";"Sem vítima";"307,400";"BR-116/SP";"Crescente";"Colisão traseira";0;0;0;0;0;0;0;0;0;0;2;0;0;0;0
"16/01/2024";"05:45:00";"190";"Sem vítima";"147,000";"BR-116/SP";"Crescente";"Acidentes de outra natureza";0;0;0;0;0;0;0;0;0;0;0;0;0;0;0
"16/01/2024";"05:55:00";"195";"Sem vítima";"210,500";"BR-116/SP";"Crescente";"Colisão lateral em sentido contrário";0;0;0;0;0;0;0;0;0;0;2;0;0;0;0
"16/01/2024";"06:06:00";"199";"Sem vítima";"147,600";"BR-116/SP";"Decrescente";"Engavetamento";0;0;0;0;0;0;0;0;0;0;2;0;0;0;0
"16/01/2024";"06:25:00";"214";"Sem vítima";"147,700";"BR-116/SP";"Decrescente";"Colisão traseira";0;0;0;0;0;0;0;0;0;0;4;0;0;0;0
"16/01/2024";"06:35:00";"220";"Com vítima";"110,900";"BR-116/SP";"Crescente";"Colisão traseira";0;0;0;0;0;0;0;0;0;0;0;2;0;0;0
"16/01/2024";"07:06:00";"240";"Sem vítima";"285,100";"BR-116/SP";"Decrescente";"Colisão traseira";0;0;0;0;0;0;0;0;0;0;1;0;0;0;0
"16/01/2024";"07:09:00";"243";"Com vítima";"226,350";"BR-116/SP";"Crescente";"Tombamento";0;0;0;0;0;0;0;0;0;0;0;0;1;0;0
"16/01/2024";"07:14:00";"246";"Sem vítima";"37,600";"BR-116/SP";"Decrescente";"Colisão lateral em sentido contrário";0;0;0;0;0;0;0;0;0;0;3;0;0;0;0
"16/01/2024";"07:15:00";"248";"Com vítima";"219,000";"BR-116/SP";"Crescente";"Colisão traseira";0;0;0;0;0;0;0;0;0;0;2;1;0;0;0
"16/01/2024";"08:32:00";"292";"Com vítima";"217,800";"BR-116/SP";"Crescente";"Colisão lateral em sentido contrário";0;0;0;0;0;0;0;0;0;0;2;0;1;0;0
"16/01/2024";"08:45:00";"300";"Com vítima";"247,400";"BR-116/SP";"Crescente";"Colisão traseira";0;0;0;0;0;0;0;0;0;0;0;0;1;0;0
"16/01/2024";"10:44:00";"352";"Com vítima";"506,000";"BR-101/SP";"Crescente";"Colisão traseira";0;0;0;0;0;0;0;0;0;0;3;1;0;0;0
"16/01/2024";"10:54:00";"357";"Com vítima";"429,000";"BR-101/SP";"Crescente";"Acidentes de outra natureza";0;0;0;0;0;0;0;0;0;0;0;1;0;0;0
"16/01/2024";"11:08:00";"363";"Sem vítima";"76,500";"BR-116/SP";"Crescente";"Engavetamento";0;0;0;0;0;0;0;0;0;0;3;0;0;0;0
"16/01/2024";"11:34:00";"382";"Com vítima";"109,000";"BR-116/SP";"Decrescente";"Acidentes de outra natureza";0;0;0;0;0;0;0;0;0;0;0;0;2;0;0
"16/01/2024";"02:40:00";"493";"Sem vítima";"6,900";"BR-116/SP";"Decrescente";"Choque";0;0;0;0;0;0;0;0;0;0;1;0;0;0;0
"16/01/2024";"04:11:00";"543";"Sem vítima";"61,200";"BR-116/SP";"Crescente";"Colisão traseira";0;0;0;0;0;0;0;0;0;0;0;0;0;0;0
"16/01/2024";"06:17:00";"602";"Com vítima";"227,950";"BR-116/SP";"Crescente";"Engavetamento";0;0;0;0;0;0;0;0;0;0;3;0;1;0;0
"16/01/2024";"06:46:00";"611";"Sem vítima";"297,000";"BR-116/SP";"Crescente";"Choque";0;0;0;0;0;0;0;0;0;0;1;0;0;0;0
"17/01/2024";"03:30:00";"96";"Sem vítima";"227,500";"BR-116/SP";"Crescente";"Choque";0;0;0;0;0;0;0;0;0;0;1;0;0;0;0
"17/01/2024";"03:52:00";"111";"Sem vítima";"422,000";"BR-101/SP";"Crescente";"Tombamento";0;0;0;0;0;0;0;0;0;0;0;0;0;0;0
"17/01/2024";"04:00:00";"117";"Com vítima";"226,100";"BR-116/SP";"Crescente";"Colisão traseira";0;0;0;0;0;0;0;0;0;0;0;0;1;0;0
"17/01/2024";"04:20:00";"135";"Sem vítima";"298,000";"BR-116/SP";"Crescente";"Engavetamento";0;0;0;0;0;0;0;0;0;0;4;0;0;0;0
"17/01/2024";"04:54:00";"166";"Com vítima";"142,700";"BR-116/SP";"Crescente";"Colisão traseira";0;0;0;0;0;0;0;0;0;0;2;0;2;0;0
"17/01/2024";"06:06:00";"228";"Sem vítima";"195,000";"BR-116/SP";"Crescente";"Colisão traseira";0;0;0;0;0;0;0;0;0;0;3;0;0;0;0
"17/01/2024";"07:00:00";"262";"Com vítima";"152,000";"BR-116/SP";"Crescente";"Colisão traseira";0;0;0;0;0;0;0;0;0;0;1;0;1;0;0
"17/01/2024";"09:13:00";"331";"Sem vítima";"108,000";"BR-116/SP";"Decrescente";"Colisão lateral em sentido contrário";0;0;0;0;0;0;0;0;0;0;1;0;0;0;0
"17/01/2024";"09:41:00";"348";"Com vítima";"429,000";"BR-101/SP";"Crescente";"Colisão lateral em sentido contrário";0;0;0;0;0;0;0;0;0;0;4;1;0;0;0
"17/01/2024";"10:05:00";"373";"Sem vítima";"114,200";"BR-116/SP";"Decrescente";"Colisão traseira";0;0;0;0;0;0;0;0;0;0;2;0;0;0;0
"17/01/2024";"11:58:00";"484";"Sem vítima";"571,000";"BR-101/SP";"Decrescente";"Choque";0;0;0;0;0;0;0;0;0;0;4;0;0;0;0
"17/01/2024";"12:01:00";"488";"Sem vítima";"404,000";"BR-101/SP";"Decrescente";"Capotamento";0;0;0;0;0;0;0;0;0;0;1;0;0;0;0
"17/01/2024";"12:25:00";"503";"Sem vítima";"211,000";"BR-116/SP";"Crescente";"Colisão lateral em sentido contrário";0;0;0;0;0;0;0;0;0;0;2;0;0;0;0
"17/01/2024";"12:55:00";"533";"Com vítima";"154,800";"BR-116/SP";"Decrescente";"Colisão traseira";0;0;0;0;0;0;0;0;0;0;1;0;0;1;0
"17/01/2024";"01:17:00";"548";"Sem vítima";"125,000";"BR-116/SP";"Crescente";"Acidentes de outra natureza";0;0;0;0;0;0;0;0;0;0;1;0;0;0;0
"17/01/2024";"01:51:00";"567";"Com vítima";"36,000";"BR-101/SP";"Decrescente";"Colisão lateral em sentido contrário";0;0;0;0;0;0;0;0;0;0;2;0;1;0;0
"17/01/2024";"02:29:00";"592";"Sem vítima";"493,000";"BR-101/SP";"Crescente";"Choque";0;0;0;0;0;0;0;0;0;0;1;0;0;0;0
"17/01/2024";"04:02:00";"662";"Sem vítima";"284,600";"BR-116/SP";"Decrescente";"Choque";0;0;0;0;0;0;0;0;0;0;0;0;0;0;0
"17/01/2024";"04:35:00";"684";"Sem vítima";"81,000";"BR-116/SP";"Decrescente";"Acidentes de outra natureza";0;0;0;0;0;0;0;0;0;0;0;0;0;0;0
"17/01/2024";"04:37:00";"686";"Com vítima";"230,000";"BR-116/SP";"Decrescente";"Colisão lateral em sentido contrário";0;0;0;0;0;0;0;0;0;0;0;0;0;1;0
"17/01/2024";"05:27:00";"721";"Sem vítima";"115,000";"BR-116/SP";"Decrescente";"Acidentes de outra natureza";0;0;0;0;0;0;0;0;0;0;0;0;0;0;0
"17/01/2024";"06:11:00";"739";"Sem vítima";"75,010";"BR-116/SP";"Crescente";"Colisão traseira";0;0;0;0;0;0;0;0;0;0;0;0;0;0;0
"17/01/2024";"06:46:00";"761";"Com vítima";"205,100";"BR-116/SP";"Decrescente";"Colisão traseira";0;0;0;0;0;0;0;0;0;0;1;0;0;1;0
"17/01/2024";"09:00:00";"509";"Com vítima";"563,000";"BR-101/SP";"Decrescente";"Capotamento";0;0;0;0;0;0;0;0;0;0;0;1;0;0;0
"17/01/2024";"09:00:00";"739";"Sem vítima";"71,000";"BR-116/SP";"Decrescente";"Colisão traseira";0;0;0;0;0;0;0;0;0;0;2;0;0;0;0
"17/01/2024";"09:09:00";"21";"Sem vítima";"5,800";"BR-116/SP";"Decrescente";"Choque";0;0;0;0;0;0;0;0;0;0;0;0;0;0;0
"17/01/2024";"09:57:00";"30";"Sem vítima";"322,000";"BR-116/SP";"Crescente";"Acidentes de outra natureza";0;0;0;0;0;0;0;0;0;0;0;0;0;0;0
"18/01/2024";"01:20:00";"67";"Com vítima";"215,800";"BR-116/SP";"Crescente";"Colisão traseira";0;0;0;0;0;0;0;0;0;0;0;3;0;1;1
"18/01/2024";"02:04:00";"78";"Com vítima";"215,000";"BR-116/SP";"Decrescente";"Atropelamento de pedestre";0;0;0;0;0;0;0;0;0;0;3;0;0;0;0
"18/01/2024";"03:25:00";"115";"Sem vítima";"215,000";"BR-116/SP";"Crescente";"Acidentes de outra natureza";0;0;0;0;0;0;0;0;0;0;0;0;0;0;0
"18/01/2024";"04:49:00";"188";"Com vítima";"229,100";"BR-116/SP";"Crescente";"Acidentes de outra natureza";0;0;0;0;0;0;0;0;0;0;0;1;0;0;0
"18/01/2024";"05:19:00";"201";"Sem vítima";"227,000";"BR-116/SP";"Crescente";"Engavetamento";0;0;0;0;0;0;0;0;0;0;1;0;0;0;0
"18/01/2024";"05:28:00";"208";"Com vítima";"221,600";"BR-116/SP";"Decrescente";"Engavetamento";0;0;0;0;0;0;0;0;0;0;2;1;0;0;0
"18/01/2024";"06:25:00";"257";"Sem vítima";"208,300";"BR-116/SP";"Crescente";"Colisão traseira";0;0;0;0;0;0;0;0;0;0;0;0;0;0;0
"18/01/2024";"06:39:00";"267";"Com vítima";"49,000";"BR-101/SP";"Crescente";"Colisão lateral em sentido contrário";0;0;0;0;0;0;0;0;0;0;0;1;0;0;0
"18/01/2024";"06:42:00";"273";"Com vítima";"136,100";"BR-116/SP";"Decrescente";"Acidentes de outra natureza";0;0;0;0;0;0;0;0;0;0;0;2;0;0;0
"18/01/2024";"07:50:00";"324";"Sem vítima";"90,000";"BR-116/SP";"Decrescente";"Acidentes de outra natureza";0;0;0;0;0;0;0;0;0;0;0;0;0;0;0
"18/01/2024";"07:58:00";"334";"Com vítima";"45,500";"BR-101/SP";"Crescente";"Colisão lateral em sentido contrário";0;0;0;0;0;0;0;0;0;0;1;1;0;0;0
"18/01/2024";"08:42:00";"359";"Sem vítima";"504,000";"BR-101/SP";"Crescente";"Colisão lateral em sentido contrário";0;0;0;0;0;0;0;0;0;0;2;0;0;0;0
"18/01/2024";"08:54:00";"367";"Com vítima";"508,000";"BR-101/SP";"Crescente";"Colisão lateral em sentido contrário";0;0;0;0;0;0;0;0;0;0;1;1;0;0;0