data;horario;n_da_ocorrencia;tipo_de_ocorrencia;km;trecho;sentido;tipo_de_acidente;automovel;bicicleta;caminhao;moto;onibus;outros;tracao_animal;transporte_de_cargas_especiais;trator_maquinas;utilitarios;ilesos;levemente_feridos;moderadamente_feridos;gravemente_feridos;mortos
"18/01/2024";"09:24:00";"385";"Com vítima";"208,000";"BR-116/SP";"Decrescente";"Colisão lateral em sentido contrário";0;0;0;0;0;0;0;0;0;0;2;1;0;0;0
"18/01/2024";"12:02:00";"487";"Sem vítima";"229,000";"BR-116/SP";"Crescente";"Colisão traseira";0;0;0;0;0;0;0;0;0;0;3;0;0;0;0
"18/01/2024";"02:18:00";"564";"Sem vítima";"576,000";"BR-101/SP";"Crescente";"Colisão frontal";0;0;0;0;0;0;0;0;0;0;2;0;0;0;0
"18/01/2024";"02:23:00";"567";"Sem vítima";"320,300";"BR-116/SP";"Decrescente";"Choque";0;0;0;0;0;0;0;0;0;0;1;0;0;0;0
"18/01/2024";"03:19:00";"599";"Com vítima";"217,000";"BR-116/SP";"Crescente";"Colisão lateral em sentido contrário";0;0;0;0;0;0;0;0;0;0;0;2;0;0;0
"18/01/2024";"04:28:00";"643";"Com vítima";"51,000";"BR-101/SP";"Crescente";"Atropelamento de pedestre";0;0;0;0;0;0;0;0;0;0;0;1;0;0;0
"18/01/2024";"04:33:00";"647";"Sem vítima";"546,000";"BR-101/SP";"Crescente";"Colisão lateral em sentido contrário";0;0;0;0;0;0;0;0;0;0;2;0;0;0;0
"18/01/2024";"04:48:00";"660";"Sem vítima";"71,200";"BR-116/SP";"Crescente";"Choque";0;0;0;0;0;0;0;0;0;0;2;0;0;0;0
"18/01/2024";"05:23:00";"669";"Com vítima";"222,000";"BR-116/SP";"Crescente";"Atropelamento de pedestre";0;0;0;0;0;0;0;0;0;0;4;0;0;0;0
"18/01/2024";"05:41:00";"677";"Sem vítima";"230,000";"BR-116/SP";"Decrescente";"Engavetamento";0;0;0;0;0;0;0;0;0;0;5;0;0;0;0
"18/01/2024";"07:20:00";"717";"Sem vítima";"518,000";"BR-101/SP";"Crescente";"Choque";0;0;0;0;0;0;0;0;0;0;2;0;0;0;0
"18/01/2024";"09:53:00";"27";"Sem vítima";"209,900";"BR-116/SP";"Crescente";"Colisão traseira";0;0;0;0;0;0;0;0;0;0;2;0;0;0;0
"18/01/2024";"11:46:00";"46";"Com vítima";"212,600";"BR-116/SP";"Decrescente";"Capotamento";0;0;0;0;0;0;0;0;0;0;0;2;1;0;0
"19/01/2024";"01:25:00";"62";"Sem vítima";"231,000";"BR-116/SP";"Decrescente";"Choque";0;0;0;0;0;0;0;0;0;0;0;0;0;0;0
"19/01/2024";"02:12:00";"71";"Sem vítima";"477,000";"BR-101/SP";"Decrescente";"Capotamento";0;0;0;0;0;0;0;0;0;0;0;0;0;0;0
"19/01/2024";"03:32:00";"108";"Sem vítima";"390,000";"BR-101/SP";"Decrescente";"Choque";0;0;0;0;0;0;0;0;0;0;1;0;0;0;0
"19/01/2024";"04:38:00";"164";"Sem vítima";"413,000";"BR-101/SP";"Decrescente";"Choque";0;0;0;0;0;0;0;0;0;0;4;0;0;0;0
"19/01/2024";"04:50:00";"176";"Sem vítima";"412,000";"BR-101/SP";"Decrescente";"Choque";0;0;0;0;0;0;0;0;0;0;0;0;0;0;0
"19/01/2024";"05:03:00";"185";"Com vítima";"477,000";"BR-101/SP";"Crescente";"Colisão lateral em sentido contrário";0;0;0;0;0;0;0;0;0;0;1;1;0;0;0
"19/01/2024";"08:07:00";"297";"Sem vítima";"495,000";"BR-101/SP";"Decrescente";"Acidentes de outra natureza";0;0;0;0;0;0;0;0;0;0;1;0;0;0;0
"19/01/2024";"08:16:00";"304";"Com vítima";"236,000";"BR-116/SP";"Crescente";"Choque";0;0;0;0;0;0;0;0;0;0;0;3;0;0;0
"19/01/2024";"08:32:00";"312";"Com vítima";"59,000";"BR-116/SP";"Decrescente";"Colisão lateral em sentido contrário";0;0;0;0;0;0;0;0;0;0;1;0;1;0;0
"19/01/2024";"09:00:00";"324";"Com vítima";"418,000";"BR-101/SP";"Crescente";"Queda de moto";0;0;0;0;0;0;0;0;0;0;0;1;0;0;0
"19/01/2024";"09:08:00";"328";"Sem vítima";"113,100";"BR-116/SP";"Decrescente";"Colisão traseira";0;0;0;0;0;0;0;0;0;0;2;0;0;0;0
"19/01/2024";"09:14:00";"333";"Com vítima";"92,400";"BR-116/SP";"Crescente";"Colisão traseira";0;0;0;0;0;0;0;0;0;0;2;1;0;0;0
"19/01/2024";"09:17:00";"334";"Com vítima";"98,900";"BR-116/SP";"Crescente";"Engavetamento";0;0;0;0;0;0;0;0;0;0;4;1;0;0;0
"19/01/2024";"09:40:00";"341";"Sem vítima";"112,000";"BR-116/SP";"Decrescente";"Colisão traseira";0;0;0;0;0;0;0;0;0;0;1;0;0;0;0
"19/01/2024";"10:40:00";"366";"Sem vítima";"117,000";"BR-116/SP";"Crescente";"Colisão lateral em sentido contrário";0;0;0;0;0;0;0;0;0;0;2;0;0;0;0
"19/01/2024";"10:55:00";"373";"Com vítima";"482,000";"BR-101/SP";"Decrescente";"Colisão lateral em sentido contrário";0;0;0;0;0;0;0;0;0;0;1;1;0;0;0
"19/01/2024";"02:17:00";"504";"Sem vítima";"106,200";"BR-116/SP";"Decrescente";"Colisão traseira";0;0;0;0;0;0;0;0;0;0;0;0;0;0;0
"19/01/2024";"03:14:00";"545";"Sem vítima";"99,000";"BR-116/SP";"Decrescente";"Acidentes de outra natureza";0;0;0;0;0;0;0;0;0;0;0;0;0;0;0
"19/01/2024";"03:35:00";"557";"Sem vítima";"72,000";"BR-116/SP";"Decrescente";"Colisão traseira";0;0;0;0;0;0;0;0;0;0;3;0;0;0;0
"19/01/2024";"05:54:00";"644";"Com vítima";"303,400";"BR-116/SP";"Decrescente";"Colisão lateral em sentido contrário";0;0;0;0;0;0;0;0;0;0;1;1;1;0;0
"19/01/2024";"06:01:00";"646";"Com vítima";"217,000";"BR-116/SP";"Decrescente";"Acidentes de outra natureza";0;0;0;0;0;0;0;0;0;0;0;1;0;0;0
"19/01/2024";"08:17:00";"696";"Com vítima";"152,000";"BR-116/SP";"Crescente";"Colisão traseira";0;0;0;0;0;0;0;0;0;0;1;0;0;0;1
"20/01/2024";"12:18:00";"61";"Com vítima";"145,000";"BR-116/SP";"Decrescente";"Colisão traseira";0;0;0;0;0;0;0;0;0;0;1;1;0;0;0
"20/01/2024";"02:31:00";"84";"Sem vítima";"229,000";"BR-116/SP";"Decrescente";"Capotamento";0;0;0;0;0;0;0;0;0;0;3;0;0;0;0
"20/01/2024";"02:40:00";"85";"Com vítima";"81,000";"BR-116/SP";"Decrescente";"Colisão traseira";0;0;0;0;0;0;0;0;0;0;1;0;1;0;0
"20/01/2024";"03:19:00";"100";"Com vítima";"141,000";"BR-116/SP";"Decrescente";"Colisão lateral em sentido contrário";0;0;0;0;0;0;0;0;0;0;0;0;2;3;1
"20/01/2024";"04:31:00";"143";"Com vítima";"39,000";"BR-101/SP";"Decrescente";"Colisão traseira";0;0;0;0;0;0;0;0;0;0;1;1;0;0;0
"20/01/2024";"06:32:00";"246";"Sem vítima";"384,000";"BR-101/SP";"Decrescente";"Colisão traseira";0;0;0;0;0;0;0;0;0;0;0;0;0;0;0
"20/01/2024";"09:03:00";"368";"Sem vítima";"481,000";"BR-101/SP";"Decrescente";"Colisão traseira";0;0;0;0;0;0;0;0;0;0;6;0;0;0;0
"20/01/2024";"09:42:00";"394";"Sem vítima";"107,000";"BR-116/SP";"Decrescente";"Colisão lateral em sentido contrário";0;0;0;0;0;0;0;0;0;0;2;0;0;0;0
"20/01/2024";"09:58:00";"405";"Com vítima";"169,000";"BR-116/SP";"Crescente";"Colisão lateral em sentido contrário";0;0;0;0;0;0;0;0;0;0;2;2;0;0;0
"20/01/2024";"10:04:00";"408";"Sem vítima";"107,000";"BR-116/SP";"Decrescente";"Colisão lateral em sentido contrário";0;0;0;0;0;0;0;0;0;0;0;0;0;0;0
"20/01/2024";"10:33:00";"423";"Com vítima";"221,000";"BR-116/SP";"Crescente";"Colisão lateral em sentido contrário";0;0;0;0;0;0;0;0;0;0;1;1;1;0;0
"20/01/2024";"01:41:00";"528";"Com vítima";"32,000";"BR-101/SP";"Decrescente";"Colisão lateral em sentido contrário";0;0;0;0;0;0;0;0;0;0;2;2;0;0;0
"20/01/2024";"01:42:00";"529";"Com vítima";"225,500";"BR-116/SP";"Crescente";"Tombamento";0;0;0;0;0;0;0;0;0;0;2;1;0;0;0
"20/01/2024";"03:15:00";"574";"Com vítima";"438,000";"BR-101/SP";"Crescente";"Colisão lateral em sentido contrário";0;0;0;0;0;0;0;0;0;0;3;2;1;0;0
"20/01/2024";"05:41:00";"655";"Com vítima";"52,000";"BR-101/SP";"Decrescente";"Colisão lateral em sentido contrário";0;0;0;0;0;0;0;0;0;0;3;1;0;0;0
"20/01/2024";"06:14:00";"670";"Com vítima";"44,000";"BR-101/SP";"Crescente";"Colisão frontal";0;0;0;0;0;0;0;0;0;0;1;0;1;0;0
"20/01/2024";"07:07:00";"693";"Com vítima";"318,000";"BR-116/SP";"Crescente";"Colisão traseira";0;0;0;0;0;0;0;0;0;0;0;2;0;0;0
"20/01/2024";"08:05:00";"714";"Sem vítima";"5,000";"BR-101/SP";"Decrescente";"Choque";0;0;0;0;0;0;0;0;0;0;1;0;0;0;0
"20/01/2024";"08:34:00";"719";"Sem vítima";"171,200";"BR-116/SP";"Decrescente";"Colisão traseira";0;0;0;0;0;0;0;0;0;0;5;0;0;0;0
"20/01/2024";"08:40:00";"722";"Com vítima";"406,000";"BR-101/SP";"Crescente";"Colisão traseira";0;0;0;0;0;0;0;0;0;0;1;1;0;0;0
"20/01/2024";"09:46:00";"26";"Sem vítima";"2,000";"BR-116/SP";"Decrescente";"Choque";0;0;0;0;0;0;0;0;0;0;1;0;0;0;0
"21/01/2024";"02:49:00";"87";"Com vítima";"224,000";"BR-116/SP";"Crescente";"Capotamento";0;0;0;0;0;0;0;0;0;0;0;1;0;0;0
"21/01/2024";"03:05:00";"91";"Sem vítima";"408,000";"BR-101/SP";"Crescente";"Choque";0;0;0;0;0;0;0;0;0;0;1;0;0;0;0
"21/01/2024";"07:29:00";"219";"Sem vítima";"40,000";"BR-101/SP";"Decrescente";"Colisão traseira";0;0;0;0;0;0;0;0;0;0;0;0;0;0;0
"21/01/2024";"08:05:00";"236";"Sem vítima";"210,000";"BR-116/SP";"Crescente";"Colisão lateral em sentido contrário";0;0;0;0;0;0;0;0;0;0;3;0;0;0;0
"21/01/2024";"09:12:00";"265";"Sem vítima";"153,000";"BR-116/SP";"Crescente";"Engavetamento";0;0;0;0;0;0;0;0;0;0;3;0;0;0;0
"21/01/2024";"10:34:00";"300";"Sem vítima";"501,000";"BR-101/SP";"Decrescente";"Colisão traseira";0;0;0;0;0;0;0;0;0;0;6;0;0;0;0
"21/01/2024";"10:44:00";"302";"Sem vítima";"113,000";"BR-116/SP";"Crescente";"Colisão traseira";0;0;0;0;0;0;0;0;0;0;2;0;0;0;0
"21/01/2024";"10:54:00";"308";"Sem vítima";"240,000";"BR-116/SP";"Decrescente";"Colisão traseira";0;0;0;0;0;0;0;0;0;0;4;0;0;0;0
"21/01/2024";"11:56:00";"335";"Sem vítima";"88,000";"BR-116/SP";"Crescente";"Choque";0;0;0;0;0;0;0;0;0;0;4;0;0;0;0
"21/01/2024";"01:09:00";"389";"Sem vítima";"225,000";"BR-116/SP";"Decrescente";"Acidentes de outra natureza";0;0;0;0;0;0;0;0;0;0;2;0;0;0;0
"21/01/2024";"02:03:00";"420";"Sem vítima";"499,000";"BR-101/SP";"Decrescente";"Colisão traseira";0;0;0;0;0;0;0;0;0;0;0;0;0;0;0
"21/01/2024";"02:10:00";"424";"Sem vítima";"556,900";"BR-101/SP";"Crescente";"Capotamento";0;0;0;0;0;0;0;0;0;0;2;0;0;0;0
"21/01/2024";"02:44:00";"446";"Sem vítima";"290,000";"BR-116/SP";"Decrescente";"Choque";0;0;0;0;0;0;0;0;0;0;0;0;0;0;0
"21/01/2024";"02:52:00";"455";"Com vítima";"247,100";"BR-116/SP";"Decrescente";"Engavetamento";0;0;0;0;0;0;0;0;0;0;39;1;3;0;0
"21/01/2024";"03:06:00";"472";"Sem vítima";"570,000";"BR-101/SP";"Crescente";"Choque";0;0;0;0;0;0;0;0;0;0;1;0;0;0;0
"21/01/2024";"03:32:00";"481";"Sem vítima";"230,000";"BR-116/SP";"Crescente";"Colisão traseira";0;0;0;0;0;0;0;0;0;0;4;0;0;0;0
"21/01/2024";"03:49:00";"500";"Sem vítima";"528,000";"BR-101/SP";"Decrescente";"Capotamento";0;0;0;0;0;0;0;0;0;0;1;0;0;0;0
"21/01/2024";"03:55:00";"502";"Com vítima";"291,300";"BR-116/SP";"Decrescente";"Colisão traseira";0;0;0;0;0;0;0;0;0;0;0;0;1;0;0
"21/01/2024";"06:33:00";"567";"Com vítima";"481,000";"BR-101/SP";"Decrescente";"Colisão frontal";0;0;0;0;0;0;0;0;0;0;0;2;0;0;0
"21/01/2024";"08:38:00";"621";"Sem vítima";"227,000";"BR-116/SP";"Decrescente";"Colisão traseira";0;0;0;0;0;0;0;0;0;0;1;0;0;0;0
"21/01/2024";"09:00:00";"681";"Com vítima";"229,200";"BR-116/SP";"Decrescente";"Colisão lateral em sentido contrário";0;0;0;0;0;0;0;0;0;0;0;0;1;0;0
"22/01/2024";"12:59:00";"52";"Com vítima";"222,000";"BR-116/SP";"Crescente";"Tombamento";0;0;0;0;0;0;0;0;0;0;5;0;1;1;0
"22/01/2024";"03:42:00";"120";"Com vítima";"49,300";"BR-101/SP";"Crescente";"Colisão traseira";0;0;0;0;0;0;0;0;0;0;1;1;0;0;0
"22/01/2024";"04:02:00";"145";"Com vítima";"221,000";"BR-116/SP";"Decrescente";"Colisão traseira";0;0;0;0;0;0;0;0;0;0;1;2;0;0;0
"22/01/2024";"04:05:00";"146";"Sem vítima";"429,000";"BR-101/SP";"Crescente";"Choque";0;0;0;0;0;0;0;0;0;0;0;0;0;0;0
"22/01/2024";"05:00:00";"229";"Com vítima";"59,900";"BR-116/SP";"Decrescente";"Acidentes de outra natureza";0;0;0;0;0;0;0;0;0;0;0;0;2;0;0
"22/01/2024";"05:19:00";"204";"Sem vítima";"114,000";"BR-116/SP";"Decrescente";"Colisão lateral em sentido contrário";0;0;0;0;0;0;0;0;0;0;3;0;0;0;0
"22/01/2024";"06:00:00";"234";"Com vítima";"205,000";"BR-116/SP";"Crescente";"Colisão traseira";0;0;0;0;0;0;0;0;0;0;1;1;0;0;0
"22/01/2024";"06:44:00";"265";"Com vítima";"223,900";"BR-116/SP";"Crescente";"Colisão lateral em sentido contrário";0;0;0;0;0;0;0;0;0;0;0;1;0;0;0
"22/01/2024";"08:01:00";"306";"Sem vítima";"50,000";"BR-116/SP";"Crescente";"Choque";0;0;0;0;0;0;0;0;0;0;2;0;0;0;0
"22/01/2024";"08:57:00";"336";"Sem vítima";"220,000";"BR-116/SP";"Decrescente";"Colisão traseira";0;0;0;0;0;0;0;0;0;0;3;0;0;0;0
"22/01/2024";"09:46:00";"364";"Sem vítima";"229,000";"BR-116/SP";"Crescente";"Engavetamento";0;0;0;0;0;0;0;0;0;0;3;0;0;0;0
"22/01/2024";"09:47:00";"365";"Com vítima";"436,000";"BR-101/SP";"Decrescente";"Acidentes de outra natureza";0;0;0;0;0;0;0;0;0;0;0;1;0;0;0
"22/01/2024";"10:08:00";"377";"Sem vítima";"429,000";"BR-101/SP";"Crescente";"Choque";0;0;0;0;0;0;0;0;0;0;1;0;0;0;0
"22/01/2024";"10:36:00";"393";"Sem vítima";"517,000";"BR-101/SP";"Decrescente";"Choque";0;0;0;0;0;0;0;0;0;0;2;0;0;0;0
"22/01/2024";"11:19:00";"409";"Com vítima";"87,000";"BR-116/SP";"Crescente";"Engavetamento";0;0;0;0;0;0;0;0;0;0;2;1;0;0;0
"22/01/2024";"01:10:00";"483";"Sem vítima";"520,000";"BR-101/SP";"Decrescente";"Capotamento";0;0;0;0;0;0;0;0;0;0;1;0;0;0;0
"22/01/2024";"01:43:00";"502";"Com vítima";"227,300";"BR-116/SP";"Crescente";"Acidentes de outra natureza";0;0;0;0;0;0;0;0;0;0;0;2;0;0;0
"22/01/2024";"02:05:00";"513";"Com vítima";"423,000";"BR-101/SP";"Crescente";"Colisão frontal";0;0;0;0;0;0;0;0;0;0;2;1;0;1;1
"22/01/2024";"02:56:00";"544";"Sem vítima";"228,500";"BR-116/SP";"Crescente";"Colisão lateral em sentido contrário";0;0;0;0;0;0;0;0;0;0;2;0;0;0;0
"22/01/2024";"03:11:00";"554";"Sem vítima";"261,800";"BR-116/SP";"Crescente";"Colisão lateral em sentido contrário";0;0;0;0;0;0;0;0;0;0;5;0;0;0;0
"22/01/2024";"03:47:00";"580";"Com vítima";"556,000";"BR-101/SP";"Crescente";"Capotamento";0;0;0;0;0;0;0;0;0;0;0;2;0;0;0
"22/01/2024";"05:27:00";"643";"Com vítima";"219,000";"BR-116/SP";"Decrescente";"Engavetamento";0;0;0;0;0;0;0;0;0;0;1;2;1;0;0
"22/01/2024";"09:00:00";"178";"Sem vítima";"219,000";"BR-116/SP";"Decrescente";"Colisão lateral em sentido contrário";0;0;0;0;0;0;0;0;0;0;2;0;0;0;0
"22/01/2024";"09:00:00";"392";"Sem vítima";"73,000";"BR-116/SP";"Decrescente";"Colisão lateral em sentido contrário";0;0;0;0;0;0;0;0;0;0;4;0;0;0;0
"23/01/2024";"02:45:00";"91";"Sem vítima";"452,000";"BR-101/SP";"Decrescente";"Choque";0;0;0;0;0;0;0;0;0;0;1;0;0;0;0
"23/01/2024";"03:05:00";"97";"Com vítima";"498,000";"BR-101/SP";"Decrescente";"Capotamento";0;0;0;0;0;0;0;0;0;0;3;0;1;0;0
"23/01/2024";"03:28:00";"110";"Com vítima";"210,000";"BR-116/SP";"Crescente";"Colisão lateral em sentido contrário";0;0;0;0;0;0;0;0;0;0;1;1;0;0;0
"23/01/2024";"03:32:00";"116";"Sem vítima";"240,000";"BR-116/SP";"Crescente";"Colisão lateral em sentido contrário";0;0;0;0;0;0;0;0;0;0;3;0;0;0;0
"23/01/2024";"03:43:00";"123";"Sem vítima";"216,000";"BR-116/SP";"Crescente";"Acidentes de outra natureza";0;0;0;0;0;0;0;0;0;0;0;0;0;0;0
"23/01/2024";"03:58:00";"137";"Sem vítima";"161,000";"BR-116/SP";"Decrescente";"Colisão traseira";0;0;0;0;0;0;0;0;0;0;1;0;0;0;0
"23/01/2024";"04:47:00";"169";"Com vítima";"218,000";"BR-116/SP";"Crescente";"Colisão traseira";0;0;0;0;0;0;0;0;0;0;1;1;0;0;0
"23/01/2024";"04:48:00";"170";"Sem vítima";"319,000";"BR-116/SP";"Decrescente";"Colisão traseira";0;0;0;0;0;0;0;0;0;0;1;0;0;0;0
"23/01/2024";"05:04:00";"181";"Sem vítima";"319,000";"BR-116/SP";"Decrescente";"Colisão lateral em sentido contrário";0;0;0;0;0;0;0;0;0;0;2;0;0;0;0
"23/01/2024";"05:23:00";"191";"Sem vítima";"515,000";"BR-101/SP";"Decrescente";"Colisão frontal";0;0;0;0;0;0;0;0;0;0;2;0;0;0;0
"23/01/2024";"05:25:00";"192";"Sem vítima";"472,000";"BR-101/SP";"Decrescente";"Colisão lateral em sentido contrário";0;0;0;0;0;0;0;0;0;0;5;0;0;0;0
"23/01/2024";"06:29:00";"218";"Sem vítima";"225,000";"BR-116/SP";"Decrescente";"Engavetamento";0;0;0;0;0;0;0;0;0;0;6;0;0;0;0
"23/01/2024";"06:56:00";"234";"Sem vítima";"462,000";"BR-101/SP";"Crescente";"Choque";0;0;0;0;0;0;0;0;0;0;4;0;0;0;0
"23/01/2024";"07:30:00";"245";"Sem vítima";"15,000";"BR-116/SP";"Crescente";"Acidentes de outra natureza";0;0;0;0;0;0;0;0;0;0;1;0;0;0;0
"23/01/2024";"09:27:00";"287";"Sem vítima";"201,000";"BR-116/SP";"Crescente";"Colisão traseira";0;0;0;0;0;0;0;0;0;0;2;0;0;0;0
"23/01/2024";"09:46:00";"293";"Com vítima";"292,000";"BR-116/SP";"Crescente";"Queda de moto";0;0;0;0;0;0;0;0;0;0;0;1;0;0;0
"23/01/2024";"11:21:00";"337";"Com vítima";"222,000";"BR-116/SP";"Crescente";"Colisão lateral em sentido contrário";0;0;0;0;0;0;0;0;0;0;1;1;0;0;0
"23/01/2024";"12:22:00";"369";"Sem vítima";"477,000";"BR-101/SP";"Decrescente";"Colisão lateral em sentido contrário";0;0;0;0;0;0;0;0;0;0;3;0;0;0;0
"23/01/2024";"12:36:00";"376";"Sem vítima";"514,000";"BR-101/SP";"Decrescente";"Colisão traseira";0;0;0;0;0;0;0;0;0;0;2;0;0;0;0
"23/01/2024";"01:01:00";"397";"Sem vítima";"37,000";"BR-116/SP";"Decrescente";"Choque";0;0;0;0;0;0;0;0;0;0;1;0;0;0;0
"23/01/2024";"01:04:00";"398";"Sem vítima";"17,000";"BR-116/SP";"Crescente";"Acidentes de outra natureza";0;0;0;0;0;0;0;0;0;0;0;0;0;0;0
"23/01/2024";"01:23:00";"409";"Com vítima";"66,000";"BR-116/SP";"Crescente";"Capotamento";0;0;0;0;0;0;0;0;0;0;0;2;0;0;0
"23/01/2024";"01:38:00";"419";"Sem vítima";"429,000";"BR-101/SP";"Decrescente";"Choque";0;0;0;0;0;0;0;0;0;0;1;0;0;0;0
"23/01/2024";"02:15:00";"431";"Sem vítima";"16,000";"BR-116/SP";"Crescente";"Acidentes de outra natureza";0;0;0;0;0;0;0;0;0;0;0;0;0;0;0
"23/01/2024";"02:37:00";"447";"Sem vítima";"481,000";"BR-101/SP";"Crescente";"Colisão lateral em sentido contrário";0;0;0;0;0;0;0;0;0;0;4;0;0;0;0
"23/01/2024";"02:52:00";"455";"Com vítima";"556,000";"BR-101/SP";"Crescente";"Colisão lateral em sentido contrário";0;0;0;0;0;0;0;0;0;0;3;0;1;0;0
"23/01/2024";"02:55:00";"458";"Sem vítima";"387,000";"BR-101/SP";"Crescente";"Choque";0;0;0;0;0;0;0;0;0;0;1;0;0;0;0
"23/01/2024";"03:50:00";"473";"Sem vítima";"235,800";"BR-116/SP";"Decrescente";"Choque";0;0;0;0;0;0;0;0;0;0;2;0;0;0;0
"23/01/2024";"03:57:00";"477";"Sem vítima";"111,000";"BR-116/SP";"Decrescente";"Colisão lateral em sentido contrário";0;0;0;0;0;0;0;0;0;0;2;0;0;0;0
"23/01/2024";"06:49:00";"538";"Sem vítima";"219,800";"BR-116/SP";"Crescente";"Colisão lateral em sentido contrário";0;0;0;0;0;0;0;0;0;0;1;0;0;0;0
"23/01/2024";"07:37:00";"548";"Com vítima";"484,000";"BR-101/SP";"Decrescente";"Colisão lateral em sentido contrário";0;0;0;0;0;0;0;0;0;0;0;0;1;0;0
"24/01/2024";"02:30:00";"64";"Sem vítima";"162,000";"BR-116/SP";"Crescente";"Choque";0;0;0;0;0;0;0;0;0;0;1;0;0;0;0
"24/01/2024";"02:47:00";"67";"Com vítima";"387,000";"BR-101/SP";"Crescente";"Colisão lateral em sentido contrário";0;0;0;0;0;0;0;0;0;0;0;3;0;0;0
"24/01/2024";"02:54:00";"72";"Com vítima";"31,000";"BR-116/SP";"Crescente";"Colisão traseira";0;0;0;0;0;0;0;0;0;0;30;0;1;0;0
"24/01/2024";"03:04:00";"77";"Com vítima";"229,000";"BR-116/SP";"Decrescente";"Tombamento";0;0;0;0;0;0;0;0;0;0;0;1;0;0;0
"24/01/2024";"04:01:00";"108";"Sem vítima";"245,000";"BR-116/SP";"Crescente";"Acidentes de outra natureza";0;0;0;0;0;0;0;0;0;0;0;0;0;0;0
"24/01/2024";"05:35:00";"170";"Com vítima";"306,000";"BR-116/SP";"Decrescente";"Colisão traseira";0;0;0;0;0;0;0;0;0;0;1;3;0;0;0
"24/01/2024";"05:39:00";"173";"Com vítima";"218,000";"BR-116/SP";"Crescente";"Engavetamento";0;0;0;0;0;0;0;0;0;0;3;1;0;0;0
"24/01/2024";"07:52:00";"258";"Sem vítima";"146,000";"BR-116/SP";"Decrescente";"Engavetamento";0;0;0;0;0;0;0;0;0;0;11;0;0;0;0
"24/01/2024";"08:14:00";"272";"Com vítima";"227,000";"BR-116/SP";"Crescente";"Acidentes de outra natureza";0;0;0;0;0;0;0;0;0;0;0;0;0;1;0
"24/01/2024";"10:29:00";"343";"Com vítima";"214,000";"BR-116/SP";"Crescente";"Colisão traseira";0;0;0;0;0;0;0;0;0;0;1;1;0;0;0
"24/01/2024";"11:15:00";"362";"Com vítima";"451,000";"BR-101/SP";"Decrescente";"Choque";0;0;0;0;0;0;0;0;0;0;0;0;0;0;1
"24/01/2024";"11:55:00";"378";"Sem vítima";"447,000";"BR-101/SP";"Decrescente";"Choque";0;0;0;0;0;0;0;0;0;0;1;0;0;0;0
"24/01/2024";"01:04:00";"421";"Com vítima";"262,000";"BR-116/SP";"Crescente";"Capotamento";0;0;0;0;0;0;0;0;0;0;0;2;0;0;0
"24/01/2024";"01:09:00";"422";"Sem vítima";"230,000";"BR-116/SP";"Crescente";"Engavetamento";0;0;0;0;0;0;0;0;0;0;3;0;0;0;0
"24/01/2024";"02:58:00";"477";"Sem vítima";"155,800";"BR-116/SP";"Crescente";"Colisão lateral em sentido contrário";0;0;0;0;0;0;0;0;0;0;3;0;0;0;0
"24/01/2024";"03:23:00";"490";"Sem vítima";"284,500";"BR-116/SP";"Crescente";"Choque";0;0;0;0;0;0;0;0;0;0;0;0;0;0;0
"24/01/2024";"03:57:00";"508";"Com vítima";"215,000";"BR-116/SP";"Decrescente";"Colisão traseira";0;0;0;0;0;0;0;0;0;0;2;1;0;0;0
"24/01/2024";"05:49:00";"571";"Sem vítima";"417,000";"BR-101/SP";"Crescente";"Choque";0;0;0;0;0;0;0;0;0;0;0;0;0;0;0
"24/01/2024";"06:28:00";"590";"Com vítima";"234,700";"BR-116/SP";"Crescente";"Choque";0;0;0;0;0;0;0;0;0;0;0;1;0;0;0
"24/01/2024";"06:30:00";"592";"Sem vítima";"37,100";"BR-116/SP";"Decrescente";"Colisão lateral em sentido contrário";0;0;0;0;0;0;0;0;0;0;2;0;0;0;0
"25/01/2024";"12:15:00";"45";"Sem vítima";"51,000";"BR-116/SP";"Decrescente";"Tombamento";0;0;0;0;0;0;0;0;0;0;1;0;0;0;0
"25/01/2024";"03:19:00";"85";"Sem vítima";"126,000";"BR-116/SP";"Crescente";"Choque";0;0;0;0;0;0;0;0;0;0;0;0;0;0;0
"25/01/2024";"03:20:00";"84";"Sem vítima";"160,200";"BR-116/SP";"Decrescente";"Colisão lateral em sentido contrário";0;0;0;0;0;0;0;0;0;0;0;0;0;0;0