data;horario;n_da_ocorrencia;tipo_de_ocorrencia;km;trecho;sentido;tipo_de_acidente;automovel;bicicleta;caminhao;moto;onibus;outros;tracao_animal;transporte_de_cargas_especiais;trator_maquinas;utilitarios;ilesos;levemente_feridos;moderadamente_feridos;gravemente_feridos;mortos
"25/01/2024";"03:48:00";"106";"Sem vítima";"160,000";"BR-116/SP";"Decrescente";"Colisão lateral em sentido contrário";0;0;0;0;0;0;0;0;0;0;3;0;0;0;0
"25/01/2024";"03:57:00";"114";"Com vítima";"140,370";"BR-116/SP";"Crescente";"Colisão lateral em sentido contrário";0;0;0;0;0;0;0;0;0;0;1;0;0;0;1
"25/01/2024";"05:37:00";"189";"Com vítima";"517,650";"BR-101/SP";"Crescente";"Colisão lateral em sentido contrário";0;0;0;0;0;0;0;0;0;0;2;1;0;0;0
"25/01/2024";"06:11:00";"214";"Sem vítima";"165,200";"BR-116/SP";"Decrescente";"Colisão lateral em sentido contrário";0;0;0;0;0;0;0;0;0;0;5;0;0;0;0
"25/01/2024";"07:39:00";"276";"Sem vítima";"542,000";"BR-101/SP";"Decrescente";"Choque";0;0;0;0;0;0;0;0;0;0;0;0;0;0;0
"25/01/2024";"07:59:00";"288";"Com vítima";"222,000";"BR-116/SP";"Crescente";"Engavetamento";0;0;0;0;0;0;0;0;0;0;4;1;0;0;0
"25/01/2024";"08:58:00";"320";"Com vítima";"117,100";"BR-116/SP";"Decrescente";"Colisão lateral em sentido contrário";0;0;0;0;0;0;0;0;0;0;1;1;0;0;0
"25/01/2024";"09:07:00";"322";"Com vítima";"95,000";"BR-116/SP";"Decrescente";"Acidentes de outra natureza";0;0;0;0;0;0;0;0;0;0;0;1;1;0;0
"25/01/2024";"09:44:00";"344";"Com vítima";"6,800";"BR-116/SP";"Crescente";"Colisão traseira";0;0;0;0;0;0;0;0;0;0;3;1;1;0;0
"25/01/2024";"09:49:00";"347";"Sem vítima";"97,000";"BR-116/SP";"Decrescente";"Colisão traseira";0;0;0;0;0;0;0;0;0;0;2;0;0;0;0
"25/01/2024";"11:35:00";"400";"Sem vítima";"100,000";"BR-116/SP";"Decrescente";"Colisão traseira";0;0;0;0;0;0;0;0;0;0;2;0;0;0;0
"25/01/2024";"11:47:00";"404";"Com vítima";"222,000";"BR-116/SP";"Decrescente";"Colisão lateral em sentido contrário";0;0;0;0;0;0;0;0;0;0;1;1;0;0;0
"25/01/2024";"12:03:00";"413";"Sem vítima";"246,900";"BR-116/SP";"Decrescente";"Colisão lateral em sentido contrário";0;0;0;0;0;0;0;0;0;0;6;0;0;0;0
"25/01/2024";"01:29:00";"446";"Sem vítima";"106,000";"BR-116/SP";"Crescente";"Choque";0;0;0;0;0;0;0;0;0;0;2;0;0;0;0
"25/01/2024";"04:37:00";"550";"Com vítima";"153,000";"BR-116/SP";"Crescente";"Colisão lateral em sentido contrário";0;0;0;0;0;0;0;0;0;0;0;0;1;0;0
"25/01/2024";"07:31:00";"618";"Com vítima";"47,000";"BR-101/SP";"Crescente";"Atropelamento de pedestre";0;0;0;0;0;0;0;0;0;0;0;0;0;0;0
"25/01/2024";"08:04:00";"631";"Com vítima";"50,000";"BR-101/SP";"Crescente";"Colisão lateral em sentido contrário";0;0;0;0;0;0;0;0;0;0;1;1;0;0;0
"25/01/2024";"09:00:00";"100";"Sem vítima";"199,400";"BR-116/SP";"Decrescente";"Choque";0;0;0;0;0;0;0;0;0;0;1;0;0;0;0
"25/01/2024";"09:41:00";"31";"Sem vítima";"515,000";"BR-101/SP";"Decrescente";"Choque";0;0;0;0;0;0;0;0;0;0;0;0;0;0;0
"25/01/2024";"10:34:00";"48";"Sem vítima";"157,000";"BR-116/SP";"Decrescente";"Choque";0;0;0;0;0;0;0;0;0;0;2;0;0;0;0
"25/01/2024";"11:47:00";"55";"Sem vítima";"478,000";"BR-101/SP";"Crescente";"Acidentes de outra natureza";0;0;0;0;0;0;0;0;0;0;2;0;0;0;0
"26/01/2024";"12:35:00";"62";"Sem vítima";"231,000";"BR-116/SP";"Decrescente";"Choque";0;0;0;0;0;0;0;0;0;0;1;0;0;0;0
"26/01/2024";"01:24:00";"71";"Com vítima";"410,000";"BR-101/SP";"Decrescente";"Acidentes de outra natureza";0;0;0;0;0;0;0;0;0;0;0;0;1;0;0
"26/01/2024";"02:23:00";"80";"Com vítima";"218,000";"BR-116/SP";"Decrescente";"Choque";0;0;0;0;0;0;0;0;0;0;0;0;1;0;0
"26/01/2024";"02:30:00";"82";"Sem vítima";"172,100";"BR-116/SP";"Decrescente";"Colisão lateral em sentido contrário";0;0;0;0;0;0;0;0;0;0;5;0;0;0;0
"26/01/2024";"02:51:00";"92";"Sem vítima";"218,300";"BR-116/SP";"Crescente";"Engavetamento";0;0;0;0;0;0;0;0;0;0;7;0;0;0;0
"26/01/2024";"04:19:00";"149";"Sem vítima";"208,000";"BR-116/SP";"Crescente";"Colisão lateral em sentido contrário";0;0;0;0;0;0;0;0;0;0;2;0;0;0;0
"26/01/2024";"04:51:00";"177";"Sem vítima";"161,000";"BR-116/SP";"Decrescente";"Colisão traseira";0;0;0;0;0;0;0;0;0;0;2;0;0;0;0
"26/01/2024";"05:40:00";"209";"Com vítima";"386,000";"BR-101/SP";"Decrescente";"Colisão lateral em sentido contrário";0;0;0;0;0;0;0;0;0;0;0;1;0;0;0
"26/01/2024";"06:08:00";"231";"Com vítima";"168,000";"BR-116/SP";"Decrescente";"Atropelamento de pedestre";0;0;0;0;0;0;0;0;0;0;2;0;1;0;0
"26/01/2024";"07:06:00";"265";"Com vítima";"482,000";"BR-101/SP";"Decrescente";"Colisão lateral em sentido contrário";0;0;0;0;0;0;0;0;0;0;24;1;0;0;0
"26/01/2024";"08:54:00";"334";"Sem vítima";"228,000";"BR-116/SP";"Crescente";"Colisão traseira";0;0;0;0;0;0;0;0;0;0;4;0;0;0;0
"26/01/2024";"10:31:00";"381";"Com vítima";"121,700";"BR-116/SP";"Crescente";"Tombamento";0;0;0;0;0;0;0;0;0;0;0;1;1;0;0
"26/01/2024";"12:26:00";"440";"Sem vítima";"290,000";"BR-116/SP";"Decrescente";"Colisão traseira";0;0;0;0;0;0;0;0;0;0;2;0;0;0;0
"26/01/2024";"12:34:00";"448";"Sem vítima";"491,000";"BR-101/SP";"Decrescente";"Choque";0;0;0;0;0;0;0;0;0;0;2;0;0;0;0
"26/01/2024";"02:59:00";"516";"Com vítima";"204,000";"BR-116/SP";"Decrescente";"Colisão traseira";0;0;0;0;0;0;0;0;0;0;1;1;0;0;0
"26/01/2024";"07:12:00";"635";"Com vítima";"316,000";"BR-116/SP";"Crescente";"Choque";0;0;0;0;0;0;0;0;0;0;0;1;0;0;0
"26/01/2024";"07:25:00";"640";"Sem vítima";"30,600";"BR-116/SP";"Crescente";"Choque";0;0;0;0;0;0;0;0;0;0;0;0;0;0;0
"26/01/2024";"09:00:00";"31";"Com vítima";"64,500";"BR-116/SP";"Crescente";"Colisão traseira";0;0;0;0;0;0;0;0;0;0;0;0;1;0;0
"26/01/2024";"09:26:00";"27";"Com vítima";"107,000";"BR-116/SP";"Decrescente";"Atropelamento de pedestre";0;0;0;0;0;0;0;0;0;0;0;1;0;0;0
"27/01/2024";"12:44:00";"59";"Com vítima";"521,000";"BR-101/SP";"Decrescente";"Acidentes de outra natureza";0;0;0;0;0;0;0;0;0;0;0;0;1;0;0
"27/01/2024";"02:57:00";"71";"Sem vítima";"393,000";"BR-101/SP";"Decrescente";"Acidentes de outra natureza";0;0;0;0;0;0;0;0;0;0;0;0;0;0;0
"27/01/2024";"03:46:00";"94";"Com vítima";"210,000";"BR-116/SP";"Crescente";"Acidentes de outra natureza";0;0;0;0;0;0;0;0;0;0;0;1;0;0;0
"27/01/2024";"03:52:00";"98";"Com vítima";"207,000";"BR-116/SP";"Crescente";"Colisão lateral em sentido contrário";0;0;0;0;0;0;0;0;0;0;1;2;0;0;0
"27/01/2024";"05:08:00";"143";"Com vítima";"141,000";"BR-116/SP";"Decrescente";"Colisão traseira";0;0;0;0;0;0;0;0;0;0;0;1;1;0;0
"27/01/2024";"05:52:00";"151";"Com vítima";"226,100";"BR-116/SP";"Decrescente";"Acidentes de outra natureza";0;0;0;0;0;0;0;0;0;0;0;1;1;0;0
"27/01/2024";"05:53:00";"153";"Sem vítima";"134,000";"BR-116/SP";"Crescente";"Colisão lateral em sentido contrário";0;0;0;0;0;0;0;0;0;0;3;0;0;0;0
"27/01/2024";"07:11:00";"187";"Sem vítima";"182,000";"BR-116/SP";"Decrescente";"Engavetamento";0;0;0;0;0;0;0;0;0;0;8;0;0;0;0
"27/01/2024";"07:46:00";"208";"Sem vítima";"323,000";"BR-116/SP";"Crescente";"Colisão traseira";0;0;0;0;0;0;0;0;0;0;3;0;0;0;0
"27/01/2024";"08:00:00";"212";"Com vítima";"309,000";"BR-116/SP";"Crescente";"Colisão lateral em sentido contrário";0;0;0;0;0;0;0;0;0;0;1;1;0;0;0
"27/01/2024";"09:37:00";"259";"Sem vítima";"219,000";"BR-116/SP";"Decrescente";"Colisão traseira";0;0;0;0;0;0;0;0;0;0;2;0;0;0;0
"27/01/2024";"09:48:00";"263";"Com vítima";"409,000";"BR-101/SP";"Decrescente";"Colisão lateral em sentido contrário";0;0;0;0;0;0;0;0;0;0;1;1;0;0;0
"27/01/2024";"10:11:00";"276";"Sem vítima";"481,000";"BR-101/SP";"Crescente";"Engavetamento";0;0;0;0;0;0;0;0;0;0;1;0;0;0;0
"27/01/2024";"10:28:00";"284";"Com vítima";"223,900";"BR-116/SP";"Crescente";"Acidentes de outra natureza";0;0;0;0;0;0;0;0;0;0;1;1;0;0;0
"27/01/2024";"10:31:00";"287";"Sem vítima";"122,600";"BR-116/SP";"Crescente";"Colisão traseira";0;0;0;0;0;0;0;0;0;0;5;0;0;0;0
"27/01/2024";"11:42:00";"320";"Com vítima";"26,000";"BR-116/SP";"Decrescente";"Colisão traseira";0;0;0;0;0;0;0;0;0;0;1;0;1;0;0
"27/01/2024";"12:12:00";"336";"Com vítima";"462,000";"BR-101/SP";"Crescente";"Choque";0;0;0;0;0;0;0;0;0;0;0;2;0;0;0
"27/01/2024";"01:09:00";"363";"Sem vítima";"70,000";"BR-116/SP";"Decrescente";"Acidentes de outra natureza";0;0;0;0;0;0;0;0;0;0;0;0;0;0;0
"27/01/2024";"02:45:00";"400";"Com vítima";"411,500";"BR-101/SP";"Crescente";"Acidentes de outra natureza";0;0;0;0;0;0;0;0;0;0;0;2;0;0;0
"27/01/2024";"04:13:00";"439";"Sem vítima";"468,000";"BR-101/SP";"Crescente";"Choque";0;0;0;0;0;0;0;0;0;0;1;0;0;0;0
"27/01/2024";"04:16:00";"440";"Com vítima";"513,000";"BR-101/SP";"Decrescente";"Colisão traseira";0;0;0;0;0;0;0;0;0;0;4;1;0;0;0
"27/01/2024";"05:25:00";"459";"Com vítima";"384,000";"BR-101/SP";"Decrescente";"Colisão lateral em sentido contrário";0;0;0;0;0;0;0;0;0;0;1;1;0;0;0
"27/01/2024";"07:29:00";"493";"Com vítima";"486,000";"BR-101/SP";"Crescente";"Colisão lateral em sentido contrário";0;0;0;0;0;0;0;0;0;0;2;0;1;0;0
"27/01/2024";"07:47:00";"496";"Sem vítima";"220,000";"BR-116/SP";"Decrescente";"Acidentes de outra natureza";0;0;0;0;0;0;0;0;0;0;1;0;0;0;0
"27/01/2024";"07:54:00";"497";"Com vítima";"487,000";"BR-101/SP";"Decrescente";"Choque";0;0;0;0;0;0;0;0;0;0;0;0;2;0;0
"27/01/2024";"09:00:00";"141";"Sem vítima";"96,300";"BR-116/SP";"Decrescente";"Engavetamento";0;0;0;0;0;0;0;0;0;0;7;0;0;0;0
"27/01/2024";"09:00:00";"416";"Com vítima";"316,700";"BR-116/SP";"Decrescente";"Acidentes de outra natureza";0;0;0;0;0;0;0;0;0;0;0;0;0;1;0
"27/01/2024";"09:10:00";"22";"Sem vítima";"314,000";"BR-116/SP";"Decrescente";"Choque";0;0;0;0;0;0;0;0;0;0;2;0;0;0;0
"27/01/2024";"09:43:00";"28";"Com vítima";"69,000";"BR-116/SP";"Decrescente";"Colisão frontal";0;0;0;0;0;0;0;0;0;0;7;0;1;0;0
"27/01/2024";"11:01:00";"38";"Sem vítima";"465,000";"BR-101/SP";"Crescente";"Choque";0;0;0;0;0;0;0;0;0;0;1;0;0;0;0
"28/01/2024";"04:20:00";"90";"Sem vítima";"313,400";"BR-116/SP";"Decrescente";"Choque";0;0;0;0;0;0;0;0;0;0;1;0;0;0;0
"28/01/2024";"09:06:00";"182";"Sem vítima";"230,300";"BR-116/SP";"Crescente";"Engavetamento";0;0;0;0;0;0;0;0;0;0;3;0;0;0;0
"28/01/2024";"10:29:00";"218";"Com vítima";"15,000";"BR-101/SP";"Decrescente";"Colisão frontal";0;0;0;0;0;0;0;0;0;0;1;0;2;0;0
"28/01/2024";"11:21:00";"242";"Com vítima";"330,000";"BR-116/SP";"Crescente";"Acidentes de outra natureza";0;0;0;0;0;0;0;0;0;0;1;1;0;0;0
"28/01/2024";"11:34:00";"249";"Sem vítima";"296,000";"BR-116/SP";"Crescente";"Choque";0;0;0;0;0;0;0;0;0;0;2;0;0;0;0
"28/01/2024";"12:36:00";"280";"Com vítima";"220,000";"BR-116/SP";"Decrescente";"Engavetamento";0;0;0;0;0;0;0;0;0;0;4;2;0;0;0
"28/01/2024";"12:48:00";"285";"Com vítima";"530,000";"BR-101/SP";"Crescente";"Colisão frontal";0;0;0;0;0;0;0;0;0;0;0;6;0;0;0
"28/01/2024";"01:02:00";"290";"Com vítima";"296,000";"BR-116/SP";"Decrescente";"Choque";0;0;0;0;0;0;0;0;0;0;0;2;0;0;0
"28/01/2024";"01:08:00";"292";"Com vítima";"263,000";"BR-116/SP";"Crescente";"Capotamento";0;0;0;0;0;0;0;0;0;0;0;4;0;0;0
"28/01/2024";"01:39:00";"305";"Com vítima";"530,000";"BR-101/SP";"Decrescente";"Colisão frontal";0;0;0;0;0;0;0;0;0;0;0;0;0;2;0
"28/01/2024";"01:41:00";"307";"Sem vítima";"295,200";"BR-116/SP";"Crescente";"Choque";0;0;0;0;0;0;0;0;0;0;1;0;0;0;0
"28/01/2024";"02:08:00";"323";"Sem vítima";"528,000";"BR-101/SP";"Decrescente";"Choque";0;0;0;0;0;0;0;0;0;0;1;0;0;0;0
"28/01/2024";"02:15:00";"327";"Sem vítima";"102,000";"BR-116/SP";"Crescente";"Choque";0;0;0;0;0;0;0;0;0;0;0;0;0;0;0
"28/01/2024";"02:18:00";"329";"Com vítima";"108,000";"BR-116/SP";"Crescente";"Atropelamento de pedestre";0;0;0;0;0;0;0;0;0;0;0;0;0;0;0
"28/01/2024";"03:56:00";"378";"Com vítima";"289,000";"BR-116/SP";"Decrescente";"Capotamento";0;0;0;0;0;0;0;0;0;0;0;1;0;0;0
"28/01/2024";"04:28:00";"390";"Com vítima";"386,000";"BR-101/SP";"Decrescente";"Choque";0;0;0;0;0;0;0;0;0;0;0;1;0;0;0
"28/01/2024";"05:21:00";"409";"Sem vítima";"386,000";"BR-101/SP";"Decrescente";"Acidentes de outra natureza";0;0;0;0;0;0;0;0;0;0;3;0;0;0;0
"28/01/2024";"06:00:00";"274";"Com vítima";"232,000";"BR-116/SP";"Decrescente";"Choque";0;0;0;0;0;0;0;0;0;0;0;4;0;0;0
"28/01/2024";"09:00:00";"454";"Com vítima";"485,000";"BR-101/SP";"Crescente";"Atropelamento de pedestre";0;0;0;0;0;0;0;0;0;0;1;0;0;0;0
"28/01/2024";"09:00:00";"532";"Sem vítima";"147,000";"BR-116/SP";"Decrescente";"Colisão traseira";0;0;0;0;0;0;0;0;0;0;1;0;0;0;0
"29/01/2024";"12:25:00";"44";"Com vítima";"144,350";"BR-116/SP";"Decrescente";"Choque";0;0;0;0;0;0;0;0;0;0;0;0;1;0;0
"29/01/2024";"02:51:00";"77";"Com vítima";"210,000";"BR-116/SP";"Crescente";"Colisão lateral em sentido contrário";0;0;0;0;0;0;0;0;0;0;0;2;0;0;0
"29/01/2024";"03:30:00";"100";"Com vítima";"312,400";"BR-116/SP";"Decrescente";"Choque";0;0;0;0;0;0;0;0;0;0;0;1;0;0;0
"29/01/2024";"04:46:00";"153";"Sem vítima";"223,000";"BR-116/SP";"Decrescente";"Acidentes de outra natureza";0;0;0;0;0;0;0;0;0;0;0;0;0;0;0
"29/01/2024";"05:18:00";"181";"Sem vítima";"149,200";"BR-116/SP";"Crescente";"Engavetamento";0;0;0;0;0;0;0;0;0;0;3;0;0;0;0
"29/01/2024";"05:29:00";"186";"Sem vítima";"210,000";"BR-116/SP";"Crescente";"Colisão traseira";0;0;0;0;0;0;0;0;0;0;3;0;0;0;0
"29/01/2024";"06:02:00";"212";"Com vítima";"577,900";"BR-101/SP";"Crescente";"Colisão frontal";0;0;0;0;0;0;0;0;0;0;1;1;2;0;0
"29/01/2024";"08:35:00";"322";"Sem vítima";"46,000";"BR-116/SP";"Decrescente";"Acidentes de outra natureza";0;0;0;0;0;0;0;0;0;0;0;0;0;0;0
"29/01/2024";"09:01:00";"338";"Com vítima";"435,000";"BR-101/SP";"Decrescente";"Colisão traseira";0;0;0;0;0;0;0;0;0;0;1;0;2;0;1
"29/01/2024";"11:09:00";"415";"Sem vítima";"522,000";"BR-101/SP";"Crescente";"Colisão frontal";0;0;0;0;0;0;0;0;0;0;1;0;0;0;0
"29/01/2024";"11:18:00";"419";"Com vítima";"222,200";"BR-116/SP";"Decrescente";"Colisão lateral em sentido contrário";0;0;0;0;0;0;0;0;0;0;4;0;1;0;0
"29/01/2024";"01:31:00";"501";"Sem vítima";"224,300";"BR-116/SP";"Crescente";"Colisão traseira";0;0;0;0;0;0;0;0;0;0;2;0;0;0;0
"29/01/2024";"04:00:00";"580";"Sem vítima";"539,000";"BR-101/SP";"Decrescente";"Choque";0;0;0;0;0;0;0;0;0;0;2;0;0;0;0
"29/01/2024";"05:03:00";"598";"Com vítima";"316,000";"BR-116/SP";"Decrescente";"Choque";0;0;0;0;0;0;0;0;0;0;1;1;0;0;0
"29/01/2024";"08:40:00";"662";"Com vítima";"230,000";"BR-116/SP";"Decrescente";"Colisão traseira";0;0;0;0;0;0;0;0;0;0;2;1;0;0;0
"29/01/2024";"08:46:00";"663";"Sem vítima";"218,000";"BR-116/SP";"Crescente";"Colisão traseira";0;0;0;0;0;0;0;0;0;0;1;0;0;0;0
"30/01/2024";"12:13:00";"35";"Com vítima";"384,500";"BR-101/SP";"Decrescente";"Atropelamento de pedestre";0;0;0;0;0;0;0;0;0;0;0;0;0;0;0
"30/01/2024";"01:42:00";"44";"Sem vítima";"188,500";"BR-116/SP";"Crescente";"Choque";0;0;0;0;0;0;0;0;0;0;1;0;0;0;0
"30/01/2024";"01:50:00";"47";"Sem vítima";"93,500";"BR-116/SP";"Decrescente";"Atropelamento de pedestre";0;0;0;0;0;0;0;0;0;0;1;0;0;0;0
"30/01/2024";"04:47:00";"149";"Com vítima";"222,300";"BR-116/SP";"Crescente";"Acidentes de outra natureza";0;0;0;0;0;0;0;0;0;0;0;1;0;0;0
"30/01/2024";"06:07:00";"211";"Sem vítima";"147,000";"BR-116/SP";"Crescente";"Colisão lateral em sentido contrário";0;0;0;0;0;0;0;0;0;0;2;0;0;0;0
"30/01/2024";"06:09:00";"212";"Sem vítima";"227,000";"BR-116/SP";"Crescente";"Colisão lateral em sentido contrário";0;0;0;0;0;0;0;0;0;0;2;0;0;0;0
"30/01/2024";"06:23:00";"220";"Sem vítima";"514,000";"BR-101/SP";"Crescente";"Colisão frontal";0;0;0;0;0;0;0;0;0;0;5;0;0;0;0
"30/01/2024";"07:52:00";"285";"Com vítima";"225,000";"BR-116/SP";"Crescente";"Engavetamento";0;0;0;0;0;0;0;0;0;0;5;0;0;1;0
"30/01/2024";"09:24:00";"334";"Sem vítima";"143,000";"BR-116/SP";"Decrescente";"Colisão lateral em sentido contrário";0;0;0;0;0;0;0;0;0;0;3;0;0;0;0
"30/01/2024";"09:54:00";"352";"Sem vítima";"219,000";"BR-116/SP";"Crescente";"Colisão traseira";0;0;0;0;0;0;0;0;0;0;2;0;0;0;0
"30/01/2024";"10:24:00";"377";"Sem vítima";"139,000";"BR-116/SP";"Crescente";"Colisão traseira";0;0;0;0;0;0;0;0;0;0;2;0;0;0;0
"30/01/2024";"10:33:00";"381";"Com vítima";"226,000";"BR-116/SP";"Crescente";"Acidentes de outra natureza";0;0;0;0;0;0;0;0;0;0;0;1;0;0;0
"30/01/2024";"11:30:00";"406";"Com vítima";"111,000";"BR-116/SP";"Crescente";"Colisão lateral em sentido contrário";0;0;0;0;0;0;0;0;0;0;0;1;0;0;0
"30/01/2024";"01:29:00";"475";"Sem vítima";"114,000";"BR-116/SP";"Crescente";"Colisão lateral em sentido contrário";0;0;0;0;0;0;0;0;0;0;3;0;0;0;0
"30/01/2024";"01:42:00";"478";"Com vítima";"40,000";"BR-101/SP";"Crescente";"Colisão lateral em sentido contrário";0;0;0;0;0;0;0;0;0;0;4;1;0;0;0
"30/01/2024";"01:52:00";"485";"Sem vítima";"159,300";"BR-116/SP";"Decrescente";"Colisão traseira";0;0;0;0;0;0;0;0;0;0;4;0;0;0;0
"30/01/2024";"04:00:00";"558";"Com vítima";"418,000";"BR-101/SP";"Crescente";"Colisão lateral em sentido contrário";0;0;0;0;0;0;0;0;0;0;1;1;0;0;0
"30/01/2024";"04:26:00";"576";"Sem vítima";"212,000";"BR-116/SP";"Decrescente";"Choque";0;0;0;0;0;0;0;0;0;0;1;0;0;0;0
"30/01/2024";"05:23:00";"603";"Com vítima";"216,600";"BR-116/SP";"Crescente";"Capotamento";0;0;0;0;0;0;0;0;0;0;0;1;0;0;0
"30/01/2024";"05:30:00";"610";"Sem vítima";"150,000";"BR-116/SP";"Decrescente";"Engavetamento";0;0;0;0;0;0;0;0;0;0;4;0;0;0;0
"30/01/2024";"05:33:00";"613";"Sem vítima";"272,000";"BR-116/SP";"Crescente";"Choque";0;0;0;0;0;0;0;0;0;0;1;0;0;0;0
"30/01/2024";"06:53:00";"643";"Com vítima";"394,000";"BR-101/SP";"Decrescente";"Atropelamento de pedestre";0;0;0;0;0;0;0;0;0;0;1;1;0;0;0
"30/01/2024";"07:22:00";"653";"Sem vítima";"71,000";"BR-116/SP";"Crescente";"Colisão traseira";0;0;0;0;0;0;0;0;0;0;0;0;0;0;0
"30/01/2024";"07:31:00";"659";"Com vítima";"46,000";"BR-101/SP";"Crescente";"Colisão frontal";0;0;0;0;0;0;0;0;0;0;0;0;1;0;0
"30/01/2024";"08:03:00";"667";"Sem vítima";"276,000";"BR-116/SP";"Crescente";"Colisão traseira";0;0;0;0;0;0;0;0;0;0;2;0;0;0;0
"30/01/2024";"09:00:00";"420";"Sem vítima";"278,000";"BR-116/SP";"Decrescente";"Colisão lateral em sentido contrário";0;0;0;0;0;0;0;0;0;0;6;0;0;0;0
"30/01/2024";"10:59:00";"51";"Sem vítima";"484,000";"BR-101/SP";"Crescente";"Choque";0;0;0;0;0;0;0;0;0;0;1;0;0;0;0
"31/01/2024";"04:30:00";"173";"Sem vítima";"229,000";"BR-116/SP";"Decrescente";"Choque";0;0;0;0;0;0;0;0;0;0;1;0;0;0;0
"31/01/2024";"04:59:00";"198";"Com vítima";"214,000";"BR-116/SP";"Crescente";"Acidentes de outra natureza";0;0;0;0;0;0;0;0;0;0;0;2;0;0;0
"31/01/2024";"05:16:00";"205";"Sem vítima";"160,000";"BR-116/SP";"Decrescente";"Colisão lateral em sentido contrário";0;0;0;0;0;0;0;0;0;0;5;0;0;0;0
"31/01/2024";"09:57:00";"363";"Sem vítima";"278,800";"BR-116/SP";"Decrescente";"Tombamento";0;0;0;0;0;0;0;0;0;0;1;0;0;0;0
"31/01/2024";"11:47:00";"417";"Sem vítima";"214,100";"BR-116/SP";"Crescente";"Colisão lateral em sentido contrário";0;0;0;0;0;0;0;0;0;0;2;0;0;0;0
"31/01/2024";"01:01:00";"452";"Sem vítima";"96,000";"BR-116/SP";"Crescente";"Choque";0;0;0;0;0;0;0;0;0;0;1;0;0;0;0
"31/01/2024";"01:11:00";"458";"Sem vítima";"486,000";"BR-101/SP";"Decrescente";"Colisão traseira";0;0;0;0;0;0;0;0;0;0;2;0;0;0;0
"31/01/2024";"01:16:00";"460";"Com vítima";"225,500";"BR-116/SP";"Decrescente";"Acidentes de outra natureza";0;0;0;0;0;0;0;0;0;0;0;2;0;0;0
"31/01/2024";"01:24:00";"463";"Sem vítima";"433,000";"BR-101/SP";"Decrescente";"Colisão traseira";0;0;0;0;0;0;0;0;0;0;4;0;0;0;0
"31/01/2024";"02:15:00";"481";"Com vítima";"209,000";"BR-116/SP";"Decrescente";"Engavetamento";0;0;0;0;0;0;0;0;0;0;2;2;0;0;0
"31/01/2024";"02:51:00";"490";"Com vítima";"219,250";"BR-116/SP";"Crescente";"Colisão lateral em sentido contrário";0;0;0;0;0;0;0;0;0;0;1;1;0;0;0
"31/01/2024";"03:21:00";"508";"Com vítima";"226,000";"BR-116/SP";"Decrescente";"Acidentes de outra natureza";0;0;0;0;0;0;0;0;0;0;0;1;0;0;0
"31/01/2024";"03:34:00";"520";"Com vítima";"422,000";"BR-101/SP";"Decrescente";"Colisão lateral em sentido contrário";0;0;0;0;0;0;0;0;0;0;18;1;0;0;0
"31/01/2024";"05:02:00";"560";"Sem vítima";"403,000";"BR-101/SP";"Crescente";"Choque";0;0;0;0;0;0;0;0;0;0;1;0;0;0;0
"31/01/2024";"05:35:00";"566";"Sem vítima";"219,000";"BR-116/SP";"Decrescente";"Engavetamento";0;0;0;0;0;0;0;0;0;0;4;0;0;0;0
"31/01/2024";"06:38:00";"586";"Sem vítima";"225,000";"BR-116/SP";"Decrescente";"Acidentes de outra natureza";0;0;0;0;0;0;0;0;0;0;1;0;0;0;0
"31/01/2024";"06:56:00";"593";"Com vítima";"219,000";"BR-116/SP";"Decrescente";"Engavetamento";0;0;0;0;0;0;0;0;0;0;2;1;0;0;0
"31/01/2024";"09:00:00";"415";"Sem vítima";"272,000";"BR-116/SP";"Crescente";"Choque";0;0;0;0;0;0;0;0;0;0;1;0;0;0;0
"31/01/2024";"11:42:00";"37";"Sem vítima";"329,000";"BR-116/SP";"Decrescente";"Choque";0;0;0;0;0;0;0;0;0;0;0;0;0;0;0
"01/02/2024";"02:37:00";"75";"Sem vítima";"271,000";"BR-116/SP";"Decrescente";"Colisão traseira";0;0;0;0;0;0;0;0;0;0;2;0;0;0;0
"01/02/2024";"02:44:00";"78";"Sem vítima";"231,000";"BR-116/SP";"Decrescente";"Choque";0;0;0;0;0;0;0;0;0;0;1;0;0;0;0
"01/02/2024";"02:46:00";"80";"Com vítima";"210,000";"BR-116/SP";"Crescente";"Colisão lateral em sentido contrário";0;0;0;0;0;0;0;0;0;0;1;1;0;0;0
"01/02/2024";"03:18:00";"101";"Sem vítima";"209,000";"BR-116/SP";"Crescente";"Colisão lateral em sentido contrário";0;0;0;0;0;0;0;0;0;0;0;0;0;0;0