data;horario;n_da_ocorrencia;tipo_de_ocorrencia;km;trecho;sentido;tipo_de_acidente;automovel;bicicleta;caminhao;moto;onibus;outros;tracao_animal;transporte_de_cargas_especiais;trator_maquinas;utilitarios;ilesos;levemente_feridos;moderadamente_feridos;gravemente_feridos;mortos
"01/02/2024";"03:40:00";"113";"Sem vítima";"139,000";"BR-116/SP";"Decrescente";"Acidentes de outra natureza";0;0;0;0;0;0;0;0;0;0;0;0;0;0;0
"01/02/2024";"03:59:00";"123";"Sem vítima";"235,000";"BR-116/SP";"Decrescente";"Colisão lateral em sentido contrário";0;0;0;0;0;0;0;0;0;0;1;0;0;0;0
"01/02/2024";"03:59:00";"124";"Com vítima";"208,200";"BR-116/SP";"Crescente";"Colisão traseira";0;0;0;0;0;0;0;0;0;0;1;0;1;0;0
"01/02/2024";"10:04:00";"313";"Com vítima";"152,000";"BR-116/SP";"Crescente";"Colisão traseira";0;0;0;0;0;0;0;0;0;0;2;1;0;0;0
"01/02/2024";"12:05:00";"370";"Sem vítima";"231,000";"BR-116/SP";"Decrescente";"Colisão traseira";0;0;0;0;0;0;0;0;0;0;4;0;0;0;0
"01/02/2024";"01:20:00";"409";"Com vítima";"386,000";"BR-101/SP";"Crescente";"Atropelamento de pedestre";0;0;0;0;0;0;0;0;0;0;1;0;0;0;0
"01/02/2024";"02:30:00";"451";"Com vítima";"99,500";"BR-116/SP";"Crescente";"Acidentes de outra natureza";0;0;0;0;0;0;0;0;0;0;0;0;1;0;0
"01/02/2024";"02:38:00";"454";"Com vítima";"211,000";"BR-116/SP";"Crescente";"Colisão traseira";0;0;0;0;0;0;0;0;0;0;1;1;0;0;0
"01/02/2024";"02:49:00";"458";"Sem vítima";"118,000";"BR-116/SP";"Crescente";"Choque";0;0;0;0;0;0;0;0;0;0;1;0;0;0;0
"01/02/2024";"03:01:00";"467";"Sem vítima";"334,400";"BR-116/SP";"Crescente";"Choque";0;0;0;0;0;0;0;0;0;0;2;0;0;0;0
"01/02/2024";"03:09:00";"474";"Sem vítima";"154,200";"BR-116/SP";"Crescente";"Colisão traseira";0;0;0;0;0;0;0;0;0;0;2;0;0;0;0
"01/02/2024";"03:36:00";"484";"Com vítima";"570,000";"BR-101/SP";"Decrescente";"Colisão frontal";0;0;0;0;0;0;0;0;0;0;1;1;0;0;0
"01/02/2024";"05:35:00";"542";"Sem vítima";"524,000";"BR-101/SP";"Crescente";"Choque";0;0;0;0;0;0;0;0;0;0;3;0;0;0;0
"01/02/2024";"05:57:00";"547";"Com vítima";"156,200";"BR-116/SP";"Crescente";"Choque";0;0;0;0;0;0;0;0;0;0;0;1;0;0;0
"01/02/2024";"09:00:00";"72";"Sem vítima";"204,500";"BR-116/SP";"Crescente";"Colisão traseira";0;0;0;0;0;0;0;0;0;0;1;0;0;0;0
"01/02/2024";"09:00:00";"326";"Com vítima";"161,600";"BR-116/SP";"Decrescente";"Engavetamento";0;0;0;0;0;0;0;0;0;0;2;1;0;0;0
"02/02/2024";"01:45:00";"67";"Sem vítima";"61,900";"BR-116/SP";"Crescente";"Colisão traseira";0;0;0;0;0;0;0;0;0;0;1;0;0;0;0
"02/02/2024";"02:16:00";"75";"Sem vítima";"142,000";"BR-116/SP";"Crescente";"Choque";0;0;0;0;0;0;0;0;0;0;7;0;0;0;0
"02/02/2024";"04:24:00";"143";"Com vítima";"145,000";"BR-116/SP";"Crescente";"Colisão traseira";0;0;0;0;0;0;0;0;0;0;0;2;0;0;0
"02/02/2024";"05:29:00";"190";"Com vítima";"229,000";"BR-116/SP";"Crescente";"Colisão traseira";0;0;0;0;0;0;0;0;0;0;2;1;0;0;0
"02/02/2024";"06:28:00";"208";"Com vítima";"210,000";"BR-116/SP";"Crescente";"Engavetamento";0;0;0;0;0;0;0;0;0;0;1;1;0;0;0
"02/02/2024";"06:28:00";"222";"Sem vítima";"210,000";"BR-116/SP";"Decrescente";"Colisão traseira";0;0;0;0;0;0;0;0;0;0;0;0;0;0;0
"02/02/2024";"07:01:00";"246";"Sem vítima";"407,000";"BR-101/SP";"Crescente";"Colisão lateral em sentido contrário";0;0;0;0;0;0;0;0;0;0;4;0;0;0;0
"02/02/2024";"08:00:00";"306";"Sem vítima";"70,800";"BR-116/SP";"Decrescente";"Capotamento";0;0;0;0;0;0;0;0;0;0;1;0;0;0;0
"02/02/2024";"08:08:00";"268";"Com vítima";"400,000";"BR-101/SP";"Decrescente";"Capotamento";0;0;0;0;0;0;0;0;0;0;0;0;0;0;1
"02/02/2024";"09:19:00";"313";"Sem vítima";"155,000";"BR-116/SP";"Crescente";"Colisão lateral em sentido contrário";0;0;0;0;0;0;0;0;0;0;2;0;0;0;0
"02/02/2024";"09:28:00";"319";"Sem vítima";"70,000";"BR-116/SP";"Decrescente";"Choque";0;0;0;0;0;0;0;0;0;0;1;0;0;0;0
"02/02/2024";"09:33:00";"322";"Sem vítima";"27,900";"BR-116/SP";"Crescente";"Choque";0;0;0;0;0;0;0;0;0;0;1;0;0;0;0
"02/02/2024";"09:46:00";"330";"Com vítima";"214,000";"BR-116/SP";"Decrescente";"Colisão traseira";0;0;0;0;0;0;0;0;0;0;2;1;0;0;0
"02/02/2024";"12:17:00";"398";"Sem vítima";"106,000";"BR-116/SP";"Crescente";"Engavetamento";0;0;0;0;0;0;0;0;0;0;10;0;0;0;0
"02/02/2024";"12:29:00";"404";"Sem vítima";"295,000";"BR-116/SP";"Crescente";"Choque";0;0;0;0;0;0;0;0;0;0;1;0;0;0;0
"02/02/2024";"12:38:00";"408";"Sem vítima";"112,800";"BR-116/SP";"Crescente";"Colisão lateral em sentido contrário";0;0;0;0;0;0;0;0;0;0;3;0;0;0;0
"02/02/2024";"12:50:00";"413";"Com vítima";"541,000";"BR-101/SP";"Decrescente";"Capotamento";0;0;0;0;0;0;0;0;0;0;0;1;0;0;0
"02/02/2024";"01:05:00";"417";"Sem vítima";"557,000";"BR-101/SP";"Crescente";"Capotamento";0;0;0;0;0;0;0;0;0;0;1;0;0;0;0
"02/02/2024";"01:40:00";"437";"Sem vítima";"106,700";"BR-116/SP";"Crescente";"Engavetamento";0;0;0;0;0;0;0;0;0;0;2;0;0;0;0
"02/02/2024";"01:52:00";"438";"Sem vítima";"528,000";"BR-101/SP";"Crescente";"Choque";0;0;0;0;0;0;0;0;0;0;1;0;0;0;0
"02/02/2024";"02:09:00";"447";"Com vítima";"101,800";"BR-116/SP";"Crescente";"Acidentes de outra natureza";0;0;0;0;0;0;0;0;0;0;0;2;0;0;0
"02/02/2024";"03:52:00";"505";"Sem vítima";"181,000";"BR-116/SP";"Decrescente";"Choque";0;0;0;0;0;0;0;0;0;0;1;0;0;0;0
"02/02/2024";"04:22:00";"527";"Com vítima";"223,000";"BR-116/SP";"Crescente";"Colisão traseira";0;0;0;0;0;0;0;0;0;0;1;1;0;0;0
"02/02/2024";"05:03:00";"540";"Com vítima";"147,300";"BR-116/SP";"Decrescente";"Colisão lateral em sentido contrário";0;0;0;0;0;0;0;0;0;0;0;1;0;0;0
"02/02/2024";"05:34:00";"552";"Sem vítima";"224,000";"BR-116/SP";"Decrescente";"Engavetamento";0;0;0;0;0;0;0;0;0;0;8;0;0;0;0
"02/02/2024";"06:01:00";"569";"Com vítima";"278,700";"BR-116/SP";"Crescente";"Choque";0;0;0;0;0;0;0;0;0;0;0;0;2;0;0
"02/02/2024";"06:06:00";"570";"Com vítima";"75,300";"BR-116/SP";"Crescente";"Acidentes de outra natureza";0;0;0;0;0;0;0;0;0;0;0;0;1;0;0
"02/02/2024";"06:47:00";"588";"Sem vítima";"229,000";"BR-116/SP";"Decrescente";"Colisão lateral em sentido contrário";0;0;0;0;0;0;0;0;0;0;6;0;0;0;0
"02/02/2024";"08:00:00";"610";"Sem vítima";"481,000";"BR-101/SP";"Decrescente";"Choque";0;0;0;0;0;0;0;0;0;0;2;0;0;0;0
"02/02/2024";"09:02:00";"20";"Sem vítima";"180,500";"BR-116/SP";"Crescente";"Choque";0;0;0;0;0;0;0;0;0;0;2;0;0;0;0
"02/02/2024";"09:17:00";"25";"Com vítima";"322,000";"BR-116/SP";"Decrescente";"Atropelamento de pedestre";0;0;0;0;0;0;0;0;0;0;1;0;0;0;0
"02/02/2024";"09:50:00";"33";"Sem vítima";"222,000";"BR-116/SP";"Crescente";"Colisão lateral em sentido contrário";0;0;0;0;0;0;0;0;0;0;1;0;0;0;0
"02/02/2024";"09:54:00";"545";"Com vítima";"503,000";"BR-101/SP";"Decrescente";"Colisão frontal";0;0;0;0;0;0;0;0;0;0;0;0;0;1;2
"03/02/2024";"03:51:00";"105";"Sem vítima";"218,100";"BR-116/SP";"Decrescente";"Colisão traseira";0;0;0;0;0;0;0;0;0;0;5;0;0;0;0
"03/02/2024";"06:32:00";"191";"Sem vítima";"46,000";"BR-101/SP";"Decrescente";"Colisão traseira";0;0;0;0;0;0;0;0;0;0;3;0;0;0;0
"03/02/2024";"09:05:00";"276";"Sem vítima";"148,100";"BR-116/SP";"Decrescente";"Choque";0;0;0;0;0;0;0;0;0;0;1;0;0;0;0
"03/02/2024";"11:27:00";"359";"Sem vítima";"189,100";"BR-116/SP";"Crescente";"Choque";0;0;0;0;0;0;0;0;0;0;4;0;0;0;0
"03/02/2024";"11:53:00";"373";"Com vítima";"493,000";"BR-101/SP";"Decrescente";"Acidentes de outra natureza";0;0;0;0;0;0;0;0;0;0;0;0;1;0;0
"03/02/2024";"04:24:00";"494";"Com vítima";"137,000";"BR-116/SP";"Decrescente";"Atropelamento de pedestre";0;0;0;0;0;0;0;0;0;0;0;0;0;0;0
"03/02/2024";"06:15:00";"525";"Sem vítima";"41,000";"BR-116/SP";"Crescente";"Capotamento";0;0;0;0;0;0;0;0;0;0;1;0;0;0;0
"03/02/2024";"08:50:00";"560";"Sem vítima";"212,800";"BR-116/SP";"Crescente";"Choque";0;0;0;0;0;0;0;0;0;0;2;0;0;0;0
"03/02/2024";"10:09:00";"34";"Com vítima";"230,800";"BR-116/SP";"Crescente";"Colisão lateral em sentido contrário";0;0;0;0;0;0;0;0;0;0;2;0;1;0;0
"03/02/2024";"11:15:00";"41";"Com vítima";"3,500";"BR-116/SP";"Decrescente";"Choque";0;0;0;0;0;0;0;0;0;0;37;0;0;1;0
"04/02/2024";"01:01:00";"56";"Sem vítima";"476,000";"BR-101/SP";"Crescente";"Capotamento";0;0;0;0;0;0;0;0;0;0;1;0;0;0;0
"04/02/2024";"02:03:00";"61";"Com vítima";"523,000";"BR-101/SP";"Decrescente";"Capotamento";0;0;0;0;0;0;0;0;0;0;0;0;2;0;0
"04/02/2024";"07:49:00";"208";"Sem vítima";"276,600";"BR-116/SP";"Crescente";"Engavetamento";0;0;0;0;0;0;0;0;0;0;5;0;0;0;0
"04/02/2024";"09:07:00";"244";"Com vítima";"53,900";"BR-116/SP";"Decrescente";"Engavetamento";0;0;0;0;0;0;0;0;0;0;6;1;0;0;0
"04/02/2024";"09:23:00";"247";"Com vítima";"54,300";"BR-116/SP";"Decrescente";"Engavetamento";0;0;0;0;0;0;0;0;0;0;3;2;0;0;0
"04/02/2024";"10:04:00";"262";"Sem vítima";"226,000";"BR-116/SP";"Crescente";"Colisão traseira";0;0;0;0;0;0;0;0;0;0;4;0;0;0;0
"04/02/2024";"11:18:00";"287";"Com vítima";"150,400";"BR-116/SP";"Crescente";"Choque";0;0;0;0;0;0;0;0;0;0;0;1;0;0;0
"04/02/2024";"11:28:00";"291";"Sem vítima";"123,200";"BR-116/SP";"Crescente";"Choque";0;0;0;0;0;0;0;0;0;0;5;0;0;0;0
"04/02/2024";"11:32:00";"292";"Com vítima";"308,200";"BR-116/SP";"Decrescente";"Capotamento";0;0;0;0;0;0;0;0;0;0;0;0;1;0;0
"04/02/2024";"11:45:00";"301";"Sem vítima";"570,000";"BR-101/SP";"Decrescente";"Choque";0;0;0;0;0;0;0;0;0;0;2;0;0;0;0
"04/02/2024";"12:22:00";"309";"Com vítima";"564,000";"BR-101/SP";"Crescente";"Choque";0;0;0;0;0;0;0;0;0;0;0;1;0;0;0
"04/02/2024";"01:00:00";"326";"Sem vítima";"570,000";"BR-101/SP";"Decrescente";"Choque";0;0;0;0;0;0;0;0;0;0;1;0;0;0;0
"04/02/2024";"01:14:00";"333";"Com vítima";"236,000";"BR-116/SP";"Decrescente";"Choque";0;0;0;0;0;0;0;0;0;0;1;2;0;0;0
"04/02/2024";"01:18:00";"336";"Sem vítima";"263,450";"BR-116/SP";"Decrescente";"Choque";0;0;0;0;0;0;0;0;0;0;0;0;0;0;0
"04/02/2024";"01:31:00";"344";"Com vítima";"157,000";"BR-116/SP";"Crescente";"Choque";0;0;0;0;0;0;0;0;0;0;0;1;4;0;0
"04/02/2024";"03:04:00";"379";"Sem vítima";"145,000";"BR-116/SP";"Crescente";"Acidentes de outra natureza";0;0;0;0;0;0;0;0;0;0;2;0;0;0;0
"04/02/2024";"03:12:00";"382";"Sem vítima";"155,000";"BR-116/SP";"Crescente";"Colisão lateral em sentido contrário";0;0;0;0;0;0;0;0;0;0;2;0;0;0;0
"04/02/2024";"05:40:00";"443";"Sem vítima";"448,000";"BR-101/SP";"Crescente";"Choque";0;0;0;0;0;0;0;0;0;0;1;0;0;0;0
"04/02/2024";"06:39:00";"462";"Com vítima";"211,800";"BR-116/SP";"Crescente";"Atropelamento de pedestre";0;0;0;0;0;0;0;0;0;0;0;0;0;0;0
"04/02/2024";"09:22:00";"22";"Com vítima";"202,500";"BR-116/SP";"Decrescente";"Colisão lateral em sentido contrário";0;0;0;0;0;0;0;0;0;0;1;0;1;0;0
"05/02/2024";"03:28:00";"96";"Com vítima";"218,900";"BR-116/SP";"Crescente";"Colisão lateral em sentido contrário";0;0;0;0;0;0;0;0;0;0;2;2;1;0;0
"05/02/2024";"03:29:00";"98";"Sem vítima";"595,000";"BR-101/SP";"Crescente";"Choque";0;0;0;0;0;0;0;0;0;0;2;0;0;0;0
"05/02/2024";"04:46:00";"158";"Sem vítima";"160,300";"BR-116/SP";"Decrescente";"Colisão lateral em sentido contrário";0;0;0;0;0;0;0;0;0;0;2;0;0;0;0
"05/02/2024";"05:35:00";"195";"Com vítima";"222,800";"BR-116/SP";"Crescente";"Acidentes de outra natureza";0;0;0;0;0;0;0;0;0;0;0;1;0;0;0
"05/02/2024";"05:45:00";"202";"Com vítima";"273,300";"BR-116/SP";"Decrescente";"Acidentes de outra natureza";0;0;0;0;0;0;0;0;0;0;0;1;1;0;0
"05/02/2024";"06:20:00";"225";"Sem vítima";"64,200";"BR-116/SP";"Crescente";"Choque";0;0;0;0;0;0;0;0;0;0;3;0;0;0;0
"05/02/2024";"06:21:00";"223";"Com vítima";"211,000";"BR-116/SP";"Crescente";"Colisão traseira";0;0;0;0;0;0;0;0;0;0;0;1;0;0;0
"05/02/2024";"07:54:00";"282";"Sem vítima";"209,000";"BR-116/SP";"Crescente";"Colisão lateral em sentido contrário";0;0;0;0;0;0;0;0;0;0;4;0;0;0;0
"05/02/2024";"10:11:00";"348";"Sem vítima";"564,000";"BR-101/SP";"Decrescente";"Capotamento";0;0;0;0;0;0;0;0;0;0;1;0;0;0;0
"05/02/2024";"10:50:00";"369";"Com vítima";"221,400";"BR-116/SP";"Crescente";"Colisão lateral em sentido contrário";0;0;0;0;0;0;0;0;0;0;1;0;1;0;0
"05/02/2024";"11:32:00";"394";"Sem vítima";"251,000";"BR-116/SP";"Crescente";"Colisão traseira";0;0;0;0;0;0;0;0;0;0;0;0;0;0;0
"05/02/2024";"02:47:00";"489";"Com vítima";"316,300";"BR-116/SP";"Decrescente";"Colisão traseira";0;0;0;0;0;0;0;0;0;0;0;3;0;0;0
"05/02/2024";"03:32:00";"520";"Com vítima";"574,000";"BR-101/SP";"Crescente";"Colisão lateral em sentido contrário";0;0;0;0;0;0;0;0;0;0;1;1;0;0;0
"05/02/2024";"03:57:00";"536";"Sem vítima";"142,300";"BR-116/SP";"Crescente";"Colisão traseira";0;0;0;0;0;0;0;0;0;0;3;0;0;0;0
"05/02/2024";"06:28:00";"611";"Com vítima";"567,000";"BR-101/SP";"Decrescente";"Colisão traseira";0;0;0;0;0;0;0;0;0;0;0;2;0;0;0
"06/02/2024";"01:22:00";"59";"Com vítima";"74,500";"BR-116/SP";"Decrescente";"Acidentes de outra natureza";0;0;0;0;0;0;0;0;0;0;0;0;1;0;0
"06/02/2024";"02:26:00";"73";"Sem vítima";"224,000";"BR-116/SP";"Crescente";"Engavetamento";0;0;0;0;0;0;0;0;0;0;2;0;0;0;0
"06/02/2024";"04:05:00";"130";"Com vítima";"223,000";"BR-116/SP";"Crescente";"Colisão lateral em sentido contrário";0;0;0;0;0;0;0;0;0;0;2;2;0;0;0
"06/02/2024";"04:12:00";"135";"Com vítima";"385,000";"BR-101/SP";"Decrescente";"Choque";0;0;0;0;0;0;0;0;0;0;0;1;0;0;0
"06/02/2024";"04:39:00";"159";"Com vítima";"161,000";"BR-116/SP";"Decrescente";"Colisão traseira";0;0;0;0;0;0;0;0;0;0;1;1;0;0;0
"06/02/2024";"05:05:00";"178";"Com vítima";"218,800";"BR-116/SP";"Crescente";"Colisão traseira";0;0;0;0;0;0;0;0;0;0;0;1;0;0;0
"06/02/2024";"05:52:00";"195";"Com vítima";"222,900";"BR-116/SP";"Crescente";"Colisão lateral em sentido contrário";0;0;0;0;0;0;0;0;0;0;1;2;0;0;0
"06/02/2024";"07:08:00";"237";"Sem vítima";"423,500";"BR-101/SP";"Crescente";"Choque";0;0;0;0;0;0;0;0;0;0;2;0;0;0;0
"06/02/2024";"07:41:00";"258";"Sem vítima";"139,000";"BR-116/SP";"Crescente";"Choque";0;0;0;0;0;0;0;0;0;0;2;0;0;0;0
"06/02/2024";"08:42:00";"293";"Sem vítima";"64,000";"BR-116/SP";"Decrescente";"Colisão lateral em sentido contrário";0;0;0;0;0;0;0;0;0;0;2;0;0;0;0
"06/02/2024";"08:59:00";"303";"Sem vítima";"223,000";"BR-116/SP";"Crescente";"Choque";0;0;0;0;0;0;0;0;0;0;1;0;0;0;0
"06/02/2024";"09:02:00";"304";"Com vítima";"226,800";"BR-116/SP";"Crescente";"Choque";0;0;0;0;0;0;0;0;0;0;1;1;0;0;0
"06/02/2024";"10:30:00";"355";"Com vítima";"554,000";"BR-101/SP";"Crescente";"Acidentes de outra natureza";0;0;0;0;0;0;0;0;0;0;0;2;0;0;0
"06/02/2024";"11:42:00";"398";"Sem vítima";"145,400";"BR-116/SP";"Decrescente";"Choque";0;0;0;0;0;0;0;0;0;0;2;0;0;0;0
"06/02/2024";"01:01:00";"432";"Sem vítima";"384,000";"BR-101/SP";"Decrescente";"Colisão lateral em sentido contrário";0;0;0;0;0;0;0;0;0;0;0;0;0;0;0
"06/02/2024";"01:14:00";"436";"Com vítima";"53,000";"BR-116/SP";"Crescente";"Acidentes de outra natureza";0;0;0;0;0;0;0;0;0;0;0;0;0;1;0
"06/02/2024";"01:15:00";"438";"Sem vítima";"11,000";"BR-116/SP";"Decrescente";"Choque";0;0;0;0;0;0;0;0;0;0;0;0;0;0;0
"06/02/2024";"01:43:00";"455";"Com vítima";"453,000";"BR-101/SP";"Crescente";"Colisão lateral em sentido contrário";0;0;0;0;0;0;0;0;0;0;1;1;0;0;0
"06/02/2024";"02:45:00";"489";"Com vítima";"215,000";"BR-116/SP";"Decrescente";"Colisão lateral em sentido contrário";0;0;0;0;0;0;0;0;0;0;1;1;0;0;0
"06/02/2024";"02:58:00";"497";"Com vítima";"106,000";"BR-116/SP";"Decrescente";"Colisão lateral em sentido contrário";0;0;0;0;0;0;0;0;0;0;1;0;1;0;0
"06/02/2024";"07:32:00";"636";"Sem vítima";"123,200";"BR-116/SP";"Decrescente";"Choque";0;0;0;0;0;0;0;0;0;0;1;0;0;0;0
"06/02/2024";"09:00:00";"35";"Com vítima";"58,900";"BR-116/SP";"Crescente";"Colisão traseira";0;0;0;0;0;0;0;0;0;0;2;1;1;0;0
"06/02/2024";"09:24:00";"22";"Com vítima";"222,600";"BR-116/SP";"Decrescente";"Colisão traseira";0;0;0;0;0;0;0;0;0;0;1;2;0;0;0
"07/02/2024";"02:32:00";"76";"Com vítima";"104,900";"BR-116/SP";"Crescente";"Acidentes de outra natureza";0;0;0;0;0;0;0;0;0;0;0;0;1;0;0
"07/02/2024";"04:54:00";"195";"Sem vítima";"292,000";"BR-116/SP";"Decrescente";"Atropelamento de pedestre";0;0;0;0;0;0;0;0;0;0;1;0;0;0;0
"07/02/2024";"05:21:00";"213";"Sem vítima";"306,000";"BR-116/SP";"Crescente";"Engavetamento";0;0;0;0;0;0;0;0;0;0;1;0;0;0;0
"07/02/2024";"05:35:00";"233";"Com vítima";"220,100";"BR-116/SP";"Crescente";"Colisão lateral em sentido contrário";0;0;0;0;0;0;0;0;0;0;2;2;0;0;0
"07/02/2024";"06:19:00";"263";"Com vítima";"218,500";"BR-116/SP";"Crescente";"Engavetamento";0;0;0;0;0;0;0;0;0;0;1;1;0;0;0
"07/02/2024";"07:16:00";"298";"Com vítima";"218,600";"BR-116/SP";"Crescente";"Engavetamento";0;0;0;0;0;0;0;0;0;0;2;0;1;0;0
"07/02/2024";"08:53:00";"345";"Sem vítima";"227,300";"BR-116/SP";"Decrescente";"Tombamento";0;0;0;0;0;0;0;0;0;0;1;0;0;0;0
"07/02/2024";"09:43:00";"359";"Sem vítima";"209,000";"BR-116/SP";"Decrescente";"Colisão traseira";0;0;0;0;0;0;0;0;0;0;2;0;0;0;0
"07/02/2024";"10:29:00";"383";"Com vítima";"147,000";"BR-116/SP";"Crescente";"Engavetamento";0;0;0;0;0;0;0;0;0;0;1;1;0;0;0
"07/02/2024";"10:33:00";"386";"Com vítima";"504,000";"BR-101/SP";"Decrescente";"Atropelamento de pedestre";0;0;0;0;0;0;0;0;0;0;2;0;0;0;0
"07/02/2024";"10:39:00";"389";"Com vítima";"222,000";"BR-116/SP";"Crescente";"Acidentes de outra natureza";0;0;0;0;0;0;0;0;0;0;0;1;0;0;0
"07/02/2024";"12:34:00";"453";"Com vítima";"227,000";"BR-116/SP";"Crescente";"Choque";0;0;0;0;0;0;0;0;0;0;0;0;1;0;0
"07/02/2024";"01:31:00";"484";"Com vítima";"443,000";"BR-101/SP";"Decrescente";"Acidentes de outra natureza";0;0;0;0;0;0;0;0;0;0;0;0;0;0;1
"07/02/2024";"01:56:00";"494";"Sem vítima";"134,000";"BR-116/SP";"Decrescente";"Choque";0;0;0;0;0;0;0;0;0;0;0;0;0;0;0
"07/02/2024";"03:25:00";"547";"Sem vítima";"479,000";"BR-101/SP";"Crescente";"Engavetamento";0;0;0;0;0;0;0;0;0;0;2;0;0;0;0
"07/02/2024";"04:08:00";"573";"Sem vítima";"281,500";"BR-116/SP";"Crescente";"Colisão lateral em sentido contrário";0;0;0;0;0;0;0;0;0;0;2;0;0;0;0
"07/02/2024";"06:20:00";"634";"Sem vítima";"169,000";"BR-116/SP";"Decrescente";"Colisão traseira";0;0;0;0;0;0;0;0;0;0;1;0;0;0;0
"07/02/2024";"06:48:00";"642";"Sem vítima";"229,500";"BR-116/SP";"Decrescente";"Capotamento";0;0;0;0;0;0;0;0;0;0;1;0;0;0;0
"07/02/2024";"08:36:00";"674";"Com vítima";"50,000";"BR-101/SP";"Crescente";"Colisão lateral em sentido contrário";0;0;0;0;0;0;0;0;0;0;3;1;0;0;0
"08/02/2024";"04:47:00";"165";"Com vítima";"210,500";"BR-116/SP";"Crescente";"Acidentes de outra natureza";0;0;0;0;0;0;0;0;0;0;0;1;0;0;0
"08/02/2024";"04:58:00";"176";"Sem vítima";"416,000";"BR-101/SP";"Crescente";"Colisão traseira";0;0;0;0;0;0;0;0;0;0;2;0;0;0;0
"08/02/2024";"05:08:00";"180";"Sem vítima";"35,000";"BR-101/SP";"Decrescente";"Atropelamento de pedestre";0;0;0;0;0;0;0;0;0;0;1;0;0;0;0
"08/02/2024";"05:21:00";"191";"Com vítima";"225,200";"BR-116/SP";"Crescente";"Colisão traseira";0;0;0;0;0;0;0;0;0;0;1;1;0;0;0
"08/02/2024";"05:27:00";"195";"Com vítima";"230,000";"BR-116/SP";"Crescente";"Acidentes de outra natureza";0;0;0;0;0;0;0;0;0;0;0;1;0;0;0
"08/02/2024";"07:35:00";"288";"Com vítima";"205,500";"BR-116/SP";"Crescente";"Colisão lateral em sentido contrário";0;0;0;0;0;0;0;0;0;0;1;1;0;0;0
"08/02/2024";"07:43:00";"299";"Sem vítima";"54,000";"BR-116/SP";"Crescente";"Capotamento";0;0;0;0;0;0;0;0;0;0;2;0;0;0;0
"08/02/2024";"08:35:00";"333";"Sem vítima";"122,800";"BR-116/SP";"Decrescente";"Colisão lateral em sentido contrário";0;0;0;0;0;0;0;0;0;0;5;0;0;0;0
"08/02/2024";"10:43:00";"409";"Sem vítima";"276,000";"BR-116/SP";"Decrescente";"Colisão traseira";0;0;0;0;0;0;0;0;0;0;2;0;0;0;0
"08/02/2024";"11:06:00";"423";"Sem vítima";"316,000";"BR-116/SP";"Decrescente";"Choque";0;0;0;0;0;0;0;0;0;0;1;0;0;0;0
"08/02/2024";"11:15:00";"430";"Com vítima";"295,000";"BR-116/SP";"Crescente";"Acidentes de outra natureza";0;0;0;0;0;0;0;0;0;0;0;0;1;0;0
"08/02/2024";"12:06:00";"452";"Com vítima";"64,000";"BR-116/SP";"Crescente";"Engavetamento";0;0;0;0;0;0;0;0;0;0;6;1;0;0;0
"08/02/2024";"12:23:00";"467";"Com vítima";"228,200";"BR-116/SP";"Decrescente";"Choque";0;0;0;0;0;0;0;0;0;0;0;0;1;0;0
"08/02/2024";"01:20:00";"495";"Sem vítima";"88,000";"BR-116/SP";"Crescente";"Colisão lateral em sentido contrário";0;0;0;0;0;0;0;0;0;0;2;0;0;0;0
"08/02/2024";"01:22:00";"496";"Sem vítima";"297,000";"BR-116/SP";"Decrescente";"Colisão lateral em sentido contrário";0;0;0;0;0;0;0;0;0;0;1;0;0;0;0
"08/02/2024";"01:39:00";"506";"Com vítima";"407,000";"BR-101/SP";"Crescente";"Choque";0;0;0;0;0;0;0;0;0;0;0;1;0;0;0
"08/02/2024";"02:20:00";"530";"Sem vítima";"203,000";"BR-116/SP";"Decrescente";"Colisão traseira";0;0;0;0;0;0;0;0;0;0;2;0;0;0;0
"08/02/2024";"02:29:00";"535";"Com vítima";"133,600";"BR-116/SP";"Decrescente";"Colisão traseira";0;0;0;0;0;0;0;0;0;0;2;2;0;0;0
"08/02/2024";"02:50:00";"553";"Sem vítima";"133,500";"BR-116/SP";"Decrescente";"Engavetamento";0;0;0;0;0;0;0;0;0;0;4;0;0;0;0
"08/02/2024";"02:52:00";"556";"Sem vítima";"101,000";"BR-116/SP";"Crescente";"Colisão traseira";0;0;0;0;0;0;0;0;0;0;2;0;0;0;0
"08/02/2024";"03:16:00";"569";"Sem vítima";"413,000";"BR-101/SP";"Decrescente";"Colisão lateral em sentido contrário";0;0;0;0;0;0;0;0;0;0;0;0;0;0;0