data;horario;n_da_ocorrencia;tipo_de_ocorrencia;km;trecho;sentido;tipo_de_acidente;automovel;bicicleta;caminhao;moto;onibus;outros;tracao_animal;transporte_de_cargas_especiais;trator_maquinas;utilitarios;ilesos;levemente_feridos;moderadamente_feridos;gravemente_feridos;mortos
"08/02/2024";"03:40:00";"582";"Com vítima";"458,500";"BR-101/SP";"Crescente";"Colisão lateral em sentido contrário";0;0;0;0;0;0;0;0;0;0;3;0;1;0;1
"08/02/2024";"04:01:00";"598";"Sem vítima";"150,000";"BR-116/SP";"Decrescente";"Colisão lateral em sentido contrário";0;0;0;0;0;0;0;0;0;0;0;0;0;0;0
"08/02/2024";"04:44:00";"616";"Sem vítima";"565,500";"BR-101/SP";"Crescente";"Colisão traseira";0;0;0;0;0;0;0;0;0;0;4;0;0;0;0
"08/02/2024";"05:20:00";"643";"Sem vítima";"428,000";"BR-101/SP";"Decrescente";"Choque";0;0;0;0;0;0;0;0;0;0;3;0;0;0;0
"08/02/2024";"06:48:00";"694";"Sem vítima";"264,100";"BR-116/SP";"Crescente";"Acidentes de outra natureza";0;0;0;0;0;0;0;0;0;0;1;0;0;0;0
"08/02/2024";"08:30:00";"728";"Sem vítima";"71,000";"BR-116/SP";"Decrescente";"Choque";0;0;0;0;0;0;0;0;0;0;0;0;0;0;0
"08/02/2024";"08:33:00";"730";"Sem vítima";"276,200";"BR-116/SP";"Crescente";"Colisão traseira";0;0;0;0;0;0;0;0;0;0;3;0;0;0;0
"08/02/2024";"09:00:00";"318";"Sem vítima";"225,000";"BR-116/SP";"Decrescente";"Engavetamento";0;0;0;0;0;0;0;0;0;0;10;0;0;0;0
"09/02/2024";"12:42:00";"76";"Sem vítima";"37,500";"BR-116/SP";"Decrescente";"Choque";0;0;0;0;0;0;0;0;0;0;0;0;0;0;0
"09/02/2024";"01:07:00";"80";"Sem vítima";"222,450";"BR-116/SP";"Crescente";"Colisão lateral em sentido contrário";0;0;0;0;0;0;0;0;0;0;5;0;0;0;0
"09/02/2024";"03:18:00";"118";"Sem vítima";"394,000";"BR-101/SP";"Decrescente";"Colisão lateral em sentido contrário";0;0;0;0;0;0;0;0;0;0;2;0;0;0;0
"09/02/2024";"03:34:00";"132";"Sem vítima";"394,000";"BR-101/SP";"Crescente";"Colisão traseira";0;0;0;0;0;0;0;0;0;0;4;0;0;0;0
"09/02/2024";"05:56:00";"248";"Com vítima";"387,000";"BR-101/SP";"Decrescente";"Colisão lateral em sentido contrário";0;0;0;0;0;0;0;0;0;0;2;1;0;0;0
"09/02/2024";"07:40:00";"325";"Com vítima";"229,000";"BR-116/SP";"Crescente";"Colisão lateral em sentido contrário";0;0;0;0;0;0;0;0;0;0;1;1;0;0;0
"09/02/2024";"10:47:00";"436";"Sem vítima";"116,400";"BR-116/SP";"Crescente";"Colisão traseira";0;0;0;0;0;0;0;0;0;0;2;0;0;0;0
"09/02/2024";"10:47:00";"437";"Com vítima";"231,000";"BR-116/SP";"Crescente";"Colisão lateral em sentido contrário";0;0;0;0;0;0;0;0;0;0;1;1;0;0;0
"09/02/2024";"11:21:00";"450";"Sem vítima";"116,000";"BR-116/SP";"Decrescente";"Colisão traseira";0;0;0;0;0;0;0;0;0;0;2;0;0;0;0
"09/02/2024";"11:29:00";"455";"Sem vítima";"220,000";"BR-116/SP";"Crescente";"Colisão traseira";0;0;0;0;0;0;0;0;0;0;0;0;0;0;0
"09/02/2024";"12:47:00";"504";"Sem vítima";"305,000";"BR-116/SP";"Crescente";"Engavetamento";0;0;0;0;0;0;0;0;0;0;3;0;0;0;0
"09/02/2024";"12:59:00";"509";"Com vítima";"183,000";"BR-116/SP";"Crescente";"Colisão traseira";0;0;0;0;0;0;0;0;0;0;1;0;1;0;0
"09/02/2024";"01:16:00";"527";"Sem vítima";"161,300";"BR-116/SP";"Decrescente";"Engavetamento";0;0;0;0;0;0;0;0;0;0;13;0;0;0;0
"09/02/2024";"01:22:00";"532";"Sem vítima";"89,500";"BR-116/SP";"Decrescente";"Colisão lateral em sentido contrário";0;0;0;0;0;0;0;0;0;0;2;0;0;0;0
"09/02/2024";"01:34:00";"535";"Sem vítima";"206,000";"BR-116/SP";"Crescente";"Engavetamento";0;0;0;0;0;0;0;0;0;0;3;0;0;0;0
"09/02/2024";"01:54:00";"551";"Sem vítima";"105,500";"BR-116/SP";"Crescente";"Colisão traseira";0;0;0;0;0;0;0;0;0;0;0;0;0;0;0
"09/02/2024";"02:23:00";"569";"Com vítima";"220,600";"BR-116/SP";"Decrescente";"Acidentes de outra natureza";0;0;0;0;0;0;0;0;0;0;1;0;0;0;1
"09/02/2024";"02:30:00";"490";"Sem vítima";"183,000";"BR-116/SP";"Crescente";"Colisão traseira";0;0;0;0;0;0;0;0;0;0;1;0;0;0;0
"09/02/2024";"04:30:00";"653";"Sem vítima";"226,000";"BR-116/SP";"Decrescente";"Colisão lateral em sentido contrário";0;0;0;0;0;0;0;0;0;0;2;0;0;0;0
"09/02/2024";"04:31:00";"654";"Sem vítima";"110,000";"BR-116/SP";"Decrescente";"Acidentes de outra natureza";0;0;0;0;0;0;0;0;0;0;0;0;0;0;0
"09/02/2024";"05:05:00";"671";"Com vítima";"448,000";"BR-101/SP";"Crescente";"Acidentes de outra natureza";0;0;0;0;0;0;0;0;0;0;0;2;0;0;0
"09/02/2024";"07:43:00";"736";"Com vítima";"139,450";"BR-116/SP";"Decrescente";"Acidentes de outra natureza";0;0;0;0;0;0;0;0;0;0;0;0;1;1;0
"09/02/2024";"11:55:00";"60";"Com vítima";"232,000";"BR-116/SP";"Decrescente";"Choque";0;0;0;0;0;0;0;0;0;0;0;0;1;0;0
"10/02/2024";"01:58:00";"86";"Sem vítima";"285,000";"BR-116/SP";"Decrescente";"Choque";0;0;0;0;0;0;0;0;0;0;3;0;0;0;0
"10/02/2024";"04:49:00";"151";"Sem vítima";"492,000";"BR-101/SP";"Crescente";"Choque";0;0;0;0;0;0;0;0;0;0;2;0;0;0;0
"10/02/2024";"05:35:00";"195";"Sem vítima";"202,000";"BR-116/SP";"Decrescente";"Colisão traseira";0;0;0;0;0;0;0;0;0;0;1;0;0;0;0
"10/02/2024";"05:43:00";"198";"Sem vítima";"234,000";"BR-116/SP";"Crescente";"Tombamento";0;0;0;0;0;0;0;0;0;0;1;0;0;0;0
"10/02/2024";"05:44:00";"199";"Com vítima";"535,000";"BR-101/SP";"Decrescente";"Colisão lateral em sentido contrário";0;0;0;0;0;0;0;0;0;0;1;0;1;0;0
"10/02/2024";"05:46:00";"200";"Com vítima";"45,700";"BR-101/SP";"Crescente";"Colisão lateral em sentido contrário";0;0;0;0;0;0;0;0;0;0;1;1;1;0;0
"10/02/2024";"06:03:00";"211";"Com vítima";"289,000";"BR-116/SP";"Crescente";"Colisão traseira";0;0;0;0;0;0;0;0;0;0;0;0;2;0;0
"10/02/2024";"06:43:00";"230";"Com vítima";"222,400";"BR-116/SP";"Crescente";"Choque";0;0;0;0;0;0;0;0;0;0;0;0;0;0;1
"10/02/2024";"07:34:00";"261";"Sem vítima";"86,600";"BR-116/SP";"Crescente";"Engavetamento";0;0;0;0;0;0;0;0;0;0;7;0;0;0;0
"10/02/2024";"07:55:00";"277";"Sem vítima";"68,000";"BR-116/SP";"Decrescente";"Colisão lateral em sentido contrário";0;0;0;0;0;0;0;0;0;0;2;0;0;0;0
"10/02/2024";"08:13:00";"286";"Com vítima";"159,000";"BR-116/SP";"Decrescente";"Colisão lateral em sentido contrário";0;0;0;0;0;0;0;0;0;0;5;2;0;0;0
"10/02/2024";"08:45:00";"308";"Sem vítima";"204,000";"BR-116/SP";"Decrescente";"Colisão lateral em sentido contrário";0;0;0;0;0;0;0;0;0;0;3;0;0;0;0
"10/02/2024";"08:49:00";"310";"Com vítima";"116,000";"BR-116/SP";"Decrescente";"Colisão lateral em sentido contrário";0;0;0;0;0;0;0;0;0;0;2;1;0;0;0
"10/02/2024";"08:53:00";"313";"Com vítima";"503,000";"BR-101/SP";"Crescente";"Colisão traseira";0;0;0;0;0;0;0;0;0;0;3;1;0;0;0
"10/02/2024";"10:00:00";"357";"Com vítima";"474,000";"BR-101/SP";"Crescente";"Atropelamento de pedestre";0;0;0;0;0;0;0;0;0;0;0;0;1;0;0
"10/02/2024";"10:11:00";"365";"Sem vítima";"50,100";"BR-116/SP";"Decrescente";"Colisão lateral em sentido contrário";0;0;0;0;0;0;0;0;0;0;4;0;0;0;0
"10/02/2024";"10:30:00";"377";"Sem vítima";"53,000";"BR-116/SP";"Decrescente";"Engavetamento";0;0;0;0;0;0;0;0;0;0;2;0;0;0;0
"10/02/2024";"11:03:00";"399";"Com vítima";"585,000";"BR-101/SP";"Crescente";"Colisão lateral em sentido contrário";0;0;0;0;0;0;0;0;0;0;2;2;0;0;0
"10/02/2024";"11:25:00";"416";"Sem vítima";"57,300";"BR-116/SP";"Decrescente";"Colisão traseira";0;0;0;0;0;0;0;0;0;0;6;0;0;0;0
"10/02/2024";"11:35:00";"421";"Com vítima";"297,000";"BR-116/SP";"Decrescente";"Choque";0;0;0;0;0;0;0;0;0;0;0;1;1;0;0
"10/02/2024";"11:36:00";"422";"Com vítima";"467,000";"BR-101/SP";"Crescente";"Engavetamento";0;0;0;0;0;0;0;0;0;0;3;0;1;0;0
"10/02/2024";"01:22:00";"486";"Sem vítima";"146,000";"BR-116/SP";"Decrescente";"Colisão traseira";0;0;0;0;0;0;0;0;0;0;4;0;0;0;0
"10/02/2024";"02:50:00";"539";"Com vítima";"424,000";"BR-101/SP";"Crescente";"Colisão frontal";0;0;0;0;0;0;0;0;0;0;1;0;1;1;0
"10/02/2024";"03:21:00";"559";"Sem vítima";"216,000";"BR-116/SP";"Crescente";"Colisão lateral em sentido contrário";0;0;0;0;0;0;0;0;0;0;4;0;0;0;0
"10/02/2024";"04:23:00";"594";"Com vítima";"521,000";"BR-101/SP";"Crescente";"Colisão lateral em sentido contrário";0;0;0;0;0;0;0;0;0;0;1;1;0;0;0
"10/02/2024";"05:31:00";"629";"Com vítima";"215,100";"BR-116/SP";"Decrescente";"Choque";0;0;0;0;0;0;0;0;0;0;0;0;0;1;0
"10/02/2024";"05:46:00";"636";"Com vítima";"146,000";"BR-116/SP";"Decrescente";"Colisão traseira";0;0;0;0;0;0;0;0;0;0;0;2;0;0;0
"10/02/2024";"07:01:00";"671";"Com vítima";"597,000";"BR-101/SP";"Decrescente";"Acidentes de outra natureza";0;0;0;0;0;0;0;0;0;0;0;0;0;1;0
"10/02/2024";"09:00:00";"548";"Sem vítima";"299,000";"BR-116/SP";"Crescente";"Acidentes de outra natureza";0;0;0;0;0;0;0;0;0;0;1;0;0;0;0
"10/02/2024";"09:44:00";"26";"Sem vítima";"447,000";"BR-101/SP";"Decrescente";"Choque";0;0;0;0;0;0;0;0;0;0;5;0;0;0;0
"11/02/2024";"03:37:00";"83";"Sem vítima";"441,000";"BR-101/SP";"Decrescente";"Choque";0;0;0;0;0;0;0;0;0;0;2;0;0;0;0
"11/02/2024";"03:53:00";"93";"Sem vítima";"425,000";"BR-101/SP";"Decrescente";"Colisão lateral em sentido contrário";0;0;0;0;0;0;0;0;0;0;3;0;0;0;0
"11/02/2024";"03:57:00";"96";"Sem vítima";"428,000";"BR-101/SP";"Decrescente";"Choque";0;0;0;0;0;0;0;0;0;0;1;0;0;0;0
"11/02/2024";"07:26:00";"197";"Sem vítima";"425,000";"BR-101/SP";"Crescente";"Engavetamento";0;0;0;0;0;0;0;0;0;0;1;0;0;0;0
"11/02/2024";"07:49:00";"211";"Sem vítima";"51,000";"BR-101/SP";"Decrescente";"Colisão lateral em sentido contrário";0;0;0;0;0;0;0;0;0;0;6;0;0;0;0
"11/02/2024";"08:46:00";"234";"Sem vítima";"409,000";"BR-101/SP";"Decrescente";"Choque";0;0;0;0;0;0;0;0;0;0;1;0;0;0;0
"11/02/2024";"09:06:00";"220";"Com vítima";"129,000";"BR-116/SP";"Decrescente";"Acidentes de outra natureza";0;0;0;0;0;0;0;0;0;0;0;0;1;0;0
"11/02/2024";"09:18:00";"255";"Sem vítima";"537,000";"BR-101/SP";"Crescente";"Colisão lateral em sentido contrário";0;0;0;0;0;0;0;0;0;0;3;0;0;0;0
"11/02/2024";"11:35:00";"325";"Com vítima";"109,350";"BR-116/SP";"Crescente";"Colisão traseira";0;0;0;0;0;0;0;0;0;0;1;0;1;0;0
"11/02/2024";"12:05:00";"336";"Com vítima";"456,000";"BR-101/SP";"Crescente";"Atropelamento de pedestre";0;0;0;0;0;0;0;0;0;0;0;0;0;0;0
"11/02/2024";"12:51:00";"347";"Sem vítima";"233,600";"BR-116/SP";"Decrescente";"Choque";0;0;0;0;0;0;0;0;0;0;49;0;0;0;0
"11/02/2024";"03:15:00";"419";"Com vítima";"428,000";"BR-101/SP";"Decrescente";"Colisão frontal";0;0;0;0;0;0;0;0;0;0;0;2;0;0;0
"11/02/2024";"04:55:00";"470";"Sem vítima";"212,000";"BR-116/SP";"Crescente";"Choque";0;0;0;0;0;0;0;0;0;0;1;0;0;0;0
"11/02/2024";"04:59:00";"471";"Com vítima";"317,000";"BR-116/SP";"Crescente";"Atropelamento de pedestre";0;0;0;0;0;0;0;0;0;0;1;0;1;0;0
"11/02/2024";"05:16:00";"478";"Sem vítima";"230,500";"BR-116/SP";"Decrescente";"Colisão traseira";0;0;0;0;0;0;0;0;0;0;2;0;0;0;0
"11/02/2024";"05:50:00";"490";"Sem vítima";"39,400";"BR-116/SP";"Crescente";"Atropelamento de pedestre";0;0;0;0;0;0;0;0;0;0;1;0;0;0;0
"11/02/2024";"06:23:00";"502";"Sem vítima";"142,000";"BR-116/SP";"Crescente";"Colisão traseira";0;0;0;0;0;0;0;0;0;0;3;0;0;0;0
"11/02/2024";"06:57:00";"517";"Com vítima";"511,000";"BR-101/SP";"Crescente";"Colisão lateral em sentido contrário";0;0;0;0;0;0;0;0;0;0;1;0;1;0;0
"11/02/2024";"09:00:00";"248";"Com vítima";"533,500";"BR-101/SP";"Crescente";"Colisão traseira";0;0;0;0;0;0;0;0;0;0;0;1;0;0;0
"11/02/2024";"09:49:00";"27";"Com vítima";"226,000";"BR-116/SP";"Decrescente";"Acidentes de outra natureza";0;0;0;0;0;0;0;0;0;0;0;1;0;0;0
"11/02/2024";"10:22:00";"32";"Com vítima";"273,000";"BR-116/SP";"Crescente";"Choque";0;0;0;0;0;0;0;0;0;0;0;1;0;0;0
"12/02/2024";"01:38:00";"65";"Com vítima";"485,000";"BR-101/SP";"Decrescente";"Colisão frontal";0;0;0;0;0;0;0;0;0;0;1;0;0;2;0
"12/02/2024";"02:47:00";"82";"Com vítima";"291,500";"BR-116/SP";"Crescente";"Queda de carga";0;0;0;0;0;0;0;0;0;0;0;2;0;0;0
"12/02/2024";"03:06:00";"87";"Sem vítima";"13,000";"BR-116/SP";"Decrescente";"Tombamento";0;0;0;0;0;0;0;0;0;0;1;0;0;0;0
"12/02/2024";"03:38:00";"98";"Sem vítima";"251,000";"BR-116/SP";"Crescente";"Choque";0;0;0;0;0;0;0;0;0;0;0;0;0;0;0
"12/02/2024";"04:30:00";"128";"Com vítima";"463,000";"BR-101/SP";"Decrescente";"Colisão lateral em sentido contrário";0;0;0;0;0;0;0;0;0;0;3;0;2;0;0
"12/02/2024";"05:31:00";"155";"Com vítima";"425,000";"BR-101/SP";"Decrescente";"Colisão lateral em sentido contrário";0;0;0;0;0;0;0;0;0;0;2;1;1;0;0
"12/02/2024";"07:25:00";"201";"Sem vítima";"536,000";"BR-101/SP";"Crescente";"Engavetamento";0;0;0;0;0;0;0;0;0;0;6;0;0;0;0
"12/02/2024";"07:51:00";"215";"Sem vítima";"227,700";"BR-116/SP";"Decrescente";"Colisão frontal";0;0;0;0;0;0;0;0;0;0;7;0;0;0;0
"12/02/2024";"08:18:00";"228";"Sem vítima";"226,900";"BR-116/SP";"Crescente";"Colisão traseira";0;0;0;0;0;0;0;0;0;0;3;0;0;0;0
"12/02/2024";"09:51:00";"259";"Sem vítima";"148,000";"BR-116/SP";"Crescente";"Choque";0;0;0;0;0;0;0;0;0;0;2;0;0;0;0
"12/02/2024";"10:38:00";"295";"Com vítima";"87,800";"BR-116/SP";"Crescente";"Acidentes de outra natureza";0;0;0;0;0;0;0;0;0;0;0;2;0;0;0
"12/02/2024";"10:53:00";"306";"Com vítima";"421,000";"BR-101/SP";"Crescente";"Colisão lateral em sentido contrário";0;0;0;0;0;0;0;0;0;0;1;0;2;0;0
"12/02/2024";"01:11:00";"367";"Sem vítima";"55,000";"BR-116/SP";"Decrescente";"Choque";0;0;0;0;0;0;0;0;0;0;1;0;0;0;0
"12/02/2024";"02:15:00";"410";"Com vítima";"257,500";"BR-116/SP";"Crescente";"Acidentes de outra natureza";0;0;0;0;0;0;0;0;0;0;0;2;0;0;0
"12/02/2024";"02:41:00";"427";"Com vítima";"26,300";"BR-116/SP";"Crescente";"Choque";0;0;0;0;0;0;0;0;0;0;0;2;0;0;0
"12/02/2024";"02:58:00";"439";"Com vítima";"66,800";"BR-116/SP";"Crescente";"Choque";0;0;0;0;0;0;0;0;0;0;1;1;0;0;0
"12/02/2024";"03:27:00";"446";"Sem vítima";"107,500";"BR-116/SP";"Crescente";"Colisão lateral em sentido contrário";0;0;0;0;0;0;0;0;0;0;1;0;0;0;0
"12/02/2024";"03:45:00";"457";"Com vítima";"487,000";"BR-101/SP";"Decrescente";"Colisão frontal";0;0;0;0;0;0;0;0;0;0;1;0;1;0;0
"12/02/2024";"04:30:00";"477";"Com vítima";"533,000";"BR-101/SP";"Crescente";"Colisão lateral em sentido contrário";0;0;0;0;0;0;0;0;0;0;2;1;1;0;0
"12/02/2024";"05:49:00";"516";"Com vítima";"223,000";"BR-116/SP";"Decrescente";"Acidentes de outra natureza";0;0;0;0;0;0;0;0;0;0;0;0;1;0;0
"12/02/2024";"07:01:00";"541";"Sem vítima";"229,000";"BR-116/SP";"Crescente";"Choque";0;0;0;0;0;0;0;0;0;0;2;0;0;0;0
"12/02/2024";"08:22:00";"568";"Com vítima";"89,600";"BR-116/SP";"Decrescente";"Acidentes de outra natureza";0;0;0;0;0;0;0;0;0;0;0;0;0;1;0
"12/02/2024";"09:00:00";"120";"Sem vítima";"9,700";"BR-116/SP";"Crescente";"Choque";0;0;0;0;0;0;0;0;0;0;2;0;0;0;0
"13/02/2024";"12:50:00";"55";"Sem vítima";"67,150";"BR-116/SP";"Crescente";"Choque";0;0;0;0;0;0;0;0;0;0;1;0;0;0;0
"13/02/2024";"04:55:00";"129";"Com vítima";"450,500";"BR-101/SP";"Crescente";"Tombamento";0;0;0;0;0;0;0;0;0;0;1;2;0;0;0
"13/02/2024";"05:00:00";"132";"Sem vítima";"482,000";"BR-101/SP";"Decrescente";"Colisão lateral em sentido contrário";0;0;0;0;0;0;0;0;0;0;3;0;0;0;0
"13/02/2024";"08:23:00";"241";"Sem vítima";"428,000";"BR-101/SP";"Decrescente";"Colisão lateral em sentido contrário";0;0;0;0;0;0;0;0;0;0;4;0;0;0;0
"13/02/2024";"08:45:00";"249";"Sem vítima";"252,900";"BR-116/SP";"Crescente";"Choque";0;0;0;0;0;0;0;0;0;0;4;0;0;0;0
"13/02/2024";"09:43:00";"288";"Sem vítima";"214,000";"BR-116/SP";"Decrescente";"Colisão lateral em sentido contrário";0;0;0;0;0;0;0;0;0;0;2;0;0;0;0
"13/02/2024";"01:11:00";"395";"Sem vítima";"154,900";"BR-116/SP";"Crescente";"Colisão lateral em sentido contrário";0;0;0;0;0;0;0;0;0;0;4;0;0;0;0
"13/02/2024";"01:48:00";"414";"Sem vítima";"35,100";"BR-116/SP";"Crescente";"Choque";0;0;0;0;0;0;0;0;0;0;0;0;0;0;0
"13/02/2024";"01:52:00";"417";"Com vítima";"149,800";"BR-116/SP";"Crescente";"Acidentes de outra natureza";0;0;0;0;0;0;0;0;0;0;0;1;0;0;0
"13/02/2024";"01:55:00";"418";"Sem vítima";"42,300";"BR-116/SP";"Crescente";"Choque";0;0;0;0;0;0;0;0;0;0;0;0;0;0;0
"13/02/2024";"02:07:00";"426";"Com vítima";"428,000";"BR-101/SP";"Decrescente";"Colisão lateral em sentido contrário";0;0;0;0;0;0;0;0;0;0;1;0;2;0;0
"13/02/2024";"02:24:00";"436";"Com vítima";"211,200";"BR-116/SP";"Crescente";"Colisão traseira";0;0;0;0;0;0;0;0;0;0;2;2;0;0;0
"13/02/2024";"03:44:00";"476";"Com vítima";"419,000";"BR-101/SP";"Decrescente";"Acidentes de outra natureza";0;0;0;0;0;0;0;0;0;0;0;2;0;0;0
"13/02/2024";"04:15:00";"493";"Sem vítima";"34,200";"BR-116/SP";"Crescente";"Colisão traseira";0;0;0;0;0;0;0;0;0;0;0;0;0;0;0
"13/02/2024";"04:16:00";"494";"Sem vítima";"26,000";"BR-116/SP";"Crescente";"Choque";0;0;0;0;0;0;0;0;0;0;0;0;0;0;0
"13/02/2024";"04:46:00";"511";"Sem vítima";"207,000";"BR-116/SP";"Crescente";"Capotamento";0;0;0;0;0;0;0;0;0;0;1;0;0;0;0
"13/02/2024";"06:17:00";"555";"Com vítima";"482,000";"BR-101/SP";"Decrescente";"Colisão lateral em sentido contrário";0;0;0;0;0;0;0;0;0;0;0;7;2;0;0
"13/02/2024";"06:53:00";"574";"Com vítima";"455,000";"BR-101/SP";"Crescente";"Acidentes de outra natureza";0;0;0;0;0;0;0;0;0;0;0;1;0;0;0
"13/02/2024";"07:31:00";"594";"Com vítima";"49,000";"BR-101/SP";"Crescente";"Colisão lateral em sentido contrário";0;0;0;0;0;0;0;0;0;0;0;0;2;0;0
"13/02/2024";"09:48:00";"37";"Sem vítima";"229,300";"BR-116/SP";"Decrescente";"Choque";0;0;0;0;0;0;0;0;0;0;2;0;0;0;0
"13/02/2024";"10:47:00";"45";"Sem vítima";"96,000";"BR-116/SP";"Crescente";"Choque";0;0;0;0;0;0;0;0;0;0;2;0;0;0;0
"13/02/2024";"11:53:00";"56";"Sem vítima";"147,900";"BR-116/SP";"Decrescente";"Choque";0;0;0;0;0;0;0;0;0;0;1;0;0;0;0
"14/02/2024";"02:18:00";"94";"Com vítima";"114,000";"BR-116/SP";"Decrescente";"Colisão traseira";0;0;0;0;0;0;0;0;0;0;0;2;0;0;0
"14/02/2024";"02:36:00";"99";"Sem vítima";"227,000";"BR-116/SP";"Crescente";"Choque";0;0;0;0;0;0;0;0;0;0;38;0;0;0;0
"14/02/2024";"03:17:00";"109";"Com vítima";"223,700";"BR-116/SP";"Crescente";"Colisão traseira";0;0;0;0;0;0;0;0;0;0;11;3;0;0;0
"14/02/2024";"05:44:00";"212";"Sem vítima";"182,000";"BR-116/SP";"Decrescente";"Colisão traseira";0;0;0;0;0;0;0;0;0;0;2;0;0;0;0
"14/02/2024";"07:39:00";"272";"Com vítima";"205,500";"BR-116/SP";"Crescente";"Colisão lateral em sentido contrário";0;0;0;0;0;0;0;0;0;0;1;1;0;0;0
"14/02/2024";"08:20:00";"298";"Com vítima";"422,000";"BR-101/SP";"Crescente";"Colisão lateral em sentido contrário";0;0;0;0;0;0;0;0;0;0;1;1;1;0;0
"14/02/2024";"08:36:00";"304";"Sem vítima";"228,000";"BR-116/SP";"Crescente";"Choque";0;0;0;0;0;0;0;0;0;0;1;0;0;0;0
"14/02/2024";"08:52:00";"316";"Sem vítima";"425,000";"BR-101/SP";"Crescente";"Colisão lateral em sentido contrário";0;0;0;0;0;0;0;0;0;0;0;0;0;0;0
"14/02/2024";"11:18:00";"392";"Sem vítima";"193,000";"BR-116/SP";"Decrescente";"Colisão lateral em sentido contrário";0;0;0;0;0;0;0;0;0;0;2;0;0;0;0
"14/02/2024";"11:28:00";"400";"Sem vítima";"284,100";"BR-116/SP";"Decrescente";"Engavetamento";0;0;0;0;0;0;0;0;0;0;3;0;0;0;0
"14/02/2024";"11:30:00";"402";"Sem vítima";"215,000";"BR-116/SP";"Crescente";"Engavetamento";0;0;0;0;0;0;0;0;0;0;1;0;0;0;0
"14/02/2024";"11:49:00";"410";"Sem vítima";"428,000";"BR-101/SP";"Decrescente";"Colisão transversal";0;0;0;0;0;0;0;0;0;0;2;0;0;0;0
"14/02/2024";"02:18:00";"496";"Sem vítima";"27,000";"BR-116/SP";"Crescente";"Choque";0;0;0;0;0;0;0;0;0;0;0;0;0;0;0
"14/02/2024";"03:04:00";"521";"Sem vítima";"269,000";"BR-116/SP";"Crescente";"Choque";0;0;0;0;0;0;0;0;0;0;1;0;0;0;0
"14/02/2024";"03:23:00";"536";"Sem vítima";"134,100";"BR-116/SP";"Crescente";"Colisão traseira";0;0;0;0;0;0;0;0;0;0;4;0;0;0;0
"14/02/2024";"04:30:00";"529";"Sem vítima";"243,000";"BR-116/SP";"Decrescente";"Choque";0;0;0;0;0;0;0;0;0;0;1;0;0;0;0
"14/02/2024";"04:35:00";"585";"Com vítima";"42,000";"BR-101/SP";"Crescente";"Atropelamento de pedestre";0;0;0;0;0;0;0;0;0;0;0;1;0;0;0
"14/02/2024";"05:52:00";"613";"Com vítima";"486,000";"BR-101/SP";"Decrescente";"Colisão frontal";0;0;0;0;0;0;0;0;0;0;0;0;2;0;0
"14/02/2024";"06:02:00";"608";"Com vítima";"8,000";"BR-116/SP";"Decrescente";"Colisão lateral em sentido contrário";0;0;0;0;0;0;0;0;0;0;0;1;1;0;0
"14/02/2024";"06:02:00";"616";"Sem vítima";"8,000";"BR-116/SP";"Decrescente";"Colisão traseira";0;0;0;0;0;0;0;0;0;0;1;0;0;0;0
"14/02/2024";"06:18:00";"620";"Sem vítima";"226,700";"BR-116/SP";"Decrescente";"Colisão frontal";0;0;0;0;0;0;0;0;0;0;1;0;0;0;0
"14/02/2024";"07:57:00";"654";"Com vítima";"422,600";"BR-101/SP";"Crescente";"Capotamento";0;0;0;0;0;0;0;0;0;0;0;1;0;0;0
"14/02/2024";"09:18:00";"23";"Com vítima";"412,000";"BR-101/SP";"Decrescente";"Acidentes de outra natureza";0;0;0;0;0;0;0;0;0;0;1;1;0;0;0
"14/02/2024";"10:43:00";"33";"Sem vítima";"16,000";"BR-116/SP";"Crescente";"Choque";0;0;0;0;0;0;0;0;0;0;2;0;0;0;0
"14/02/2024";"10:53:00";"35";"Sem vítima";"381,050";"BR-101/SP";"Crescente";"Atropelamento de pedestre";0;0;0;0;0;0;0;0;0;0;1;0;0;0;0
"14/02/2024";"11:10:00";"38";"Sem vítima";"380,900";"BR-101/SP";"Crescente";"Atropelamento de pedestre";0;0;0;0;0;0;0;0;0;0;1;0;0;0;0
"14/02/2024";"11:51:00";"43";"Sem vítima";"233,000";"BR-116/SP";"Decrescente";"Choque";0;0;0;0;0;0;0;0;0;0;1;0;0;0;0
"15/02/2024";"01:34:00";"59";"Sem vítima";"198,000";"BR-116/SP";"Decrescente";"Colisão lateral em sentido contrário";0;0;0;0;0;0;0;0;0;0;6;0;0;0;0
"15/02/2024";"02:21:00";"69";"Sem vítima";"281,300";"BR-116/SP";"Crescente";"Choque";0;0;0;0;0;0;0;0;0;0;1;0;0;0;0