data;horario;n_da_ocorrencia;tipo_de_ocorrencia;km;trecho;sentido;tipo_de_acidente;automovel;bicicleta;caminhao;moto;onibus;outros;tracao_animal;transporte_de_cargas_especiais;trator_maquinas;utilitarios;ilesos;levemente_feridos;moderadamente_feridos;gravemente_feridos;mortos
"15/02/2024";"03:35:00";"91";"Sem vítima";"218,000";"BR-116/SP";"Decrescente";"Colisão lateral em sentido contrário";0;0;0;0;0;0;0;0;0;0;2;0;0;0;0
"15/02/2024";"03:39:00";"106";"Sem vítima";"213,000";"BR-116/SP";"Decrescente";"Choque";0;0;0;0;0;0;0;0;0;0;1;0;0;0;0
"15/02/2024";"04:30:00";"145";"Com vítima";"74,000";"BR-116/SP";"Decrescente";"Colisão lateral em sentido contrário";0;0;0;0;0;0;0;0;0;0;2;0;1;0;0
"15/02/2024";"04:31:00";"147";"Sem vítima";"455,000";"BR-101/SP";"Decrescente";"Colisão lateral em sentido contrário";0;0;0;0;0;0;0;0;0;0;3;0;0;0;0
"15/02/2024";"05:13:00";"168";"Sem vítima";"320,000";"BR-116/SP";"Decrescente";"Choque";0;0;0;0;0;0;0;0;0;0;1;0;0;0;0
"15/02/2024";"06:13:00";"210";"Sem vítima";"3,000";"BR-101/SP";"Crescente";"Choque";0;0;0;0;0;0;0;0;0;0;1;0;0;0;0
"15/02/2024";"07:02:00";"245";"Com vítima";"234,000";"BR-116/SP";"Crescente";"Acidentes de outra natureza";0;0;0;0;0;0;0;0;0;0;0;1;0;0;0
"15/02/2024";"07:29:00";"258";"Com vítima";"26,500";"BR-116/SP";"Crescente";"Choque";0;0;0;0;0;0;0;0;0;0;0;2;0;0;0
"15/02/2024";"07:52:00";"278";"Sem vítima";"430,000";"BR-101/SP";"Crescente";"Choque";0;0;0;0;0;0;0;0;0;0;1;0;0;0;0
"15/02/2024";"07:57:00";"282";"Sem vítima";"570,000";"BR-101/SP";"Crescente";"Choque";0;0;0;0;0;0;0;0;0;0;2;0;0;0;0
"15/02/2024";"08:32:00";"305";"Com vítima";"429,300";"BR-101/SP";"Crescente";"Choque";0;0;0;0;0;0;0;0;0;0;4;1;0;0;0
"15/02/2024";"08:37:00";"309";"Com vítima";"436,000";"BR-101/SP";"Decrescente";"Colisão frontal";0;0;0;0;0;0;0;0;0;0;1;1;0;0;0
"15/02/2024";"08:59:00";"324";"Sem vítima";"38,500";"BR-116/SP";"Decrescente";"Choque";0;0;0;0;0;0;0;0;0;0;2;0;0;0;0
"15/02/2024";"10:03:00";"379";"Sem vítima";"339,000";"BR-116/SP";"Crescente";"Choque";0;0;0;0;0;0;0;0;0;0;3;0;0;0;0
"15/02/2024";"10:15:00";"367";"Com vítima";"106,750";"BR-116/SP";"Crescente";"Colisão lateral em sentido contrário";0;0;0;0;0;0;0;0;0;0;0;1;0;0;0
"15/02/2024";"10:22:00";"373";"Sem vítima";"49,000";"BR-101/SP";"Crescente";"Engavetamento";0;0;0;0;0;0;0;0;0;0;1;0;0;0;0
"15/02/2024";"10:26:00";"377";"Sem vítima";"107,000";"BR-116/SP";"Crescente";"Engavetamento";0;0;0;0;0;0;0;0;0;0;11;0;0;0;0
"15/02/2024";"10:28:00";"378";"Sem vítima";"331,500";"BR-116/SP";"Decrescente";"Choque";0;0;0;0;0;0;0;0;0;0;1;0;0;0;0
"15/02/2024";"10:42:00";"383";"Sem vítima";"219,000";"BR-116/SP";"Decrescente";"Colisão traseira";0;0;0;0;0;0;0;0;0;0;2;0;0;0;0
"15/02/2024";"10:57:00";"390";"Com vítima";"491,000";"BR-101/SP";"Decrescente";"Capotamento";0;0;0;0;0;0;0;0;0;0;0;1;0;0;0
"15/02/2024";"11:21:00";"402";"Sem vítima";"455,000";"BR-101/SP";"Crescente";"Capotamento";0;0;0;0;0;0;0;0;0;0;1;0;0;0;0
"15/02/2024";"11:55:00";"420";"Sem vítima";"86,950";"BR-116/SP";"Decrescente";"Colisão traseira";0;0;0;0;0;0;0;0;0;0;2;0;0;0;0
"15/02/2024";"12:10:00";"430";"Sem vítima";"528,000";"BR-101/SP";"Decrescente";"Choque";0;0;0;0;0;0;0;0;0;0;1;0;0;0;0
"15/02/2024";"01:01:00";"455";"Sem vítima";"582,000";"BR-101/SP";"Decrescente";"Choque";0;0;0;0;0;0;0;0;0;0;1;0;0;0;0
"15/02/2024";"01:59:00";"486";"Sem vítima";"563,000";"BR-101/SP";"Decrescente";"Choque";0;0;0;0;0;0;0;0;0;0;2;0;0;0;0
"15/02/2024";"02:10:00";"494";"Com vítima";"26,500";"BR-116/SP";"Crescente";"Choque";0;0;0;0;0;0;0;0;0;0;3;1;0;0;0
"15/02/2024";"02:22:00";"502";"Sem vítima";"247,500";"BR-116/SP";"Crescente";"Acidentes de outra natureza";0;0;0;0;0;0;0;0;0;0;1;0;0;0;0
"15/02/2024";"02:36:00";"507";"Sem vítima";"147,600";"BR-116/SP";"Decrescente";"Colisão traseira";0;0;0;0;0;0;0;0;0;0;1;0;0;0;0
"15/02/2024";"02:42:00";"508";"Sem vítima";"266,850";"BR-116/SP";"Decrescente";"Capotamento";0;0;0;0;0;0;0;0;0;0;4;0;0;0;0
"15/02/2024";"02:46:00";"512";"Com vítima";"231,000";"BR-116/SP";"Decrescente";"Colisão traseira";0;0;0;0;0;0;0;0;0;0;1;1;0;0;0
"15/02/2024";"02:46:00";"513";"Sem vítima";"144,000";"BR-116/SP";"Crescente";"Engavetamento";0;0;0;0;0;0;0;0;0;0;6;0;0;0;0
"15/02/2024";"03:26:00";"526";"Sem vítima";"28,000";"BR-116/SP";"Crescente";"Acidentes de outra natureza";0;0;0;0;0;0;0;0;0;0;3;0;0;0;0
"15/02/2024";"03:29:00";"529";"Sem vítima";"247,000";"BR-116/SP";"Crescente";"Colisão traseira";0;0;0;0;0;0;0;0;0;0;2;0;0;0;0
"15/02/2024";"03:32:00";"532";"Com vítima";"140,000";"BR-116/SP";"Crescente";"Colisão lateral em sentido contrário";0;0;0;0;0;0;0;0;0;0;1;0;1;0;0
"15/02/2024";"03:33:00";"533";"Sem vítima";"435,500";"BR-101/SP";"Crescente";"Colisão lateral em sentido contrário";0;0;0;0;0;0;0;0;0;0;2;0;0;0;0
"15/02/2024";"03:36:00";"535";"Sem vítima";"16,400";"BR-116/SP";"Crescente";"Colisão lateral em sentido contrário";0;0;0;0;0;0;0;0;0;0;1;0;0;0;0
"15/02/2024";"04:01:00";"548";"Sem vítima";"419,000";"BR-101/SP";"Crescente";"Choque";0;0;0;0;0;0;0;0;0;0;1;0;0;0;0
"15/02/2024";"04:19:00";"561";"Com vítima";"477,000";"BR-101/SP";"Crescente";"Choque";0;0;0;0;0;0;0;0;0;0;0;4;0;0;0
"15/02/2024";"04:29:00";"456";"Com vítima";"429,000";"BR-101/SP";"Crescente";"Choque";0;0;0;0;0;0;0;0;0;0;0;5;1;0;0
"15/02/2024";"04:38:00";"565";"Sem vítima";"422,000";"BR-101/SP";"Crescente";"Choque";0;0;0;0;0;0;0;0;0;0;1;0;0;0;0
"16/02/2024";"02:51:00";"81";"Sem vítima";"547,000";"BR-101/SP";"Decrescente";"Choque";0;0;0;0;0;0;0;0;0;0;2;0;0;0;0
"16/02/2024";"04:55:00";"161";"Sem vítima";"138,650";"BR-116/SP";"Crescente";"Colisão lateral em sentido contrário";0;0;0;0;0;0;0;0;0;0;1;0;0;0;0
"16/02/2024";"04:59:00";"167";"Com vítima";"222,000";"BR-116/SP";"Crescente";"Colisão lateral em sentido contrário";0;0;0;0;0;0;0;0;0;0;0;1;0;0;0
"16/02/2024";"05:18:00";"179";"Sem vítima";"222,000";"BR-116/SP";"Crescente";"Acidentes de outra natureza";0;0;0;0;0;0;0;0;0;0;1;0;0;0;0
"16/02/2024";"06:59:00";"252";"Sem vítima";"51,000";"BR-116/SP";"Crescente";"Colisão lateral em sentido contrário";0;0;0;0;0;0;0;0;0;0;1;0;0;0;0
"16/02/2024";"08:27:00";"302";"Sem vítima";"282,100";"BR-116/SP";"Crescente";"Colisão lateral em sentido contrário";0;0;0;0;0;0;0;0;0;0;1;0;0;0;0
"16/02/2024";"09:31:00";"338";"Com vítima";"421,400";"BR-101/SP";"Crescente";"Colisão lateral em sentido contrário";0;0;0;0;0;0;0;0;0;0;4;1;0;0;0
"16/02/2024";"10:00:00";"348";"Com vítima";"35,000";"BR-101/SP";"Decrescente";"Colisão lateral em sentido contrário";0;0;0;0;0;0;0;0;0;0;0;5;0;0;0
"16/02/2024";"12:25:00";"417";"Com vítima";"584,000";"BR-101/SP";"Decrescente";"Colisão lateral em sentido contrário";0;0;0;0;0;0;0;0;0;0;4;1;0;0;0
"16/02/2024";"02:39:00";"475";"Com vítima";"483,000";"BR-101/SP";"Decrescente";"Colisão lateral em sentido contrário";0;0;0;0;0;0;0;0;0;0;3;0;1;0;0
"16/02/2024";"03:03:00";"488";"Com vítima";"324,900";"BR-116/SP";"Crescente";"Colisão traseira";0;0;0;0;0;0;0;0;0;0;4;2;0;0;0
"16/02/2024";"05:36:00";"559";"Sem vítima";"157,800";"BR-116/SP";"Crescente";"Colisão traseira";0;0;0;0;0;0;0;0;0;0;2;0;0;0;0
"16/02/2024";"05:51:00";"567";"Com vítima";"325,400";"BR-116/SP";"Decrescente";"Atropelamento de pedestre";0;0;0;0;0;0;0;0;0;0;0;0;0;0;0
"16/02/2024";"06:34:00";"582";"Sem vítima";"116,900";"BR-116/SP";"Crescente";"Choque";0;0;0;0;0;0;0;0;0;0;2;0;0;0;0
"16/02/2024";"06:57:00";"596";"Com vítima";"231,000";"BR-116/SP";"Decrescente";"Colisão traseira";0;0;0;0;0;0;0;0;0;0;1;0;0;1;0
"16/02/2024";"06:58:00";"597";"Sem vítima";"116,900";"BR-116/SP";"Crescente";"Choque";0;0;0;0;0;0;0;0;0;0;1;0;0;0;0
"16/02/2024";"07:27:00";"610";"Sem vítima";"322,900";"BR-116/SP";"Decrescente";"Choque";0;0;0;0;0;0;0;0;0;0;1;0;0;0;0
"16/02/2024";"07:40:00";"616";"Sem vítima";"220,700";"BR-116/SP";"Crescente";"Atropelamento de pedestre";0;0;0;0;0;0;0;0;0;0;3;0;0;0;0
"16/02/2024";"09:13:00";"22";"Sem vítima";"228,800";"BR-116/SP";"Decrescente";"Colisão lateral em sentido contrário";0;0;0;0;0;0;0;0;0;0;2;0;0;0;0
"16/02/2024";"10:49:00";"37";"Sem vítima";"312,000";"BR-116/SP";"Crescente";"Choque";0;0;0;0;0;0;0;0;0;0;1;0;0;0;0
"17/02/2024";"01:36:00";"62";"Sem vítima";"226,000";"BR-116/SP";"Decrescente";"Colisão traseira";0;0;0;0;0;0;0;0;0;0;2;0;0;0;0
"17/02/2024";"05:43:00";"197";"Sem vítima";"69,000";"BR-116/SP";"Decrescente";"Acidentes de outra natureza";0;0;0;0;0;0;0;0;0;0;1;0;0;0;0
"17/02/2024";"07:14:00";"264";"Sem vítima";"285,000";"BR-116/SP";"Decrescente";"Colisão traseira";0;0;0;0;0;0;0;0;0;0;1;0;0;0;0
"17/02/2024";"07:29:00";"272";"Com vítima";"50,000";"BR-101/SP";"Decrescente";"Colisão lateral em sentido contrário";0;0;0;0;0;0;0;0;0;0;1;0;1;0;0
"17/02/2024";"08:50:00";"306";"Sem vítima";"138,500";"BR-116/SP";"Crescente";"Engavetamento";0;0;0;0;0;0;0;0;0;0;0;0;0;0;0
"17/02/2024";"10:46:00";"365";"Com vítima";"307,400";"BR-116/SP";"Crescente";"Acidentes de outra natureza";0;0;0;0;0;0;0;0;0;0;0;0;1;1;0
"17/02/2024";"11:42:00";"391";"Com vítima";"577,000";"BR-101/SP";"Decrescente";"Acidentes de outra natureza";0;0;0;0;0;0;0;0;0;0;0;1;0;0;0
"17/02/2024";"12:41:00";"420";"Sem vítima";"270,350";"BR-116/SP";"Decrescente";"Colisão traseira";0;0;0;0;0;0;0;0;0;0;3;0;0;0;0
"17/02/2024";"03:09:00";"478";"Sem vítima";"230,700";"BR-116/SP";"Crescente";"Colisão lateral em sentido contrário";0;0;0;0;0;0;0;0;0;0;4;0;0;0;0
"17/02/2024";"03:09:00";"480";"Sem vítima";"223,000";"BR-116/SP";"Crescente";"Choque";0;0;0;0;0;0;0;0;0;0;0;0;0;0;0
"17/02/2024";"03:42:00";"497";"Sem vítima";"38,900";"BR-101/SP";"Crescente";"Colisão lateral em sentido contrário";0;0;0;0;0;0;0;0;0;0;3;0;0;0;0
"17/02/2024";"05:05:00";"526";"Com vítima";"299,100";"BR-116/SP";"Crescente";"Colisão lateral em sentido contrário";0;0;0;0;0;0;0;0;0;0;0;0;1;0;0
"17/02/2024";"05:41:00";"539";"Sem vítima";"15,280";"BR-101/SP";"Crescente";"Choque";0;0;0;0;0;0;0;0;0;0;2;0;0;0;0
"17/02/2024";"05:48:00";"541";"Sem vítima";"115,900";"BR-116/SP";"Crescente";"Choque";0;0;0;0;0;0;0;0;0;0;0;0;0;0;0
"17/02/2024";"10:16:00";"31";"Sem vítima";"257,000";"BR-116/SP";"Crescente";"Choque";0;0;0;0;0;0;0;0;0;0;1;0;0;0;0
"17/02/2024";"10:27:00";"34";"Com vítima";"171,970";"BR-116/SP";"Crescente";"Acidentes de outra natureza";0;0;0;0;0;0;0;0;0;0;0;0;0;1;0
"17/02/2024";"10:31:00";"35";"Sem vítima";"224,800";"BR-116/SP";"Decrescente";"Choque";0;0;0;0;0;0;0;0;0;0;1;0;0;0;0
"17/02/2024";"10:39:00";"38";"Sem vítima";"24,000";"BR-101/SP";"Decrescente";"Choque";0;0;0;0;0;0;0;0;0;0;1;0;0;0;0
"17/02/2024";"11:06:00";"42";"Sem vítima";"227,450";"BR-116/SP";"Decrescente";"Choque";0;0;0;0;0;0;0;0;0;0;1;0;0;0;0
"17/02/2024";"11:33:00";"46";"Sem vítima";"156,700";"BR-116/SP";"Decrescente";"Choque";0;0;0;0;0;0;0;0;0;0;1;0;0;0;0
"18/02/2024";"04:15:00";"116";"Sem vítima";"229,000";"BR-116/SP";"Crescente";"Choque";0;0;0;0;0;0;0;0;0;0;1;0;0;0;0
"18/02/2024";"07:18:00";"179";"Sem vítima";"505,000";"BR-101/SP";"Decrescente";"Colisão lateral em sentido contrário";0;0;0;0;0;0;0;0;0;0;0;0;0;0;0
"18/02/2024";"08:13:00";"194";"Com vítima";"96,900";"BR-116/SP";"Decrescente";"Engavetamento";0;0;0;0;0;0;0;0;0;0;4;1;0;0;0
"18/02/2024";"08:32:00";"199";"Sem vítima";"97,100";"BR-116/SP";"Decrescente";"Colisão traseira";0;0;0;0;0;0;0;0;0;0;2;0;0;0;0
"18/02/2024";"12:01:00";"296";"Sem vítima";"211,000";"BR-116/SP";"Crescente";"Colisão lateral em sentido contrário";0;0;0;0;0;0;0;0;0;0;3;0;0;0;0
"18/02/2024";"12:22:00";"310";"Sem vítima";"135,000";"BR-116/SP";"Crescente";"Colisão traseira";0;0;0;0;0;0;0;0;0;0;4;0;0;0;0
"18/02/2024";"01:46:00";"355";"Com vítima";"166,000";"BR-116/SP";"Crescente";"Colisão traseira";0;0;0;0;0;0;0;0;0;0;4;0;1;0;0
"18/02/2024";"01:57:00";"359";"Com vítima";"446,000";"BR-101/SP";"Decrescente";"Colisão lateral em sentido contrário";0;0;0;0;0;0;0;0;0;0;0;2;0;0;0
"18/02/2024";"01:58:00";"360";"Com vítima";"225,500";"BR-116/SP";"Decrescente";"Acidentes de outra natureza";0;0;0;0;0;0;0;0;0;0;0;1;0;0;0
"18/02/2024";"02:06:00";"364";"Sem vítima";"103,100";"BR-116/SP";"Crescente";"Colisão traseira";0;0;0;0;0;0;0;0;0;0;2;0;0;0;0
"18/02/2024";"02:57:00";"393";"Sem vítima";"226,000";"BR-116/SP";"Decrescente";"Colisão traseira";0;0;0;0;0;0;0;0;0;0;1;0;0;0;0
"18/02/2024";"03:46:00";"422";"Sem vítima";"214,700";"BR-116/SP";"Decrescente";"Colisão traseira";0;0;0;0;0;0;0;0;0;0;1;0;0;0;0
"18/02/2024";"03:47:00";"423";"Com vítima";"540,000";"BR-101/SP";"Crescente";"Choque";0;0;0;0;0;0;0;0;0;0;1;1;0;0;0
"18/02/2024";"05:20:00";"457";"Sem vítima";"122,572";"BR-116/SP";"Decrescente";"Colisão frontal";0;0;0;0;0;0;0;0;0;0;0;0;0;0;0
"18/02/2024";"07:00:00";"487";"Com vítima";"565,000";"BR-101/SP";"Decrescente";"Colisão traseira";0;0;0;0;0;0;0;0;0;0;7;1;0;0;0
"19/02/2024";"12:07:00";"50";"Com vítima";"478,600";"BR-101/SP";"Crescente";"Capotamento";0;0;0;0;0;0;0;0;0;0;0;1;1;0;0
"19/02/2024";"03:48:00";"104";"Com vítima";"231,700";"BR-116/SP";"Decrescente";"Choque";0;0;0;0;0;0;0;0;0;0;0;1;0;0;0
"19/02/2024";"04:02:00";"120";"Com vítima";"24,600";"BR-116/SP";"Crescente";"Colisão traseira";0;0;0;0;0;0;0;0;0;0;3;1;0;0;0
"19/02/2024";"04:37:00";"149";"Sem vítima";"138,000";"BR-116/SP";"Crescente";"Colisão traseira";0;0;0;0;0;0;0;0;0;0;1;0;0;0;0
"19/02/2024";"06:41:00";"207";"Com vítima";"24,000";"BR-101/SP";"Decrescente";"Colisão lateral em sentido contrário";0;0;0;0;0;0;0;0;0;0;0;0;0;1;0
"19/02/2024";"07:32:00";"280";"Com vítima";"222,600";"BR-116/SP";"Decrescente";"Colisão lateral em sentido contrário";0;0;0;0;0;0;0;0;0;0;1;0;1;0;0
"19/02/2024";"08:15:00";"299";"Sem vítima";"279,000";"BR-116/SP";"Decrescente";"Colisão lateral em sentido contrário";0;0;0;0;0;0;0;0;0;0;0;0;0;0;0
"19/02/2024";"09:46:00";"336";"Com vítima";"146,000";"BR-116/SP";"Decrescente";"Colisão traseira";0;0;0;0;0;0;0;0;0;0;1;2;0;0;0
"19/02/2024";"11:39:00";"382";"Com vítima";"102,350";"BR-116/SP";"Crescente";"Choque";0;0;0;0;0;0;0;0;0;0;0;1;0;0;0
"19/02/2024";"12:10:00";"400";"Sem vítima";"224,200";"BR-116/SP";"Crescente";"Engavetamento";0;0;0;0;0;0;0;0;0;0;2;0;0;0;0
"19/02/2024";"12:29:00";"410";"Sem vítima";"267,000";"BR-116/SP";"Crescente";"Colisão lateral em sentido contrário";0;0;0;0;0;0;0;0;0;0;2;0;0;0;0
"19/02/2024";"12:38:00";"414";"Sem vítima";"226,300";"BR-116/SP";"Crescente";"Tombamento";0;0;0;0;0;0;0;0;0;0;1;0;0;0;0
"19/02/2024";"12:47:00";"418";"Com vítima";"46,000";"BR-101/SP";"Crescente";"Colisão lateral em sentido contrário";0;0;0;0;0;0;0;0;0;0;1;1;0;0;0
"19/02/2024";"02:22:00";"467";"Sem vítima";"213,600";"BR-116/SP";"Decrescente";"Choque";0;0;0;0;0;0;0;0;0;0;1;0;0;0;0
"19/02/2024";"02:46:00";"479";"Sem vítima";"135,000";"BR-116/SP";"Crescente";"Colisão traseira";0;0;0;0;0;0;0;0;0;0;3;0;0;0;0
"19/02/2024";"02:56:00";"488";"Com vítima";"50,500";"BR-101/SP";"Crescente";"Atropelamento de pedestre";0;0;0;0;0;0;0;0;0;0;0;1;0;0;0
"19/02/2024";"03:20:00";"496";"Sem vítima";"86,950";"BR-116/SP";"Crescente";"Colisão frontal";0;0;0;0;0;0;0;0;0;0;0;0;0;0;0
"19/02/2024";"03:36:00";"502";"Com vítima";"542,000";"BR-101/SP";"Crescente";"Colisão lateral em sentido contrário";0;0;0;0;0;0;0;0;0;0;1;0;1;0;0
"19/02/2024";"04:44:00";"537";"Com vítima";"273,650";"BR-116/SP";"Crescente";"Colisão traseira";0;0;0;0;0;0;0;0;0;0;5;3;2;0;0
"19/02/2024";"04:46:00";"538";"Sem vítima";"273,000";"BR-116/SP";"Crescente";"Acidentes de outra natureza";0;0;0;0;0;0;0;0;0;0;0;0;0;0;0
"19/02/2024";"05:08:00";"547";"Sem vítima";"114,100";"BR-116/SP";"Decrescente";"Colisão lateral em sentido contrário";0;0;0;0;0;0;0;0;0;0;0;0;0;0;0
"19/02/2024";"06:06:00";"571";"Com vítima";"221,000";"BR-116/SP";"Decrescente";"Colisão traseira";0;0;0;0;0;0;0;0;0;0;1;1;0;0;0
"19/02/2024";"08:18:00";"604";"Com vítima";"49,000";"BR-116/SP";"Crescente";"Choque";0;0;0;0;0;0;0;0;0;0;0;0;1;0;0
"19/02/2024";"09:00:00";"292";"Sem vítima";"227,500";"BR-116/SP";"Decrescente";"Colisão traseira";0;0;0;0;0;0;0;0;0;0;2;0;0;0;0
"19/02/2024";"10:02:00";"29";"Sem vítima";"107,000";"BR-116/SP";"Decrescente";"Choque";0;0;0;0;0;0;0;0;0;0;1;0;0;0;0
"20/02/2024";"03:06:00";"83";"Sem vítima";"557,000";"BR-101/SP";"Decrescente";"Choque";0;0;0;0;0;0;0;0;0;0;2;0;0;0;0
"20/02/2024";"03:34:00";"96";"Com vítima";"261,300";"BR-116/SP";"Crescente";"Colisão lateral em sentido contrário";0;0;0;0;0;0;0;0;0;0;2;0;1;0;0
"20/02/2024";"05:13:00";"185";"Com vítima";"50,000";"BR-101/SP";"Crescente";"Colisão frontal";0;0;0;0;0;0;0;0;0;0;0;2;0;0;0
"20/02/2024";"05:18:00";"188";"Sem vítima";"136,000";"BR-116/SP";"Decrescente";"Acidentes de outra natureza";0;0;0;0;0;0;0;0;0;0;0;0;0;0;0
"20/02/2024";"06:26:00";"239";"Sem vítima";"145,600";"BR-116/SP";"Decrescente";"Colisão lateral em sentido contrário";0;0;0;0;0;0;0;0;0;0;2;0;0;0;0
"20/02/2024";"09:06:00";"312";"Sem vítima";"222,600";"BR-116/SP";"Decrescente";"Colisão lateral em sentido contrário";0;0;0;0;0;0;0;0;0;0;2;0;0;0;0
"20/02/2024";"09:58:00";"325";"Sem vítima";"228,000";"BR-116/SP";"Crescente";"Choque";0;0;0;0;0;0;0;0;0;0;1;0;0;0;0
"20/02/2024";"12:50:00";"400";"Sem vítima";"101,300";"BR-116/SP";"Crescente";"Colisão lateral em sentido contrário";0;0;0;0;0;0;0;0;0;0;0;0;0;0;0
"20/02/2024";"01:43:00";"429";"Com vítima";"225,000";"BR-116/SP";"Decrescente";"Acidentes de outra natureza";0;0;0;0;0;0;0;0;0;0;0;1;0;0;0
"20/02/2024";"02:12:00";"448";"Sem vítima";"95,000";"BR-116/SP";"Crescente";"Engavetamento";0;0;0;0;0;0;0;0;0;0;2;0;0;0;0
"20/02/2024";"03:17:00";"479";"Sem vítima";"528,000";"BR-101/SP";"Crescente";"Choque";0;0;0;0;0;0;0;0;0;0;1;0;0;0;0
"20/02/2024";"04:07:00";"502";"Sem vítima";"273,400";"BR-116/SP";"Crescente";"Choque";0;0;0;0;0;0;0;0;0;0;2;0;0;0;0
"20/02/2024";"04:13:00";"505";"Sem vítima";"157,500";"BR-116/SP";"Crescente";"Engavetamento";0;0;0;0;0;0;0;0;0;0;4;0;0;0;0
"20/02/2024";"05:04:00";"527";"Sem vítima";"221,000";"BR-116/SP";"Decrescente";"Engavetamento";0;0;0;0;0;0;0;0;0;0;3;0;0;0;0
"20/02/2024";"06:26:00";"554";"Sem vítima";"231,000";"BR-116/SP";"Decrescente";"Colisão traseira";0;0;0;0;0;0;0;0;0;0;1;0;0;0;0
"20/02/2024";"07:23:00";"577";"Sem vítima";"165,000";"BR-116/SP";"Decrescente";"Colisão lateral em sentido contrário";0;0;0;0;0;0;0;0;0;0;8;0;0;0;0
"20/02/2024";"07:31:00";"580";"Com vítima";"111,900";"BR-116/SP";"Decrescente";"Colisão traseira";0;0;0;0;0;0;0;0;0;0;1;1;0;0;0
"20/02/2024";"11:00:00";"537";"Com vítima";"127,000";"BR-116/SP";"Crescente";"Atropelamento de pedestre";0;0;0;0;0;0;0;0;0;0;0;0;0;0;0
"20/02/2024";"11:02:00";"42";"Sem vítima";"536,000";"BR-101/SP";"Crescente";"Colisão lateral em sentido contrário";0;0;0;0;0;0;0;0;0;0;2;0;0;0;0
"21/02/2024";"03:11:00";"80";"Sem vítima";"111,000";"BR-116/SP";"Decrescente";"Colisão lateral em sentido contrário";0;0;0;0;0;0;0;0;0;0;2;0;0;0;0
"21/02/2024";"03:27:00";"88";"Sem vítima";"22,000";"BR-101/SP";"Decrescente";"Capotamento";0;0;0;0;0;0;0;0;0;0;1;0;0;0;0
"21/02/2024";"03:31:00";"93";"Com vítima";"220,000";"BR-116/SP";"Decrescente";"Colisão traseira";0;0;0;0;0;0;0;0;0;0;1;1;0;0;0
"21/02/2024";"04:26:00";"134";"Com vítima";"289,000";"BR-116/SP";"Crescente";"Colisão traseira";0;0;0;0;0;0;0;0;0;0;0;2;1;0;0
"21/02/2024";"05:53:00";"187";"Sem vítima";"222,000";"BR-116/SP";"Decrescente";"Colisão lateral em sentido contrário";0;0;0;0;0;0;0;0;0;0;2;0;0;0;0
"21/02/2024";"07:39:00";"246";"Sem vítima";"205,000";"BR-116/SP";"Crescente";"Colisão traseira";0;0;0;0;0;0;0;0;0;0;2;0;0;0;0
"21/02/2024";"10:14:00";"319";"Sem vítima";"103,200";"BR-116/SP";"Decrescente";"Colisão lateral em sentido contrário";0;0;0;0;0;0;0;0;0;0;2;0;0;0;0
"21/02/2024";"10:17:00";"321";"Sem vítima";"472,800";"BR-101/SP";"Crescente";"Colisão traseira";0;0;0;0;0;0;0;0;0;0;3;0;0;0;0
"21/02/2024";"11:35:00";"352";"Com vítima";"269,350";"BR-116/SP";"Crescente";"Choque";0;0;0;0;0;0;0;0;0;0;3;2;0;0;0
"21/02/2024";"12:51:00";"389";"Sem vítima";"320,000";"BR-116/SP";"Decrescente";"Acidentes de outra natureza";0;0;0;0;0;0;0;0;0;0;0;0;0;0;0
"21/02/2024";"03:12:00";"464";"Com vítima";"225,500";"BR-116/SP";"Decrescente";"Colisão traseira";0;0;0;0;0;0;0;0;0;0;1;2;0;0;0
"21/02/2024";"03:34:00";"473";"Com vítima";"159,000";"BR-116/SP";"Decrescente";"Colisão traseira";0;0;0;0;0;0;0;0;0;0;1;0;1;0;0
"21/02/2024";"03:39:00";"477";"Sem vítima";"215,000";"BR-116/SP";"Decrescente";"Colisão traseira";0;0;0;0;0;0;0;0;0;0;2;0;0;0;0
"21/02/2024";"04:00:00";"490";"Com vítima";"229,200";"BR-116/SP";"Decrescente";"Acidentes de outra natureza";0;0;0;0;0;0;0;0;0;0;0;1;0;0;0
"21/02/2024";"04:20:00";"508";"Sem vítima";"433,000";"BR-101/SP";"Decrescente";"Colisão traseira";0;0;0;0;0;0;0;0;0;0;1;0;0;0;0
"21/02/2024";"04:23:00";"510";"Com vítima";"226,800";"BR-116/SP";"Decrescente";"Acidentes de outra natureza";0;0;0;0;0;0;0;0;0;0;0;0;0;0;1
"21/02/2024";"04:30:00";"513";"Sem vítima";"285,000";"BR-116/SP";"Decrescente";"Choque";0;0;0;0;0;0;0;0;0;0;0;0;0;0;0