data;horario;n_da_ocorrencia;tipo_de_ocorrencia;km;trecho;sentido;tipo_de_acidente;automovel;bicicleta;caminhao;moto;onibus;outros;tracao_animal;transporte_de_cargas_especiais;trator_maquinas;utilitarios;ilesos;levemente_feridos;moderadamente_feridos;gravemente_feridos;mortos
"21/02/2024";"04:52:00";"525";"Com vítima";"543,000";"BR-101/SP";"Decrescente";"Choque";0;0;0;0;0;0;0;0;0;0;0;1;0;0;0
"21/02/2024";"04:58:00";"530";"Sem vítima";"221,700";"BR-116/SP";"Crescente";"Colisão lateral em sentido contrário";0;0;0;0;0;0;0;0;0;0;2;0;0;0;0
"21/02/2024";"06:01:00";"555";"Com vítima";"67,600";"BR-116/SP";"Decrescente";"Engavetamento";0;0;0;0;0;0;0;0;0;0;0;0;3;0;0
"21/02/2024";"06:19:00";"564";"Com vítima";"213,000";"BR-116/SP";"Decrescente";"Choque";0;0;0;0;0;0;0;0;0;0;0;1;0;0;0
"21/02/2024";"07:08:00";"586";"Sem vítima";"230,900";"BR-116/SP";"Crescente";"Engavetamento";0;0;0;0;0;0;0;0;0;0;1;0;0;0;0
"21/02/2024";"09:00:00";"513";"Sem vítima";"107,000";"BR-116/SP";"Crescente";"Colisão lateral em sentido contrário";0;0;0;0;0;0;0;0;0;0;0;0;0;0;0
"21/02/2024";"09:00:00";"589";"Com vítima";"142,500";"BR-116/SP";"Decrescente";"Colisão traseira";0;0;0;0;0;0;0;0;0;0;5;1;0;0;0
"21/02/2024";"10:28:00";"40";"Sem vítima";"416,000";"BR-101/SP";"Crescente";"Choque";0;0;0;0;0;0;0;0;0;0;0;0;0;0;0
"22/02/2024";"02:04:00";"57";"Sem vítima";"160,400";"BR-116/SP";"Decrescente";"Choque";0;0;0;0;0;0;0;0;0;0;4;0;0;0;0
"22/02/2024";"03:14:00";"92";"Sem vítima";"393,700";"BR-101/SP";"Crescente";"Colisão traseira";0;0;0;0;0;0;0;0;0;0;1;0;0;0;0
"22/02/2024";"03:45:00";"112";"Sem vítima";"298,000";"BR-116/SP";"Decrescente";"Choque";0;0;0;0;0;0;0;0;0;0;1;0;0;0;0
"22/02/2024";"03:58:00";"123";"Sem vítima";"539,000";"BR-101/SP";"Decrescente";"Choque";0;0;0;0;0;0;0;0;0;0;0;0;0;0;0
"22/02/2024";"04:03:00";"128";"Sem vítima";"302,000";"BR-116/SP";"Crescente";"Choque";0;0;0;0;0;0;0;0;0;0;1;0;0;0;0
"22/02/2024";"04:27:00";"150";"Com vítima";"296,000";"BR-116/SP";"Crescente";"Choque";0;0;0;0;0;0;0;0;0;0;0;1;0;0;0
"22/02/2024";"04:47:00";"170";"Com vítima";"142,900";"BR-116/SP";"Decrescente";"Colisão traseira";0;0;0;0;0;0;0;0;0;0;1;0;1;0;0
"22/02/2024";"05:15:00";"187";"Sem vítima";"530,000";"BR-101/SP";"Decrescente";"Choque";0;0;0;0;0;0;0;0;0;0;0;0;0;0;0
"22/02/2024";"06:06:00";"224";"Sem vítima";"134,000";"BR-116/SP";"Crescente";"Engavetamento";0;0;0;0;0;0;0;0;0;0;5;0;0;0;0
"22/02/2024";"06:42:00";"249";"Sem vítima";"215,000";"BR-116/SP";"Decrescente";"Choque";0;0;0;0;0;0;0;0;0;0;0;0;0;0;0
"22/02/2024";"07:12:00";"269";"Sem vítima";"149,000";"BR-116/SP";"Decrescente";"Colisão traseira";0;0;0;0;0;0;0;0;0;0;3;0;0;0;0
"22/02/2024";"08:16:00";"305";"Sem vítima";"228,000";"BR-116/SP";"Decrescente";"Colisão traseira";0;0;0;0;0;0;0;0;0;0;1;0;0;0;0
"22/02/2024";"08:18:00";"307";"Sem vítima";"145,000";"BR-116/SP";"Decrescente";"Colisão lateral em sentido contrário";0;0;0;0;0;0;0;0;0;0;1;0;0;0;0
"22/02/2024";"11:06:00";"395";"Com vítima";"485,000";"BR-101/SP";"Decrescente";"Engavetamento";0;0;0;0;0;0;0;0;0;0;4;1;0;0;0
"22/02/2024";"01:39:00";"476";"Sem vítima";"111,500";"BR-116/SP";"Decrescente";"Engavetamento";0;0;0;0;0;0;0;0;0;0;7;0;0;0;0
"22/02/2024";"01:40:00";"477";"Com vítima";"224,000";"BR-116/SP";"Decrescente";"Atropelamento de pedestre";0;0;0;0;0;0;0;0;0;0;1;0;0;0;0
"22/02/2024";"03:12:00";"527";"Com vítima";"28,000";"BR-101/SP";"Decrescente";"Colisão lateral em sentido contrário";0;0;0;0;0;0;0;0;0;0;3;1;0;0;0
"22/02/2024";"03:20:00";"534";"Com vítima";"154,000";"BR-116/SP";"Crescente";"Engavetamento";0;0;0;0;0;0;0;0;0;0;7;1;0;0;0
"22/02/2024";"04:41:00";"581";"Com vítima";"140,400";"BR-116/SP";"Crescente";"Engavetamento";0;0;0;0;0;0;0;0;0;0;4;1;2;0;0
"22/02/2024";"05:03:00";"591";"Sem vítima";"81,500";"BR-116/SP";"Decrescente";"Colisão traseira";0;0;0;0;0;0;0;0;0;0;0;0;0;0;0
"22/02/2024";"05:05:00";"594";"Sem vítima";"409,000";"BR-101/SP";"Decrescente";"Atropelamento de pedestre";0;0;0;0;0;0;0;0;0;0;1;0;0;0;0
"22/02/2024";"05:19:00";"600";"Com vítima";"137,780";"BR-116/SP";"Crescente";"Engavetamento";0;0;0;0;0;0;0;0;0;0;1;1;1;0;1
"22/02/2024";"11:15:00";"43";"Sem vítima";"451,000";"BR-101/SP";"Crescente";"Choque";0;0;0;0;0;0;0;0;0;0;1;0;0;0;0
"23/02/2024";"02:54:00";"74";"Com vítima";"393,000";"BR-101/SP";"Crescente";"Acidentes de outra natureza";0;0;0;0;0;0;0;0;0;0;0;1;0;0;0
"23/02/2024";"03:00:00";"80";"Sem vítima";"16,900";"BR-116/SP";"Decrescente";"Choque";0;0;0;0;0;0;0;0;0;0;1;0;0;0;0
"23/02/2024";"04:28:00";"149";"Sem vítima";"113,000";"BR-116/SP";"Crescente";"Colisão traseira";0;0;0;0;0;0;0;0;0;0;2;0;0;0;0
"23/02/2024";"04:43:00";"163";"Com vítima";"162,000";"BR-116/SP";"Decrescente";"Colisão lateral em sentido contrário";0;0;0;0;0;0;0;0;0;0;2;0;1;0;0
"23/02/2024";"05:29:00";"203";"Sem vítima";"35,000";"BR-116/SP";"Decrescente";"Colisão traseira";0;0;0;0;0;0;0;0;0;0;0;0;0;0;0
"23/02/2024";"06:35:00";"262";"Com vítima";"227,500";"BR-116/SP";"Crescente";"Colisão lateral em sentido contrário";0;0;0;0;0;0;0;0;0;0;1;0;2;0;0
"23/02/2024";"07:56:00";"318";"Sem vítima";"575,000";"BR-101/SP";"Crescente";"Colisão lateral em sentido contrário";0;0;0;0;0;0;0;0;0;0;1;0;0;0;0
"23/02/2024";"08:37:00";"340";"Com vítima";"216,000";"BR-116/SP";"Decrescente";"Colisão lateral em sentido contrário";0;0;0;0;0;0;0;0;0;0;5;1;0;0;0
"23/02/2024";"10:08:00";"409";"Sem vítima";"146,650";"BR-116/SP";"Crescente";"Colisão lateral em sentido contrário";0;0;0;0;0;0;0;0;0;0;1;0;0;0;0
"23/02/2024";"10:43:00";"429";"Com vítima";"228,800";"BR-116/SP";"Decrescente";"Colisão lateral em sentido contrário";0;0;0;0;0;0;0;0;0;0;1;1;0;0;0
"23/02/2024";"10:45:00";"430";"Sem vítima";"154,600";"BR-116/SP";"Crescente";"Colisão traseira";0;0;0;0;0;0;0;0;0;0;2;0;0;0;0
"23/02/2024";"11:31:00";"454";"Com vítima";"530,000";"BR-101/SP";"Decrescente";"Colisão lateral em sentido contrário";0;0;0;0;0;0;0;0;0;0;1;0;1;0;0
"23/02/2024";"11:42:00";"460";"Sem vítima";"151,000";"BR-116/SP";"Crescente";"Colisão lateral em sentido contrário";0;0;0;0;0;0;0;0;0;0;2;0;0;0;0
"23/02/2024";"11:47:00";"462";"Sem vítima";"149,200";"BR-116/SP";"Crescente";"Engavetamento";0;0;0;0;0;0;0;0;0;0;4;0;0;0;0
"23/02/2024";"12:18:00";"480";"Sem vítima";"327,500";"BR-116/SP";"Crescente";"Acidentes de outra natureza";0;0;0;0;0;0;0;0;0;0;3;0;0;0;0
"23/02/2024";"01:32:00";"517";"Sem vítima";"109,000";"BR-116/SP";"Crescente";"Colisão traseira";0;0;0;0;0;0;0;0;0;0;4;0;0;0;0
"23/02/2024";"01:52:00";"524";"Com vítima";"229,000";"BR-116/SP";"Crescente";"Choque";0;0;0;0;0;0;0;0;0;0;0;2;0;1;0
"23/02/2024";"01:57:00";"528";"Sem vítima";"183,680";"BR-116/SP";"Decrescente";"Choque";0;0;0;0;0;0;0;0;0;0;2;0;0;0;0
"23/02/2024";"02:50:00";"556";"Sem vítima";"124,000";"BR-116/SP";"Decrescente";"Colisão traseira";0;0;0;0;0;0;0;0;0;0;0;0;0;0;0
"23/02/2024";"04:35:00";"625";"Com vítima";"151,150";"BR-116/SP";"Decrescente";"Acidentes de outra natureza";0;0;0;0;0;0;0;0;0;0;1;0;0;0;1
"23/02/2024";"05:04:00";"644";"Com vítima";"46,600";"BR-101/SP";"Crescente";"Colisão lateral em sentido contrário";0;0;0;0;0;0;0;0;0;0;1;0;1;0;0
"23/02/2024";"05:28:00";"656";"Sem vítima";"283,100";"BR-116/SP";"Crescente";"Colisão traseira";0;0;0;0;0;0;0;0;0;0;0;0;0;0;0
"23/02/2024";"05:29:00";"657";"Sem vítima";"148,050";"BR-116/SP";"Decrescente";"Engavetamento";0;0;0;0;0;0;0;0;0;0;30;0;0;0;0
"23/02/2024";"09:00:00";"88";"Sem vítima";"463,000";"BR-101/SP";"Crescente";"Choque";0;0;0;0;0;0;0;0;0;0;1;0;0;0;0
"23/02/2024";"09:08:00";"43";"Sem vítima";"289,500";"BR-116/SP";"Decrescente";"Choque";0;0;0;0;0;0;0;0;0;0;0;0;0;0;0
"23/02/2024";"09:20:00";"24";"Com vítima";"456,400";"BR-101/SP";"Crescente";"Colisão lateral em sentido contrário";0;0;0;0;0;0;0;0;0;0;1;0;1;1;0
"24/02/2024";"02:49:00";"87";"Sem vítima";"156,800";"BR-116/SP";"Crescente";"Choque";0;0;0;0;0;0;0;0;0;0;2;0;0;0;0
"24/02/2024";"05:24:00";"171";"Com vítima";"148,600";"BR-116/SP";"Decrescente";"Colisão traseira";0;0;0;0;0;0;0;0;0;0;2;1;0;0;0
"24/02/2024";"07:39:00";"254";"Com vítima";"215,400";"BR-116/SP";"Crescente";"Colisão lateral em sentido contrário";0;0;0;0;0;0;0;0;0;0;1;0;1;1;0
"24/02/2024";"08:32:00";"279";"Sem vítima";"169,700";"BR-116/SP";"Decrescente";"Colisão traseira";0;0;0;0;0;0;0;0;0;0;2;0;0;0;0
"24/02/2024";"10:12:00";"334";"Sem vítima";"225,000";"BR-116/SP";"Decrescente";"Colisão traseira";0;0;0;0;0;0;0;0;0;0;0;0;0;0;0
"24/02/2024";"10:23:00";"342";"Sem vítima";"143,400";"BR-116/SP";"Decrescente";"Colisão traseira";0;0;0;0;0;0;0;0;0;0;3;0;0;0;0
"24/02/2024";"10:38:00";"350";"Sem vítima";"222,000";"BR-116/SP";"Crescente";"Engavetamento";0;0;0;0;0;0;0;0;0;0;3;0;0;0;0
"24/02/2024";"10:48:00";"357";"Com vítima";"43,000";"BR-101/SP";"Decrescente";"Acidentes de outra natureza";0;0;0;0;0;0;0;0;0;0;0;1;0;0;0
"24/02/2024";"10:51:00";"361";"Sem vítima";"22,000";"BR-116/SP";"Crescente";"Acidentes de outra natureza";0;0;0;0;0;0;0;0;0;0;0;0;0;0;0
"24/02/2024";"12:08:00";"394";"Sem vítima";"56,600";"BR-116/SP";"Decrescente";"Colisão traseira";0;0;0;0;0;0;0;0;0;0;2;0;0;0;0
"24/02/2024";"12:32:00";"405";"Com vítima";"394,000";"BR-101/SP";"Decrescente";"Colisão traseira";0;0;0;0;0;0;0;0;0;0;1;1;0;0;0
"24/02/2024";"01:32:00";"432";"Com vítima";"41,000";"BR-101/SP";"Decrescente";"Acidentes de outra natureza";0;0;0;0;0;0;0;0;0;0;1;1;0;0;0
"24/02/2024";"04:29:00";"514";"Com vítima";"48,000";"BR-101/SP";"Decrescente";"Colisão lateral em sentido contrário";0;0;0;0;0;0;0;0;0;0;1;1;0;0;0
"24/02/2024";"05:21:00";"527";"Sem vítima";"387,000";"BR-101/SP";"Crescente";"Choque";0;0;0;0;0;0;0;0;0;0;1;0;0;0;0
"24/02/2024";"05:32:00";"542";"Sem vítima";"228,000";"BR-116/SP";"Crescente";"Colisão traseira";0;0;0;0;0;0;0;0;0;0;2;0;0;0;0
"24/02/2024";"08:57:00";"632";"Com vítima";"149,000";"BR-116/SP";"Decrescente";"Acidentes de outra natureza";0;0;0;0;0;0;0;0;0;0;0;0;0;1;0
"24/02/2024";"09:28:00";"27";"Com vítima";"500,000";"BR-101/SP";"Decrescente";"Acidentes de outra natureza";0;0;0;0;0;0;0;0;0;0;0;0;1;0;0
"24/02/2024";"10:28:00";"43";"Sem vítima";"285,600";"BR-116/SP";"Decrescente";"Choque";0;0;0;0;0;0;0;0;0;0;3;0;0;0;0
"24/02/2024";"10:34:00";"44";"Com vítima";"217,000";"BR-116/SP";"Decrescente";"Choque";0;0;0;0;0;0;0;0;0;0;0;1;0;0;0
"24/02/2024";"11:20:00";"54";"Sem vítima";"214,000";"BR-116/SP";"Decrescente";"Colisão traseira";0;0;0;0;0;0;0;0;0;0;1;0;0;0;0
"24/02/2024";"11:24:00";"110";"Sem vítima";"296,000";"BR-116/SP";"Decrescente";"Colisão traseira";0;0;0;0;0;0;0;0;0;0;4;0;0;0;0
"25/02/2024";"12:49:00";"66";"Com vítima";"55,050";"BR-116/SP";"Decrescente";"Colisão traseira";0;0;0;0;0;0;0;0;0;0;1;0;2;0;0
"25/02/2024";"12:55:00";"67";"Sem vítima";"388,000";"BR-101/SP";"Decrescente";"Atropelamento de pedestre";0;0;0;0;0;0;0;0;0;0;9;0;0;0;0
"25/02/2024";"02:15:00";"80";"Com vítima";"226,900";"BR-116/SP";"Crescente";"Choque";0;0;0;0;0;0;0;0;0;0;0;0;1;0;0
"25/02/2024";"02:53:00";"86";"Sem vítima";"204,900";"BR-116/SP";"Decrescente";"Choque";0;0;0;0;0;0;0;0;0;0;1;0;0;0;0
"25/02/2024";"03:12:00";"91";"Sem vítima";"77,000";"BR-116/SP";"Decrescente";"Acidentes de outra natureza";0;0;0;0;0;0;0;0;0;0;0;0;0;0;0
"25/02/2024";"03:12:00";"92";"Com vítima";"82,000";"BR-116/SP";"Crescente";"Colisão lateral em sentido contrário";0;0;0;0;0;0;0;0;0;0;18;2;0;0;0
"25/02/2024";"03:35:00";"99";"Sem vítima";"63,100";"BR-116/SP";"Crescente";"Colisão traseira";0;0;0;0;0;0;0;0;0;0;5;0;0;0;0
"25/02/2024";"04:53:00";"129";"Sem vítima";"187,700";"BR-116/SP";"Decrescente";"Colisão lateral em sentido contrário";0;0;0;0;0;0;0;0;0;0;1;0;0;0;0
"25/02/2024";"05:53:00";"155";"Sem vítima";"101,000";"BR-116/SP";"Decrescente";"Atropelamento de animal";0;0;0;0;0;0;0;0;0;0;2;0;0;0;0
"25/02/2024";"07:11:00";"195";"Sem vítima";"102,000";"BR-116/SP";"Decrescente";"Colisão traseira";0;0;0;0;0;0;0;0;0;0;6;0;0;0;0
"25/02/2024";"09:21:00";"247";"Sem vítima";"36,000";"BR-116/SP";"Decrescente";"Choque";0;0;0;0;0;0;0;0;0;0;1;0;0;0;0
"25/02/2024";"09:33:00";"253";"Com vítima";"113,000";"BR-116/SP";"Decrescente";"Acidentes de outra natureza";0;0;0;0;0;0;0;0;0;0;0;0;2;0;0
"25/02/2024";"09:50:00";"263";"Sem vítima";"203,000";"BR-116/SP";"Crescente";"Colisão lateral em sentido contrário";0;0;0;0;0;0;0;0;0;0;4;0;0;0;0
"25/02/2024";"10:15:00";"277";"Com vítima";"46,000";"BR-101/SP";"Decrescente";"Colisão lateral em sentido contrário";0;0;0;0;0;0;0;0;0;0;5;1;0;0;0
"25/02/2024";"12:42:00";"350";"Sem vítima";"320,000";"BR-116/SP";"Decrescente";"Choque";0;0;0;0;0;0;0;0;0;0;3;0;0;0;0
"25/02/2024";"01:13:00";"359";"Sem vítima";"318,500";"BR-116/SP";"Crescente";"Acidentes de outra natureza";0;0;0;0;0;0;0;0;0;0;2;0;0;0;0
"25/02/2024";"04:07:00";"449";"Sem vítima";"429,000";"BR-101/SP";"Decrescente";"Choque";0;0;0;0;0;0;0;0;0;0;4;0;0;0;0
"25/02/2024";"05:54:00";"490";"Com vítima";"387,000";"BR-101/SP";"Decrescente";"Colisão lateral em sentido contrário";0;0;0;0;0;0;0;0;0;0;3;1;0;0;0
"25/02/2024";"06:17:00";"496";"Com vítima";"227,000";"BR-116/SP";"Decrescente";"Colisão lateral em sentido contrário";0;0;0;0;0;0;0;0;0;0;2;1;0;0;0
"25/02/2024";"07:05:00";"518";"Sem vítima";"192,000";"BR-116/SP";"Crescente";"Choque";0;0;0;0;0;0;0;0;0;0;1;0;0;0;0
"25/02/2024";"09:00:00";"223";"Sem vítima";"193,000";"BR-116/SP";"Crescente";"Choque";0;0;0;0;0;0;0;0;0;0;1;0;0;0;0
"25/02/2024";"09:26:00";"24";"Com vítima";"156,900";"BR-116/SP";"Crescente";"Colisão lateral em sentido contrário";0;0;0;0;0;0;0;0;0;0;0;1;0;0;0
"25/02/2024";"11:29:00";"40";"Sem vítima";"305,000";"BR-116/SP";"Crescente";"Choque";0;0;0;0;0;0;0;0;0;0;1;0;0;0;0
"26/02/2024";"02:27:00";"59";"Sem vítima";"210,000";"BR-116/SP";"Crescente";"Colisão traseira";0;0;0;0;0;0;0;0;0;0;3;0;0;0;0
"26/02/2024";"02:54:00";"65";"Com vítima";"202,000";"BR-116/SP";"Decrescente";"Acidentes de outra natureza";0;0;0;0;0;0;0;0;0;0;1;1;0;0;0
"26/02/2024";"03:14:00";"72";"Sem vítima";"223,000";"BR-116/SP";"Crescente";"Acidentes de outra natureza";0;0;0;0;0;0;0;0;0;0;0;0;0;0;0
"26/02/2024";"03:24:00";"83";"Com vítima";"145,800";"BR-116/SP";"Decrescente";"Tombamento";0;0;0;0;0;0;0;0;0;0;3;1;0;0;0
"26/02/2024";"03:41:00";"94";"Sem vítima";"41,000";"BR-116/SP";"Decrescente";"Acidentes de outra natureza";0;0;0;0;0;0;0;0;0;0;1;0;0;0;0
"26/02/2024";"03:58:00";"112";"Com vítima";"397,000";"BR-101/SP";"Crescente";"Acidentes de outra natureza";0;0;0;0;0;0;0;0;0;0;13;15;2;0;0
"26/02/2024";"04:13:00";"131";"Com vítima";"206,000";"BR-116/SP";"Crescente";"Colisão lateral em sentido contrário";0;0;0;0;0;0;0;0;0;0;2;1;0;0;0
"26/02/2024";"04:48:00";"159";"Com vítima";"207,000";"BR-116/SP";"Crescente";"Colisão traseira";0;0;0;0;0;0;0;0;0;0;0;2;0;0;0
"26/02/2024";"05:24:00";"182";"Sem vítima";"185,000";"BR-116/SP";"Decrescente";"Acidentes de outra natureza";0;0;0;0;0;0;0;0;0;0;0;0;0;0;0
"26/02/2024";"05:46:00";"199";"Com vítima";"581,000";"BR-101/SP";"Decrescente";"Acidentes de outra natureza";0;0;0;0;0;0;0;0;0;0;0;1;0;0;0
"26/02/2024";"05:46:00";"200";"Sem vítima";"161,000";"BR-116/SP";"Decrescente";"Colisão traseira";0;0;0;0;0;0;0;0;0;0;4;0;0;0;0
"26/02/2024";"06:22:00";"202";"Com vítima";"139,900";"BR-116/SP";"Crescente";"Colisão traseira";0;0;0;0;0;0;0;0;0;0;2;1;0;0;0
"26/02/2024";"08:51:00";"308";"Sem vítima";"320,000";"BR-116/SP";"Decrescente";"Engavetamento";0;0;0;0;0;0;0;0;0;0;5;0;0;0;0
"26/02/2024";"11:34:00";"402";"Sem vítima";"591,000";"BR-101/SP";"Decrescente";"Choque";0;0;0;0;0;0;0;0;0;0;1;0;0;0;0
"26/02/2024";"11:48:00";"410";"Sem vítima";"294,800";"BR-116/SP";"Decrescente";"Engavetamento";0;0;0;0;0;0;0;0;0;0;6;0;0;0;0
"26/02/2024";"12:27:00";"434";"Sem vítima";"324,000";"BR-116/SP";"Decrescente";"Colisão traseira";0;0;0;0;0;0;0;0;0;0;3;0;0;0;0
"26/02/2024";"01:03:00";"445";"Com vítima";"208,000";"BR-116/SP";"Decrescente";"Colisão lateral em sentido contrário";0;0;0;0;0;0;0;0;0;0;0;1;0;0;0
"26/02/2024";"01:13:00";"451";"Com vítima";"235,600";"BR-116/SP";"Decrescente";"Tombamento";0;0;0;0;0;0;0;0;0;0;0;1;0;0;0
"26/02/2024";"03:22:00";"509";"Com vítima";"61,500";"BR-116/SP";"Decrescente";"Colisão traseira";0;0;0;0;0;0;0;0;0;0;0;1;0;0;0
"26/02/2024";"04:25:00";"538";"Com vítima";"413,000";"BR-101/SP";"Decrescente";"Atropelamento de pedestre";0;0;0;0;0;0;0;0;0;0;2;1;0;0;0
"26/02/2024";"05:21:00";"558";"Sem vítima";"127,000";"BR-116/SP";"Crescente";"Colisão lateral em sentido contrário";0;0;0;0;0;0;0;0;0;0;4;0;0;0;0
"26/02/2024";"06:00:00";"572";"Sem vítima";"404,000";"BR-101/SP";"Crescente";"Colisão traseira";0;0;0;0;0;0;0;0;0;0;1;0;0;0;0
"27/02/2024";"02:52:00";"81";"Com vítima";"209,400";"BR-116/SP";"Decrescente";"Colisão lateral em sentido contrário";0;0;0;0;0;0;0;0;0;0;1;0;1;0;0
"27/02/2024";"03:43:00";"108";"Sem vítima";"176,000";"BR-116/SP";"Decrescente";"Colisão lateral em sentido contrário";0;0;0;0;0;0;0;0;0;0;2;0;0;0;0
"27/02/2024";"04:05:00";"132";"Com vítima";"60,500";"BR-116/SP";"Decrescente";"Acidentes de outra natureza";0;0;0;0;0;0;0;0;0;0;0;0;1;0;0
"27/02/2024";"04:08:00";"134";"Com vítima";"407,000";"BR-101/SP";"Decrescente";"Colisão traseira";0;0;0;0;0;0;0;0;0;0;1;1;0;0;0
"27/02/2024";"04:59:00";"178";"Com vítima";"206,800";"BR-116/SP";"Crescente";"Acidentes de outra natureza";0;0;0;0;0;0;0;0;0;0;0;1;0;0;0
"27/02/2024";"05:33:00";"201";"Sem vítima";"160,300";"BR-116/SP";"Decrescente";"Choque";0;0;0;0;0;0;0;0;0;0;0;0;0;0;0
"27/02/2024";"05:55:00";"221";"Com vítima";"144,000";"BR-116/SP";"Crescente";"Colisão traseira";0;0;0;0;0;0;0;0;0;0;2;1;0;0;0
"27/02/2024";"06:49:00";"260";"Com vítima";"49,000";"BR-101/SP";"Crescente";"Atropelamento de pedestre";0;0;0;0;0;0;0;0;0;0;0;0;0;0;0
"27/02/2024";"06:56:00";"263";"Sem vítima";"233,000";"BR-116/SP";"Decrescente";"Colisão lateral em sentido contrário";0;0;0;0;0;0;0;0;0;0;1;0;0;0;0
"27/02/2024";"07:21:00";"274";"Com vítima";"229,000";"BR-116/SP";"Decrescente";"Colisão lateral em sentido contrário";0;0;0;0;0;0;0;0;0;0;1;1;0;0;0
"27/02/2024";"11:10:00";"397";"Com vítima";"209,000";"BR-116/SP";"Decrescente";"Engavetamento";0;0;0;0;0;0;0;0;0;0;3;1;0;0;0
"27/02/2024";"11:16:00";"399";"Sem vítima";"209,000";"BR-116/SP";"Decrescente";"Colisão lateral em sentido contrário";0;0;0;0;0;0;0;0;0;0;1;0;0;0;0
"27/02/2024";"12:00:00";"423";"Sem vítima";"169,850";"BR-116/SP";"Decrescente";"Choque";0;0;0;0;0;0;0;0;0;0;2;0;0;0;0
"27/02/2024";"12:06:00";"429";"Sem vítima";"23,600";"BR-116/SP";"Crescente";"Choque";0;0;0;0;0;0;0;0;0;0;2;0;0;0;0
"27/02/2024";"12:18:00";"437";"Sem vítima";"471,000";"BR-101/SP";"Decrescente";"Acidentes de outra natureza";0;0;0;0;0;0;0;0;0;0;0;0;0;0;0
"27/02/2024";"12:44:00";"456";"Sem vítima";"308,200";"BR-116/SP";"Decrescente";"Colisão lateral em sentido contrário";0;0;0;0;0;0;0;0;0;0;2;0;0;0;0
"27/02/2024";"03:23:00";"551";"Sem vítima";"415,000";"BR-101/SP";"Crescente";"Choque";0;0;0;0;0;0;0;0;0;0;1;0;0;0;0
"27/02/2024";"03:26:00";"552";"Com vítima";"483,000";"BR-101/SP";"Crescente";"Colisão frontal";0;0;0;0;0;0;0;0;0;0;0;1;3;0;0
"27/02/2024";"03:29:00";"557";"Sem vítima";"154,700";"BR-116/SP";"Crescente";"Colisão lateral em sentido contrário";0;0;0;0;0;0;0;0;0;0;1;0;0;0;0
"27/02/2024";"04:52:00";"610";"Com vítima";"107,900";"BR-116/SP";"Crescente";"Choque";0;0;0;0;0;0;0;0;0;0;0;0;1;0;0
"27/02/2024";"06:22:00";"543";"Com vítima";"287,000";"BR-116/SP";"Crescente";"Colisão traseira";0;0;0;0;0;0;0;0;0;0;0;0;1;0;0
"27/02/2024";"06:36:00";"657";"Com vítima";"223,000";"BR-116/SP";"Crescente";"Queda de moto";0;0;0;0;0;0;0;0;0;0;0;1;0;0;0
"27/02/2024";"07:08:00";"673";"Com vítima";"222,100";"BR-116/SP";"Crescente";"Acidentes de outra natureza";0;0;0;0;0;0;0;0;0;0;0;1;0;0;0
"27/02/2024";"07:36:00";"690";"Com vítima";"160,150";"BR-116/SP";"Decrescente";"Colisão traseira";0;0;0;0;0;0;0;0;0;0;1;0;0;0;1
"28/02/2024";"02:26:00";"74";"Sem vítima";"146,000";"BR-116/SP";"Decrescente";"Colisão traseira";0;0;0;0;0;0;0;0;0;0;1;0;0;0;0
"28/02/2024";"03:34:00";"108";"Sem vítima";"220,900";"BR-116/SP";"Decrescente";"Colisão traseira";0;0;0;0;0;0;0;0;0;0;3;0;0;0;0
"28/02/2024";"04:01:00";"122";"Sem vítima";"119,000";"BR-116/SP";"Decrescente";"Colisão traseira";0;0;0;0;0;0;0;0;0;0;2;0;0;0;0
"28/02/2024";"05:07:00";"177";"Com vítima";"145,000";"BR-116/SP";"Crescente";"Colisão traseira";0;0;0;0;0;0;0;0;0;0;2;1;0;0;0
"28/02/2024";"05:39:00";"207";"Sem vítima";"41,300";"BR-101/SP";"Crescente";"Choque";0;0;0;0;0;0;0;0;0;0;3;0;0;0;0
"28/02/2024";"05:42:00";"210";"Sem vítima";"227,300";"BR-116/SP";"Crescente";"Choque";0;0;0;0;0;0;0;0;0;0;1;0;0;0;0
"28/02/2024";"05:56:00";"219";"Com vítima";"109,000";"BR-116/SP";"Decrescente";"Colisão traseira";0;0;0;0;0;0;0;0;0;0;1;1;0;0;0
"28/02/2024";"06:49:00";"246";"Sem vítima";"266,900";"BR-116/SP";"Decrescente";"Choque";0;0;0;0;0;0;0;0;0;0;1;0;0;0;0
"28/02/2024";"07:28:00";"266";"Com vítima";"417,000";"BR-101/SP";"Decrescente";"Choque";0;0;0;0;0;0;0;0;0;0;0;1;0;0;0