data;horario;n_da_ocorrencia;tipo_de_ocorrencia;km;trecho;sentido;tipo_de_acidente;automovel;bicicleta;caminhao;moto;onibus;outros;tracao_animal;transporte_de_cargas_especiais;trator_maquinas;utilitarios;ilesos;levemente_feridos;moderadamente_feridos;gravemente_feridos;mortos
"28/02/2024";"08:07:00";"285";"Sem vítima";"470,000";"BR-101/SP";"Crescente";"Engavetamento";0;0;0;0;0;0;0;0;0;0;2;0;0;0;0
"28/02/2024";"08:42:00";"309";"Com vítima";"95,000";"BR-116/SP";"Crescente";"Colisão traseira";0;0;0;0;0;0;0;0;0;0;2;2;0;0;0
"28/02/2024";"08:48:00";"312";"Com vítima";"51,000";"BR-116/SP";"Decrescente";"Acidentes de outra natureza";0;0;0;0;0;0;0;0;0;0;0;1;0;0;0
"28/02/2024";"10:12:00";"344";"Com vítima";"116,100";"BR-116/SP";"Crescente";"Engavetamento";0;0;0;0;0;0;0;0;0;0;2;2;0;0;0
"28/02/2024";"11:19:00";"383";"Sem vítima";"298,000";"BR-116/SP";"Crescente";"Colisão lateral em sentido contrário";0;0;0;0;0;0;0;0;0;0;2;0;0;0;0
"28/02/2024";"11:24:00";"389";"Com vítima";"572,000";"BR-101/SP";"Decrescente";"Capotamento";0;0;0;0;0;0;0;0;0;0;0;0;1;0;0
"28/02/2024";"11:49:00";"396";"Sem vítima";"225,000";"BR-116/SP";"Decrescente";"Choque";0;0;0;0;0;0;0;0;0;0;1;0;0;0;0
"28/02/2024";"01:08:00";"449";"Com vítima";"154,000";"BR-116/SP";"Crescente";"Colisão lateral em sentido contrário";0;0;0;0;0;0;0;0;0;0;0;1;0;0;0
"28/02/2024";"03:05:00";"506";"Com vítima";"437,000";"BR-101/SP";"Decrescente";"Colisão traseira";0;0;0;0;0;0;0;0;0;0;2;1;0;0;0
"28/02/2024";"07:24:00";"626";"Com vítima";"583,000";"BR-101/SP";"Crescente";"Colisão frontal";0;0;0;0;0;0;0;0;0;0;0;1;0;0;0
"28/02/2024";"08:02:00";"637";"Sem vítima";"173,000";"BR-116/SP";"Crescente";"Choque";0;0;0;0;0;0;0;0;0;0;1;0;0;0;0
"28/02/2024";"08:32:00";"644";"Com vítima";"141,400";"BR-116/SP";"Decrescente";"Acidentes de outra natureza";0;0;0;0;0;0;0;0;0;0;0;2;0;0;0
"28/02/2024";"09:00:00";"383";"Sem vítima";"468,000";"BR-101/SP";"Decrescente";"Choque";0;0;0;0;0;0;0;0;0;0;1;0;0;0;0
"28/02/2024";"09:16:00";"22";"Com vítima";"95,250";"BR-116/SP";"Crescente";"Acidentes de outra natureza";0;0;0;0;0;0;0;0;0;0;0;1;0;0;0
"28/02/2024";"11:03:00";"36";"Com vítima";"230,000";"BR-116/SP";"Decrescente";"Atropelamento de pedestre";0;0;0;0;0;0;0;0;0;0;0;1;0;0;0
"29/02/2024";"01:23:00";"47";"Com vítima";"503,000";"BR-101/SP";"Crescente";"Atropelamento de pedestre";0;0;0;0;0;0;0;0;0;0;1;0;0;0;0
"29/02/2024";"04:20:00";"129";"Com vítima";"227,000";"BR-116/SP";"Crescente";"Acidentes de outra natureza";0;0;0;0;0;0;0;0;0;0;0;1;0;0;0
"29/02/2024";"04:52:00";"150";"Sem vítima";"322,000";"BR-116/SP";"Crescente";"Colisão traseira";0;0;0;0;0;0;0;0;0;0;3;0;0;0;0
"29/02/2024";"04:57:00";"151";"Sem vítima";"234,000";"BR-116/SP";"Decrescente";"Colisão lateral em sentido contrário";0;0;0;0;0;0;0;0;0;0;2;0;0;0;0
"29/02/2024";"05:33:00";"188";"Com vítima";"234,150";"BR-116/SP";"Decrescente";"Colisão traseira";0;0;0;0;0;0;0;0;0;0;2;0;1;0;0
"29/02/2024";"06:08:00";"214";"Sem vítima";"219,000";"BR-116/SP";"Crescente";"Colisão lateral em sentido contrário";0;0;0;0;0;0;0;0;0;0;2;0;0;0;0
"29/02/2024";"01:02:00";"413";"Sem vítima";"86,950";"BR-116/SP";"Crescente";"Colisão traseira";0;0;0;0;0;0;0;0;0;0;0;0;0;0;0
"29/02/2024";"01:28:00";"430";"Sem vítima";"223,000";"BR-116/SP";"Decrescente";"Colisão traseira";0;0;0;0;0;0;0;0;0;0;1;0;0;0;0
"29/02/2024";"01:32:00";"435";"Sem vítima";"117,000";"BR-116/SP";"Crescente";"Colisão lateral em sentido contrário";0;0;0;0;0;0;0;0;0;0;3;0;0;0;0
"29/02/2024";"02:38:00";"471";"Com vítima";"157,000";"BR-116/SP";"Decrescente";"Colisão lateral em sentido contrário";0;0;0;0;0;0;0;0;0;0;1;1;0;0;0
"29/02/2024";"03:04:00";"486";"Com vítima";"267,600";"BR-116/SP";"Decrescente";"Choque";0;0;0;0;0;0;0;0;0;0;0;1;0;0;0
"29/02/2024";"03:36:00";"502";"Com vítima";"247,300";"BR-116/SP";"Decrescente";"Colisão lateral em sentido contrário";0;0;0;0;0;0;0;0;0;0;1;0;1;0;0
"29/02/2024";"03:47:00";"508";"Sem vítima";"267,000";"BR-116/SP";"Decrescente";"Colisão lateral em sentido contrário";0;0;0;0;0;0;0;0;0;0;1;0;0;0;0
"29/02/2024";"04:00:00";"518";"Com vítima";"223,000";"BR-116/SP";"Decrescente";"Colisão traseira";0;0;0;0;0;0;0;0;0;0;1;2;0;0;0
"29/02/2024";"04:07:00";"523";"Com vítima";"565,000";"BR-101/SP";"Crescente";"Colisão traseira";0;0;0;0;0;0;0;0;0;0;1;1;0;0;0
"29/02/2024";"04:39:00";"533";"Sem vítima";"247,200";"BR-116/SP";"Decrescente";"Choque";0;0;0;0;0;0;0;0;0;0;1;0;0;0;0
"29/02/2024";"04:49:00";"536";"Sem vítima";"330,000";"BR-116/SP";"Crescente";"Choque";0;0;0;0;0;0;0;0;0;0;1;0;0;0;0
"29/02/2024";"04:56:00";"540";"Sem vítima";"219,000";"BR-116/SP";"Crescente";"Colisão traseira";0;0;0;0;0;0;0;0;0;0;1;0;0;0;0
"29/02/2024";"05:27:00";"554";"Sem vítima";"247,250";"BR-116/SP";"Decrescente";"Engavetamento";0;0;0;0;0;0;0;0;0;0;3;0;0;0;0
"29/02/2024";"05:38:00";"556";"Sem vítima";"267,620";"BR-116/SP";"Decrescente";"Colisão traseira";0;0;0;0;0;0;0;0;0;0;2;0;0;0;0
"29/02/2024";"06:35:00";"584";"Com vítima";"472,000";"BR-101/SP";"Crescente";"Choque";0;0;0;0;0;0;0;0;0;0;0;0;0;1;0
"29/02/2024";"08:26:00";"617";"Sem vítima";"154,800";"BR-116/SP";"Decrescente";"Choque";0;0;0;0;0;0;0;0;0;0;5;0;0;0;0
"29/02/2024";"08:44:00";"623";"Sem vítima";"210,000";"BR-116/SP";"Crescente";"Choque";0;0;0;0;0;0;0;0;0;0;0;0;0;0;0
"01/03/2024";"01:32:00";"60";"Sem vítima";"389,900";"BR-101/SP";"Crescente";"Choque";0;0;0;0;0;0;0;0;0;0;1;0;0;0;0
"01/03/2024";"04:47:00";"159";"Com vítima";"138,000";"BR-116/SP";"Crescente";"Colisão lateral em sentido contrário";0;0;0;0;0;0;0;0;0;0;2;0;1;0;0
"01/03/2024";"04:57:00";"163";"Com vítima";"260,000";"BR-116/SP";"Decrescente";"Atropelamento de pedestre";0;0;0;0;0;0;0;0;0;0;0;0;0;0;0
"01/03/2024";"05:17:00";"178";"Sem vítima";"228,100";"BR-116/SP";"Decrescente";"Colisão traseira";0;0;0;0;0;0;0;0;0;0;2;0;0;0;0
"01/03/2024";"07:16:00";"252";"Com vítima";"230,000";"BR-116/SP";"Crescente";"Colisão traseira";0;0;0;0;0;0;0;0;0;0;1;1;0;0;0
"01/03/2024";"07:32:00";"264";"Com vítima";"155,200";"BR-116/SP";"Crescente";"Engavetamento";0;0;0;0;0;0;0;0;0;0;63;1;0;0;0
"01/03/2024";"09:34:00";"313";"Com vítima";"224,000";"BR-116/SP";"Crescente";"Colisão traseira";0;0;0;0;0;0;0;0;0;0;1;1;0;0;0
"01/03/2024";"10:39:00";"343";"Com vítima";"228,000";"BR-116/SP";"Decrescente";"Tombamento";0;0;0;0;0;0;0;0;0;0;0;1;0;0;0
"01/03/2024";"10:56:00";"291";"Com vítima";"228,000";"BR-116/SP";"Crescente";"Queda de moto";0;0;0;0;0;0;0;0;0;0;0;0;1;0;0
"01/03/2024";"10:57:00";"351";"Sem vítima";"229,000";"BR-116/SP";"Decrescente";"Engavetamento";0;0;0;0;0;0;0;0;0;0;2;0;0;0;0
"01/03/2024";"11:41:00";"368";"Com vítima";"241,800";"BR-116/SP";"Decrescente";"Choque";0;0;0;0;0;0;0;0;0;0;0;1;0;0;0
"01/03/2024";"11:43:00";"371";"Sem vítima";"222,000";"BR-116/SP";"Crescente";"Colisão traseira";0;0;0;0;0;0;0;0;0;0;3;0;0;0;0
"01/03/2024";"12:06:00";"380";"Com vítima";"244,200";"BR-116/SP";"Decrescente";"Engavetamento";0;0;0;0;0;0;0;0;0;0;2;1;0;0;0
"01/03/2024";"12:35:00";"399";"Sem vítima";"173,000";"BR-116/SP";"Decrescente";"Colisão lateral em sentido contrário";0;0;0;0;0;0;0;0;0;0;2;0;0;0;0
"01/03/2024";"12:38:00";"400";"Com vítima";"487,000";"BR-101/SP";"Crescente";"Colisão lateral em sentido contrário";0;0;0;0;0;0;0;0;0;0;1;0;1;0;0
"01/03/2024";"01:01:00";"408";"Sem vítima";"224,000";"BR-116/SP";"Decrescente";"Acidentes de outra natureza";0;0;0;0;0;0;0;0;0;0;1;0;0;0;0
"01/03/2024";"01:25:00";"421";"Sem vítima";"259,000";"BR-116/SP";"Crescente";"Tombamento";0;0;0;0;0;0;0;0;0;0;1;0;0;0;0
"01/03/2024";"01:44:00";"433";"Sem vítima";"223,000";"BR-116/SP";"Decrescente";"Engavetamento";0;0;0;0;0;0;0;0;0;0;3;0;0;0;0
"01/03/2024";"02:22:00";"450";"Com vítima";"218,000";"BR-116/SP";"Crescente";"Colisão traseira";0;0;0;0;0;0;0;0;0;0;1;0;0;1;0
"01/03/2024";"03:49:00";"493";"Com vítima";"254,700";"BR-116/SP";"Decrescente";"Engavetamento";0;0;0;0;0;0;0;0;0;0;3;2;0;0;0
"01/03/2024";"04:15:00";"509";"Sem vítima";"24,000";"BR-116/SP";"Decrescente";"Choque";0;0;0;0;0;0;0;0;0;0;2;0;0;0;0
"01/03/2024";"04:21:00";"512";"Com vítima";"241,000";"BR-116/SP";"Decrescente";"Colisão lateral em sentido contrário";0;0;0;0;0;0;0;0;0;0;3;1;0;0;0
"01/03/2024";"04:21:00";"513";"Sem vítima";"223,000";"BR-116/SP";"Decrescente";"Engavetamento";0;0;0;0;0;0;0;0;0;0;72;0;0;0;0
"01/03/2024";"05:12:00";"538";"Sem vítima";"248,000";"BR-116/SP";"Decrescente";"Colisão traseira";0;0;0;0;0;0;0;0;0;0;2;0;0;0;0
"01/03/2024";"05:28:00";"549";"Sem vítima";"451,000";"BR-101/SP";"Crescente";"Choque";0;0;0;0;0;0;0;0;0;0;2;0;0;0;0
"01/03/2024";"05:37:00";"551";"Sem vítima";"408,000";"BR-101/SP";"Decrescente";"Colisão traseira";0;0;0;0;0;0;0;0;0;0;1;0;0;0;0
"01/03/2024";"06:35:00";"568";"Sem vítima";"443,000";"BR-101/SP";"Crescente";"Choque";0;0;0;0;0;0;0;0;0;0;4;0;0;0;0
"01/03/2024";"07:12:00";"577";"Com vítima";"529,000";"BR-101/SP";"Decrescente";"Capotamento";0;0;0;0;0;0;0;0;0;0;3;1;0;0;0
"01/03/2024";"07:36:00";"585";"Sem vítima";"307,000";"BR-116/SP";"Crescente";"Colisão traseira";0;0;0;0;0;0;0;0;0;0;0;0;0;0;0
"02/03/2024";"03:49:00";"92";"Sem vítima";"53,200";"BR-116/SP";"Crescente";"Colisão lateral em sentido contrário";0;0;0;0;0;0;0;0;0;0;2;0;0;0;0
"02/03/2024";"04:15:00";"111";"Com vítima";"194,500";"BR-116/SP";"Crescente";"Colisão traseira";0;0;0;0;0;0;0;0;0;0;2;0;1;0;0
"02/03/2024";"04:37:00";"124";"Sem vítima";"159,100";"BR-116/SP";"Decrescente";"Colisão traseira";0;0;0;0;0;0;0;0;0;0;2;0;0;0;0
"02/03/2024";"04:46:00";"131";"Sem vítima";"133,000";"BR-116/SP";"Decrescente";"Colisão traseira";0;0;0;0;0;0;0;0;0;0;2;0;0;0;0
"02/03/2024";"04:59:00";"139";"Sem vítima";"224,050";"BR-116/SP";"Decrescente";"Choque";0;0;0;0;0;0;0;0;0;0;1;0;0;0;0
"02/03/2024";"06:04:00";"178";"Com vítima";"543,000";"BR-101/SP";"Decrescente";"Acidentes de outra natureza";0;0;0;0;0;0;0;0;0;0;0;0;2;0;0
"02/03/2024";"06:25:00";"195";"Sem vítima";"491,000";"BR-101/SP";"Decrescente";"Choque";0;0;0;0;0;0;0;0;0;0;1;0;0;0;0
"02/03/2024";"08:02:00";"239";"Com vítima";"427,000";"BR-101/SP";"Crescente";"Colisão transversal";0;0;0;0;0;0;0;0;0;0;2;1;0;0;0
"02/03/2024";"11:34:00";"340";"Com vítima";"172,000";"BR-116/SP";"Crescente";"Colisão traseira";0;0;0;0;0;0;0;0;0;0;1;1;0;0;0
"02/03/2024";"12:55:00";"385";"Sem vítima";"230,550";"BR-116/SP";"Crescente";"Acidentes de outra natureza";0;0;0;0;0;0;0;0;0;0;1;0;0;0;0
"02/03/2024";"02:41:00";"435";"Com vítima";"46,800";"BR-116/SP";"Decrescente";"Colisão lateral em sentido contrário";0;0;0;0;0;0;0;0;0;0;0;5;2;0;0
"02/03/2024";"07:18:00";"530";"Sem vítima";"62,600";"BR-116/SP";"Decrescente";"Colisão lateral em sentido contrário";0;0;0;0;0;0;0;0;0;0;0;0;0;0;0
"02/03/2024";"07:43:00";"538";"Com vítima";"469,000";"BR-101/SP";"Crescente";"Colisão frontal";0;0;0;0;0;0;0;0;0;0;2;0;0;1;0
"02/03/2024";"09:38:00";"30";"Sem vítima";"149,950";"BR-116/SP";"Decrescente";"Choque";0;0;0;0;0;0;0;0;0;0;2;0;0;0;0
"03/03/2024";"04:19:00";"88";"Sem vítima";"393,000";"BR-101/SP";"Crescente";"Colisão traseira";0;0;0;0;0;0;0;0;0;0;3;0;0;0;0
"03/03/2024";"04:56:00";"101";"Sem vítima";"142,300";"BR-116/SP";"Decrescente";"Engavetamento";0;0;0;0;0;0;0;0;0;0;12;0;0;0;0
"03/03/2024";"06:31:00";"136";"Sem vítima";"553,000";"BR-101/SP";"Decrescente";"Choque";0;0;0;0;0;0;0;0;0;0;2;0;0;0;0
"03/03/2024";"07:39:00";"166";"Sem vítima";"387,000";"BR-101/SP";"Crescente";"Choque";0;0;0;0;0;0;0;0;0;0;1;0;0;0;0
"03/03/2024";"08:26:00";"187";"Com vítima";"137,800";"BR-116/SP";"Crescente";"Choque";0;0;0;0;0;0;0;0;0;0;4;1;0;0;0
"03/03/2024";"09:22:00";"205";"Com vítima";"244,000";"BR-116/SP";"Crescente";"Queda de moto";0;0;0;0;0;0;0;0;0;0;0;0;1;0;0
"03/03/2024";"12:36:00";"282";"Sem vítima";"122,000";"BR-116/SP";"Crescente";"Colisão traseira";0;0;0;0;0;0;0;0;0;0;7;0;0;0;0
"03/03/2024";"01:01:00";"294";"Sem vítima";"101,200";"BR-116/SP";"Crescente";"Colisão traseira";0;0;0;0;0;0;0;0;0;0;4;0;0;0;0
"03/03/2024";"01:06:00";"299";"Sem vítima";"103,000";"BR-116/SP";"Crescente";"Colisão traseira";0;0;0;0;0;0;0;0;0;0;1;0;0;0;0
"03/03/2024";"01:51:00";"322";"Com vítima";"416,000";"BR-101/SP";"Decrescente";"Acidentes de outra natureza";0;0;0;0;0;0;0;0;0;0;0;0;0;1;0
"03/03/2024";"02:11:00";"335";"Sem vítima";"206,800";"BR-116/SP";"Crescente";"Colisão traseira";0;0;0;0;0;0;0;0;0;0;2;0;0;0;0
"03/03/2024";"02:21:00";"340";"Sem vítima";"211,000";"BR-116/SP";"Decrescente";"Choque";0;0;0;0;0;0;0;0;0;0;4;0;0;0;0
"03/03/2024";"02:25:00";"344";"Com vítima";"105,800";"BR-116/SP";"Crescente";"Engavetamento";0;0;0;0;0;0;0;0;0;0;0;0;1;0;0
"03/03/2024";"02:37:00";"352";"Com vítima";"304,200";"BR-116/SP";"Crescente";"Choque";0;0;0;0;0;0;0;0;0;0;0;0;1;0;0
"03/03/2024";"05:31:00";"431";"Sem vítima";"490,000";"BR-101/SP";"Decrescente";"Choque";0;0;0;0;0;0;0;0;0;0;4;0;0;0;0
"03/03/2024";"06:41:00";"454";"Com vítima";"323,000";"BR-116/SP";"Decrescente";"Choque";0;0;0;0;0;0;0;0;0;0;0;0;0;1;0
"03/03/2024";"08:10:00";"480";"Sem vítima";"209,000";"BR-116/SP";"Crescente";"Colisão lateral em sentido contrário";0;0;0;0;0;0;0;0;0;0;0;0;0;0;0
"04/03/2024";"12:28:00";"43";"Sem vítima";"296,500";"BR-116/SP";"Decrescente";"Atropelamento de pedestre";0;0;0;0;0;0;0;0;0;0;0;0;0;0;0
"04/03/2024";"01:46:00";"48";"Com vítima";"129,000";"BR-116/SP";"Decrescente";"Colisão lateral em sentido contrário";0;0;0;0;0;0;0;0;0;0;1;0;1;0;0
"04/03/2024";"02:44:00";"64";"Com vítima";"101,700";"BR-116/SP";"Decrescente";"Colisão traseira";0;0;0;0;0;0;0;0;0;0;2;0;0;1;0
"04/03/2024";"03:54:00";"106";"Com vítima";"44,400";"BR-101/SP";"Crescente";"Atropelamento de pedestre";0;0;0;0;0;0;0;0;0;0;1;0;0;0;0
"04/03/2024";"04:03:00";"115";"Com vítima";"221,350";"BR-116/SP";"Crescente";"Colisão traseira";0;0;0;0;0;0;0;0;0;0;1;1;0;0;0
"04/03/2024";"04:05:00";"117";"Com vítima";"247,000";"BR-116/SP";"Decrescente";"Choque";0;0;0;0;0;0;0;0;0;0;8;1;0;0;0
"04/03/2024";"04:13:00";"127";"Sem vítima";"158,100";"BR-116/SP";"Decrescente";"Engavetamento";0;0;0;0;0;0;0;0;0;0;2;0;0;0;0
"04/03/2024";"04:33:00";"144";"Sem vítima";"390,000";"BR-101/SP";"Decrescente";"Colisão lateral em sentido contrário";0;0;0;0;0;0;0;0;0;0;0;0;0;0;0
"04/03/2024";"05:31:00";"188";"Com vítima";"486,000";"BR-101/SP";"Decrescente";"Colisão transversal";0;0;0;0;0;0;0;0;0;0;1;1;0;0;0
"04/03/2024";"05:46:00";"196";"Com vítima";"506,000";"BR-101/SP";"Crescente";"Capotamento";0;0;0;0;0;0;0;0;0;0;0;1;0;0;0
"04/03/2024";"07:14:00";"277";"Sem vítima";"221,100";"BR-116/SP";"Crescente";"Colisão traseira";0;0;0;0;0;0;0;0;0;0;2;0;0;0;0
"04/03/2024";"08:17:00";"306";"Com vítima";"227,000";"BR-116/SP";"Crescente";"Colisão lateral em sentido contrário";0;0;0;0;0;0;0;0;0;0;1;0;1;0;0
"04/03/2024";"08:33:00";"315";"Com vítima";"230,000";"BR-116/SP";"Crescente";"Colisão lateral em sentido contrário";0;0;0;0;0;0;0;0;0;0;2;4;0;0;0
"04/03/2024";"11:10:00";"403";"Com vítima";"312,500";"BR-116/SP";"Decrescente";"Acidentes de outra natureza";0;0;0;0;0;0;0;0;0;0;0;1;0;0;0
"04/03/2024";"01:11:00";"481";"Sem vítima";"130,000";"BR-116/SP";"Decrescente";"Colisão traseira";0;0;0;0;0;0;0;0;0;0;2;0;0;0;0
"04/03/2024";"02:15:00";"512";"Com vítima";"192,400";"BR-116/SP";"Decrescente";"Choque";0;0;0;0;0;0;0;0;0;0;0;1;0;0;0
"04/03/2024";"02:31:00";"489";"Sem vítima";"228,800";"BR-116/SP";"Decrescente";"Colisão lateral em sentido contrário";0;0;0;0;0;0;0;0;0;0;2;0;0;0;0
"04/03/2024";"02:59:00";"543";"Sem vítima";"157,800";"BR-116/SP";"Crescente";"Colisão lateral em sentido contrário";0;0;0;0;0;0;0;0;0;0;2;0;0;0;0
"04/03/2024";"03:17:00";"556";"Sem vítima";"139,000";"BR-116/SP";"Crescente";"Colisão traseira";0;0;0;0;0;0;0;0;0;0;1;0;0;0;0
"04/03/2024";"05:10:00";"613";"Com vítima";"583,000";"BR-101/SP";"Decrescente";"Choque";0;0;0;0;0;0;0;0;0;0;0;0;2;0;0
"04/03/2024";"09:00:00";"465";"Com vítima";"47,600";"BR-116/SP";"Decrescente";"Colisão traseira";0;0;0;0;0;0;0;0;0;0;3;2;0;0;0
"04/03/2024";"09:22:00";"26";"Sem vítima";"17,400";"BR-116/SP";"Crescente";"Choque";0;0;0;0;0;0;0;0;0;0;0;0;0;0;0
"04/03/2024";"10:47:00";"43";"Sem vítima";"116,000";"BR-116/SP";"Crescente";"Atropelamento de pedestre";0;0;0;0;0;0;0;0;0;0;0;0;0;0;0
"05/03/2024";"12:25:00";"54";"Sem vítima";"225,000";"BR-116/SP";"Decrescente";"Choque";0;0;0;0;0;0;0;0;0;0;1;0;0;0;0
"05/03/2024";"02:29:00";"69";"Com vítima";"222,000";"BR-116/SP";"Decrescente";"Atropelamento de pedestre";0;0;0;0;0;0;0;0;0;0;1;0;0;0;0
"05/03/2024";"04:14:00";"131";"Com vítima";"105,900";"BR-116/SP";"Crescente";"Capotamento";0;0;0;0;0;0;0;0;0;0;0;1;0;0;0
"05/03/2024";"05:52:00";"194";"Sem vítima";"150,000";"BR-116/SP";"Decrescente";"Colisão traseira";0;0;0;0;0;0;0;0;0;0;2;0;0;0;0
"05/03/2024";"07:41:00";"256";"Com vítima";"385,000";"BR-101/SP";"Crescente";"Colisão traseira";0;0;0;0;0;0;0;0;0;0;1;2;0;0;0
"05/03/2024";"08:41:00";"286";"Com vítima";"96,000";"BR-116/SP";"Decrescente";"Engavetamento";0;0;0;0;0;0;0;0;0;0;2;0;0;0;1
"05/03/2024";"10:27:00";"343";"Sem vítima";"123,600";"BR-116/SP";"Crescente";"Choque";0;0;0;0;0;0;0;0;0;0;0;0;0;0;0
"05/03/2024";"10:43:00";"346";"Com vítima";"136,300";"BR-116/SP";"Decrescente";"Capotamento";0;0;0;0;0;0;0;0;0;0;0;1;0;0;0
"05/03/2024";"11:17:00";"365";"Sem vítima";"242,000";"BR-116/SP";"Decrescente";"Acidentes de outra natureza";0;0;0;0;0;0;0;0;0;0;0;0;0;0;0
"05/03/2024";"11:38:00";"380";"Com vítima";"249,000";"BR-116/SP";"Decrescente";"Colisão traseira";0;0;0;0;0;0;0;0;0;0;0;1;0;0;0
"05/03/2024";"12:01:00";"392";"Com vítima";"205,000";"BR-116/SP";"Decrescente";"Choque";0;0;0;0;0;0;0;0;0;0;0;1;0;0;0
"05/03/2024";"03:52:00";"504";"Com vítima";"143,000";"BR-116/SP";"Decrescente";"Capotamento";0;0;0;0;0;0;0;0;0;0;1;1;0;0;0
"05/03/2024";"04:38:00";"527";"Sem vítima";"276,500";"BR-116/SP";"Decrescente";"Choque";0;0;0;0;0;0;0;0;0;0;1;0;0;0;0
"05/03/2024";"05:06:00";"545";"Com vítima";"187,000";"BR-116/SP";"Decrescente";"Choque";0;0;0;0;0;0;0;0;0;0;1;1;0;0;0
"05/03/2024";"05:39:00";"566";"Sem vítima";"285,000";"BR-116/SP";"Decrescente";"Choque";0;0;0;0;0;0;0;0;0;0;1;0;0;0;0
"05/03/2024";"06:20:00";"585";"Sem vítima";"390,200";"BR-101/SP";"Crescente";"Choque";0;0;0;0;0;0;0;0;0;0;1;0;0;0;0
"05/03/2024";"06:47:00";"596";"Com vítima";"232,500";"BR-116/SP";"Decrescente";"Capotamento";0;0;0;0;0;0;0;0;0;0;2;2;2;0;0
"05/03/2024";"07:27:00";"611";"Com vítima";"384,000";"BR-101/SP";"Decrescente";"Capotamento";0;0;0;0;0;0;0;0;0;0;0;1;0;0;0
"05/03/2024";"08:15:00";"621";"Com vítima";"384,500";"BR-101/SP";"Crescente";"Choque";0;0;0;0;0;0;0;0;0;0;0;1;0;0;0
"05/03/2024";"09:00:00";"426";"Sem vítima";"95,500";"BR-116/SP";"Crescente";"Engavetamento";0;0;0;0;0;0;0;0;0;0;11;0;0;0;0
"06/03/2024";"02:31:00";"68";"Com vítima";"227,000";"BR-116/SP";"Crescente";"Acidentes de outra natureza";0;0;0;0;0;0;0;0;0;0;0;1;0;0;0
"06/03/2024";"02:33:00";"69";"Com vítima";"229,000";"BR-116/SP";"Crescente";"Colisão traseira";0;0;0;0;0;0;0;0;0;0;0;4;0;0;0
"06/03/2024";"02:41:00";"72";"Com vítima";"200,700";"BR-116/SP";"Decrescente";"Choque";0;0;0;0;0;0;0;0;0;0;0;1;0;0;0
"06/03/2024";"04:32:00";"152";"Sem vítima";"131,000";"BR-116/SP";"Crescente";"Colisão traseira";0;0;0;0;0;0;0;0;0;0;2;0;0;0;0
"06/03/2024";"05:09:00";"174";"Sem vítima";"211,800";"BR-116/SP";"Crescente";"Colisão traseira";0;0;0;0;0;0;0;0;0;0;3;0;0;0;0
"06/03/2024";"01:21:00";"429";"Com vítima";"297,000";"BR-116/SP";"Crescente";"Engavetamento";0;0;0;0;0;0;0;0;0;0;2;0;2;0;0
"06/03/2024";"01:36:00";"439";"Sem vítima";"217,600";"BR-116/SP";"Decrescente";"Colisão traseira";0;0;0;0;0;0;0;0;0;0;1;0;0;0;0
"06/03/2024";"01:42:00";"443";"Sem vítima";"286,000";"BR-116/SP";"Crescente";"Acidentes de outra natureza";0;0;0;0;0;0;0;0;0;0;0;0;0;0;0
"06/03/2024";"01:55:00";"450";"Com vítima";"296,800";"BR-116/SP";"Crescente";"Colisão traseira";0;0;0;0;0;0;0;0;0;0;1;1;0;0;0
"06/03/2024";"02:01:00";"453";"Sem vítima";"10,700";"BR-116/SP";"Decrescente";"Choque";0;0;0;0;0;0;0;0;0;0;0;0;0;0;0
"06/03/2024";"02:26:00";"462";"Sem vítima";"40,600";"BR-116/SP";"Crescente";"Acidentes de outra natureza";0;0;0;0;0;0;0;0;0;0;1;0;0;0;0
"06/03/2024";"02:37:00";"466";"Com vítima";"38,000";"BR-116/SP";"Decrescente";"Colisão traseira";0;0;0;0;0;0;0;0;0;0;1;1;0;0;0
"06/03/2024";"02:42:00";"467";"Sem vítima";"115,900";"BR-116/SP";"Decrescente";"Colisão traseira";0;0;0;0;0;0;0;0;0;0;3;0;0;0;0
"06/03/2024";"03:04:00";"476";"Com vítima";"44,000";"BR-101/SP";"Crescente";"Atropelamento de pedestre";0;0;0;0;0;0;0;0;0;0;1;0;0;0;0
"06/03/2024";"06:47:00";"570";"Sem vítima";"226,000";"BR-116/SP";"Decrescente";"Choque";0;0;0;0;0;0;0;0;0;0;1;0;0;0;0
"06/03/2024";"07:37:00";"592";"Sem vítima";"277,000";"BR-116/SP";"Crescente";"Engavetamento";0;0;0;0;0;0;0;0;0;0;5;0;0;0;0
"06/03/2024";"09:00:00";"157";"Com vítima";"488,000";"BR-101/SP";"Decrescente";"Colisão traseira";0;0;0;0;0;0;0;0;0;0;1;1;0;0;0