data;horario;n_da_ocorrencia;tipo_de_ocorrencia;km;trecho;sentido;tipo_de_acidente;automovel;bicicleta;caminhao;moto;onibus;outros;tracao_animal;transporte_de_cargas_especiais;trator_maquinas;utilitarios;ilesos;levemente_feridos;moderadamente_feridos;gravemente_feridos;mortos
"06/03/2024";"09:00:00";"670";"Com vítima";"104,000";"BR-116/SP";"Decrescente";"Queda de moto";0;0;0;0;0;0;0;0;0;0;5;0;2;0;2
"07/03/2024";"01:34:00";"67";"Com vítima";"334,500";"BR-116/SP";"Crescente";"Tombamento";0;0;0;0;0;0;0;0;0;0;0;1;0;0;0
"07/03/2024";"03:20:00";"98";"Sem vítima";"188,100";"BR-116/SP";"Decrescente";"Capotamento";0;0;0;0;0;0;0;0;0;0;1;0;0;0;0
"07/03/2024";"04:31:00";"164";"Sem vítima";"152,800";"BR-116/SP";"Decrescente";"Acidentes de outra natureza";0;0;0;0;0;0;0;0;0;0;1;0;0;0;0
"07/03/2024";"04:33:00";"166";"Sem vítima";"454,000";"BR-101/SP";"Crescente";"Choque";0;0;0;0;0;0;0;0;0;0;1;0;0;0;0
"07/03/2024";"05:33:00";"217";"Com vítima";"574,000";"BR-101/SP";"Crescente";"Engavetamento";0;0;0;0;0;0;0;0;0;0;4;0;1;0;0
"07/03/2024";"07:54:00";"304";"Sem vítima";"138,600";"BR-116/SP";"Crescente";"Colisão traseira";0;0;0;0;0;0;0;0;0;0;1;0;0;0;0
"07/03/2024";"10:27:00";"390";"Com vítima";"218,000";"BR-116/SP";"Decrescente";"Capotamento";0;0;0;0;0;0;0;0;0;0;3;2;0;0;0
"07/03/2024";"01:03:00";"471";"Com vítima";"46,300";"BR-116/SP";"Decrescente";"Colisão traseira";0;0;0;0;0;0;0;0;0;0;4;0;1;0;0
"07/03/2024";"01:08:00";"472";"Com vítima";"84,000";"BR-116/SP";"Decrescente";"Tombamento";0;0;0;0;0;0;0;0;0;0;0;2;0;0;0
"07/03/2024";"01:09:00";"473";"Sem vítima";"531,000";"BR-101/SP";"Crescente";"Choque";0;0;0;0;0;0;0;0;0;0;1;0;0;0;0
"07/03/2024";"02:17:00";"512";"Com vítima";"246,750";"BR-116/SP";"Decrescente";"Tombamento";0;0;0;0;0;0;0;0;0;0;0;0;0;0;1
"07/03/2024";"03:28:00";"552";"Sem vítima";"159,000";"BR-116/SP";"Decrescente";"Engavetamento";0;0;0;0;0;0;0;0;0;0;2;0;0;0;0
"07/03/2024";"09:00:00";"714";"Com vítima";"283,000";"BR-116/SP";"Decrescente";"Capotamento";0;0;0;0;0;0;0;0;0;0;0;0;1;0;0
"07/03/2024";"09:58:00";"38";"Sem vítima";"453,000";"BR-101/SP";"Crescente";"Atropelamento de pedestre";0;0;0;0;0;0;0;0;0;0;1;0;0;0;0
"07/03/2024";"10:11:00";"42";"Sem vítima";"540,000";"BR-101/SP";"Crescente";"Choque";0;0;0;0;0;0;0;0;0;0;1;0;0;0;0
"08/03/2024";"02:44:00";"83";"Sem vítima";"139,800";"BR-116/SP";"Decrescente";"Choque";0;0;0;0;0;0;0;0;0;0;1;0;0;0;0
"08/03/2024";"03:42:00";"129";"Com vítima";"178,200";"BR-116/SP";"Crescente";"Colisão lateral em sentido contrário";0;0;0;0;0;0;0;0;0;0;0;2;0;0;0
"08/03/2024";"04:08:00";"159";"Com vítima";"149,400";"BR-116/SP";"Crescente";"Acidentes de outra natureza";0;0;0;0;0;0;0;0;0;0;0;2;0;0;0
"08/03/2024";"04:28:00";"173";"Sem vítima";"270,800";"BR-116/SP";"Crescente";"Capotamento";0;0;0;0;0;0;0;0;0;0;1;0;0;0;0
"08/03/2024";"04:50:00";"193";"Sem vítima";"202,000";"BR-116/SP";"Decrescente";"Colisão traseira";0;0;0;0;0;0;0;0;0;0;2;0;0;0;0
"08/03/2024";"05:00:00";"197";"Com vítima";"313,000";"BR-116/SP";"Decrescente";"Queda de moto";0;0;0;0;0;0;0;0;0;0;0;0;0;0;2
"08/03/2024";"05:07:00";"205";"Sem vítima";"144,600";"BR-116/SP";"Crescente";"Engavetamento";0;0;0;0;0;0;0;0;0;0;3;0;0;0;0
"08/03/2024";"06:31:00";"270";"Sem vítima";"210,000";"BR-116/SP";"Crescente";"Colisão lateral em sentido contrário";0;0;0;0;0;0;0;0;0;0;2;0;0;0;0
"08/03/2024";"08:42:00";"347";"Sem vítima";"227,700";"BR-116/SP";"Crescente";"Choque";0;0;0;0;0;0;0;0;0;0;1;0;0;0;0
"08/03/2024";"10:40:00";"405";"Sem vítima";"226,000";"BR-116/SP";"Crescente";"Colisão lateral em sentido contrário";0;0;0;0;0;0;0;0;0;0;2;0;0;0;0
"08/03/2024";"10:54:00";"415";"Com vítima";"210,000";"BR-116/SP";"Crescente";"Colisão lateral em sentido contrário";0;0;0;0;0;0;0;0;0;0;2;1;0;0;0
"08/03/2024";"11:04:00";"421";"Com vítima";"222,600";"BR-116/SP";"Crescente";"Acidentes de outra natureza";0;0;0;0;0;0;0;0;0;0;0;1;0;0;0
"08/03/2024";"11:12:00";"423";"Com vítima";"149,200";"BR-116/SP";"Crescente";"Colisão traseira";0;0;0;0;0;0;0;0;0;0;25;0;1;1;0
"08/03/2024";"11:55:00";"426";"Com vítima";"72,000";"BR-116/SP";"Crescente";"Colisão lateral em sentido contrário";0;0;0;0;0;0;0;0;0;0;1;1;0;0;0
"08/03/2024";"12:07:00";"458";"Sem vítima";"585,000";"BR-101/SP";"Crescente";"Choque";0;0;0;0;0;0;0;0;0;0;1;0;0;0;0
"08/03/2024";"12:13:00";"461";"Com vítima";"552,000";"BR-101/SP";"Crescente";"Acidentes de outra natureza";0;0;0;0;0;0;0;0;0;0;0;1;0;0;0
"08/03/2024";"12:57:00";"485";"Sem vítima";"105,800";"BR-116/SP";"Crescente";"Colisão lateral em sentido contrário";0;0;0;0;0;0;0;0;0;0;2;0;0;0;0
"08/03/2024";"02:45:00";"548";"Com vítima";"55,700";"BR-116/SP";"Decrescente";"Acidentes de outra natureza";0;0;0;0;0;0;0;0;0;0;0;1;1;0;0
"08/03/2024";"03:16:00";"568";"Sem vítima";"36,000";"BR-101/SP";"Decrescente";"Engavetamento";0;0;0;0;0;0;0;0;0;0;3;0;0;0;0
"08/03/2024";"04:08:00";"605";"Com vítima";"211,500";"BR-116/SP";"Decrescente";"Colisão lateral em sentido contrário";0;0;0;0;0;0;0;0;0;0;1;1;0;0;0
"08/03/2024";"04:13:00";"606";"Sem vítima";"216,000";"BR-116/SP";"Crescente";"Engavetamento";0;0;0;0;0;0;0;0;0;0;2;0;0;0;0
"08/03/2024";"05:08:00";"642";"Com vítima";"140,900";"BR-116/SP";"Decrescente";"Colisão lateral em sentido contrário";0;0;0;0;0;0;0;0;0;0;2;1;0;0;0
"08/03/2024";"06:00:00";"677";"Com vítima";"76,800";"BR-116/SP";"Decrescente";"Colisão traseira";0;0;0;0;0;0;0;0;0;0;0;1;1;0;0
"08/03/2024";"06:47:00";"702";"Com vítima";"51,000";"BR-101/SP";"Decrescente";"Colisão lateral em sentido contrário";0;0;0;0;0;0;0;0;0;0;1;1;0;0;0
"08/03/2024";"06:56:00";"705";"Sem vítima";"224,100";"BR-116/SP";"Crescente";"Colisão traseira";0;0;0;0;0;0;0;0;0;0;4;0;0;0;0
"08/03/2024";"09:00:00";"367";"Sem vítima";"225,500";"BR-116/SP";"Crescente";"Atropelamento de pedestre";0;0;0;0;0;0;0;0;0;0;1;0;0;0;0
"09/03/2024";"01:05:00";"389";"Sem vítima";"115,900";"BR-116/SP";"Crescente";"Choque";0;0;0;0;0;0;0;0;0;0;4;0;0;0;0
"09/03/2024";"02:17:00";"74";"Sem vítima";"306,000";"BR-116/SP";"Crescente";"Atropelamento de pedestre";0;0;0;0;0;0;0;0;0;0;1;0;0;0;0
"09/03/2024";"03:18:00";"86";"Sem vítima";"139,000";"BR-116/SP";"Decrescente";"Choque";0;0;0;0;0;0;0;0;0;0;0;0;0;0;0
"09/03/2024";"04:31:00";"130";"Sem vítima";"230,000";"BR-116/SP";"Crescente";"Colisão traseira";0;0;0;0;0;0;0;0;0;0;1;0;0;0;0
"09/03/2024";"04:51:00";"139";"Com vítima";"416,000";"BR-101/SP";"Decrescente";"Acidentes de outra natureza";0;0;0;0;0;0;0;0;0;0;0;1;0;0;0
"09/03/2024";"04:55:00";"141";"Com vítima";"478,000";"BR-101/SP";"Crescente";"Choque";0;0;0;0;0;0;0;0;0;0;0;1;0;0;0
"09/03/2024";"06:36:00";"192";"Sem vítima";"109,900";"BR-116/SP";"Decrescente";"Engavetamento";0;0;0;0;0;0;0;0;0;0;23;0;0;0;0
"09/03/2024";"06:42:00";"197";"Sem vítima";"112,000";"BR-116/SP";"Decrescente";"Colisão traseira";0;0;0;0;0;0;0;0;0;0;5;0;0;0;0
"09/03/2024";"07:37:00";"219";"Sem vítima";"272,000";"BR-116/SP";"Decrescente";"Choque";0;0;0;0;0;0;0;0;0;0;0;0;0;0;0
"09/03/2024";"09:13:00";"269";"Sem vítima";"278,000";"BR-116/SP";"Crescente";"Acidentes de outra natureza";0;0;0;0;0;0;0;0;0;0;0;0;0;0;0
"09/03/2024";"09:34:00";"277";"Sem vítima";"274,000";"BR-116/SP";"Crescente";"Choque";0;0;0;0;0;0;0;0;0;0;1;0;0;0;0
"09/03/2024";"10:19:00";"296";"Sem vítima";"201,000";"BR-116/SP";"Crescente";"Colisão lateral em sentido contrário";0;0;0;0;0;0;0;0;0;0;0;0;0;0;0
"09/03/2024";"12:07:00";"353";"Com vítima";"229,900";"BR-116/SP";"Decrescente";"Acidentes de outra natureza";0;0;0;0;0;0;0;0;0;0;0;1;0;0;0
"09/03/2024";"02:01:00";"398";"Com vítima";"302,600";"BR-116/SP";"Decrescente";"Acidentes de outra natureza";0;0;0;0;0;0;0;0;0;0;1;1;0;0;0
"09/03/2024";"06:08:00";"496";"Sem vítima";"489,500";"BR-101/SP";"Crescente";"Choque";0;0;0;0;0;0;0;0;0;0;3;0;0;0;0
"09/03/2024";"06:26:00";"502";"Sem vítima";"316,000";"BR-116/SP";"Crescente";"Colisão traseira";0;0;0;0;0;0;0;0;0;0;7;0;0;0;0
"09/03/2024";"06:50:00";"511";"Com vítima";"231,000";"BR-116/SP";"Crescente";"Atropelamento de pedestre";0;0;0;0;0;0;0;0;0;0;0;0;0;0;0
"09/03/2024";"07:15:00";"517";"Sem vítima";"114,400";"BR-116/SP";"Crescente";"Colisão lateral em sentido contrário";0;0;0;0;0;0;0;0;0;0;2;0;0;0;0
"09/03/2024";"07:28:00";"529";"Com vítima";"388,000";"BR-101/SP";"Crescente";"Atropelamento de pedestre";0;0;0;0;0;0;0;0;0;0;0;0;0;1;0
"09/03/2024";"07:57:00";"537";"Com vítima";"145,700";"BR-116/SP";"Decrescente";"Colisão traseira";0;0;0;0;0;0;0;0;0;0;1;0;2;0;0
"09/03/2024";"08:26:00";"541";"Com vítima";"113,000";"BR-116/SP";"Decrescente";"Atropelamento de pedestre";0;0;0;0;0;0;0;0;0;0;0;0;1;0;0
"09/03/2024";"09:00:00";"312";"Sem vítima";"267,700";"BR-116/SP";"Crescente";"Choque";0;0;0;0;0;0;0;0;0;0;1;0;0;0;0
"09/03/2024";"10:44:00";"38";"Sem vítima";"229,000";"BR-116/SP";"Decrescente";"Engavetamento";0;0;0;0;0;0;0;0;0;0;7;0;0;0;0
"09/03/2024";"11:02:00";"41";"Com vítima";"451,000";"BR-101/SP";"Crescente";"Choque";0;0;0;0;0;0;0;0;0;0;0;2;0;0;0
"09/03/2024";"11:06:00";"42";"Sem vítima";"47,000";"BR-101/SP";"Crescente";"Choque";0;0;0;0;0;0;0;0;0;0;1;0;0;0;0
"09/03/2024";"11:50:00";"47";"Com vítima";"390,000";"BR-101/SP";"Decrescente";"Choque";0;0;0;0;0;0;0;0;0;0;0;1;0;0;0
"10/03/2024";"12:25:00";"48";"Sem vítima";"224,000";"BR-116/SP";"Decrescente";"Choque";0;0;0;0;0;0;0;0;0;0;4;0;0;0;0
"10/03/2024";"01:04:00";"53";"Sem vítima";"129,800";"BR-116/SP";"Decrescente";"Choque";0;0;0;0;0;0;0;0;0;0;1;0;0;0;0
"10/03/2024";"05:08:00";"121";"Sem vítima";"152,000";"BR-116/SP";"Crescente";"Choque";0;0;0;0;0;0;0;0;0;0;2;0;0;0;0
"10/03/2024";"06:19:00";"147";"Com vítima";"218,000";"BR-116/SP";"Decrescente";"Choque";0;0;0;0;0;0;0;0;0;0;0;0;1;0;0
"10/03/2024";"09:27:00";"232";"Sem vítima";"186,000";"BR-116/SP";"Decrescente";"Choque";0;0;0;0;0;0;0;0;0;0;2;0;0;0;0
"10/03/2024";"10:14:00";"233";"Sem vítima";"129,000";"BR-116/SP";"Crescente";"Colisão traseira";0;0;0;0;0;0;0;0;0;0;4;0;0;0;0
"10/03/2024";"11:55:00";"286";"Sem vítima";"86,000";"BR-116/SP";"Crescente";"Colisão traseira";0;0;0;0;0;0;0;0;0;0;2;0;0;0;0
"10/03/2024";"12:34:00";"298";"Sem vítima";"260,000";"BR-116/SP";"Crescente";"Acidentes de outra natureza";0;0;0;0;0;0;0;0;0;0;0;0;0;0;0
"10/03/2024";"01:04:00";"318";"Sem vítima";"31,800";"BR-101/SP";"Crescente";"Colisão traseira";0;0;0;0;0;0;0;0;0;0;8;0;0;0;0
"10/03/2024";"02:47:00";"368";"Com vítima";"314,050";"BR-116/SP";"Decrescente";"Choque";0;0;0;0;0;0;0;0;0;0;0;0;1;0;0
"10/03/2024";"03:05:00";"377";"Com vítima";"206,000";"BR-116/SP";"Crescente";"Colisão lateral em sentido contrário";0;0;0;0;0;0;0;0;0;0;1;1;0;0;0
"10/03/2024";"03:54:00";"403";"Sem vítima";"75,600";"BR-116/SP";"Decrescente";"Acidentes de outra natureza";0;0;0;0;0;0;0;0;0;0;1;0;0;0;0
"10/03/2024";"05:14:00";"437";"Sem vítima";"291,600";"BR-116/SP";"Decrescente";"Choque";0;0;0;0;0;0;0;0;0;0;1;0;0;0;0
"10/03/2024";"09:00:00";"62";"Com vítima";"245,000";"BR-116/SP";"Crescente";"Atropelamento de pedestre";0;0;0;0;0;0;0;0;0;0;1;0;0;1;0
"11/03/2024";"03:15:00";"83";"Com vítima";"198,000";"BR-116/SP";"Crescente";"Colisão lateral em sentido contrário";0;0;0;0;0;0;0;0;0;0;1;0;1;0;0
"11/03/2024";"03:18:00";"86";"Sem vítima";"393,000";"BR-101/SP";"Crescente";"Choque";0;0;0;0;0;0;0;0;0;0;1;0;0;0;0
"11/03/2024";"04:28:00";"133";"Com vítima";"116,900";"BR-116/SP";"Decrescente";"Colisão lateral em sentido contrário";0;0;0;0;0;0;0;0;0;0;0;1;0;0;0
"11/03/2024";"05:13:00";"167";"Sem vítima";"108,200";"BR-116/SP";"Crescente";"Colisão traseira";0;0;0;0;0;0;0;0;0;0;1;0;0;0;0
"11/03/2024";"06:23:00";"218";"Com vítima";"259,200";"BR-116/SP";"Crescente";"Choque";0;0;0;0;0;0;0;0;0;0;0;2;0;0;0
"11/03/2024";"08:14:00";"294";"Sem vítima";"103,800";"BR-116/SP";"Decrescente";"Colisão traseira";0;0;0;0;0;0;0;0;0;0;8;0;0;0;0
"11/03/2024";"11:47:00";"408";"Com vítima";"486,800";"BR-101/SP";"Crescente";"Colisão traseira";0;0;0;0;0;0;0;0;0;0;1;0;1;0;0
"11/03/2024";"12:03:00";"420";"Com vítima";"217,700";"BR-116/SP";"Crescente";"Choque";0;0;0;0;0;0;0;0;0;0;0;0;1;0;0
"11/03/2024";"01:39:00";"468";"Sem vítima";"278,000";"BR-116/SP";"Crescente";"Acidentes de outra natureza";0;0;0;0;0;0;0;0;0;0;0;0;0;0;0
"11/03/2024";"01:46:00";"472";"Com vítima";"283,600";"BR-116/SP";"Crescente";"Colisão traseira";0;0;0;0;0;0;0;0;0;0;1;1;0;0;0
"11/03/2024";"02:18:00";"489";"Com vítima";"244,700";"BR-116/SP";"Crescente";"Choque";0;0;0;0;0;0;0;0;0;0;0;1;0;0;0
"11/03/2024";"02:48:00";"504";"Sem vítima";"144,000";"BR-116/SP";"Decrescente";"Choque";0;0;0;0;0;0;0;0;0;0;2;0;0;0;0
"11/03/2024";"03:42:00";"535";"Sem vítima";"242,700";"BR-116/SP";"Decrescente";"Choque";0;0;0;0;0;0;0;0;0;0;1;0;0;0;0
"11/03/2024";"04:29:00";"561";"Sem vítima";"183,000";"BR-116/SP";"Crescente";"Choque";0;0;0;0;0;0;0;0;0;0;32;0;0;0;0
"11/03/2024";"04:50:00";"567";"Sem vítima";"182,450";"BR-116/SP";"Crescente";"Colisão traseira";0;0;0;0;0;0;0;0;0;0;2;0;0;0;0
"11/03/2024";"04:50:00";"568";"Com vítima";"545,000";"BR-101/SP";"Crescente";"Colisão lateral em sentido contrário";0;0;0;0;0;0;0;0;0;0;1;2;1;0;0
"11/03/2024";"07:40:00";"617";"Sem vítima";"216,900";"BR-116/SP";"Crescente";"Colisão traseira";0;0;0;0;0;0;0;0;0;0;2;0;0;0;0
"11/03/2024";"08:32:00";"626";"Com vítima";"161,600";"BR-116/SP";"Decrescente";"Colisão traseira";0;0;0;0;0;0;0;0;0;0;2;0;0;1;0
"11/03/2024";"09:10:00";"23";"Com vítima";"162,100";"BR-116/SP";"Decrescente";"Engavetamento";0;0;0;0;0;0;0;0;0;0;1;2;1;0;0
"11/03/2024";"10:45:00";"37";"Sem vítima";"26,900";"BR-116/SP";"Crescente";"Colisão traseira";0;0;0;0;0;0;0;0;0;0;2;0;0;0;0
"12/03/2024";"02:21:00";"74";"Sem vítima";"109,800";"BR-116/SP";"Crescente";"Colisão traseira";0;0;0;0;0;0;0;0;0;0;3;0;0;0;0
"12/03/2024";"02:35:00";"78";"Sem vítima";"212,000";"BR-116/SP";"Crescente";"Colisão lateral em sentido contrário";0;0;0;0;0;0;0;0;0;0;3;0;0;0;0
"12/03/2024";"02:44:00";"80";"Com vítima";"110,000";"BR-116/SP";"Crescente";"Capotamento";0;0;0;0;0;0;0;0;0;0;1;0;1;0;0
"12/03/2024";"02:56:00";"86";"Com vítima";"386,000";"BR-101/SP";"Decrescente";"Acidentes de outra natureza";0;0;0;0;0;0;0;0;0;0;0;0;0;1;0
"12/03/2024";"03:41:00";"114";"Sem vítima";"135,000";"BR-116/SP";"Decrescente";"Colisão lateral em sentido contrário";0;0;0;0;0;0;0;0;0;0;4;0;0;0;0
"12/03/2024";"04:07:00";"120";"Com vítima";"216,000";"BR-116/SP";"Decrescente";"Colisão lateral em sentido contrário";0;0;0;0;0;0;0;0;0;0;2;1;0;0;0
"12/03/2024";"06:14:00";"244";"Sem vítima";"222,800";"BR-116/SP";"Crescente";"Colisão traseira";0;0;0;0;0;0;0;0;0;0;1;0;0;0;0
"12/03/2024";"06:19:00";"252";"Sem vítima";"219,000";"BR-116/SP";"Crescente";"Colisão lateral em sentido contrário";0;0;0;0;0;0;0;0;0;0;3;0;0;0;0
"12/03/2024";"06:25:00";"255";"Com vítima";"51,000";"BR-101/SP";"Crescente";"Colisão lateral em sentido contrário";0;0;0;0;0;0;0;0;0;0;3;0;1;0;0
"12/03/2024";"09:21:00";"359";"Sem vítima";"526,500";"BR-101/SP";"Crescente";"Colisão lateral em sentido contrário";0;0;0;0;0;0;0;0;0;0;3;0;0;0;0
"12/03/2024";"10:35:00";"398";"Sem vítima";"324,900";"BR-116/SP";"Decrescente";"Colisão lateral em sentido contrário";0;0;0;0;0;0;0;0;0;0;1;0;0;0;0
"12/03/2024";"10:52:00";"405";"Sem vítima";"54,000";"BR-116/SP";"Crescente";"Engavetamento";0;0;0;0;0;0;0;0;0;0;4;0;0;0;0
"12/03/2024";"11:18:00";"414";"Sem vítima";"306,000";"BR-116/SP";"Crescente";"Colisão lateral em sentido contrário";0;0;0;0;0;0;0;0;0;0;2;0;0;0;0
"12/03/2024";"12:14:00";"438";"Sem vítima";"175,300";"BR-116/SP";"Crescente";"Choque";0;0;0;0;0;0;0;0;0;0;1;0;0;0;0
"12/03/2024";"03:26:00";"535";"Com vítima";"148,900";"BR-116/SP";"Decrescente";"Colisão lateral em sentido contrário";0;0;0;0;0;0;0;0;0;0;2;0;2;0;0
"12/03/2024";"03:28:00";"537";"Sem vítima";"224,300";"BR-116/SP";"Decrescente";"Colisão lateral em sentido contrário";0;0;0;0;0;0;0;0;0;0;2;0;0;0;0
"12/03/2024";"03:41:00";"546";"Sem vítima";"216,000";"BR-116/SP";"Crescente";"Colisão lateral em sentido contrário";0;0;0;0;0;0;0;0;0;0;3;0;0;0;0
"12/03/2024";"05:02:00";"529";"Com vítima";"436,000";"BR-101/SP";"Decrescente";"Colisão frontal";0;0;0;0;0;0;0;0;0;0;2;0;2;0;0
"12/03/2024";"11:32:00";"44";"Sem vítima";"166,700";"BR-116/SP";"Crescente";"Colisão traseira";0;0;0;0;0;0;0;0;0;0;5;0;0;0;0
"13/03/2024";"04:40:00";"148";"Com vítima";"47,800";"BR-101/SP";"Crescente";"Acidentes de outra natureza";0;0;0;0;0;0;0;0;0;0;0;2;0;0;0
"13/03/2024";"05:41:00";"194";"Com vítima";"219,000";"BR-116/SP";"Decrescente";"Engavetamento";0;0;0;0;0;0;0;0;0;0;4;1;0;0;0
"13/03/2024";"06:09:00";"207";"Sem vítima";"217,000";"BR-116/SP";"Crescente";"Colisão traseira";0;0;0;0;0;0;0;0;0;0;3;0;0;0;0
"13/03/2024";"07:59:00";"269";"Com vítima";"221,000";"BR-116/SP";"Decrescente";"Engavetamento";0;0;0;0;0;0;0;0;0;0;5;2;0;0;0
"13/03/2024";"08:41:00";"285";"Com vítima";"283,000";"BR-116/SP";"Crescente";"Colisão traseira";0;0;0;0;0;0;0;0;0;0;0;0;0;0;0
"13/03/2024";"09:42:00";"309";"Com vítima";"51,000";"BR-101/SP";"Crescente";"Colisão lateral em sentido contrário";0;0;0;0;0;0;0;0;0;0;1;0;1;0;0
"13/03/2024";"09:59:00";"288";"Com vítima";"303,100";"BR-116/SP";"Decrescente";"Acidentes de outra natureza";0;0;0;0;0;0;0;0;0;0;0;1;0;0;0
"13/03/2024";"11:21:00";"359";"Sem vítima";"452,000";"BR-101/SP";"Crescente";"Choque";0;0;0;0;0;0;0;0;0;0;1;0;0;0;0
"13/03/2024";"11:27:00";"363";"Com vítima";"154,600";"BR-116/SP";"Decrescente";"Acidentes de outra natureza";0;0;0;0;0;0;0;0;0;0;0;1;0;0;0
"13/03/2024";"11:43:00";"370";"Com vítima";"274,400";"BR-116/SP";"Decrescente";"Colisão traseira";0;0;0;0;0;0;0;0;0;0;0;2;0;0;0
"13/03/2024";"07:50:00";"582";"Com vítima";"86,080";"BR-116/SP";"Decrescente";"Colisão traseira";0;0;0;0;0;0;0;0;0;0;0;0;1;0;0
"13/03/2024";"09:00:00";"107";"Com vítima";"504,000";"BR-101/SP";"Crescente";"Colisão frontal";0;0;0;0;0;0;0;0;0;0;1;0;0;1;0
"13/03/2024";"09:00:00";"157";"Com vítima";"231,000";"BR-116/SP";"Decrescente";"Acidentes de outra natureza";0;0;0;0;0;0;0;0;0;0;0;1;0;0;0
"14/03/2024";"03:01:00";"84";"Com vítima";"3,000";"BR-116/SP";"Decrescente";"Atropelamento de pedestre";0;0;0;0;0;0;0;0;0;0;0;0;0;0;0
"14/03/2024";"03:58:00";"112";"Sem vítima";"238,300";"BR-116/SP";"Decrescente";"Choque";0;0;0;0;0;0;0;0;0;0;2;0;0;0;0
"14/03/2024";"04:03:00";"118";"Sem vítima";"242,000";"BR-116/SP";"Decrescente";"Acidentes de outra natureza";0;0;0;0;0;0;0;0;0;0;0;0;0;0;0
"14/03/2024";"04:15:00";"133";"Sem vítima";"443,000";"BR-101/SP";"Decrescente";"Choque";0;0;0;0;0;0;0;0;0;0;1;0;0;0;0
"14/03/2024";"04:37:00";"150";"Com vítima";"491,000";"BR-101/SP";"Decrescente";"Colisão lateral em sentido contrário";0;0;0;0;0;0;0;0;0;0;1;1;0;0;0
"14/03/2024";"05:34:00";"200";"Com vítima";"212,000";"BR-116/SP";"Decrescente";"Colisão traseira";0;0;0;0;0;0;0;0;0;0;1;1;0;0;0
"14/03/2024";"09:12:00";"317";"Sem vítima";"58,000";"BR-116/SP";"Decrescente";"Acidentes de outra natureza";0;0;0;0;0;0;0;0;0;0;0;0;0;0;0
"14/03/2024";"10:08:00";"335";"Sem vítima";"474,000";"BR-101/SP";"Crescente";"Colisão lateral em sentido contrário";0;0;0;0;0;0;0;0;0;0;0;0;0;0;0
"14/03/2024";"10:34:00";"306";"Com vítima";"223,000";"BR-116/SP";"Crescente";"Colisão lateral em sentido contrário";0;0;0;0;0;0;0;0;0;0;1;0;0;1;0
"14/03/2024";"12:18:00";"396";"Com vítima";"275,000";"BR-116/SP";"Crescente";"Colisão lateral em sentido contrário";0;0;0;0;0;0;0;0;0;0;1;1;0;0;0
"14/03/2024";"01:02:00";"425";"Com vítima";"288,300";"BR-116/SP";"Decrescente";"Engavetamento";0;0;0;0;0;0;0;0;0;0;12;1;0;0;0
"14/03/2024";"01:35:00";"451";"Com vítima";"91,800";"BR-116/SP";"Decrescente";"Colisão traseira";0;0;0;0;0;0;0;0;0;0;1;0;0;0;1
"14/03/2024";"01:50:00";"461";"Com vítima";"81,900";"BR-116/SP";"Crescente";"Colisão traseira";0;0;0;0;0;0;0;0;0;0;0;0;0;1;0
"14/03/2024";"03:14:00";"509";"Sem vítima";"104,500";"BR-116/SP";"Crescente";"Colisão traseira";0;0;0;0;0;0;0;0;0;0;3;0;0;0;0
"14/03/2024";"03:51:00";"523";"Com vítima";"145,500";"BR-116/SP";"Decrescente";"Colisão lateral em sentido contrário";0;0;0;0;0;0;0;0;0;0;3;0;1;0;0
"14/03/2024";"03:55:00";"529";"Com vítima";"223,000";"BR-116/SP";"Decrescente";"Colisão lateral em sentido contrário";0;0;0;0;0;0;0;0;0;0;0;0;1;0;0
"14/03/2024";"04:29:00";"535";"Com vítima";"479,000";"BR-101/SP";"Decrescente";"Colisão lateral em sentido contrário";0;0;0;0;0;0;0;0;0;0;1;0;1;0;0
"14/03/2024";"07:50:00";"636";"Sem vítima";"227,000";"BR-116/SP";"Crescente";"Acidentes de outra natureza";0;0;0;0;0;0;0;0;0;0;0;0;0;0;0
"14/03/2024";"10:15:00";"40";"Com vítima";"486,000";"BR-101/SP";"Decrescente";"Colisão traseira";0;0;0;0;0;0;0;0;0;0;0;1;0;0;0
"14/03/2024";"10:25:00";"42";"Com vítima";"221,000";"BR-116/SP";"Decrescente";"Colisão lateral em sentido contrário";0;0;0;0;0;0;0;0;0;0;1;1;0;0;0
"15/03/2024";"01:10:00";"61";"Sem vítima";"217,200";"BR-116/SP";"Decrescente";"Colisão lateral em sentido contrário";0;0;0;0;0;0;0;0;0;0;1;0;0;0;0
"15/03/2024";"01:53:00";"70";"Sem vítima";"232,000";"BR-116/SP";"Decrescente";"Colisão lateral em sentido contrário";0;0;0;0;0;0;0;0;0;0;2;0;0;0;0