data;horario;n_da_ocorrencia;tipo_de_ocorrencia;km;trecho;sentido;tipo_de_acidente;automovel;bicicleta;caminhao;moto;onibus;outros;tracao_animal;transporte_de_cargas_especiais;trator_maquinas;utilitarios;ilesos;levemente_feridos;moderadamente_feridos;gravemente_feridos;mortos
"15/03/2024";"04:46:00";"147";"Sem vítima";"226,700";"BR-116/SP";"Decrescente";"Colisão traseira";0;0;0;0;0;0;0;0;0;0;2;0;0;0;0
"15/03/2024";"04:55:00";"155";"Sem vítima";"329,000";"BR-116/SP";"Decrescente";"Acidentes de outra natureza";0;0;0;0;0;0;0;0;0;0;0;0;0;0;0
"15/03/2024";"05:23:00";"181";"Sem vítima";"99,000";"BR-116/SP";"Crescente";"Engavetamento";0;0;0;0;0;0;0;0;0;0;8;0;0;0;0
"15/03/2024";"09:17:00";"305";"Sem vítima";"221,000";"BR-116/SP";"Crescente";"Colisão lateral em sentido contrário";0;0;0;0;0;0;0;0;0;0;0;0;0;0;0
"15/03/2024";"10:42:00";"316";"Sem vítima";"212,000";"BR-116/SP";"Crescente";"Choque";0;0;0;0;0;0;0;0;0;0;0;0;0;0;0
"15/03/2024";"10:53:00";"355";"Com vítima";"387,000";"BR-101/SP";"Decrescente";"Engavetamento";0;0;0;0;0;0;0;0;0;0;33;5;0;0;0
"15/03/2024";"11:09:00";"361";"Com vítima";"48,000";"BR-101/SP";"Crescente";"Atropelamento de pedestre";0;0;0;0;0;0;0;0;0;0;0;1;0;0;0
"15/03/2024";"11:39:00";"386";"Com vítima";"120,000";"BR-116/SP";"Crescente";"Colisão traseira";0;0;0;0;0;0;0;0;0;0;0;1;0;0;0
"15/03/2024";"11:59:00";"391";"Sem vítima";"251,000";"BR-116/SP";"Crescente";"Colisão traseira";0;0;0;0;0;0;0;0;0;0;3;0;0;0;0
"15/03/2024";"01:06:00";"432";"Sem vítima";"244,000";"BR-116/SP";"Decrescente";"Colisão lateral em sentido contrário";0;0;0;0;0;0;0;0;0;0;2;0;0;0;0
"15/03/2024";"01:22:00";"441";"Com vítima";"211,000";"BR-116/SP";"Crescente";"Colisão traseira";0;0;0;0;0;0;0;0;0;0;1;1;0;0;0
"15/03/2024";"01:33:00";"448";"Sem vítima";"233,000";"BR-116/SP";"Crescente";"Acidentes de outra natureza";0;0;0;0;0;0;0;0;0;0;0;0;0;0;0
"15/03/2024";"01:57:00";"457";"Com vítima";"590,000";"BR-101/SP";"Crescente";"Colisão frontal";0;0;0;0;0;0;0;0;0;0;2;0;1;0;0
"15/03/2024";"02:27:00";"484";"Sem vítima";"233,000";"BR-116/SP";"Crescente";"Colisão lateral em sentido contrário";0;0;0;0;0;0;0;0;0;0;1;0;0;0;0
"15/03/2024";"02:27:00";"485";"Sem vítima";"121,600";"BR-116/SP";"Decrescente";"Choque";0;0;0;0;0;0;0;0;0;0;0;0;0;0;0
"15/03/2024";"02:33:00";"487";"Sem vítima";"143,000";"BR-116/SP";"Crescente";"Colisão traseira";0;0;0;0;0;0;0;0;0;0;3;0;0;0;0
"15/03/2024";"04:17:00";"534";"Com vítima";"226,000";"BR-116/SP";"Crescente";"Acidentes de outra natureza";0;0;0;0;0;0;0;0;0;0;0;1;0;0;0
"15/03/2024";"06:12:00";"591";"Com vítima";"407,300";"BR-101/SP";"Crescente";"Atropelamento de pedestre";0;0;0;0;0;0;0;0;0;0;0;0;1;0;0
"15/03/2024";"07:03:00";"601";"Com vítima";"450,000";"BR-101/SP";"Decrescente";"Atropelamento de pedestre";0;0;0;0;0;0;0;0;0;0;0;0;1;0;0
"15/03/2024";"07:33:00";"583";"Com vítima";"322,000";"BR-116/SP";"Decrescente";"Choque";0;0;0;0;0;0;0;0;0;0;2;1;0;0;0
"15/03/2024";"08:13:00";"625";"Sem vítima";"151,800";"BR-116/SP";"Decrescente";"Choque";0;0;0;0;0;0;0;0;0;0;1;0;0;0;0
"15/03/2024";"09:00:00";"366";"Sem vítima";"21,000";"BR-116/SP";"Crescente";"Engavetamento";0;0;0;0;0;0;0;0;0;0;1;0;0;0;0
"15/03/2024";"09:06:00";"24";"Com vítima";"574,000";"BR-101/SP";"Decrescente";"Colisão frontal";0;0;0;0;0;0;0;0;0;0;0;3;0;1;0
"16/03/2024";"01:28:00";"65";"Com vítima";"45,800";"BR-116/SP";"Decrescente";"Choque";0;0;0;0;0;0;0;0;0;0;0;0;0;1;1
"16/03/2024";"01:57:00";"77";"Com vítima";"71,200";"BR-116/SP";"Decrescente";"Choque";0;0;0;0;0;0;0;0;0;0;0;1;0;0;0
"16/03/2024";"02:23:00";"82";"Sem vítima";"22,000";"BR-116/SP";"Crescente";"Tombamento";0;0;0;0;0;0;0;0;0;0;0;0;0;0;0
"16/03/2024";"02:43:00";"87";"Com vítima";"219,000";"BR-116/SP";"Crescente";"Acidentes de outra natureza";0;0;0;0;0;0;0;0;0;0;0;1;0;0;0
"16/03/2024";"03:56:00";"124";"Sem vítima";"23,000";"BR-116/SP";"Decrescente";"Engavetamento";0;0;0;0;0;0;0;0;0;0;3;0;0;0;0
"16/03/2024";"04:21:00";"130";"Sem vítima";"275,500";"BR-116/SP";"Decrescente";"Colisão lateral em sentido contrário";0;0;0;0;0;0;0;0;0;0;51;0;0;0;0
"16/03/2024";"04:42:00";"141";"Sem vítima";"115,200";"BR-116/SP";"Decrescente";"Engavetamento";0;0;0;0;0;0;0;0;0;0;10;0;0;0;0
"16/03/2024";"04:43:00";"142";"Com vítima";"96,000";"BR-116/SP";"Crescente";"Colisão traseira";0;0;0;0;0;0;0;0;0;0;1;0;2;0;0
"16/03/2024";"04:56:00";"150";"Sem vítima";"201,000";"BR-116/SP";"Decrescente";"Colisão lateral em sentido contrário";0;0;0;0;0;0;0;0;0;0;1;0;0;0;0
"16/03/2024";"05:10:00";"158";"Sem vítima";"115,800";"BR-116/SP";"Decrescente";"Colisão traseira";0;0;0;0;0;0;0;0;0;0;2;0;0;0;0
"16/03/2024";"05:19:00";"165";"Sem vítima";"116,500";"BR-116/SP";"Decrescente";"Engavetamento";0;0;0;0;0;0;0;0;0;0;4;0;0;0;0
"16/03/2024";"05:32:00";"171";"Com vítima";"224,000";"BR-116/SP";"Crescente";"Colisão lateral em sentido contrário";0;0;0;0;0;0;0;0;0;0;1;1;0;0;0
"16/03/2024";"06:09:00";"193";"Com vítima";"588,000";"BR-101/SP";"Crescente";"Colisão traseira";0;0;0;0;0;0;0;0;0;0;9;1;0;0;0
"16/03/2024";"06:47:00";"214";"Sem vítima";"216,000";"BR-116/SP";"Decrescente";"Colisão traseira";0;0;0;0;0;0;0;0;0;0;2;0;0;0;0
"16/03/2024";"07:20:00";"237";"Sem vítima";"419,000";"BR-101/SP";"Crescente";"Engavetamento";0;0;0;0;0;0;0;0;0;0;3;0;0;0;0
"16/03/2024";"07:24:00";"241";"Sem vítima";"218,900";"BR-116/SP";"Crescente";"Engavetamento";0;0;0;0;0;0;0;0;0;0;2;0;0;0;0
"16/03/2024";"09:52:00";"320";"Com vítima";"115,300";"BR-116/SP";"Crescente";"Capotamento";0;0;0;0;0;0;0;0;0;0;0;0;1;0;0
"16/03/2024";"09:53:00";"329";"Com vítima";"231,000";"BR-116/SP";"Crescente";"Queda de moto";0;0;0;0;0;0;0;0;0;0;0;1;0;0;0
"16/03/2024";"10:54:00";"370";"Com vítima";"524,000";"BR-101/SP";"Crescente";"Engavetamento";0;0;0;0;0;0;0;0;0;0;3;2;0;0;0
"16/03/2024";"11:13:00";"382";"Sem vítima";"481,000";"BR-101/SP";"Crescente";"Colisão traseira";0;0;0;0;0;0;0;0;0;0;0;0;0;0;0
"16/03/2024";"11:58:00";"402";"Sem vítima";"18,900";"BR-116/SP";"Crescente";"Choque";0;0;0;0;0;0;0;0;0;0;1;0;0;0;0
"16/03/2024";"12:14:00";"412";"Com vítima";"278,000";"BR-116/SP";"Crescente";"Colisão traseira";0;0;0;0;0;0;0;0;0;0;1;1;0;0;0
"16/03/2024";"03:50:00";"528";"Sem vítima";"158,000";"BR-116/SP";"Crescente";"Choque";0;0;0;0;0;0;0;0;0;0;3;0;0;0;0
"16/03/2024";"04:36:00";"551";"Com vítima";"491,000";"BR-101/SP";"Decrescente";"Colisão traseira";0;0;0;0;0;0;0;0;0;0;0;1;0;0;0
"16/03/2024";"10:39:00";"40";"Com vítima";"216,000";"BR-116/SP";"Decrescente";"Choque";0;0;0;0;0;0;0;0;0;0;1;0;1;0;0
"17/03/2024";"03:01:00";"76";"Com vítima";"445,600";"BR-101/SP";"Crescente";"Colisão frontal";0;0;0;0;0;0;0;0;0;0;1;2;0;0;0
"17/03/2024";"04:40:00";"125";"Com vítima";"479,000";"BR-101/SP";"Crescente";"Acidentes de outra natureza";0;0;0;0;0;0;0;0;0;0;0;1;0;0;0
"17/03/2024";"06:15:00";"178";"Com vítima";"282,500";"BR-116/SP";"Crescente";"Colisão traseira";0;0;0;0;0;0;0;0;0;0;0;0;0;1;0
"17/03/2024";"09:12:00";"259";"Sem vítima";"468,000";"BR-101/SP";"Crescente";"Acidentes de outra natureza";0;0;0;0;0;0;0;0;0;0;1;0;0;0;0
"17/03/2024";"09:39:00";"275";"Com vítima";"19,000";"BR-101/SP";"Decrescente";"Colisão lateral em sentido contrário";0;0;0;0;0;0;0;0;0;0;5;2;0;0;0
"17/03/2024";"11:46:00";"347";"Com vítima";"230,000";"BR-116/SP";"Crescente";"Colisão traseira";0;0;0;0;0;0;0;0;0;0;7;2;0;0;0
"17/03/2024";"11:55:00";"354";"Sem vítima";"321,000";"BR-116/SP";"Decrescente";"Colisão lateral em sentido contrário";0;0;0;0;0;0;0;0;0;0;5;0;0;0;0
"17/03/2024";"12:48:00";"391";"Com vítima";"227,000";"BR-116/SP";"Decrescente";"Colisão lateral em sentido contrário";0;0;0;0;0;0;0;0;0;0;2;1;0;0;0
"17/03/2024";"12:49:00";"392";"Sem vítima";"225,000";"BR-116/SP";"Crescente";"Colisão frontal";0;0;0;0;0;0;0;0;0;0;3;0;0;0;0
"17/03/2024";"02:41:00";"465";"Com vítima";"103,000";"BR-116/SP";"Decrescente";"Colisão traseira";0;0;0;0;0;0;0;0;0;0;0;1;1;2;0
"17/03/2024";"03:05:00";"483";"Sem vítima";"575,400";"BR-101/SP";"Crescente";"Acidentes de outra natureza";0;0;0;0;0;0;0;0;0;0;2;0;0;0;0
"17/03/2024";"03:19:00";"492";"Com vítima";"482,300";"BR-101/SP";"Crescente";"Colisão frontal";0;0;0;0;0;0;0;0;0;0;0;1;1;1;0
"17/03/2024";"04:34:00";"546";"Sem vítima";"47,900";"BR-101/SP";"Crescente";"Choque";0;0;0;0;0;0;0;0;0;0;0;0;0;0;0
"17/03/2024";"05:08:00";"571";"Com vítima";"205,300";"BR-116/SP";"Crescente";"Colisão traseira";0;0;0;0;0;0;0;0;0;0;2;1;0;0;0
"17/03/2024";"05:26:00";"584";"Com vítima";"169,000";"BR-116/SP";"Crescente";"Engavetamento";0;0;0;0;0;0;0;0;0;0;1;2;0;0;0
"17/03/2024";"06:14:00";"617";"Sem vítima";"38,800";"BR-116/SP";"Crescente";"Colisão lateral em sentido contrário";0;0;0;0;0;0;0;0;0;0;0;0;0;0;0
"17/03/2024";"07:13:00";"648";"Sem vítima";"117,600";"BR-116/SP";"Decrescente";"Choque";0;0;0;0;0;0;0;0;0;0;0;0;0;0;0
"17/03/2024";"08:29:00";"667";"Com vítima";"505,000";"BR-101/SP";"Crescente";"Colisão frontal";0;0;0;0;0;0;0;0;0;0;0;2;0;0;0
"17/03/2024";"08:58:00";"676";"Sem vítima";"440,000";"BR-101/SP";"Decrescente";"Colisão lateral em sentido contrário";0;0;0;0;0;0;0;0;0;0;2;0;0;0;0
"18/03/2024";"12:33:00";"53";"Com vítima";"228,000";"BR-116/SP";"Decrescente";"Colisão traseira";0;0;0;0;0;0;0;0;0;0;1;1;0;0;0
"18/03/2024";"02:13:00";"77";"Sem vítima";"228,000";"BR-116/SP";"Decrescente";"Colisão traseira";0;0;0;0;0;0;0;0;0;0;1;0;0;0;0
"18/03/2024";"03:05:00";"98";"Com vítima";"96,000";"BR-116/SP";"Decrescente";"Capotamento";0;0;0;0;0;0;0;0;0;0;0;0;1;1;0
"18/03/2024";"03:17:00";"103";"Sem vítima";"307,400";"BR-116/SP";"Crescente";"Choque";0;0;0;0;0;0;0;0;0;0;1;0;0;0;0
"18/03/2024";"03:52:00";"126";"Com vítima";"218,000";"BR-116/SP";"Crescente";"Colisão traseira";0;0;0;0;0;0;0;0;0;0;1;2;0;0;0
"18/03/2024";"07:44:00";"303";"Sem vítima";"229,000";"BR-116/SP";"Crescente";"Engavetamento";0;0;0;0;0;0;0;0;0;0;2;0;0;0;0
"18/03/2024";"09:36:00";"361";"Com vítima";"225,700";"BR-116/SP";"Decrescente";"Tombamento";0;0;0;0;0;0;0;0;0;0;0;1;0;0;0
"18/03/2024";"10:45:00";"400";"Com vítima";"539,000";"BR-101/SP";"Crescente";"Choque";0;0;0;0;0;0;0;0;0;0;0;2;0;0;0
"18/03/2024";"12:32:00";"456";"Com vítima";"168,500";"BR-116/SP";"Decrescente";"Colisão traseira";0;0;0;0;0;0;0;0;0;0;1;0;1;0;0
"18/03/2024";"12:52:00";"472";"Com vítima";"166,900";"BR-116/SP";"Decrescente";"Colisão traseira";0;0;0;0;0;0;0;0;0;0;1;1;0;0;0
"18/03/2024";"02:58:00";"541";"Sem vítima";"285,200";"BR-116/SP";"Crescente";"Choque";0;0;0;0;0;0;0;0;0;0;0;0;0;0;0
"18/03/2024";"03:05:00";"545";"Com vítima";"220,000";"BR-116/SP";"Crescente";"Colisão lateral em sentido contrário";0;0;0;0;0;0;0;0;0;0;1;1;0;0;0
"18/03/2024";"03:48:00";"572";"Sem vítima";"570,200";"BR-101/SP";"Crescente";"Choque";0;0;0;0;0;0;0;0;0;0;1;0;0;0;0
"18/03/2024";"03:56:00";"578";"Sem vítima";"212,000";"BR-116/SP";"Crescente";"Choque";0;0;0;0;0;0;0;0;0;0;4;0;0;0;0
"18/03/2024";"04:47:00";"597";"Sem vítima";"236,600";"BR-116/SP";"Crescente";"Choque";0;0;0;0;0;0;0;0;0;0;4;0;0;0;0
"18/03/2024";"05:23:00";"617";"Com vítima";"123,500";"BR-116/SP";"Decrescente";"Colisão traseira";0;0;0;0;0;0;0;0;0;0;0;0;0;1;0
"18/03/2024";"05:57:00";"631";"Sem vítima";"322,000";"BR-116/SP";"Decrescente";"Colisão frontal";0;0;0;0;0;0;0;0;0;0;0;0;0;0;0
"18/03/2024";"06:58:00";"649";"Sem vítima";"282,000";"BR-116/SP";"Decrescente";"Colisão lateral em sentido contrário";0;0;0;0;0;0;0;0;0;0;3;0;0;0;0
"18/03/2024";"06:59:00";"650";"Com vítima";"221,000";"BR-116/SP";"Crescente";"Colisão lateral em sentido contrário";0;0;0;0;0;0;0;0;0;0;2;1;0;0;0
"18/03/2024";"09:27:00";"28";"Sem vítima";"271,000";"BR-116/SP";"Decrescente";"Colisão traseira";0;0;0;0;0;0;0;0;0;0;1;0;0;0;0
"19/03/2024";"05:23:00";"178";"Sem vítima";"219,000";"BR-116/SP";"Decrescente";"Colisão traseira";0;0;0;0;0;0;0;0;0;0;1;0;0;0;0
"19/03/2024";"06:15:00";"209";"Com vítima";"562,000";"BR-101/SP";"Crescente";"Atropelamento de pedestre";0;0;0;0;0;0;0;0;0;0;1;0;0;0;0
"19/03/2024";"08:03:00";"276";"Com vítima";"230,000";"BR-116/SP";"Decrescente";"Acidentes de outra natureza";0;0;0;0;0;0;0;0;0;0;0;0;0;0;0
"19/03/2024";"08:32:00";"291";"Com vítima";"229,000";"BR-116/SP";"Crescente";"Colisão lateral em sentido contrário";0;0;0;0;0;0;0;0;0;0;2;1;0;0;0
"19/03/2024";"09:17:00";"310";"Com vítima";"165,200";"BR-116/SP";"Decrescente";"Choque";0;0;0;0;0;0;0;0;0;0;0;0;2;0;0
"19/03/2024";"09:26:00";"317";"Sem vítima";"248,000";"BR-116/SP";"Decrescente";"Colisão lateral em sentido contrário";0;0;0;0;0;0;0;0;0;0;1;0;0;0;0
"19/03/2024";"09:29:00";"318";"Sem vítima";"156,400";"BR-116/SP";"Decrescente";"Colisão traseira";0;0;0;0;0;0;0;0;0;0;2;0;0;0;0
"19/03/2024";"12:59:00";"410";"Com vítima";"227,000";"BR-116/SP";"Decrescente";"Acidentes de outra natureza";0;0;0;0;0;0;0;0;0;0;1;1;0;0;0
"19/03/2024";"02:22:00";"443";"Sem vítima";"225,000";"BR-116/SP";"Decrescente";"Engavetamento";0;0;0;0;0;0;0;0;0;0;4;0;0;0;0
"19/03/2024";"03:11:00";"470";"Sem vítima";"311,500";"BR-116/SP";"Decrescente";"Choque";0;0;0;0;0;0;0;0;0;0;1;0;0;0;0
"19/03/2024";"03:47:00";"491";"Com vítima";"311,000";"BR-116/SP";"Decrescente";"Colisão traseira";0;0;0;0;0;0;0;0;0;0;0;1;0;0;0
"19/03/2024";"04:12:00";"506";"Sem vítima";"219,000";"BR-116/SP";"Crescente";"Colisão traseira";0;0;0;0;0;0;0;0;0;0;1;0;0;0;0
"19/03/2024";"06:00:00";"484";"Com vítima";"74,750";"BR-116/SP";"Decrescente";"Choque";0;0;0;0;0;0;0;0;0;0;1;1;0;0;0
"19/03/2024";"10:46:00";"42";"Sem vítima";"114,500";"BR-116/SP";"Crescente";"Colisão traseira";0;0;0;0;0;0;0;0;0;0;2;0;0;0;0
"19/03/2024";"11:13:00";"45";"Sem vítima";"219,000";"BR-116/SP";"Crescente";"Colisão lateral em sentido contrário";0;0;0;0;0;0;0;0;0;0;1;0;0;0;0
"20/03/2024";"12:28:00";"58";"Com vítima";"122,100";"BR-116/SP";"Crescente";"Colisão traseira";0;0;0;0;0;0;0;0;0;0;1;0;0;1;0
"20/03/2024";"03:13:00";"102";"Sem vítima";"125,200";"BR-116/SP";"Decrescente";"Atropelamento de pedestre";0;0;0;0;0;0;0;0;0;0;1;0;0;0;0
"20/03/2024";"04:52:00";"176";"Com vítima";"75,000";"BR-116/SP";"Crescente";"Colisão lateral em sentido contrário";0;0;0;0;0;0;0;0;0;0;1;1;0;0;0
"20/03/2024";"05:07:00";"189";"Sem vítima";"160,000";"BR-116/SP";"Decrescente";"Colisão lateral em sentido contrário";0;0;0;0;0;0;0;0;0;0;3;0;0;0;0
"20/03/2024";"08:19:00";"311";"Com vítima";"230,100";"BR-116/SP";"Decrescente";"Acidentes de outra natureza";0;0;0;0;0;0;0;0;0;0;0;1;0;0;0
"20/03/2024";"08:28:00";"315";"Sem vítima";"223,800";"BR-116/SP";"Decrescente";"Colisão lateral em sentido contrário";0;0;0;0;0;0;0;0;0;0;1;0;0;0;0
"20/03/2024";"11:08:00";"390";"Com vítima";"47,000";"BR-116/SP";"Decrescente";"Engavetamento";0;0;0;0;0;0;0;0;0;0;2;1;0;0;0
"20/03/2024";"01:14:00";"457";"Sem vítima";"109,450";"BR-116/SP";"Decrescente";"Choque";0;0;0;0;0;0;0;0;0;0;1;0;0;0;0
"20/03/2024";"03:32:00";"523";"Sem vítima";"111,000";"BR-116/SP";"Crescente";"Engavetamento";0;0;0;0;0;0;0;0;0;0;3;0;0;0;0
"20/03/2024";"03:42:00";"528";"Com vítima";"164,400";"BR-116/SP";"Decrescente";"Choque";0;0;0;0;0;0;0;0;0;0;0;1;0;0;0
"20/03/2024";"04:10:00";"544";"Com vítima";"229,000";"BR-116/SP";"Decrescente";"Choque";0;0;0;0;0;0;0;0;0;0;0;1;0;0;0
"20/03/2024";"05:39:00";"591";"Sem vítima";"276,000";"BR-116/SP";"Crescente";"Colisão lateral em sentido contrário";0;0;0;0;0;0;0;0;0;0;2;0;0;0;0
"20/03/2024";"09:47:00";"32";"Sem vítima";"29,600";"BR-116/SP";"Decrescente";"Colisão traseira";0;0;0;0;0;0;0;0;0;0;2;0;0;0;0
"20/03/2024";"10:50:00";"41";"Com vítima";"225,000";"BR-116/SP";"Crescente";"Acidentes de outra natureza";0;0;0;0;0;0;0;0;0;0;0;1;0;0;0
"21/03/2024";"02:16:00";"83";"Com vítima";"230,100";"BR-116/SP";"Crescente";"Engavetamento";0;0;0;0;0;0;0;0;0;0;2;0;0;1;1
"21/03/2024";"03:13:00";"117";"Com vítima";"575,000";"BR-101/SP";"Crescente";"Atropelamento de pedestre";0;0;0;0;0;0;0;0;0;0;0;1;0;0;0
"21/03/2024";"03:20:00";"125";"Sem vítima";"233,000";"BR-116/SP";"Decrescente";"Colisão traseira";0;0;0;0;0;0;0;0;0;0;28;0;0;0;0
"21/03/2024";"04:31:00";"170";"Com vítima";"499,000";"BR-101/SP";"Decrescente";"Acidentes de outra natureza";0;0;0;0;0;0;0;0;0;0;0;0;0;2;0
"21/03/2024";"05:07:00";"198";"Com vítima";"138,680";"BR-116/SP";"Crescente";"Colisão traseira";0;0;0;0;0;0;0;0;0;0;1;0;0;1;0
"21/03/2024";"05:21:00";"218";"Com vítima";"216,100";"BR-116/SP";"Crescente";"Colisão lateral em sentido contrário";0;0;0;0;0;0;0;0;0;0;1;0;1;0;0
"21/03/2024";"06:23:00";"269";"Sem vítima";"44,000";"BR-116/SP";"Crescente";"Choque";0;0;0;0;0;0;0;0;0;0;1;0;0;0;0
"21/03/2024";"06:40:00";"280";"Sem vítima";"151,700";"BR-116/SP";"Crescente";"Choque";0;0;0;0;0;0;0;0;0;0;1;0;0;0;0
"21/03/2024";"07:02:00";"303";"Sem vítima";"214,000";"BR-116/SP";"Crescente";"Engavetamento";0;0;0;0;0;0;0;0;0;0;5;0;0;0;0
"21/03/2024";"07:17:00";"318";"Com vítima";"150,000";"BR-116/SP";"Crescente";"Choque";0;0;0;0;0;0;0;0;0;0;0;1;0;0;0
"21/03/2024";"07:37:00";"333";"Com vítima";"230,200";"BR-116/SP";"Crescente";"Colisão traseira";0;0;0;0;0;0;0;0;0;0;1;1;0;0;0
"21/03/2024";"09:52:00";"409";"Com vítima";"210,000";"BR-116/SP";"Crescente";"Choque";0;0;0;0;0;0;0;0;0;0;1;1;0;0;0
"21/03/2024";"11:06:00";"450";"Sem vítima";"280,540";"BR-116/SP";"Crescente";"Colisão lateral em sentido contrário";0;0;0;0;0;0;0;0;0;0;0;0;0;0;0
"21/03/2024";"11:14:00";"456";"Com vítima";"229,350";"BR-116/SP";"Decrescente";"Tombamento";0;0;0;0;0;0;0;0;0;0;0;0;1;0;0
"21/03/2024";"11:39:00";"470";"Sem vítima";"136,000";"BR-116/SP";"Decrescente";"Colisão lateral em sentido contrário";0;0;0;0;0;0;0;0;0;0;2;0;0;0;0
"21/03/2024";"11:46:00";"473";"Com vítima";"47,300";"BR-116/SP";"Decrescente";"Acidentes de outra natureza";0;0;0;0;0;0;0;0;0;0;0;1;0;0;0
"21/03/2024";"01:19:00";"537";"Sem vítima";"274,000";"BR-116/SP";"Decrescente";"Colisão traseira";0;0;0;0;0;0;0;0;0;0;0;0;0;0;0
"21/03/2024";"02:02:00";"565";"Com vítima";"165,000";"BR-116/SP";"Decrescente";"Colisão traseira";0;0;0;0;0;0;0;0;0;0;2;0;1;0;0
"21/03/2024";"02:14:00";"574";"Sem vítima";"146,000";"BR-116/SP";"Crescente";"Colisão lateral em sentido contrário";0;0;0;0;0;0;0;0;0;0;2;0;0;0;0
"21/03/2024";"04:16:00";"646";"Sem vítima";"155,000";"BR-116/SP";"Decrescente";"Colisão traseira";0;0;0;0;0;0;0;0;0;0;4;0;0;0;0
"21/03/2024";"04:18:00";"647";"Sem vítima";"148,000";"BR-116/SP";"Crescente";"Engavetamento";0;0;0;0;0;0;0;0;0;0;2;0;0;0;0
"21/03/2024";"04:31:00";"652";"Com vítima";"108,000";"BR-116/SP";"Decrescente";"Acidentes de outra natureza";0;0;0;0;0;0;0;0;0;0;0;2;0;0;0
"21/03/2024";"05:00:00";"670";"Sem vítima";"148,000";"BR-116/SP";"Crescente";"Colisão traseira";0;0;0;0;0;0;0;0;0;0;1;0;0;0;0
"21/03/2024";"05:17:00";"683";"Sem vítima";"156,200";"BR-116/SP";"Crescente";"Colisão traseira";0;0;0;0;0;0;0;0;0;0;4;0;0;0;0
"21/03/2024";"05:25:00";"687";"Com vítima";"218,000";"BR-116/SP";"Crescente";"Acidentes de outra natureza";0;0;0;0;0;0;0;0;0;0;0;1;0;0;0
"21/03/2024";"08:47:00";"755";"Com vítima";"525,000";"BR-101/SP";"Crescente";"Colisão lateral em sentido contrário";0;0;0;0;0;0;0;0;0;0;1;1;0;0;0
"21/03/2024";"09:00:00";"32";"Com vítima";"300,100";"BR-116/SP";"Crescente";"Acidentes de outra natureza";0;0;0;0;0;0;0;0;0;0;0;0;1;0;0
"21/03/2024";"09:00:00";"128";"Com vítima";"292,000";"BR-116/SP";"Crescente";"Choque";0;0;0;0;0;0;0;0;0;0;0;1;0;0;0
"21/03/2024";"09:00:00";"284";"Sem vítima";"108,000";"BR-116/SP";"Crescente";"Colisão traseira";0;0;0;0;0;0;0;0;0;0;1;0;0;0;0
"21/03/2024";"11:54:00";"44";"Sem vítima";"231,000";"BR-116/SP";"Decrescente";"Colisão lateral em sentido contrário";0;0;0;0;0;0;0;0;0;0;1;0;0;0;0
"22/03/2024";"02:53:00";"87";"Sem vítima";"23,400";"BR-116/SP";"Crescente";"Choque";0;0;0;0;0;0;0;0;0;0;1;0;0;0;0
"22/03/2024";"03:16:00";"101";"Sem vítima";"314,300";"BR-116/SP";"Crescente";"Choque";0;0;0;0;0;0;0;0;0;0;2;0;0;0;0
"22/03/2024";"03:45:00";"123";"Sem vítima";"26,000";"BR-116/SP";"Crescente";"Colisão lateral em sentido contrário";0;0;0;0;0;0;0;0;0;0;3;0;0;0;0
"22/03/2024";"03:56:00";"131";"Com vítima";"206,000";"BR-116/SP";"Decrescente";"Acidentes de outra natureza";0;0;0;0;0;0;0;0;0;0;0;1;0;0;0
"22/03/2024";"04:32:00";"156";"Com vítima";"429,000";"BR-101/SP";"Decrescente";"Choque";0;0;0;0;0;0;0;0;0;0;1;1;0;0;0
"22/03/2024";"04:52:00";"146";"Sem vítima";"86,950";"BR-116/SP";"Crescente";"Colisão lateral em sentido contrário";0;0;0;0;0;0;0;0;0;0;2;0;0;0;0
"22/03/2024";"05:06:00";"178";"Com vítima";"505,000";"BR-101/SP";"Decrescente";"Colisão transversal";0;0;0;0;0;0;0;0;0;0;1;0;1;0;0
"22/03/2024";"05:49:00";"212";"Sem vítima";"234,000";"BR-116/SP";"Decrescente";"Choque";0;0;0;0;0;0;0;0;0;0;1;0;0;0;0
"22/03/2024";"06:06:00";"225";"Sem vítima";"469,000";"BR-101/SP";"Crescente";"Choque";0;0;0;0;0;0;0;0;0;0;2;0;0;0;0
"22/03/2024";"06:09:00";"227";"Com vítima";"157,000";"BR-116/SP";"Decrescente";"Acidentes de outra natureza";0;0;0;0;0;0;0;0;0;0;0;0;1;0;0