data;horario;n_da_ocorrencia;tipo_de_ocorrencia;km;trecho;sentido;tipo_de_acidente;automovel;bicicleta;caminhao;moto;onibus;outros;tracao_animal;transporte_de_cargas_especiais;trator_maquinas;utilitarios;ilesos;levemente_feridos;moderadamente_feridos;gravemente_feridos;mortos
"22/03/2024";"06:17:00";"230";"Sem vítima";"224,000";"BR-116/SP";"Decrescente";"Colisão traseira";0;0;0;0;0;0;0;0;0;0;4;0;0;0;0
"22/03/2024";"06:42:00";"245";"Com vítima";"273,400";"BR-116/SP";"Crescente";"Choque";0;0;0;0;0;0;0;0;0;0;0;1;0;0;0
"22/03/2024";"06:43:00";"246";"Sem vítima";"197,950";"BR-116/SP";"Decrescente";"Choque";0;0;0;0;0;0;0;0;0;0;1;0;0;0;0
"22/03/2024";"06:59:00";"259";"Sem vítima";"112,700";"BR-116/SP";"Decrescente";"Choque";0;0;0;0;0;0;0;0;0;0;2;0;0;0;0
"22/03/2024";"07:15:00";"265";"Sem vítima";"231,000";"BR-116/SP";"Decrescente";"Colisão lateral em sentido contrário";0;0;0;0;0;0;0;0;0;0;2;0;0;0;0
"22/03/2024";"08:01:00";"285";"Com vítima";"226,300";"BR-116/SP";"Decrescente";"Colisão lateral em sentido contrário";0;0;0;0;0;0;0;0;0;0;1;1;0;0;0
"22/03/2024";"08:33:00";"303";"Sem vítima";"116,000";"BR-116/SP";"Decrescente";"Choque";0;0;0;0;0;0;0;0;0;0;1;0;0;0;0
"22/03/2024";"08:36:00";"306";"Sem vítima";"153,000";"BR-116/SP";"Crescente";"Colisão traseira";0;0;0;0;0;0;0;0;0;0;2;0;0;0;0
"22/03/2024";"08:39:00";"308";"Sem vítima";"41,000";"BR-101/SP";"Decrescente";"Acidentes de outra natureza";0;0;0;0;0;0;0;0;0;0;1;0;0;0;0
"22/03/2024";"09:28:00";"329";"Com vítima";"223,000";"BR-116/SP";"Decrescente";"Acidentes de outra natureza";0;0;0;0;0;0;0;0;0;0;0;0;1;0;0
"22/03/2024";"10:44:00";"373";"Com vítima";"136,800";"BR-116/SP";"Crescente";"Capotamento";0;0;0;0;0;0;0;0;0;0;0;1;0;0;0
"22/03/2024";"11:00:00";"387";"Sem vítima";"424,100";"BR-101/SP";"Crescente";"Colisão lateral em sentido contrário";0;0;0;0;0;0;0;0;0;0;3;0;0;0;0
"22/03/2024";"11:03:00";"390";"Sem vítima";"145,900";"BR-116/SP";"Decrescente";"Choque";0;0;0;0;0;0;0;0;0;0;1;0;0;0;0
"22/03/2024";"11:10:00";"395";"Com vítima";"219,000";"BR-116/SP";"Decrescente";"Choque";0;0;0;0;0;0;0;0;0;0;0;1;0;0;0
"22/03/2024";"11:45:00";"407";"Com vítima";"224,000";"BR-116/SP";"Crescente";"Acidentes de outra natureza";0;0;0;0;0;0;0;0;0;0;0;2;0;0;0
"22/03/2024";"11:53:00";"412";"Sem vítima";"429,000";"BR-101/SP";"Decrescente";"Choque";0;0;0;0;0;0;0;0;0;0;3;0;0;0;0
"22/03/2024";"12:24:00";"430";"Sem vítima";"206,000";"BR-116/SP";"Crescente";"Colisão lateral em sentido contrário";0;0;0;0;0;0;0;0;0;0;2;0;0;0;0
"22/03/2024";"12:52:00";"445";"Sem vítima";"512,000";"BR-101/SP";"Decrescente";"Colisão traseira";0;0;0;0;0;0;0;0;0;0;5;0;0;0;0
"22/03/2024";"02:46:00";"509";"Sem vítima";"309,500";"BR-116/SP";"Decrescente";"Colisão traseira";0;0;0;0;0;0;0;0;0;0;2;0;0;0;0
"22/03/2024";"02:49:00";"512";"Com vítima";"223,000";"BR-116/SP";"Decrescente";"Colisão traseira";0;0;0;0;0;0;0;0;0;0;1;1;0;0;0
"22/03/2024";"02:54:00";"516";"Sem vítima";"232,800";"BR-116/SP";"Decrescente";"Choque";0;0;0;0;0;0;0;0;0;0;1;0;0;0;0
"22/03/2024";"03:40:00";"545";"Com vítima";"155,000";"BR-116/SP";"Decrescente";"Colisão traseira";0;0;0;0;0;0;0;0;0;0;4;2;0;0;0
"22/03/2024";"04:26:00";"569";"Com vítima";"56,000";"BR-116/SP";"Decrescente";"Acidentes de outra natureza";0;0;0;0;0;0;0;0;0;0;0;0;1;0;0
"22/03/2024";"04:26:00";"570";"Com vítima";"24,000";"BR-101/SP";"Decrescente";"Atropelamento de pedestre";0;0;0;0;0;0;0;0;0;0;0;1;0;0;0
"22/03/2024";"04:31:00";"534";"Com vítima";"225,000";"BR-116/SP";"Crescente";"Colisão lateral em sentido contrário";0;0;0;0;0;0;0;0;0;0;3;0;1;0;0
"22/03/2024";"04:37:00";"574";"Com vítima";"304,000";"BR-116/SP";"Crescente";"Colisão traseira";0;0;0;0;0;0;0;0;0;0;0;1;0;0;0
"22/03/2024";"04:46:00";"577";"Com vítima";"223,000";"BR-116/SP";"Crescente";"Colisão lateral em sentido contrário";0;0;0;0;0;0;0;0;0;0;2;1;0;0;0
"22/03/2024";"06:42:00";"618";"Com vítima";"452,000";"BR-101/SP";"Decrescente";"Choque";0;0;0;0;0;0;0;0;0;0;0;1;0;0;0
"22/03/2024";"07:56:00";"648";"Sem vítima";"203,000";"BR-116/SP";"Crescente";"Colisão traseira";0;0;0;0;0;0;0;0;0;0;2;0;0;0;0
"22/03/2024";"07:58:00";"649";"Sem vítima";"222,000";"BR-116/SP";"Decrescente";"Engavetamento";0;0;0;0;0;0;0;0;0;0;4;0;0;0;0
"22/03/2024";"09:07:00";"24";"Sem vítima";"116,200";"BR-116/SP";"Crescente";"Choque";0;0;0;0;0;0;0;0;0;0;0;0;0;0;0
"22/03/2024";"09:21:00";"27";"Sem vítima";"18,000";"BR-116/SP";"Decrescente";"Choque";0;0;0;0;0;0;0;0;0;0;0;0;0;0;0
"23/03/2024";"02:00:00";"73";"Sem vítima";"238,000";"BR-116/SP";"Decrescente";"Choque";0;0;0;0;0;0;0;0;0;0;3;0;0;0;0
"23/03/2024";"03:02:00";"90";"Sem vítima";"27,000";"BR-116/SP";"Decrescente";"Choque";0;0;0;0;0;0;0;0;0;0;1;0;0;0;0
"23/03/2024";"03:09:00";"96";"Sem vítima";"28,000";"BR-116/SP";"Crescente";"Choque";0;0;0;0;0;0;0;0;0;0;0;0;0;0;0
"23/03/2024";"03:24:00";"101";"Sem vítima";"297,000";"BR-116/SP";"Decrescente";"Colisão traseira";0;0;0;0;0;0;0;0;0;0;2;0;0;0;0
"23/03/2024";"04:41:00";"138";"Sem vítima";"435,000";"BR-101/SP";"Decrescente";"Choque";0;0;0;0;0;0;0;0;0;0;1;0;0;0;0
"23/03/2024";"04:55:00";"146";"Sem vítima";"154,200";"BR-116/SP";"Crescente";"Colisão lateral em sentido contrário";0;0;0;0;0;0;0;0;0;0;0;0;0;0;0
"23/03/2024";"07:02:00";"198";"Com vítima";"261,500";"BR-116/SP";"Decrescente";"Capotamento";0;0;0;0;0;0;0;0;0;0;0;1;0;0;0
"23/03/2024";"07:43:00";"215";"Sem vítima";"597,000";"BR-101/SP";"Crescente";"Colisão lateral em sentido contrário";0;0;0;0;0;0;0;0;0;0;2;0;0;0;0
"23/03/2024";"10:21:00";"276";"Sem vítima";"221,000";"BR-116/SP";"Decrescente";"Colisão traseira";0;0;0;0;0;0;0;0;0;0;3;0;0;0;0
"23/03/2024";"11:01:00";"291";"Com vítima";"147,000";"BR-116/SP";"Crescente";"Colisão lateral em sentido contrário";0;0;0;0;0;0;0;0;0;0;1;2;0;0;0
"23/03/2024";"02:09:00";"359";"Sem vítima";"400,000";"BR-101/SP";"Crescente";"Choque";0;0;0;0;0;0;0;0;0;0;0;0;0;0;0
"23/03/2024";"02:36:00";"369";"Com vítima";"83,000";"BR-116/SP";"Crescente";"Capotamento";0;0;0;0;0;0;0;0;0;0;0;2;0;0;0
"23/03/2024";"03:00:00";"377";"Sem vítima";"86,950";"BR-116/SP";"Crescente";"Engavetamento";0;0;0;0;0;0;0;0;0;0;7;0;0;0;0
"23/03/2024";"03:05:00";"381";"Sem vítima";"65,000";"BR-116/SP";"Decrescente";"Choque";0;0;0;0;0;0;0;0;0;0;1;0;0;0;0
"23/03/2024";"03:07:00";"382";"Sem vítima";"228,800";"BR-116/SP";"Decrescente";"Choque";0;0;0;0;0;0;0;0;0;0;2;0;0;0;0
"23/03/2024";"04:16:00";"406";"Sem vítima";"596,000";"BR-101/SP";"Decrescente";"Choque";0;0;0;0;0;0;0;0;0;0;1;0;0;0;0
"23/03/2024";"04:45:00";"420";"Com vítima";"49,000";"BR-101/SP";"Crescente";"Colisão traseira";0;0;0;0;0;0;0;0;0;0;4;0;1;0;0
"23/03/2024";"04:57:00";"422";"Sem vítima";"121,200";"BR-116/SP";"Crescente";"Capotamento";0;0;0;0;0;0;0;0;0;0;0;0;0;0;0
"23/03/2024";"06:03:00";"438";"Com vítima";"225,000";"BR-116/SP";"Decrescente";"Acidentes de outra natureza";0;0;0;0;0;0;0;0;0;0;0;1;0;0;0
"23/03/2024";"07:04:00";"456";"Sem vítima";"298,800";"BR-116/SP";"Decrescente";"Colisão traseira";0;0;0;0;0;0;0;0;0;0;0;0;0;0;0
"23/03/2024";"08:39:00";"472";"Sem vítima";"251,600";"BR-116/SP";"Crescente";"Choque";0;0;0;0;0;0;0;0;0;0;2;0;0;0;0
"23/03/2024";"09:00:00";"161";"Sem vítima";"540,000";"BR-101/SP";"Crescente";"Choque";0;0;0;0;0;0;0;0;0;0;1;0;0;0;0
"24/03/2024";"12:52:00";"53";"Com vítima";"169,000";"BR-116/SP";"Decrescente";"Choque";0;0;0;0;0;0;0;0;0;0;0;1;0;0;0
"24/03/2024";"03:29:00";"78";"Com vítima";"87,900";"BR-116/SP";"Decrescente";"Colisão traseira";0;0;0;0;0;0;0;0;0;0;0;2;0;0;0
"24/03/2024";"03:52:00";"92";"Sem vítima";"191,100";"BR-116/SP";"Decrescente";"Acidentes de outra natureza";0;0;0;0;0;0;0;0;0;0;1;0;0;0;0
"24/03/2024";"03:53:00";"93";"Sem vítima";"187,200";"BR-116/SP";"Decrescente";"Choque";0;0;0;0;0;0;0;0;0;0;0;0;0;0;0
"24/03/2024";"04:59:00";"109";"Sem vítima";"224,950";"BR-116/SP";"Crescente";"Choque";0;0;0;0;0;0;0;0;0;0;1;0;0;0;0
"24/03/2024";"05:07:00";"113";"Sem vítima";"465,000";"BR-101/SP";"Crescente";"Choque";0;0;0;0;0;0;0;0;0;0;1;0;0;0;0
"24/03/2024";"05:44:00";"126";"Com vítima";"482,700";"BR-101/SP";"Crescente";"Capotamento";0;0;0;0;0;0;0;0;0;0;0;1;1;0;0
"24/03/2024";"05:55:00";"132";"Sem vítima";"201,300";"BR-116/SP";"Decrescente";"Choque";0;0;0;0;0;0;0;0;0;0;1;0;0;0;0
"24/03/2024";"08:54:00";"189";"Sem vítima";"564,000";"BR-101/SP";"Decrescente";"Capotamento";0;0;0;0;0;0;0;0;0;0;3;0;0;0;0
"24/03/2024";"10:12:00";"222";"Sem vítima";"136,000";"BR-116/SP";"Crescente";"Engavetamento";0;0;0;0;0;0;0;0;0;0;9;0;0;0;0
"24/03/2024";"10:27:00";"229";"Com vítima";"495,000";"BR-101/SP";"Crescente";"Colisão lateral em sentido contrário";0;0;0;0;0;0;0;0;0;0;1;0;1;0;0
"24/03/2024";"11:16:00";"247";"Com vítima";"216,000";"BR-116/SP";"Crescente";"Colisão lateral em sentido contrário";0;0;0;0;0;0;0;0;0;0;1;1;0;0;0
"24/03/2024";"11:24:00";"251";"Com vítima";"215,000";"BR-116/SP";"Crescente";"Colisão traseira";0;0;0;0;0;0;0;0;0;0;1;0;1;0;0
"24/03/2024";"11:48:00";"262";"Sem vítima";"54,100";"BR-116/SP";"Crescente";"Choque";0;0;0;0;0;0;0;0;0;0;3;0;0;0;0
"24/03/2024";"12:27:00";"282";"Sem vítima";"521,000";"BR-101/SP";"Decrescente";"Choque";0;0;0;0;0;0;0;0;0;0;1;0;0;0;0
"24/03/2024";"12:35:00";"285";"Sem vítima";"109,300";"BR-116/SP";"Decrescente";"Colisão lateral em sentido contrário";0;0;0;0;0;0;0;0;0;0;2;0;0;0;0
"24/03/2024";"12:51:00";"292";"Com vítima";"334,000";"BR-116/SP";"Crescente";"Capotamento";0;0;0;0;0;0;0;0;0;0;0;0;1;0;0
"24/03/2024";"01:04:00";"293";"Com vítima";"521,000";"BR-101/SP";"Decrescente";"Colisão traseira";0;0;0;0;0;0;0;0;0;0;1;0;1;0;0
"24/03/2024";"01:23:00";"302";"Com vítima";"51,000";"BR-116/SP";"Decrescente";"Engavetamento";0;0;0;0;0;0;0;0;0;0;2;2;0;0;0
"24/03/2024";"02:16:00";"320";"Sem vítima";"417,000";"BR-101/SP";"Decrescente";"Choque";0;0;0;0;0;0;0;0;0;0;1;0;0;0;0
"24/03/2024";"03:25:00";"354";"Sem vítima";"407,000";"BR-101/SP";"Decrescente";"Colisão traseira";0;0;0;0;0;0;0;0;0;0;0;0;0;0;0
"24/03/2024";"04:04:00";"373";"Sem vítima";"491,700";"BR-101/SP";"Crescente";"Capotamento";0;0;0;0;0;0;0;0;0;0;1;0;0;0;0
"24/03/2024";"04:04:00";"374";"Com vítima";"596,000";"BR-101/SP";"Decrescente";"Capotamento";0;0;0;0;0;0;0;0;0;0;0;1;0;0;0
"24/03/2024";"04:52:00";"392";"Com vítima";"559,000";"BR-101/SP";"Crescente";"Choque";0;0;0;0;0;0;0;0;0;0;0;1;0;0;0
"24/03/2024";"05:44:00";"414";"Sem vítima";"220,700";"BR-116/SP";"Decrescente";"Colisão traseira";0;0;0;0;0;0;0;0;0;0;6;0;0;0;0
"24/03/2024";"05:50:00";"416";"Sem vítima";"276,000";"BR-116/SP";"Decrescente";"Choque";0;0;0;0;0;0;0;0;0;0;1;0;0;0;0
"24/03/2024";"05:51:00";"417";"Com vítima";"483,000";"BR-101/SP";"Decrescente";"Engavetamento";0;0;0;0;0;0;0;0;0;0;2;2;1;0;0
"24/03/2024";"06:12:00";"425";"Sem vítima";"437,000";"BR-101/SP";"Crescente";"Choque";0;0;0;0;0;0;0;0;0;0;1;0;0;0;0
"24/03/2024";"07:30:00";"444";"Sem vítima";"425,000";"BR-101/SP";"Decrescente";"Colisão traseira";0;0;0;0;0;0;0;0;0;0;1;0;0;0;0
"24/03/2024";"10:09:00";"37";"Sem vítima";"146,000";"BR-116/SP";"Decrescente";"Colisão traseira";0;0;0;0;0;0;0;0;0;0;2;0;0;0;0
"24/03/2024";"10:17:00";"40";"Com vítima";"527,000";"BR-101/SP";"Decrescente";"Choque";0;0;0;0;0;0;0;0;0;0;0;1;0;0;0
"24/03/2024";"10:42:00";"43";"Com vítima";"170,100";"BR-116/SP";"Crescente";"Colisão traseira";0;0;0;0;0;0;0;0;0;0;1;1;0;0;0
"25/03/2024";"02:09:00";"72";"Com vítima";"407,000";"BR-101/SP";"Crescente";"Atropelamento de pedestre";0;0;0;0;0;0;0;0;0;0;1;1;0;0;0
"25/03/2024";"02:46:00";"85";"Com vítima";"19,700";"BR-116/SP";"Crescente";"Colisão traseira";0;0;0;0;0;0;0;0;0;0;0;2;0;0;0
"25/03/2024";"03:17:00";"102";"Com vítima";"54,000";"BR-116/SP";"Crescente";"Colisão traseira";0;0;0;0;0;0;0;0;0;0;1;1;0;0;0
"25/03/2024";"03:29:00";"112";"Com vítima";"190,000";"BR-116/SP";"Decrescente";"Acidentes de outra natureza";0;0;0;0;0;0;0;0;0;0;0;1;0;0;0
"25/03/2024";"03:54:00";"127";"Com vítima";"251,000";"BR-116/SP";"Crescente";"Tombamento";0;0;0;0;0;0;0;0;0;0;0;1;0;0;0
"25/03/2024";"04:57:00";"175";"Com vítima";"214,000";"BR-116/SP";"Decrescente";"Colisão lateral em sentido contrário";0;0;0;0;0;0;0;0;0;0;1;1;0;0;0
"25/03/2024";"05:05:00";"181";"Sem vítima";"223,000";"BR-116/SP";"Crescente";"Colisão traseira";0;0;0;0;0;0;0;0;0;0;2;0;0;0;0
"25/03/2024";"05:16:00";"190";"Com vítima";"45,000";"BR-101/SP";"Decrescente";"Colisão lateral em sentido contrário";0;0;0;0;0;0;0;0;0;0;1;1;0;0;0
"25/03/2024";"05:47:00";"214";"Sem vítima";"233,700";"BR-116/SP";"Decrescente";"Colisão traseira";0;0;0;0;0;0;0;0;0;0;0;0;0;0;0
"25/03/2024";"07:49:00";"300";"Sem vítima";"160,200";"BR-116/SP";"Decrescente";"Colisão traseira";0;0;0;0;0;0;0;0;0;0;2;0;0;0;0
"25/03/2024";"08:37:00";"322";"Sem vítima";"472,000";"BR-101/SP";"Crescente";"Colisão traseira";0;0;0;0;0;0;0;0;0;0;2;0;0;0;0
"25/03/2024";"12:18:00";"448";"Sem vítima";"307,200";"BR-116/SP";"Crescente";"Colisão lateral em sentido contrário";0;0;0;0;0;0;0;0;0;0;4;0;0;0;0
"25/03/2024";"12:51:00";"466";"Sem vítima";"154,000";"BR-116/SP";"Decrescente";"Colisão lateral em sentido contrário";0;0;0;0;0;0;0;0;0;0;2;0;0;0;0
"25/03/2024";"02:22:00";"526";"Sem vítima";"125,000";"BR-116/SP";"Crescente";"Colisão traseira";0;0;0;0;0;0;0;0;0;0;1;0;0;0;0
"25/03/2024";"03:22:00";"569";"Com vítima";"147,700";"BR-116/SP";"Decrescente";"Colisão traseira";0;0;0;0;0;0;0;0;0;0;1;1;0;0;0
"25/03/2024";"03:56:00";"584";"Com vítima";"98,000";"BR-116/SP";"Crescente";"Acidentes de outra natureza";0;0;0;0;0;0;0;0;0;0;0;1;0;0;0
"25/03/2024";"04:42:00";"616";"Com vítima";"487,000";"BR-101/SP";"Crescente";"Atropelamento de pedestre";0;0;0;0;0;0;0;0;0;0;1;0;0;0;0
"25/03/2024";"05:06:00";"629";"Com vítima";"83,500";"BR-116/SP";"Decrescente";"Colisão traseira";0;0;0;0;0;0;0;0;0;0;1;1;0;0;0
"25/03/2024";"05:59:00";"653";"Sem vítima";"496,000";"BR-101/SP";"Crescente";"Choque";0;0;0;0;0;0;0;0;0;0;0;0;0;0;0
"25/03/2024";"06:44:00";"671";"Com vítima";"597,000";"BR-101/SP";"Decrescente";"Atropelamento de pedestre";0;0;0;0;0;0;0;0;0;0;0;0;0;0;0
"25/03/2024";"06:55:00";"676";"Sem vítima";"229,700";"BR-116/SP";"Decrescente";"Colisão traseira";0;0;0;0;0;0;0;0;0;0;3;0;0;0;0
"25/03/2024";"07:51:00";"693";"Sem vítima";"127,100";"BR-116/SP";"Decrescente";"Atropelamento de pedestre";0;0;0;0;0;0;0;0;0;0;1;0;0;0;0
"25/03/2024";"08:05:00";"705";"Com vítima";"98,400";"BR-116/SP";"Crescente";"Acidentes de outra natureza";0;0;0;0;0;0;0;0;0;0;0;2;0;0;0
"25/03/2024";"08:54:00";"706";"Sem vítima";"225,000";"BR-116/SP";"Crescente";"Colisão lateral em sentido contrário";0;0;0;0;0;0;0;0;0;0;1;0;0;0;0
"25/03/2024";"10:10:00";"40";"Com vítima";"28,000";"BR-116/SP";"Decrescente";"Colisão traseira";0;0;0;0;0;0;0;0;0;0;21;2;1;0;0
"25/03/2024";"11:05:00";"46";"Com vítima";"313,800";"BR-116/SP";"Decrescente";"Choque";0;0;0;0;0;0;0;0;0;0;0;1;0;0;0
"26/03/2024";"05:01:00";"198";"Com vítima";"210,000";"BR-116/SP";"Decrescente";"Engavetamento";0;0;0;0;0;0;0;0;0;0;7;1;0;0;0
"26/03/2024";"05:15:00";"204";"Sem vítima";"279,100";"BR-116/SP";"Crescente";"Engavetamento";0;0;0;0;0;0;0;0;0;0;5;0;0;0;0
"26/03/2024";"06:07:00";"253";"Sem vítima";"249,000";"BR-116/SP";"Crescente";"Choque";0;0;0;0;0;0;0;0;0;0;1;0;0;0;0
"26/03/2024";"07:47:00";"334";"Sem vítima";"219,000";"BR-116/SP";"Decrescente";"Colisão lateral em sentido contrário";0;0;0;0;0;0;0;0;0;0;2;0;0;0;0
"26/03/2024";"09:18:00";"378";"Sem vítima";"218,000";"BR-116/SP";"Decrescente";"Colisão lateral em sentido contrário";0;0;0;0;0;0;0;0;0;0;5;0;0;0;0
"26/03/2024";"09:52:00";"390";"Com vítima";"216,000";"BR-116/SP";"Crescente";"Choque";0;0;0;0;0;0;0;0;0;0;0;1;0;0;0
"26/03/2024";"10:15:00";"402";"Com vítima";"86,950";"BR-116/SP";"Crescente";"Choque";0;0;0;0;0;0;0;0;0;0;1;2;0;0;0
"26/03/2024";"01:34:00";"519";"Sem vítima";"204,300";"BR-116/SP";"Decrescente";"Colisão lateral em sentido contrário";0;0;0;0;0;0;0;0;0;0;3;0;0;0;0
"26/03/2024";"02:09:00";"544";"Com vítima";"209,000";"BR-116/SP";"Decrescente";"Acidentes de outra natureza";0;0;0;0;0;0;0;0;0;0;1;1;0;0;0
"26/03/2024";"03:19:00";"579";"Sem vítima";"427,000";"BR-101/SP";"Crescente";"Colisão lateral em sentido contrário";0;0;0;0;0;0;0;0;0;0;3;0;0;0;0
"26/03/2024";"03:57:00";"600";"Sem vítima";"3,400";"BR-116/SP";"Crescente";"Colisão traseira";0;0;0;0;0;0;0;0;0;0;2;0;0;0;0
"26/03/2024";"04:27:00";"610";"Com vítima";"387,000";"BR-101/SP";"Decrescente";"Acidentes de outra natureza";0;0;0;0;0;0;0;0;0;0;1;0;1;0;0
"26/03/2024";"04:55:00";"626";"Sem vítima";"220,000";"BR-116/SP";"Decrescente";"Colisão traseira";0;0;0;0;0;0;0;0;0;0;5;0;0;0;0
"26/03/2024";"07:30:00";"700";"Sem vítima";"231,000";"BR-116/SP";"Decrescente";"Colisão lateral em sentido contrário";0;0;0;0;0;0;0;0;0;0;3;0;0;0;0
"26/03/2024";"09:00:00";"472";"Com vítima";"499,000";"BR-101/SP";"Decrescente";"Choque";0;0;0;0;0;0;0;0;0;0;0;1;0;0;0
"26/03/2024";"09:04:00";"23";"Com vítima";"35,000";"BR-116/SP";"Crescente";"Colisão traseira";0;0;0;0;0;0;0;0;0;0;0;1;0;0;0
"26/03/2024";"11:42:00";"44";"Sem vítima";"382,000";"BR-101/SP";"Decrescente";"Choque";0;0;0;0;0;0;0;0;0;0;1;0;0;0;0
"27/03/2024";"02:20:00";"89";"Com vítima";"456,000";"BR-101/SP";"Crescente";"Capotamento";0;0;0;0;0;0;0;0;0;0;0;1;0;0;0
"27/03/2024";"03:10:00";"114";"Com vítima";"227,000";"BR-116/SP";"Crescente";"Acidentes de outra natureza";0;0;0;0;0;0;0;0;0;0;0;1;0;0;0
"27/03/2024";"04:20:00";"151";"Com vítima";"36,700";"BR-116/SP";"Crescente";"Engavetamento";0;0;0;0;0;0;0;0;0;0;5;1;0;0;0
"27/03/2024";"04:20:00";"168";"Sem vítima";"22,100";"BR-116/SP";"Crescente";"Choque";0;0;0;0;0;0;0;0;0;0;2;0;0;0;0
"27/03/2024";"07:11:00";"305";"Com vítima";"384,000";"BR-101/SP";"Decrescente";"Engavetamento";0;0;0;0;0;0;0;0;0;0;2;1;0;0;0
"27/03/2024";"08:04:00";"330";"Sem vítima";"101,000";"BR-116/SP";"Decrescente";"Queda de moto";0;0;0;0;0;0;0;0;0;0;0;0;0;0;0
"27/03/2024";"10:48:00";"424";"Com vítima";"26,000";"BR-116/SP";"Crescente";"Choque";0;0;0;0;0;0;0;0;0;0;0;1;1;0;0
"27/03/2024";"10:56:00";"431";"Sem vítima";"44,000";"BR-101/SP";"Crescente";"Capotamento";0;0;0;0;0;0;0;0;0;0;2;0;0;0;0
"27/03/2024";"11:16:00";"440";"Sem vítima";"156,000";"BR-116/SP";"Crescente";"Colisão traseira";0;0;0;0;0;0;0;0;0;0;1;0;0;0;0
"27/03/2024";"11:24:00";"446";"Sem vítima";"299,000";"BR-116/SP";"Decrescente";"Colisão lateral em sentido contrário";0;0;0;0;0;0;0;0;0;0;6;0;0;0;0
"27/03/2024";"11:42:00";"455";"Sem vítima";"299,000";"BR-116/SP";"Decrescente";"Colisão traseira";0;0;0;0;0;0;0;0;0;0;5;0;0;0;0
"27/03/2024";"11:52:00";"459";"Com vítima";"150,000";"BR-116/SP";"Crescente";"Colisão traseira";0;0;0;0;0;0;0;0;0;0;1;1;0;0;0
"27/03/2024";"12:09:00";"467";"Com vítima";"216,000";"BR-116/SP";"Decrescente";"Colisão lateral em sentido contrário";0;0;0;0;0;0;0;0;0;0;4;0;1;0;0
"27/03/2024";"12:46:00";"487";"Com vítima";"495,000";"BR-101/SP";"Crescente";"Colisão frontal";0;0;0;0;0;0;0;0;0;0;0;1;1;1;0
"27/03/2024";"01:15:00";"505";"Com vítima";"226,000";"BR-116/SP";"Decrescente";"Acidentes de outra natureza";0;0;0;0;0;0;0;0;0;0;0;0;1;0;0
"27/03/2024";"01:41:00";"512";"Com vítima";"107,000";"BR-116/SP";"Decrescente";"Engavetamento";0;0;0;0;0;0;0;0;0;0;28;1;0;0;0
"27/03/2024";"03:03:00";"555";"Com vítima";"218,000";"BR-116/SP";"Crescente";"Colisão lateral em sentido contrário";0;0;0;0;0;0;0;0;0;0;1;3;0;0;0
"27/03/2024";"04:04:00";"593";"Com vítima";"224,000";"BR-116/SP";"Decrescente";"Colisão lateral em sentido contrário";0;0;0;0;0;0;0;0;0;0;1;2;0;0;0
"27/03/2024";"04:32:00";"612";"Sem vítima";"216,000";"BR-116/SP";"Decrescente";"Engavetamento";0;0;0;0;0;0;0;0;0;0;3;0;0;0;0
"27/03/2024";"05:19:00";"633";"Sem vítima";"146,000";"BR-116/SP";"Decrescente";"Choque";0;0;0;0;0;0;0;0;0;0;1;0;0;0;0
"27/03/2024";"07:44:00";"702";"Sem vítima";"146,500";"BR-116/SP";"Decrescente";"Engavetamento";0;0;0;0;0;0;0;0;0;0;20;0;0;0;0
"27/03/2024";"09:00:00";"394";"Sem vítima";"225,800";"BR-116/SP";"Crescente";"Choque";0;0;0;0;0;0;0;0;0;0;1;0;0;0;0
"27/03/2024";"09:00:00";"429";"Com vítima";"476,000";"BR-101/SP";"Crescente";"Colisão lateral em sentido contrário";0;0;0;0;0;0;0;0;0;0;0;2;0;0;0
"28/03/2024";"12:09:00";"56";"Sem vítima";"492,000";"BR-101/SP";"Decrescente";"Choque";0;0;0;0;0;0;0;0;0;0;1;0;0;0;0
"28/03/2024";"12:16:00";"58";"Sem vítima";"93,500";"BR-116/SP";"Decrescente";"Atropelamento de pedestre";0;0;0;0;0;0;0;0;0;0;0;0;0;0;0
"28/03/2024";"03:40:00";"114";"Com vítima";"204,300";"BR-116/SP";"Decrescente";"Acidentes de outra natureza";0;0;0;0;0;0;0;0;0;0;0;1;0;0;0
"28/03/2024";"04:01:00";"134";"Sem vítima";"102,000";"BR-116/SP";"Decrescente";"Acidentes de outra natureza";0;0;0;0;0;0;0;0;0;0;0;0;0;0;0
"28/03/2024";"04:11:00";"145";"Sem vítima";"103,900";"BR-116/SP";"Decrescente";"Engavetamento";0;0;0;0;0;0;0;0;0;0;2;0;0;0;0
"28/03/2024";"04:27:00";"159";"Com vítima";"220,000";"BR-116/SP";"Decrescente";"Engavetamento";0;0;0;0;0;0;0;0;0;0;2;1;0;0;0
"28/03/2024";"04:59:00";"179";"Sem vítima";"101,200";"BR-116/SP";"Decrescente";"Colisão traseira";0;0;0;0;0;0;0;0;0;0;1;0;0;0;0