data;horario;n_da_ocorrencia;tipo_de_ocorrencia;km;trecho;sentido;tipo_de_acidente;automovel;bicicleta;caminhao;moto;onibus;outros;tracao_animal;transporte_de_cargas_especiais;trator_maquinas;utilitarios;ilesos;levemente_feridos;moderadamente_feridos;gravemente_feridos;mortos
"28/03/2024";"05:24:00";"194";"Com vítima";"210,000";"BR-116/SP";"Decrescente";"Engavetamento";0;0;0;0;0;0;0;0;0;0;1;0;1;0;0
"28/03/2024";"05:59:00";"217";"Sem vítima";"135,100";"BR-116/SP";"Crescente";"Colisão traseira";0;0;0;0;0;0;0;0;0;0;2;0;0;0;0
"28/03/2024";"06:01:00";"219";"Sem vítima";"236,000";"BR-116/SP";"Decrescente";"Choque";0;0;0;0;0;0;0;0;0;0;1;0;0;0;0
"28/03/2024";"06:12:00";"225";"Com vítima";"234,000";"BR-116/SP";"Decrescente";"Capotamento";0;0;0;0;0;0;0;0;0;0;0;2;0;0;0
"28/03/2024";"06:45:00";"252";"Sem vítima";"201,000";"BR-116/SP";"Crescente";"Colisão lateral em sentido contrário";0;0;0;0;0;0;0;0;0;0;0;0;0;0;0
"28/03/2024";"07:08:00";"269";"Sem vítima";"232,000";"BR-116/SP";"Decrescente";"Choque";0;0;0;0;0;0;0;0;0;0;2;0;0;0;0
"28/03/2024";"07:44:00";"289";"Sem vítima";"413,000";"BR-101/SP";"Decrescente";"Acidentes de outra natureza";0;0;0;0;0;0;0;0;0;0;1;0;0;0;0
"28/03/2024";"07:52:00";"290";"Sem vítima";"101,500";"BR-116/SP";"Crescente";"Colisão traseira";0;0;0;0;0;0;0;0;0;0;2;0;0;0;0
"28/03/2024";"07:53:00";"291";"Sem vítima";"137,000";"BR-116/SP";"Crescente";"Engavetamento";0;0;0;0;0;0;0;0;0;0;2;0;0;0;0
"28/03/2024";"09:59:00";"355";"Sem vítima";"239,100";"BR-116/SP";"Decrescente";"Colisão traseira";0;0;0;0;0;0;0;0;0;0;2;0;0;0;0
"28/03/2024";"09:59:00";"357";"Sem vítima";"69,300";"BR-116/SP";"Crescente";"Choque";0;0;0;0;0;0;0;0;0;0;1;0;0;0;0
"28/03/2024";"10:24:00";"371";"Com vítima";"221,350";"BR-116/SP";"Decrescente";"Colisão traseira";0;0;0;0;0;0;0;0;0;0;1;1;0;0;0
"28/03/2024";"10:45:00";"384";"Sem vítima";"206,000";"BR-116/SP";"Crescente";"Engavetamento";0;0;0;0;0;0;0;0;0;0;4;0;0;0;0
"28/03/2024";"11:24:00";"408";"Sem vítima";"231,000";"BR-116/SP";"Crescente";"Choque";0;0;0;0;0;0;0;0;0;0;1;0;0;0;0
"28/03/2024";"12:09:00";"431";"Sem vítima";"269,700";"BR-116/SP";"Decrescente";"Choque";0;0;0;0;0;0;0;0;0;0;1;0;0;0;0
"28/03/2024";"12:37:00";"451";"Sem vítima";"295,000";"BR-116/SP";"Crescente";"Choque";0;0;0;0;0;0;0;0;0;0;1;0;0;0;0
"28/03/2024";"01:11:00";"473";"Sem vítima";"432,000";"BR-101/SP";"Decrescente";"Choque";0;0;0;0;0;0;0;0;0;0;2;0;0;0;0
"28/03/2024";"01:21:00";"477";"Sem vítima";"220,000";"BR-116/SP";"Decrescente";"Acidentes de outra natureza";0;0;0;0;0;0;0;0;0;0;0;0;0;0;0
"28/03/2024";"01:37:00";"491";"Sem vítima";"157,000";"BR-116/SP";"Decrescente";"Colisão traseira";0;0;0;0;0;0;0;0;0;0;2;0;0;0;0
"28/03/2024";"01:41:00";"492";"Sem vítima";"208,000";"BR-116/SP";"Crescente";"Colisão lateral em sentido contrário";0;0;0;0;0;0;0;0;0;0;2;0;0;0;0
"28/03/2024";"01:53:00";"505";"Com vítima";"489,000";"BR-101/SP";"Decrescente";"Atropelamento de pedestre";0;0;0;0;0;0;0;0;0;0;1;0;0;0;0
"28/03/2024";"02:02:00";"510";"Sem vítima";"226,000";"BR-116/SP";"Decrescente";"Choque";0;0;0;0;0;0;0;0;0;0;1;0;0;0;0
"28/03/2024";"02:18:00";"514";"Sem vítima";"293,700";"BR-116/SP";"Crescente";"Choque";0;0;0;0;0;0;0;0;0;0;1;0;0;0;0
"28/03/2024";"02:50:00";"528";"Sem vítima";"43,000";"BR-101/SP";"Crescente";"Choque";0;0;0;0;0;0;0;0;0;0;1;0;0;0;0
"28/03/2024";"02:54:00";"530";"Sem vítima";"388,100";"BR-101/SP";"Crescente";"Tombamento";0;0;0;0;0;0;0;0;0;0;1;0;0;0;0
"28/03/2024";"03:18:00";"543";"Sem vítima";"134,000";"BR-116/SP";"Decrescente";"Colisão traseira";0;0;0;0;0;0;0;0;0;0;2;0;0;0;0
"28/03/2024";"03:34:00";"557";"Sem vítima";"485,000";"BR-101/SP";"Crescente";"Colisão traseira";0;0;0;0;0;0;0;0;0;0;4;0;0;0;0
"28/03/2024";"04:43:00";"618";"Sem vítima";"88,500";"BR-116/SP";"Decrescente";"Colisão traseira";0;0;0;0;0;0;0;0;0;0;1;0;0;0;0
"28/03/2024";"04:53:00";"624";"Com vítima";"164,000";"BR-116/SP";"Decrescente";"Engavetamento";0;0;0;0;0;0;0;0;0;0;2;1;0;0;0
"28/03/2024";"05:38:00";"654";"Com vítima";"224,000";"BR-116/SP";"Decrescente";"Engavetamento";0;0;0;0;0;0;0;0;0;0;2;1;0;0;0
"28/03/2024";"06:18:00";"681";"Sem vítima";"261,670";"BR-116/SP";"Decrescente";"Colisão traseira";0;0;0;0;0;0;0;0;0;0;2;0;0;0;0
"28/03/2024";"06:29:00";"686";"Com vítima";"221,000";"BR-116/SP";"Decrescente";"Colisão lateral em sentido contrário";0;0;0;0;0;0;0;0;0;0;3;2;0;0;0
"28/03/2024";"06:44:00";"695";"Sem vítima";"335,000";"BR-116/SP";"Decrescente";"Choque";0;0;0;0;0;0;0;0;0;0;1;0;0;0;0
"28/03/2024";"06:45:00";"696";"Sem vítima";"324,000";"BR-116/SP";"Decrescente";"Choque";0;0;0;0;0;0;0;0;0;0;2;0;0;0;0
"28/03/2024";"06:53:00";"700";"Sem vítima";"164,300";"BR-116/SP";"Decrescente";"Colisão lateral em sentido contrário";0;0;0;0;0;0;0;0;0;0;4;0;0;0;0
"28/03/2024";"07:33:00";"714";"Com vítima";"227,000";"BR-116/SP";"Decrescente";"Colisão traseira";0;0;0;0;0;0;0;0;0;0;1;1;0;0;0
"28/03/2024";"08:20:00";"740";"Sem vítima";"213,000";"BR-116/SP";"Crescente";"Choque";0;0;0;0;0;0;0;0;0;0;1;0;0;0;0
"28/03/2024";"08:23:00";"742";"Sem vítima";"64,900";"BR-116/SP";"Decrescente";"Choque";0;0;0;0;0;0;0;0;0;0;3;0;0;0;0
"28/03/2024";"09:32:00";"38";"Com vítima";"520,000";"BR-101/SP";"Crescente";"Choque";0;0;0;0;0;0;0;0;0;0;0;4;0;0;0
"28/03/2024";"10:20:00";"56";"Sem vítima";"179,000";"BR-116/SP";"Decrescente";"Choque";0;0;0;0;0;0;0;0;0;0;3;0;0;0;0
"28/03/2024";"10:39:00";"62";"Com vítima";"485,000";"BR-101/SP";"Crescente";"Choque";0;0;0;0;0;0;0;0;0;0;1;0;1;0;0
"29/03/2024";"12:49:00";"91";"Sem vítima";"38,000";"BR-116/SP";"Decrescente";"Choque";0;0;0;0;0;0;0;0;0;0;2;0;0;0;0
"29/03/2024";"05:37:00";"226";"Sem vítima";"117,000";"BR-116/SP";"Decrescente";"Acidentes de outra natureza";0;0;0;0;0;0;0;0;0;0;1;0;0;0;0
"29/03/2024";"11:03:00";"433";"Sem vítima";"144,600";"BR-116/SP";"Decrescente";"Colisão traseira";0;0;0;0;0;0;0;0;0;0;2;0;0;0;0
"29/03/2024";"11:22:00";"442";"Sem vítima";"226,000";"BR-116/SP";"Decrescente";"Choque";0;0;0;0;0;0;0;0;0;0;1;0;0;0;0
"29/03/2024";"11:30:00";"448";"Sem vítima";"226,000";"BR-116/SP";"Decrescente";"Choque";0;0;0;0;0;0;0;0;0;0;1;0;0;0;0
"29/03/2024";"03:23:00";"565";"Sem vítima";"145,000";"BR-116/SP";"Crescente";"Choque";0;0;0;0;0;0;0;0;0;0;1;0;0;0;0
"29/03/2024";"04:45:00";"610";"Sem vítima";"2,000";"BR-116/SP";"Decrescente";"Choque";0;0;0;0;0;0;0;0;0;0;1;0;0;0;0
"29/03/2024";"04:57:00";"612";"Sem vítima";"62,000";"BR-116/SP";"Crescente";"Colisão lateral em sentido contrário";0;0;0;0;0;0;0;0;0;0;74;0;0;0;0
"29/03/2024";"05:48:00";"633";"Sem vítima";"117,750";"BR-116/SP";"Decrescente";"Choque";0;0;0;0;0;0;0;0;0;0;2;0;0;0;0
"29/03/2024";"07:00:00";"658";"Sem vítima";"539,000";"BR-101/SP";"Decrescente";"Choque";0;0;0;0;0;0;0;0;0;0;3;0;0;0;0
"29/03/2024";"08:22:00";"684";"Com vítima";"552,000";"BR-101/SP";"Decrescente";"Colisão traseira";0;0;0;0;0;0;0;0;0;0;0;5;2;0;0
"29/03/2024";"09:00:00";"486";"Com vítima";"43,000";"BR-101/SP";"Crescente";"Colisão lateral em sentido contrário";0;0;0;0;0;0;0;0;0;0;2;1;0;0;0
"30/03/2024";"12:34:00";"50";"Sem vítima";"484,000";"BR-101/SP";"Decrescente";"Choque";0;0;0;0;0;0;0;0;0;0;1;0;0;0;0
"30/03/2024";"02:05:00";"73";"Com vítima";"195,800";"BR-116/SP";"Crescente";"Choque";0;0;0;0;0;0;0;0;0;0;0;0;1;0;0
"30/03/2024";"05:24:00";"183";"Com vítima";"386,000";"BR-101/SP";"Crescente";"Colisão lateral em sentido contrário";0;0;0;0;0;0;0;0;0;0;2;0;1;0;0
"30/03/2024";"05:37:00";"189";"Sem vítima";"15,000";"BR-116/SP";"Crescente";"Choque";0;0;0;0;0;0;0;0;0;0;1;0;0;0;0
"30/03/2024";"09:02:00";"332";"Sem vítima";"213,000";"BR-116/SP";"Decrescente";"Colisão traseira";0;0;0;0;0;0;0;0;0;0;2;0;0;0;0
"30/03/2024";"11:06:00";"394";"Com vítima";"226,600";"BR-116/SP";"Decrescente";"Atropelamento de pedestre";0;0;0;0;0;0;0;0;0;0;0;0;0;0;0
"30/03/2024";"11:31:00";"409";"Sem vítima";"245,000";"BR-116/SP";"Decrescente";"Choque";0;0;0;0;0;0;0;0;0;0;1;0;0;0;0
"30/03/2024";"12:18:00";"437";"Sem vítima";"287,000";"BR-116/SP";"Decrescente";"Choque";0;0;0;0;0;0;0;0;0;0;1;0;0;0;0
"30/03/2024";"01:02:00";"474";"Sem vítima";"146,000";"BR-116/SP";"Crescente";"Engavetamento";0;0;0;0;0;0;0;0;0;0;3;0;0;0;0
"30/03/2024";"02:33:00";"523";"Sem vítima";"80,000";"BR-116/SP";"Crescente";"Colisão lateral em sentido contrário";0;0;0;0;0;0;0;0;0;0;0;0;0;0;0
"30/03/2024";"02:33:00";"524";"Sem vítima";"280,500";"BR-116/SP";"Crescente";"Choque";0;0;0;0;0;0;0;0;0;0;1;0;0;0;0
"30/03/2024";"03:40:00";"550";"Sem vítima";"33,100";"BR-116/SP";"Crescente";"Atropelamento de pedestre";0;0;0;0;0;0;0;0;0;0;0;0;0;0;0
"30/03/2024";"03:46:00";"554";"Com vítima";"151,000";"BR-116/SP";"Crescente";"Colisão lateral em sentido contrário";0;0;0;0;0;0;0;0;0;0;1;0;2;0;0
"30/03/2024";"04:04:00";"564";"Com vítima";"48,700";"BR-101/SP";"Crescente";"Colisão lateral em sentido contrário";0;0;0;0;0;0;0;0;0;0;1;1;0;0;0
"30/03/2024";"04:05:00";"565";"Sem vítima";"34,000";"BR-116/SP";"Decrescente";"Choque";0;0;0;0;0;0;0;0;0;0;0;0;0;0;0
"30/03/2024";"04:28:00";"580";"Com vítima";"209,000";"BR-116/SP";"Decrescente";"Colisão traseira";0;0;0;0;0;0;0;0;0;0;1;0;1;0;0
"30/03/2024";"05:43:00";"612";"Sem vítima";"158,500";"BR-116/SP";"Crescente";"Choque";0;0;0;0;0;0;0;0;0;0;1;0;0;0;0
"30/03/2024";"06:33:00";"631";"Sem vítima";"243,000";"BR-116/SP";"Decrescente";"Colisão lateral em sentido contrário";0;0;0;0;0;0;0;0;0;0;1;0;0;0;0
"30/03/2024";"07:50:00";"666";"Sem vítima";"208,000";"BR-116/SP";"Decrescente";"Choque";0;0;0;0;0;0;0;0;0;0;0;0;0;0;0
"30/03/2024";"07:59:00";"673";"Com vítima";"51,000";"BR-101/SP";"Crescente";"Colisão frontal";0;0;0;0;0;0;0;0;0;0;3;1;0;0;0
"30/03/2024";"11:38:00";"46";"Com vítima";"147,700";"BR-116/SP";"Crescente";"Engavetamento";0;0;0;0;0;0;0;0;0;0;2;1;2;0;0
"30/03/2024";"11:51:00";"53";"Sem vítima";"202,000";"BR-116/SP";"Decrescente";"Choque";0;0;0;0;0;0;0;0;0;0;1;0;0;0;0
"31/03/2024";"01:51:00";"73";"Com vítima";"424,900";"BR-101/SP";"Crescente";"Atropelamento de pedestre";0;0;0;0;0;0;0;0;0;0;1;0;0;0;0
"31/03/2024";"02:41:00";"84";"Com vítima";"88,000";"BR-116/SP";"Decrescente";"Colisão traseira";0;0;0;0;0;0;0;0;0;0;45;0;3;0;0
"31/03/2024";"05:33:00";"161";"Com vítima";"153,400";"BR-116/SP";"Decrescente";"Acidentes de outra natureza";0;0;0;0;0;0;0;0;0;0;0;2;0;0;0
"31/03/2024";"05:49:00";"170";"Com vítima";"31,000";"BR-101/SP";"Decrescente";"Atropelamento de pedestre";0;0;0;0;0;0;0;0;0;0;1;0;0;0;0
"31/03/2024";"09:28:00";"269";"Sem vítima";"145,900";"BR-116/SP";"Crescente";"Engavetamento";0;0;0;0;0;0;0;0;0;0;13;0;0;0;0
"31/03/2024";"10:07:00";"294";"Sem vítima";"171,500";"BR-116/SP";"Decrescente";"Capotamento";0;0;0;0;0;0;0;0;0;0;2;0;0;0;0
"31/03/2024";"10:10:00";"295";"Sem vítima";"210,000";"BR-116/SP";"Crescente";"Colisão lateral em sentido contrário";0;0;0;0;0;0;0;0;0;0;1;0;0;0;0
"31/03/2024";"11:17:00";"326";"Sem vítima";"101,000";"BR-116/SP";"Crescente";"Engavetamento";0;0;0;0;0;0;0;0;0;0;19;0;0;0;0
"31/03/2024";"11:55:00";"345";"Sem vítima";"102,800";"BR-116/SP";"Crescente";"Engavetamento";0;0;0;0;0;0;0;0;0;0;1;0;0;0;0
"31/03/2024";"12:09:00";"352";"Com vítima";"99,200";"BR-116/SP";"Crescente";"Colisão traseira";0;0;0;0;0;0;0;0;0;0;0;0;2;0;0
"31/03/2024";"12:28:00";"407";"Sem vítima";"86,950";"BR-116/SP";"Decrescente";"Colisão traseira";0;0;0;0;0;0;0;0;0;0;1;0;0;0;0
"31/03/2024";"12:43:00";"372";"Sem vítima";"99,200";"BR-116/SP";"Crescente";"Colisão traseira";0;0;0;0;0;0;0;0;0;0;2;0;0;0;0
"31/03/2024";"01:50:00";"428";"Com vítima";"176,000";"BR-116/SP";"Crescente";"Capotamento";0;0;0;0;0;0;0;0;0;0;3;1;0;0;0
"31/03/2024";"01:59:00";"432";"Sem vítima";"89,900";"BR-116/SP";"Crescente";"Colisão traseira";0;0;0;0;0;0;0;0;0;0;1;0;0;0;0
"31/03/2024";"02:16:00";"443";"Sem vítima";"284,000";"BR-116/SP";"Crescente";"Engavetamento";0;0;0;0;0;0;0;0;0;0;0;0;0;0;0
"31/03/2024";"02:31:00";"453";"Com vítima";"562,000";"BR-101/SP";"Crescente";"Colisão frontal";0;0;0;0;0;0;0;0;0;0;5;1;0;0;0
"31/03/2024";"02:39:00";"457";"Com vítima";"151,000";"BR-116/SP";"Crescente";"Colisão lateral em sentido contrário";0;0;0;0;0;0;0;0;0;0;3;2;0;0;0
"31/03/2024";"02:54:00";"468";"Sem vítima";"90,500";"BR-116/SP";"Crescente";"Engavetamento";0;0;0;0;0;0;0;0;0;0;8;0;0;0;0
"31/03/2024";"03:05:00";"473";"Sem vítima";"265,900";"BR-116/SP";"Decrescente";"Colisão traseira";0;0;0;0;0;0;0;0;0;0;1;0;0;0;0
"31/03/2024";"03:42:00";"489";"Com vítima";"425,000";"BR-101/SP";"Decrescente";"Colisão lateral em sentido contrário";0;0;0;0;0;0;0;0;0;0;0;3;0;0;0
"31/03/2024";"04:23:00";"519";"Sem vítima";"140,300";"BR-116/SP";"Crescente";"Colisão traseira";0;0;0;0;0;0;0;0;0;0;4;0;0;0;0
"31/03/2024";"04:25:00";"520";"Com vítima";"131,000";"BR-116/SP";"Crescente";"Engavetamento";0;0;0;0;0;0;0;0;0;0;5;1;0;0;0
"31/03/2024";"06:08:00";"586";"Com vítima";"569,000";"BR-101/SP";"Crescente";"Capotamento";0;0;0;0;0;0;0;0;0;0;0;1;0;0;0
"31/03/2024";"06:32:00";"600";"Sem vítima";"206,500";"BR-116/SP";"Crescente";"Colisão lateral em sentido contrário";0;0;0;0;0;0;0;0;0;0;0;0;0;0;0
"31/03/2024";"07:12:00";"589";"Sem vítima";"63,000";"BR-116/SP";"Decrescente";"Colisão traseira";0;0;0;0;0;0;0;0;0;0;3;0;0;0;0
"01/04/2024";"02:08:00";"90";"Sem vítima";"382,000";"BR-101/SP";"Decrescente";"Colisão traseira";1;0;0;0;0;0;0;0;0;0;1;0;0;0;0
"01/04/2024";"03:26:00";"125";"Com vítima";"226,000";"BR-116/SP";"Crescente";"Choque";0;0;0;1;0;0;0;0;0;0;0;1;0;0;0
"01/04/2024";"04:53:00";"205";"Com vítima";"107,000";"BR-116/SP";"Decrescente";"Acidentes de outra natureza";0;0;0;1;0;0;0;0;0;0;0;1;0;0;0
"01/04/2024";"06:48:00";"299";"Sem vítima";"155,350";"BR-116/SP";"Crescente";"Colisão lateral em sentido contrário";1;0;1;0;0;0;0;0;0;0;2;0;0;0;0
"01/04/2024";"08:18:00";"356";"Sem vítima";"230,000";"BR-116/SP";"Crescente";"Colisão traseira";1;0;0;0;0;0;0;0;0;0;1;0;0;0;0
"01/04/2024";"09:13:00";"387";"Sem vítima";"79,000";"BR-116/SP";"Crescente";"Colisão lateral em sentido contrário";1;0;0;0;0;0;0;0;0;0;2;0;0;0;0
"01/04/2024";"10:39:00";"440";"Com vítima";"226,000";"BR-116/SP";"Crescente";"Colisão lateral em sentido contrário";1;0;0;0;0;0;0;1;0;0;2;1;0;0;0
"01/04/2024";"11:46:00";"483";"Sem vítima";"229,000";"BR-116/SP";"Crescente";"Engavetamento";2;0;0;0;0;0;0;0;0;0;2;0;0;0;0
"01/04/2024";"01:18:00";"540";"Sem vítima";"61,500";"BR-116/SP";"Crescente";"Colisão traseira";0;0;1;0;0;0;0;0;0;0;1;0;0;0;0
"01/04/2024";"03:28:00";"599";"Com vítima";"155,000";"BR-116/SP";"Decrescente";"Engavetamento";2;0;0;0;0;0;0;0;0;0;5;1;0;0;0
"01/04/2024";"04:33:00";"643";"Sem vítima";"157,000";"BR-116/SP";"Crescente";"Colisão lateral em sentido contrário";1;0;1;0;0;0;0;0;0;0;3;0;0;0;0
"01/04/2024";"04:35:00";"646";"Sem vítima";"142,850";"BR-116/SP";"Decrescente";"Engavetamento";3;0;0;0;0;0;0;0;0;0;5;0;0;0;0
"01/04/2024";"04:39:00";"650";"Com vítima";"544,005";"BR-101/SP";"Crescente";"Colisão traseira";2;0;0;0;0;0;0;0;0;0;0;3;0;0;0
"01/04/2024";"09:50:00";"34";"Com vítima";"298,500";"BR-116/SP";"Crescente";"Colisão traseira";0;0;1;0;0;0;0;1;0;0;0;0;1;0;0
"02/04/2024";"02:28:00";"91";"Com vítima";"304,500";"BR-116/SP";"Crescente";"Colisão traseira";1;0;1;0;0;0;0;0;0;0;0;0;1;0;0
"02/04/2024";"04:23:00";"156";"Com vítima";"65,000";"BR-116/SP";"Crescente";"Acidentes de outra natureza";0;0;0;1;0;0;0;0;0;0;0;1;0;0;0
"02/04/2024";"04:25:00";"159";"Com vítima";"48,000";"BR-116/SP";"Crescente";"Colisão traseira";0;0;0;1;0;0;0;0;0;0;0;1;0;0;0
"02/04/2024";"04:36:00";"170";"Com vítima";"50,000";"BR-101/SP";"Decrescente";"Atropelamento de pedestre";0;0;0;1;0;0;0;0;0;0;0;1;0;0;0
"02/04/2024";"05:07:00";"195";"Sem vítima";"157,000";"BR-116/SP";"Decrescente";"Colisão lateral em sentido contrário";1;0;0;0;0;0;0;1;0;0;2;0;0;0;0
"02/04/2024";"07:12:00";"295";"Sem vítima";"304,900";"BR-116/SP";"Crescente";"Colisão lateral em sentido contrário";0;0;2;0;0;0;0;0;0;0;2;0;0;0;0
"02/04/2024";"07:14:00";"296";"Sem vítima";"204,100";"BR-116/SP";"Crescente";"Colisão lateral em sentido contrário";1;0;0;0;0;0;0;1;0;0;2;0;0;0;0
"02/04/2024";"08:05:00";"326";"Sem vítima";"121,000";"BR-116/SP";"Crescente";"Colisão lateral em sentido contrário";1;0;1;0;0;0;0;0;0;0;2;0;0;0;0
"02/04/2024";"10:49:00";"408";"Com vítima";"568,000";"BR-101/SP";"Decrescente";"Colisão traseira";1;0;0;1;0;0;0;0;0;0;3;0;1;0;0
"02/04/2024";"12:15:00";"461";"Com vítima";"526,000";"BR-101/SP";"Crescente";"Choque";1;0;0;0;0;0;0;0;0;0;1;1;1;0;0
"02/04/2024";"03:11:00";"548";"Sem vítima";"220,000";"BR-116/SP";"Decrescente";"Colisão traseira";1;0;1;0;0;0;0;0;0;0;3;0;0;0;0
"02/04/2024";"03:57:00";"575";"Com vítima";"404,000";"BR-101/SP";"Crescente";"Choque";1;0;0;0;0;0;0;0;0;0;0;0;1;0;0
"02/04/2024";"06:42:00";"666";"Sem vítima";"231,000";"BR-116/SP";"Crescente";"Choque";1;0;0;0;0;0;0;0;0;0;4;0;0;0;0
"02/04/2024";"08:00:00";"695";"Com vítima";"228,000";"BR-116/SP";"Decrescente";"Atropelamento de pedestre";1;0;0;0;0;0;0;0;0;0;1;0;0;1;0
"02/04/2024";"10:06:00";"40";"Sem vítima";"38,400";"BR-116/SP";"Crescente";"Colisão traseira";0;0;2;0;0;0;0;0;0;0;2;0;0;0;0
"02/04/2024";"10:27:00";"44";"Com vítima";"168,150";"BR-116/SP";"Decrescente";"Colisão traseira";1;0;0;0;0;0;0;0;0;0;0;1;0;0;0
"03/04/2024";"02:37:00";"82";"Sem vítima";"184,800";"BR-116/SP";"Crescente";"Choque";0;0;0;0;0;0;0;1;0;0;1;0;0;0;0
"03/04/2024";"08:42:00";"341";"Com vítima";"51,000";"BR-101/SP";"Decrescente";"Colisão lateral em sentido contrário";1;0;0;1;0;0;0;0;0;0;0;1;1;0;0
"03/04/2024";"10:35:00";"400";"Com vítima";"114,350";"BR-116/SP";"Decrescente";"Colisão traseira";0;0;0;1;0;0;0;0;0;1;1;0;1;0;0
"03/04/2024";"10:58:00";"415";"Sem vítima";"76,000";"BR-116/SP";"Decrescente";"Choque";1;0;0;0;0;0;0;0;0;0;1;0;0;0;0
"03/04/2024";"11:45:00";"439";"Com vítima";"409,000";"BR-101/SP";"Decrescente";"Choque";1;0;0;0;0;0;0;0;0;0;0;1;0;0;0
"03/04/2024";"12:57:00";"485";"Com vítima";"339,300";"BR-116/SP";"Crescente";"Tombamento";0;0;1;0;0;0;0;0;0;0;0;2;0;0;0
"03/04/2024";"02:17:00";"532";"Com vítima";"35,000";"BR-116/SP";"Crescente";"Acidentes de outra natureza";0;0;0;1;0;0;0;0;0;0;0;1;0;0;0
"03/04/2024";"04:52:00";"605";"Com vítima";"34,000";"BR-116/SP";"Crescente";"Acidentes de outra natureza";0;0;0;1;0;0;0;0;0;0;0;1;0;0;0
"03/04/2024";"07:48:00";"673";"Com vítima";"586,000";"BR-101/SP";"Crescente";"Atropelamento de pedestre";1;0;0;0;0;0;0;0;0;0;1;0;0;1;0
"03/04/2024";"08:29:00";"688";"Com vítima";"484,000";"BR-101/SP";"Decrescente";"Colisão frontal";0;0;0;2;0;0;0;0;0;0;2;0;1;0;0
"03/04/2024";"08:43:00";"691";"Sem vítima";"484,400";"BR-101/SP";"Crescente";"Choque";1;0;0;0;0;0;0;0;0;0;1;0;0;0;0
"03/04/2024";"09:44:00";"33";"Sem vítima";"384,000";"BR-101/SP";"Decrescente";"Colisão traseira";2;0;0;0;0;0;0;0;0;0;2;0;0;0;0
"04/04/2024";"02:05:00";"85";"Com vítima";"69,000";"BR-116/SP";"Crescente";"Choque";1;0;0;0;0;0;0;0;0;0;0;1;0;0;0
"04/04/2024";"03:47:00";"138";"Sem vítima";"386,000";"BR-101/SP";"Crescente";"Acidentes de outra natureza";1;0;0;0;0;0;0;0;0;0;0;0;0;0;0
"04/04/2024";"05:02:00";"222";"Com vítima";"233,600";"BR-116/SP";"Crescente";"Colisão traseira";1;0;1;0;0;0;0;0;0;0;3;0;1;1;0
"04/04/2024";"06:06:00";"291";"Sem vítima";"219,000";"BR-116/SP";"Crescente";"Colisão lateral em sentido contrário";0;0;0;1;0;0;0;0;0;0;1;0;0;0;0
"04/04/2024";"08:53:00";"405";"Sem vítima";"161,000";"BR-116/SP";"Decrescente";"Colisão lateral em sentido contrário";1;0;1;0;0;0;0;0;0;0;4;0;0;0;0
"04/04/2024";"10:17:00";"452";"Sem vítima";"451,600";"BR-101/SP";"Crescente";"Choque";1;0;0;0;0;0;0;0;0;0;1;0;0;0;0
"04/04/2024";"10:19:00";"453";"Sem vítima";"227,000";"BR-116/SP";"Decrescente";"Colisão lateral em sentido contrário";1;0;1;0;0;0;0;0;0;0;3;0;0;0;0
"04/04/2024";"11:47:00";"513";"Com vítima";"230,000";"BR-116/SP";"Crescente";"Colisão lateral em sentido contrário";1;0;0;1;0;0;0;0;0;0;1;1;0;0;0
"04/04/2024";"11:57:00";"521";"Com vítima";"271,900";"BR-116/SP";"Crescente";"Engavetamento";1;0;3;0;0;0;0;0;0;0;3;0;0;0;1
"04/04/2024";"12:28:00";"536";"Com vítima";"389,000";"BR-101/SP";"Decrescente";"Atropelamento de pedestre";0;1;1;0;0;0;0;0;0;0;1;0;0;0;0
"04/04/2024";"02:58:00";"606";"Sem vítima";"146,100";"BR-116/SP";"Decrescente";"Engavetamento";3;0;0;0;0;0;0;0;0;0;3;0;0;0;0
"04/04/2024";"03:57:00";"639";"Sem vítima";"149,000";"BR-116/SP";"Decrescente";"Engavetamento";3;0;0;0;0;0;0;0;0;0;4;0;0;0;0
"04/04/2024";"04:36:00";"656";"Com vítima";"383,000";"BR-101/SP";"Decrescente";"Colisão frontal";1;0;0;1;0;0;0;0;0;0;1;1;0;0;0
"04/04/2024";"05:09:00";"680";"Sem vítima";"223,000";"BR-116/SP";"Decrescente";"Engavetamento";3;0;0;0;0;0;0;0;0;0;6;0;0;0;0
"04/04/2024";"05:28:00";"615";"Com vítima";"44,000";"BR-101/SP";"Crescente";"Colisão transversal";1;1;0;1;0;0;0;0;0;0;0;1;0;0;0
"04/04/2024";"05:39:00";"694";"Com vítima";"228,700";"BR-116/SP";"Crescente";"Atropelamento de pedestre";0;0;1;0;0;0;0;0;0;0;1;0;0;0;1