data;horario;n_da_ocorrencia;tipo_de_ocorrencia;km;trecho;sentido;tipo_de_acidente;automovel;bicicleta;caminhao;moto;onibus;outros;tracao_animal;transporte_de_cargas_especiais;trator_maquinas;utilitarios;ilesos;levemente_feridos;moderadamente_feridos;gravemente_feridos;mortos
"04/04/2024";"09:00:00";"477";"Sem vítima";"273,000";"BR-116/SP";"Crescente";"Colisão lateral em sentido contrário";1;0;1;0;0;0;0;0;0;0;2;0;0;0;0
"04/04/2024";"10:26:00";"43";"Sem vítima";"224,000";"BR-116/SP";"Decrescente";"Choque";1;0;0;0;0;0;0;0;0;0;1;0;0;0;0
"04/04/2024";"11:42:00";"58";"Com vítima";"224,000";"BR-116/SP";"Crescente";"Colisão lateral em sentido contrário";3;0;0;0;0;0;0;0;0;1;0;2;0;1;0
"05/04/2024";"01:12:00";"73";"Sem vítima";"22,800";"BR-116/SP";"Decrescente";"Choque";0;0;1;0;0;0;0;0;0;0;0;0;0;0;0
"05/04/2024";"01:44:00";"80";"Com vítima";"215,000";"BR-116/SP";"Decrescente";"Atropelamento de pedestre";0;0;0;0;0;0;0;0;0;0;0;0;1;0;0
"05/04/2024";"03:33:00";"136";"Com vítima";"115,400";"BR-116/SP";"Decrescente";"Capotamento";1;0;0;0;0;0;0;0;0;0;0;0;1;0;0
"05/04/2024";"04:50:00";"220";"Com vítima";"324,000";"BR-116/SP";"Decrescente";"Acidentes de outra natureza";0;0;0;1;0;0;0;0;0;0;0;0;1;0;0
"05/04/2024";"05:11:00";"232";"Com vítima";"228,000";"BR-116/SP";"Crescente";"Colisão traseira";1;0;0;1;0;0;0;0;0;0;1;0;1;0;0
"05/04/2024";"07:04:00";"347";"Com vítima";"103,400";"BR-116/SP";"Decrescente";"Acidentes de outra natureza";0;0;0;1;0;0;0;0;0;0;0;1;0;0;0
"05/04/2024";"08:56:00";"408";"Com vítima";"223,000";"BR-116/SP";"Decrescente";"Engavetamento";0;0;0;2;0;0;0;0;0;0;0;1;1;0;0
"05/04/2024";"09:56:00";"436";"Com vítima";"221,000";"BR-116/SP";"Decrescente";"Engavetamento";1;0;1;0;0;0;0;0;0;0;1;1;0;0;0
"05/04/2024";"10:14:00";"448";"Sem vítima";"161,000";"BR-116/SP";"Decrescente";"Colisão traseira";0;0;1;0;0;0;0;0;0;1;2;0;0;0;0
"05/04/2024";"03:43:00";"654";"Com vítima";"215,000";"BR-116/SP";"Decrescente";"Colisão lateral em sentido contrário";1;0;0;1;0;0;0;0;0;0;0;1;0;0;0
"05/04/2024";"03:46:00";"645";"Sem vítima";"416,000";"BR-101/SP";"Decrescente";"Colisão traseira";2;0;0;0;0;0;0;0;0;0;0;0;0;0;0
"05/04/2024";"06:16:00";"721";"Com vítima";"470,000";"BR-101/SP";"Crescente";"Colisão lateral em sentido contrário";2;0;0;0;0;0;0;0;0;0;1;0;2;0;0
"05/04/2024";"08:22:00";"768";"Com vítima";"101,000";"BR-116/SP";"Decrescente";"Engavetamento";0;0;3;0;0;0;0;0;0;0;2;0;0;1;0
"05/04/2024";"09:50:00";"39";"Com vítima";"484,000";"BR-101/SP";"Crescente";"Colisão frontal";2;0;0;0;0;0;0;0;0;0;0;4;0;0;0
"06/04/2024";"03:41:00";"122";"Com vítima";"391,000";"BR-101/SP";"Decrescente";"Choque";1;0;0;0;0;0;0;0;0;0;0;1;0;0;0
"06/04/2024";"05:01:00";"168";"Sem vítima";"81,300";"BR-116/SP";"Decrescente";"Colisão lateral em sentido contrário";0;0;2;0;0;0;0;0;0;0;4;0;0;0;0
"06/04/2024";"05:08:00";"171";"Sem vítima";"303,000";"BR-116/SP";"Crescente";"Colisão frontal";0;0;2;0;0;0;0;0;0;0;2;0;0;0;0
"06/04/2024";"05:23:00";"180";"Com vítima";"383,000";"BR-101/SP";"Crescente";"Atropelamento de pedestre";1;1;0;0;0;0;0;0;0;0;1;0;0;0;0
"06/04/2024";"05:56:00";"197";"Com vítima";"208,300";"BR-116/SP";"Crescente";"Engavetamento";1;0;1;0;0;0;0;0;0;0;4;0;1;0;0
"06/04/2024";"06:25:00";"214";"Com vítima";"228,000";"BR-116/SP";"Crescente";"Colisão traseira";2;0;0;0;0;0;0;0;0;0;2;1;0;0;0
"06/04/2024";"06:37:00";"224";"Sem vítima";"135,200";"BR-116/SP";"Crescente";"Colisão traseira";2;0;0;0;0;0;0;0;0;0;3;0;0;0;0
"06/04/2024";"07:39:00";"248";"Sem vítima";"210,000";"BR-116/SP";"Crescente";"Colisão traseira";2;0;0;0;0;0;0;0;0;0;6;0;0;0;0
"06/04/2024";"07:58:00";"260";"Sem vítima";"157,000";"BR-116/SP";"Decrescente";"Colisão traseira";2;0;0;0;0;0;0;0;0;0;2;0;0;0;0
"06/04/2024";"08:26:00";"269";"Sem vítima";"332,700";"BR-116/SP";"Decrescente";"Colisão traseira";1;0;1;0;0;0;0;0;0;0;2;0;0;0;0
"06/04/2024";"08:39:00";"277";"Com vítima";"147,500";"BR-116/SP";"Crescente";"Colisão lateral em sentido contrário";1;0;0;1;0;0;0;0;0;0;2;1;0;0;0
"06/04/2024";"08:50:00";"286";"Com vítima";"280,000";"BR-116/SP";"Decrescente";"Capotamento";1;0;0;0;0;0;0;0;0;0;0;0;0;1;0
"06/04/2024";"10:04:00";"308";"Com vítima";"269,000";"BR-116/SP";"Crescente";"Colisão lateral em sentido contrário";1;0;0;0;0;0;0;0;0;0;5;1;0;0;0
"06/04/2024";"10:24:00";"319";"Com vítima";"415,000";"BR-101/SP";"Crescente";"Capotamento";1;0;0;0;0;0;0;0;0;0;0;1;0;0;0
"06/04/2024";"11:35:00";"354";"Com vítima";"211,100";"BR-116/SP";"Crescente";"Engavetamento";5;0;0;0;0;0;0;0;0;0;5;1;0;0;0
"06/04/2024";"12:33:00";"375";"Com vítima";"209,900";"BR-116/SP";"Crescente";"Colisão lateral em sentido contrário";0;0;0;2;0;0;0;0;0;0;0;3;0;0;0
"06/04/2024";"12:38:00";"379";"Sem vítima";"170,000";"BR-116/SP";"Crescente";"Atropelamento de pedestre";1;0;0;0;0;0;0;0;0;0;1;0;0;0;0
"06/04/2024";"01:12:00";"404";"Sem vítima";"122,000";"BR-116/SP";"Crescente";"Choque";1;0;0;0;0;0;0;0;0;0;2;0;0;0;0
"06/04/2024";"01:20:00";"410";"Com vítima";"242,000";"BR-116/SP";"Decrescente";"Colisão traseira";2;0;0;0;0;0;0;0;0;0;1;1;0;0;0
"06/04/2024";"01:27:00";"414";"Com vítima";"592,000";"BR-101/SP";"Decrescente";"Colisão lateral em sentido contrário";1;0;0;1;0;0;0;0;0;0;0;0;2;0;0
"06/04/2024";"01:35:00";"418";"Sem vítima";"227,000";"BR-116/SP";"Decrescente";"Colisão lateral em sentido contrário";1;0;0;0;0;0;0;1;0;0;4;0;0;0;0
"06/04/2024";"02:04:00";"431";"Sem vítima";"227,000";"BR-116/SP";"Decrescente";"Colisão lateral em sentido contrário";1;0;1;0;0;0;0;0;0;0;5;0;0;0;0
"06/04/2024";"02:38:00";"445";"Com vítima";"155,600";"BR-116/SP";"Crescente";"Engavetamento";2;0;0;0;0;0;0;1;0;0;5;0;5;0;0
"06/04/2024";"04:07:00";"486";"Sem vítima";"405,000";"BR-101/SP";"Decrescente";"Colisão traseira";2;0;0;0;0;0;0;0;0;0;6;0;0;0;0
"06/04/2024";"09:12:00";"29";"Com vítima";"226,000";"BR-116/SP";"Decrescente";"Colisão traseira";2;0;0;0;0;0;0;0;0;0;2;1;0;0;0
"06/04/2024";"09:38:00";"40";"Sem vítima";"564,000";"BR-101/SP";"Crescente";"Atropelamento de pedestre";1;0;0;0;0;0;0;0;0;0;1;0;0;0;0
"06/04/2024";"09:47:00";"42";"Com vítima";"212,000";"BR-116/SP";"Decrescente";"Acidentes de outra natureza";0;0;0;0;0;0;0;0;0;0;0;0;0;0;1
"06/04/2024";"09:58:00";"45";"Com vítima";"212,000";"BR-116/SP";"Crescente";"Atropelamento de pedestre";0;0;0;0;0;0;0;0;0;0;0;0;0;0;1
"07/04/2024";"01:19:00";"76";"Sem vítima";"385,000";"BR-101/SP";"Decrescente";"Choque";1;0;0;0;0;0;0;0;0;0;0;0;0;0;0
"07/04/2024";"01:50:00";"82";"Com vítima";"119,500";"BR-116/SP";"Decrescente";"Colisão traseira";6;0;0;0;0;0;0;0;0;0;6;1;1;0;0
"07/04/2024";"02:14:00";"85";"Sem vítima";"384,000";"BR-101/SP";"Crescente";"Choque";1;0;0;0;0;0;0;0;0;0;0;0;0;0;0
"07/04/2024";"02:29:00";"88";"Sem vítima";"221,000";"BR-116/SP";"Crescente";"Colisão lateral em sentido contrário";1;0;0;0;0;0;0;0;0;0;1;0;0;0;0
"07/04/2024";"03:35:00";"109";"Com vítima";"197,100";"BR-116/SP";"Decrescente";"Capotamento";1;0;0;0;0;0;0;0;0;0;0;3;0;0;0
"07/04/2024";"06:21:00";"194";"Sem vítima";"541,700";"BR-101/SP";"Crescente";"Choque";1;0;0;0;0;0;0;0;0;0;1;0;0;0;0
"07/04/2024";"06:59:00";"211";"Com vítima";"390,000";"BR-101/SP";"Crescente";"Choque";1;0;0;0;0;0;0;0;0;0;0;1;0;0;0
"07/04/2024";"11:08:00";"327";"Com vítima";"204,000";"BR-116/SP";"Crescente";"Colisão lateral em sentido contrário";0;0;0;2;0;0;0;0;0;0;0;4;0;0;0
"07/04/2024";"12:26:00";"357";"Sem vítima";"65,000";"BR-116/SP";"Decrescente";"Colisão lateral em sentido contrário";1;0;1;0;0;0;0;0;0;0;2;0;0;0;0
"07/04/2024";"02:02:00";"422";"Sem vítima";"106,700";"BR-116/SP";"Crescente";"Colisão traseira";1;0;0;0;0;0;0;0;0;0;0;0;0;0;0
"07/04/2024";"02:52:00";"445";"Com vítima";"209,000";"BR-116/SP";"Crescente";"Colisão lateral em sentido contrário";0;0;0;1;0;0;0;0;0;0;0;0;1;0;0
"07/04/2024";"03:06:00";"448";"Com vítima";"163,900";"BR-116/SP";"Crescente";"Colisão traseira";1;0;0;1;0;0;0;0;0;0;3;0;1;0;0
"07/04/2024";"03:15:00";"450";"Sem vítima";"431,000";"BR-101/SP";"Crescente";"Choque";1;0;0;0;0;0;0;0;0;0;1;0;0;0;0
"07/04/2024";"03:19:00";"453";"Com vítima";"551,000";"BR-101/SP";"Decrescente";"Acidentes de outra natureza";0;0;0;1;0;0;0;0;0;0;0;1;0;0;0
"07/04/2024";"04:12:00";"480";"Com vítima";"77,200";"BR-116/SP";"Crescente";"Choque";1;0;0;0;0;0;0;0;0;0;0;1;0;0;0
"07/04/2024";"06:18:00";"533";"Com vítima";"492,000";"BR-101/SP";"Decrescente";"Choque";1;0;0;0;0;0;0;0;0;0;2;1;0;0;0
"07/04/2024";"06:18:00";"534";"Sem vítima";"207,500";"BR-116/SP";"Crescente";"Colisão traseira";2;0;0;0;0;0;0;0;0;0;2;0;0;0;0
"07/04/2024";"06:20:00";"535";"Sem vítima";"86,950";"BR-116/SP";"Crescente";"Colisão traseira";2;0;0;0;0;0;0;0;0;0;0;0;0;0;0
"07/04/2024";"07:21:00";"551";"Sem vítima";"69,900";"BR-116/SP";"Decrescente";"Colisão traseira";0;0;1;0;0;0;0;1;0;0;2;0;0;0;0
"07/04/2024";"09:00:00";"464";"Com vítima";"590,000";"BR-101/SP";"Decrescente";"Acidentes de outra natureza";0;0;0;1;0;0;0;0;0;0;0;2;0;0;0
"08/04/2024";"02:54:00";"94";"Sem vítima";"195,100";"BR-116/SP";"Crescente";"Engavetamento";2;0;0;0;0;0;0;1;0;0;3;0;0;0;0
"08/04/2024";"03:50:00";"122";"Sem vítima";"207,000";"BR-116/SP";"Crescente";"Colisão lateral em sentido contrário";1;0;1;0;0;0;0;0;0;0;2;0;0;0;0
"08/04/2024";"03:55:00";"126";"Com vítima";"335,000";"BR-116/SP";"Crescente";"Atropelamento de pedestre";0;1;0;0;0;0;0;0;0;0;0;0;0;0;0
"08/04/2024";"04:41:00";"174";"Sem vítima";"261,600";"BR-116/SP";"Crescente";"Colisão lateral em sentido contrário";1;0;2;0;0;0;0;0;0;0;3;0;0;0;0
"08/04/2024";"05:37:00";"218";"Com vítima";"220,000";"BR-116/SP";"Crescente";"Colisão lateral em sentido contrário";1;0;0;1;0;0;0;0;0;0;0;2;0;0;0
"08/04/2024";"07:22:00";"295";"Com vítima";"279,300";"BR-116/SP";"Crescente";"Acidentes de outra natureza";0;0;0;1;0;0;0;0;0;0;0;1;0;0;0
"08/04/2024";"08:30:00";"341";"Sem vítima";"229,000";"BR-116/SP";"Decrescente";"Engavetamento";1;0;0;0;0;0;0;0;0;0;1;0;0;0;0
"08/04/2024";"08:56:00";"351";"Com vítima";"211,000";"BR-116/SP";"Crescente";"Colisão traseira";2;0;0;0;0;0;0;0;0;0;3;1;0;0;0
"08/04/2024";"09:18:00";"362";"Sem vítima";"218,000";"BR-116/SP";"Decrescente";"Colisão lateral em sentido contrário";1;0;1;0;0;0;0;0;0;0;2;0;0;0;0
"08/04/2024";"11:01:00";"416";"Com vítima";"220,000";"BR-116/SP";"Decrescente";"Colisão traseira";0;0;0;2;0;0;0;0;0;0;1;1;0;0;0
"08/04/2024";"11:37:00";"424";"Com vítima";"231,000";"BR-116/SP";"Decrescente";"Atropelamento de pedestre";0;0;0;1;0;0;0;0;0;0;1;1;0;0;0
"08/04/2024";"12:22:00";"467";"Com vítima";"406,000";"BR-101/SP";"Crescente";"Colisão frontal";2;0;0;0;0;0;0;0;0;0;1;2;0;0;0
"08/04/2024";"01:02:00";"488";"Sem vítima";"334,000";"BR-116/SP";"Decrescente";"Choque";1;0;0;0;0;0;0;0;0;0;1;0;0;0;0
"08/04/2024";"02:41:00";"526";"Com vítima";"212,000";"BR-116/SP";"Decrescente";"Engavetamento";2;0;0;1;0;0;0;0;0;0;2;1;0;0;0
"08/04/2024";"03:34:00";"554";"Com vítima";"321,600";"BR-116/SP";"Decrescente";"Choque";0;0;1;0;0;0;0;1;0;0;0;0;1;0;0
"08/04/2024";"04:06:00";"564";"Com vítima";"150,000";"BR-116/SP";"Decrescente";"Colisão traseira";1;0;0;1;0;0;0;0;0;0;1;0;1;0;0
"08/04/2024";"07:01:00";"638";"Sem vítima";"110,700";"BR-116/SP";"Crescente";"Colisão traseira";1;0;1;0;0;0;0;0;0;0;3;0;0;0;0
"08/04/2024";"07:05:00";"639";"Com vítima";"155,700";"BR-116/SP";"Crescente";"Choque";1;0;0;0;0;0;0;0;0;0;0;0;1;0;0
"09/04/2024";"12:55:00";"60";"Com vítima";"218,000";"BR-116/SP";"Decrescente";"Colisão traseira";0;0;1;0;0;0;0;0;0;1;1;0;0;1;0
"09/04/2024";"01:46:00";"69";"Com vítima";"184,700";"BR-116/SP";"Crescente";"Colisão traseira";0;0;2;0;0;0;0;0;0;0;1;1;0;0;0
"09/04/2024";"03:32:00";"114";"Com vítima";"226,000";"BR-116/SP";"Crescente";"Acidentes de outra natureza";0;0;1;1;0;0;0;0;0;0;1;0;1;0;0
"09/04/2024";"03:47:00";"128";"Sem vítima";"140,900";"BR-116/SP";"Crescente";"Colisão traseira";1;0;1;0;0;0;0;0;0;0;4;0;0;0;0
"09/04/2024";"03:59:00";"134";"Sem vítima";"184,500";"BR-116/SP";"Crescente";"Colisão traseira";2;0;0;0;0;0;0;0;0;0;2;0;0;0;0
"09/04/2024";"04:28:00";"164";"Com vítima";"148,000";"BR-116/SP";"Decrescente";"Choque";0;0;0;1;0;0;0;0;0;0;0;1;0;0;0
"09/04/2024";"04:32:00";"170";"Sem vítima";"225,000";"BR-116/SP";"Crescente";"Colisão traseira";1;0;0;0;0;0;0;0;0;1;2;0;0;0;0
"09/04/2024";"04:37:00";"174";"Com vítima";"86,100";"BR-116/SP";"Crescente";"Choque";1;0;0;0;0;0;0;0;0;0;0;1;0;0;0
"09/04/2024";"04:54:00";"188";"Com vítima";"227,000";"BR-116/SP";"Crescente";"Colisão lateral em sentido contrário";1;0;0;1;0;0;0;0;0;0;1;2;0;0;0
"09/04/2024";"04:58:00";"190";"Sem vítima";"147,800";"BR-116/SP";"Decrescente";"Engavetamento";3;0;0;0;0;0;0;0;0;0;4;0;0;0;0
"09/04/2024";"05:10:00";"199";"Com vítima";"211,000";"BR-116/SP";"Crescente";"Colisão traseira";0;0;0;0;0;0;0;0;0;1;0;1;0;0;0
"09/04/2024";"05:17:00";"208";"Com vítima";"220,000";"BR-116/SP";"Crescente";"Colisão traseira";1;0;0;1;0;0;0;0;0;0;3;1;0;0;0
"09/04/2024";"06:15:00";"254";"Sem vítima";"211,000";"BR-116/SP";"Decrescente";"Colisão traseira";2;0;0;0;0;0;0;0;0;0;3;0;0;0;0
"09/04/2024";"06:35:00";"269";"Com vítima";"487,000";"BR-101/SP";"Decrescente";"Colisão lateral em sentido contrário";1;0;1;0;0;0;0;0;0;0;0;2;0;0;0
"09/04/2024";"06:45:00";"276";"Com vítima";"213,000";"BR-116/SP";"Decrescente";"Colisão traseira";0;0;1;1;0;0;0;0;0;0;1;1;0;0;0
"09/04/2024";"07:13:00";"290";"Sem vítima";"210,500";"BR-116/SP";"Decrescente";"Colisão traseira";0;0;1;0;0;0;0;0;0;1;1;0;0;0;0
"09/04/2024";"07:45:00";"314";"Sem vítima";"310,000";"BR-116/SP";"Decrescente";"Colisão traseira";2;0;0;0;0;0;0;0;0;0;2;0;0;0;0
"09/04/2024";"08:31:00";"341";"Com vítima";"28,920";"BR-116/SP";"Decrescente";"Colisão traseira";1;0;0;0;0;0;0;0;0;0;0;1;0;0;0
"09/04/2024";"10:33:00";"403";"Sem vítima";"231,000";"BR-116/SP";"Crescente";"Colisão lateral em sentido contrário";1;0;1;0;0;0;0;0;0;0;2;0;0;0;0
"09/04/2024";"10:39:00";"409";"Com vítima";"566,000";"BR-101/SP";"Decrescente";"Engavetamento";4;0;0;0;0;0;0;0;0;0;4;2;1;0;0
"09/04/2024";"11:13:00";"431";"Sem vítima";"219,000";"BR-116/SP";"Decrescente";"Engavetamento";3;0;0;0;0;0;0;0;0;0;3;0;0;0;0
"09/04/2024";"11:19:00";"436";"Com vítima";"6,000";"BR-116/SP";"Crescente";"Capotamento";1;0;0;0;0;0;0;0;0;0;0;0;1;0;0
"09/04/2024";"01:45:00";"540";"Com vítima";"207,000";"BR-116/SP";"Crescente";"Atropelamento de pedestre";0;0;1;0;0;0;0;0;0;0;1;1;0;0;0
"09/04/2024";"01:49:00";"544";"Sem vítima";"296,000";"BR-116/SP";"Decrescente";"Engavetamento";4;0;1;0;0;0;0;0;0;0;0;0;0;0;0
"09/04/2024";"02:51:00";"572";"Com vítima";"302,500";"BR-116/SP";"Decrescente";"Acidentes de outra natureza";0;0;0;1;0;0;0;0;0;0;0;0;1;0;0
"09/04/2024";"03:09:00";"577";"Com vítima";"222,000";"BR-116/SP";"Decrescente";"Colisão traseira";0;0;0;1;0;0;0;0;0;0;0;1;0;0;0
"09/04/2024";"04:55:00";"625";"Sem vítima";"224,900";"BR-116/SP";"Decrescente";"Colisão traseira";2;0;0;0;0;0;0;0;0;0;2;0;0;0;0
"09/04/2024";"05:48:00";"643";"Com vítima";"224,000";"BR-116/SP";"Crescente";"Colisão traseira";0;0;1;1;0;0;0;0;0;0;1;1;0;0;0
"09/04/2024";"06:24:00";"657";"Com vítima";"230,000";"BR-116/SP";"Crescente";"Engavetamento";1;0;2;0;0;0;0;1;0;0;3;0;1;0;1
"09/04/2024";"06:47:00";"663";"Com vítima";"229,500";"BR-116/SP";"Decrescente";"Choque";0;0;1;0;0;0;0;0;0;0;0;1;0;0;0
"10/04/2024";"01:35:00";"68";"Com vítima";"447,000";"BR-101/SP";"Crescente";"Choque";1;0;0;0;0;0;0;0;0;0;0;1;0;0;0
"10/04/2024";"02:09:00";"81";"Sem vítima";"153,600";"BR-116/SP";"Decrescente";"Colisão lateral em sentido contrário";1;0;0;0;1;0;0;0;0;0;2;0;0;0;0
"10/04/2024";"02:42:00";"94";"Sem vítima";"77,600";"BR-116/SP";"Crescente";"Atropelamento de pedestre";1;0;0;0;0;0;0;0;0;0;1;0;0;0;0
"10/04/2024";"02:44:00";"95";"Com vítima";"232,000";"BR-116/SP";"Decrescente";"Colisão lateral em sentido contrário";0;0;0;1;0;0;0;0;0;0;0;1;0;0;0
"10/04/2024";"02:52:00";"100";"Com vítima";"17,700";"BR-116/SP";"Crescente";"Engavetamento";1;0;2;0;0;0;0;0;0;0;2;1;0;0;0
"10/04/2024";"03:16:00";"114";"Com vítima";"213,200";"BR-116/SP";"Decrescente";"Atropelamento de pedestre";0;0;0;0;0;0;0;0;0;0;0;0;0;0;1
"10/04/2024";"03:55:00";"147";"Sem vítima";"470,000";"BR-101/SP";"Decrescente";"Colisão lateral em sentido contrário";2;0;0;0;0;0;0;0;0;0;2;0;0;0;0
"10/04/2024";"04:43:00";"196";"Sem vítima";"145,000";"BR-116/SP";"Crescente";"Colisão lateral em sentido contrário";1;0;0;0;0;0;0;0;0;0;1;0;0;0;0
"10/04/2024";"08:02:00";"357";"Sem vítima";"219,000";"BR-116/SP";"Decrescente";"Colisão traseira";1;0;0;0;0;0;0;0;0;0;1;0;0;0;0
"10/04/2024";"08:13:00";"367";"Sem vítima";"96,000";"BR-116/SP";"Crescente";"Choque";1;0;0;0;0;0;0;0;0;0;1;0;0;0;0
"10/04/2024";"09:14:00";"403";"Sem vítima";"247,000";"BR-116/SP";"Crescente";"Colisão lateral em sentido contrário";1;0;0;0;0;0;0;0;0;0;1;0;0;0;0
"10/04/2024";"10:23:00";"448";"Sem vítima";"145,000";"BR-116/SP";"Crescente";"Colisão traseira";1;0;0;0;0;0;0;0;0;1;6;0;0;0;0
"10/04/2024";"11:24:00";"486";"Sem vítima";"233,600";"BR-116/SP";"Decrescente";"Colisão traseira";1;0;0;0;0;0;0;0;0;0;0;0;0;0;0
"10/04/2024";"12:10:00";"510";"Com vítima";"195,900";"BR-116/SP";"Decrescente";"Engavetamento";0;0;3;0;0;0;0;0;0;0;2;1;0;0;0
"10/04/2024";"12:22:00";"518";"Sem vítima";"475,000";"BR-101/SP";"Crescente";"Choque";1;0;0;0;0;0;0;0;0;0;1;0;0;0;0
"10/04/2024";"12:40:00";"528";"Sem vítima";"222,000";"BR-116/SP";"Crescente";"Colisão lateral em sentido contrário";0;0;1;0;0;0;0;0;0;0;1;0;0;0;0
"10/04/2024";"01:53:00";"567";"Com vítima";"205,500";"BR-116/SP";"Crescente";"Colisão traseira";0;0;1;1;0;0;0;0;0;0;1;1;0;0;0
"10/04/2024";"02:22:00";"581";"Com vítima";"224,450";"BR-116/SP";"Crescente";"Acidentes de outra natureza";0;0;0;1;0;0;0;0;0;0;0;0;1;0;0
"10/04/2024";"02:47:00";"591";"Com vítima";"34,000";"BR-116/SP";"Decrescente";"Choque";0;0;0;1;0;0;0;0;0;0;0;0;0;1;0
"10/04/2024";"04:04:00";"638";"Com vítima";"217,000";"BR-116/SP";"Crescente";"Colisão lateral em sentido contrário";0;0;0;2;1;0;0;0;0;0;1;2;0;0;0
"10/04/2024";"07:07:00";"732";"Com vítima";"166,100";"BR-116/SP";"Crescente";"Colisão lateral em sentido contrário";0;0;1;0;0;0;0;0;0;0;0;1;0;0;0
"10/04/2024";"08:25:00";"747";"Sem vítima";"311,700";"BR-116/SP";"Crescente";"Colisão traseira";2;0;0;0;0;0;0;0;0;0;0;0;0;0;0
"10/04/2024";"11:26:00";"55";"Sem vítima";"117,800";"BR-116/SP";"Decrescente";"Atropelamento de pedestre";1;0;1;0;0;0;0;0;0;1;0;0;0;0;0
"11/04/2024";"12:40:00";"65";"Com vítima";"39,800";"BR-116/SP";"Decrescente";"Tombamento";0;0;1;0;0;0;0;0;0;0;0;0;0;1;0
"11/04/2024";"03:48:00";"124";"Sem vítima";"222,000";"BR-116/SP";"Crescente";"Engavetamento";3;0;0;0;0;0;0;0;0;1;5;0;0;0;0
"11/04/2024";"04:59:00";"189";"Com vítima";"145,000";"BR-116/SP";"Crescente";"Colisão lateral em sentido contrário";1;0;0;1;0;0;0;0;0;0;1;1;1;0;0
"11/04/2024";"05:49:00";"227";"Sem vítima";"205,000";"BR-116/SP";"Crescente";"Acidentes de outra natureza";1;0;0;0;0;0;0;0;0;0;0;0;0;0;0
"11/04/2024";"05:55:00";"231";"Com vítima";"113,750";"BR-116/SP";"Crescente";"Acidentes de outra natureza";0;0;0;1;0;0;0;0;0;0;0;0;1;1;0
"11/04/2024";"06:09:00";"242";"Sem vítima";"206,000";"BR-116/SP";"Crescente";"Colisão traseira";1;0;0;0;0;0;0;0;0;0;1;0;0;0;0
"11/04/2024";"06:27:00";"253";"Sem vítima";"228,200";"BR-116/SP";"Decrescente";"Colisão lateral em sentido contrário";0;0;2;0;0;0;0;0;0;0;3;0;0;0;0
"11/04/2024";"09:24:00";"364";"Sem vítima";"56,000";"BR-116/SP";"Crescente";"Colisão traseira";1;0;1;0;0;0;0;0;0;0;2;0;0;0;0
"11/04/2024";"11:43:00";"430";"Com vítima";"219,000";"BR-116/SP";"Crescente";"Colisão traseira";1;0;1;0;0;0;0;0;0;0;3;1;0;0;0
"11/04/2024";"03:15:00";"543";"Com vítima";"223,000";"BR-116/SP";"Decrescente";"Colisão lateral em sentido contrário";0;0;1;1;0;0;0;0;0;0;2;0;1;0;0
"11/04/2024";"03:45:00";"560";"Sem vítima";"148,000";"BR-116/SP";"Crescente";"Colisão traseira";2;0;0;0;0;0;0;0;0;0;2;0;0;0;0
"11/04/2024";"04:02:00";"565";"Com vítima";"305,000";"BR-116/SP";"Decrescente";"Atropelamento de pedestre";1;0;0;0;0;0;0;0;0;0;1;0;0;0;1
"11/04/2024";"04:04:00";"568";"Com vítima";"215,000";"BR-116/SP";"Decrescente";"Colisão traseira";1;0;0;0;0;0;0;0;0;0;0;1;0;0;0
"11/04/2024";"07:31:00";"652";"Com vítima";"231,000";"BR-116/SP";"Decrescente";"Colisão lateral em sentido contrário";0;0;0;1;0;0;0;0;0;0;0;0;1;0;0
"11/04/2024";"09:47:00";"34";"Sem vítima";"18,300";"BR-116/SP";"Decrescente";"Choque";1;0;0;0;0;0;0;0;0;0;1;0;0;0;0
"11/04/2024";"10:49:00";"52";"Sem vítima";"160,000";"BR-116/SP";"Crescente";"Acidentes de outra natureza";1;0;0;0;0;0;0;0;0;0;2;0;0;0;0
"12/04/2024";"12:04:00";"62";"Com vítima";"30,300";"BR-116/SP";"Decrescente";"Colisão traseira";1;0;1;0;0;0;0;0;0;0;0;2;0;0;0
"12/04/2024";"01:21:00";"77";"Sem vítima";"6,800";"BR-116/SP";"Crescente";"Colisão traseira";0;0;2;0;0;0;0;0;0;0;2;0;0;0;0
"12/04/2024";"04:14:00";"145";"Com vítima";"161,000";"BR-116/SP";"Decrescente";"Colisão lateral em sentido contrário";1;0;0;1;0;0;0;0;0;0;4;0;1;0;0