data;horario;n_da_ocorrencia;tipo_de_ocorrencia;km;trecho;sentido;tipo_de_acidente;automovel;bicicleta;caminhao;moto;onibus;outros;tracao_animal;transporte_de_cargas_especiais;trator_maquinas;utilitarios;ilesos;levemente_feridos;moderadamente_feridos;gravemente_feridos;mortos
"12/04/2024";"04:27:00";"162";"Sem vítima";"114,100";"BR-116/SP";"Crescente";"Colisão traseira";2;0;0;0;0;0;0;0;0;0;2;0;0;0;0
"12/04/2024";"04:29:00";"163";"Sem vítima";"204,000";"BR-116/SP";"Crescente";"Colisão traseira";0;0;1;0;0;0;0;1;0;0;3;0;0;0;0
"12/04/2024";"08:48:00";"333";"Sem vítima";"229,000";"BR-116/SP";"Decrescente";"Colisão traseira";0;0;2;0;0;0;0;0;0;0;2;0;0;0;0
"12/04/2024";"08:53:00";"338";"Com vítima";"291,000";"BR-116/SP";"Crescente";"Choque";1;0;0;0;0;0;0;0;0;0;0;1;0;0;0
"12/04/2024";"09:14:00";"344";"Com vítima";"222,000";"BR-116/SP";"Crescente";"Colisão lateral em sentido contrário";1;0;0;1;0;0;0;0;0;0;1;1;0;0;0
"12/04/2024";"10:31:00";"385";"Sem vítima";"60,600";"BR-116/SP";"Crescente";"Colisão lateral em sentido contrário";0;0;2;0;0;0;0;0;0;0;2;0;0;0;0
"12/04/2024";"11:01:00";"395";"Sem vítima";"149,000";"BR-116/SP";"Crescente";"Colisão traseira";1;0;0;0;0;0;0;0;0;1;2;0;0;0;0
"12/04/2024";"12:24:00";"434";"Com vítima";"287,100";"BR-116/SP";"Crescente";"Engavetamento";0;0;0;0;0;0;0;3;0;0;2;1;0;0;0
"12/04/2024";"01:02:00";"455";"Com vítima";"209,300";"BR-116/SP";"Decrescente";"Acidentes de outra natureza";0;0;0;1;0;0;0;0;0;0;1;0;1;0;0
"12/04/2024";"01:10:00";"463";"Sem vítima";"161,000";"BR-116/SP";"Decrescente";"Colisão traseira";1;0;0;0;0;0;0;0;0;0;2;0;0;0;0
"12/04/2024";"01:33:00";"473";"Sem vítima";"219,000";"BR-116/SP";"Decrescente";"Colisão traseira";1;0;1;0;0;0;0;0;0;0;2;0;0;0;0
"12/04/2024";"03:28:00";"530";"Sem vítima";"310,300";"BR-116/SP";"Crescente";"Choque";0;0;1;0;0;0;0;0;0;0;1;0;0;0;0
"12/04/2024";"04:07:00";"550";"Com vítima";"487,000";"BR-101/SP";"Crescente";"Atropelamento de pedestre";0;0;0;1;0;0;0;0;0;0;0;1;0;1;0
"12/04/2024";"05:22:00";"586";"Com vítima";"107,700";"BR-116/SP";"Decrescente";"Atropelamento de pedestre";1;0;0;0;0;0;0;0;0;0;1;0;0;1;0
"12/04/2024";"05:24:00";"587";"Com vítima";"465,000";"BR-101/SP";"Decrescente";"Atropelamento de pedestre";0;0;0;1;0;0;0;0;0;0;0;1;1;0;0
"12/04/2024";"06:12:00";"608";"Sem vítima";"107,700";"BR-116/SP";"Decrescente";"Colisão traseira";2;0;0;0;0;0;0;0;0;0;6;0;0;0;0
"12/04/2024";"10:33:00";"50";"Sem vítima";"132,000";"BR-116/SP";"Decrescente";"Choque";1;0;0;0;0;0;0;0;0;0;0;0;0;0;0
"13/04/2024";"12:51:00";"76";"Com vítima";"206,700";"BR-116/SP";"Crescente";"Capotamento";1;0;0;0;0;0;0;0;0;0;0;0;1;0;0
"13/04/2024";"01:58:00";"95";"Sem vítima";"478,000";"BR-101/SP";"Crescente";"Capotamento";1;0;0;0;0;0;0;0;0;0;1;0;0;0;0
"13/04/2024";"03:41:00";"131";"Com vítima";"233,900";"BR-116/SP";"Decrescente";"Capotamento";1;0;0;0;0;0;0;0;0;0;1;0;2;1;0
"13/04/2024";"05:43:00";"222";"Sem vítima";"271,400";"BR-116/SP";"Crescente";"Colisão lateral em sentido contrário";1;0;0;0;0;0;0;0;0;0;1;0;0;0;0
"13/04/2024";"06:10:00";"236";"Sem vítima";"158,300";"BR-116/SP";"Decrescente";"Engavetamento";4;0;0;0;0;0;0;0;0;0;14;0;0;0;0
"13/04/2024";"08:39:00";"321";"Sem vítima";"158,300";"BR-116/SP";"Decrescente";"Engavetamento";4;0;0;0;0;0;0;0;0;0;10;0;0;0;0
"13/04/2024";"09:00:00";"329";"Com vítima";"219,000";"BR-116/SP";"Crescente";"Colisão traseira";1;0;0;1;0;0;0;0;0;0;2;1;0;0;0
"13/04/2024";"12:26:00";"427";"Sem vítima";"482,400";"BR-101/SP";"Crescente";"Colisão traseira";1;0;0;0;0;0;0;0;0;0;5;0;0;0;0
"13/04/2024";"12:40:00";"437";"Sem vítima";"147,400";"BR-116/SP";"Decrescente";"Colisão traseira";2;0;0;0;0;0;0;0;0;0;1;0;0;0;0
"13/04/2024";"01:47:00";"471";"Com vítima";"179,000";"BR-116/SP";"Crescente";"Colisão traseira";0;0;0;2;0;0;0;0;0;0;1;1;0;0;0
"13/04/2024";"03:40:00";"521";"Sem vítima";"34,000";"BR-116/SP";"Decrescente";"Colisão frontal";2;0;0;0;0;0;0;0;0;0;0;0;0;0;0
"13/04/2024";"04:06:00";"536";"Com vítima";"157,100";"BR-116/SP";"Decrescente";"Acidentes de outra natureza";0;0;0;1;0;0;0;0;0;0;0;2;0;0;0
"13/04/2024";"04:56:00";"557";"Sem vítima";"132,100";"BR-116/SP";"Decrescente";"Colisão traseira";2;0;0;0;0;0;0;0;0;0;3;0;0;0;0
"13/04/2024";"11:21:00";"40";"Com vítima";"183,900";"BR-116/SP";"Crescente";"Acidentes de outra natureza";1;0;0;1;0;0;0;0;0;0;3;1;0;0;0
"14/04/2024";"02:26:00";"67";"Sem vítima";"232,000";"BR-116/SP";"Decrescente";"Choque";1;0;0;0;0;0;0;0;0;0;1;0;0;0;0
"14/04/2024";"05:13:00";"130";"Sem vítima";"156,500";"BR-116/SP";"Decrescente";"Acidentes de outra natureza";0;0;0;1;0;0;0;0;0;0;1;0;0;0;0
"14/04/2024";"07:25:00";"197";"Sem vítima";"119,100";"BR-116/SP";"Crescente";"Colisão traseira";1;0;1;0;0;0;0;0;0;0;6;0;0;0;0
"14/04/2024";"07:49:00";"209";"Sem vítima";"140,900";"BR-116/SP";"Crescente";"Choque";1;0;0;0;0;0;0;0;0;0;3;0;0;0;0
"14/04/2024";"08:47:00";"221";"Sem vítima";"211,400";"BR-116/SP";"Decrescente";"Colisão lateral em sentido contrário";1;0;1;0;0;0;0;0;0;0;6;0;0;0;0
"14/04/2024";"08:57:00";"232";"Com vítima";"218,000";"BR-116/SP";"Crescente";"Colisão lateral em sentido contrário";2;0;0;0;0;0;0;0;0;0;2;0;1;0;0
"14/04/2024";"09:07:00";"237";"Com vítima";"215,000";"BR-116/SP";"Crescente";"Colisão lateral em sentido contrário";0;0;0;1;0;0;0;0;0;0;0;1;0;0;0
"14/04/2024";"11:19:00";"289";"Sem vítima";"122,600";"BR-116/SP";"Crescente";"Engavetamento";2;0;0;0;0;0;0;0;0;0;7;0;0;0;0
"14/04/2024";"12:29:00";"324";"Com vítima";"223,000";"BR-116/SP";"Crescente";"Colisão lateral em sentido contrário";1;0;0;1;0;0;0;0;0;0;1;1;0;0;0
"14/04/2024";"01:33:00";"365";"Sem vítima";"421,000";"BR-101/SP";"Decrescente";"Colisão traseira";2;0;0;0;0;0;0;0;0;0;5;0;0;0;0
"14/04/2024";"01:39:00";"368";"Sem vítima";"106,000";"BR-116/SP";"Crescente";"Engavetamento";5;0;0;0;0;0;0;0;0;0;0;0;0;0;0
"14/04/2024";"01:59:00";"377";"Sem vítima";"144,300";"BR-116/SP";"Decrescente";"Choque";1;0;0;0;0;0;0;0;0;0;1;0;0;0;0
"14/04/2024";"03:33:00";"425";"Com vítima";"208,500";"BR-116/SP";"Crescente";"Colisão lateral em sentido contrário";1;0;0;1;0;0;0;0;0;0;4;0;1;0;0
"14/04/2024";"03:46:00";"406";"Com vítima";"31,000";"BR-101/SP";"Crescente";"Acidentes de outra natureza";0;0;0;1;0;0;0;0;0;0;1;1;0;0;0
"14/04/2024";"04:59:00";"470";"Com vítima";"223,000";"BR-116/SP";"Crescente";"Colisão traseira";2;0;0;0;0;0;0;0;0;0;3;1;0;0;0
"14/04/2024";"05:12:00";"474";"Com vítima";"221,900";"BR-116/SP";"Crescente";"Acidentes de outra natureza";0;0;0;1;0;0;0;0;0;0;0;1;0;0;0
"14/04/2024";"05:40:00";"490";"Com vítima";"322,550";"BR-116/SP";"Crescente";"Acidentes de outra natureza";0;0;0;1;0;0;0;0;0;0;0;0;1;0;0
"14/04/2024";"07:46:00";"531";"Com vítima";"176,500";"BR-116/SP";"Crescente";"Colisão traseira";1;0;0;1;0;0;0;0;0;0;1;2;0;0;0
"14/04/2024";"09:00:00";"216";"Sem vítima";"249,500";"BR-116/SP";"Decrescente";"Colisão traseira";1;0;1;0;0;0;0;0;0;0;2;0;0;0;0
"14/04/2024";"11:41:00";"57";"Com vítima";"149,000";"BR-116/SP";"Crescente";"Choque";2;0;0;0;0;0;0;0;0;0;2;1;0;1;0
"15/04/2024";"12:39:00";"59";"Com vítima";"126,880";"BR-116/SP";"Decrescente";"Acidentes de outra natureza";0;0;0;1;0;0;0;0;0;0;0;0;1;0;0
"15/04/2024";"02:04:00";"81";"Sem vítima";"212,000";"BR-116/SP";"Crescente";"Colisão traseira";2;0;0;0;0;1;0;0;0;0;2;0;0;0;0
"15/04/2024";"04:06:00";"145";"Com vítima";"387,000";"BR-101/SP";"Crescente";"Colisão traseira";0;0;2;0;0;0;0;0;0;0;1;0;2;0;0
"15/04/2024";"04:35:00";"173";"Com vítima";"162,500";"BR-116/SP";"Decrescente";"Engavetamento";0;0;4;0;0;0;0;0;0;0;5;0;1;0;0
"15/04/2024";"05:35:00";"218";"Com vítima";"157,000";"BR-116/SP";"Crescente";"Colisão lateral em sentido contrário";0;0;0;1;0;0;0;0;0;0;0;1;0;0;0
"15/04/2024";"08:44:00";"328";"Com vítima";"98,000";"BR-116/SP";"Crescente";"Acidentes de outra natureza";0;0;0;1;0;0;0;0;0;0;1;0;0;1;0
"15/04/2024";"08:50:00";"335";"Sem vítima";"158,100";"BR-116/SP";"Decrescente";"Colisão traseira";2;0;0;0;0;0;0;0;0;0;3;0;0;0;0
"15/04/2024";"11:03:00";"400";"Com vítima";"478,000";"BR-101/SP";"Crescente";"Colisão lateral em sentido contrário";1;0;0;1;0;0;0;0;0;0;0;1;0;0;0
"15/04/2024";"11:34:00";"416";"Sem vítima";"157,800";"BR-116/SP";"Crescente";"Choque";1;0;0;0;0;0;0;0;0;0;1;0;0;0;0
"15/04/2024";"11:47:00";"426";"Com vítima";"220,000";"BR-116/SP";"Crescente";"Colisão traseira";1;0;0;1;0;0;0;0;0;0;2;1;0;0;0
"15/04/2024";"11:53:00";"427";"Sem vítima";"248,600";"BR-116/SP";"Decrescente";"Colisão traseira";1;0;0;0;1;0;0;0;0;0;21;0;0;0;0
"15/04/2024";"12:26:00";"441";"Com vítima";"216,000";"BR-116/SP";"Crescente";"Colisão lateral em sentido contrário";0;0;1;0;1;0;0;0;0;0;13;1;0;0;0
"15/04/2024";"03:23:00";"537";"Com vítima";"482,000";"BR-101/SP";"Decrescente";"Atropelamento de pedestre";1;0;0;0;0;0;0;0;0;0;3;1;0;0;0
"15/04/2024";"03:23:00";"538";"Sem vítima";"160,300";"BR-116/SP";"Decrescente";"Colisão lateral em sentido contrário";1;0;0;0;0;0;0;0;0;0;1;0;0;0;0
"15/04/2024";"07:38:00";"657";"Sem vítima";"286,300";"BR-116/SP";"Decrescente";"Colisão lateral em sentido contrário";1;0;1;0;0;0;0;0;0;0;0;0;0;0;0
"15/04/2024";"09:00:00";"315";"Sem vítima";"250,000";"BR-116/SP";"Decrescente";"Colisão traseira";1;0;1;0;0;0;0;0;0;0;2;0;0;0;0
"16/04/2024";"03:38:00";"117";"Sem vítima";"158,000";"BR-116/SP";"Decrescente";"Colisão traseira";1;0;1;0;0;0;0;0;0;0;3;0;0;0;0
"16/04/2024";"04:50:00";"181";"Sem vítima";"143,500";"BR-116/SP";"Crescente";"Engavetamento";3;0;0;0;0;0;0;0;0;0;4;0;0;0;0
"16/04/2024";"05:06:00";"199";"Com vítima";"397,000";"BR-101/SP";"Decrescente";"Choque";0;0;1;0;0;0;0;0;0;0;0;0;1;0;0
"16/04/2024";"05:09:00";"201";"Sem vítima";"141,300";"BR-116/SP";"Crescente";"Colisão traseira";2;0;0;0;0;0;0;0;0;0;3;0;0;0;0
"16/04/2024";"05:16:00";"207";"Sem vítima";"141,300";"BR-116/SP";"Crescente";"Colisão traseira";1;0;1;0;0;0;0;0;0;0;1;0;0;0;0
"16/04/2024";"05:31:00";"222";"Sem vítima";"141,000";"BR-116/SP";"Decrescente";"Colisão traseira";2;0;0;0;0;0;0;0;0;0;5;0;0;0;0
"16/04/2024";"05:57:00";"237";"Com vítima";"222,000";"BR-116/SP";"Crescente";"Colisão traseira";1;0;0;1;0;0;0;0;0;0;1;1;0;0;0
"16/04/2024";"06:18:00";"250";"Sem vítima";"141,000";"BR-116/SP";"Crescente";"Colisão traseira";2;0;0;0;0;0;0;0;0;0;4;0;0;0;0
"16/04/2024";"06:28:00";"254";"Com vítima";"216,000";"BR-116/SP";"Crescente";"Colisão traseira";1;0;0;1;0;0;0;0;0;0;1;1;0;0;0
"16/04/2024";"07:34:00";"294";"Com vítima";"450,000";"BR-101/SP";"Decrescente";"Engavetamento";0;0;0;1;0;0;0;0;0;0;0;1;0;0;0
"16/04/2024";"08:47:00";"339";"Sem vítima";"250,000";"BR-116/SP";"Decrescente";"Colisão traseira";1;0;0;0;0;0;0;0;0;0;2;0;0;0;0
"16/04/2024";"09:40:00";"360";"Sem vítima";"217,000";"BR-116/SP";"Crescente";"Colisão traseira";1;0;0;0;0;0;0;0;0;0;1;0;0;0;0
"16/04/2024";"11:50:00";"416";"Sem vítima";"215,000";"BR-116/SP";"Crescente";"Engavetamento";3;0;0;0;0;0;0;0;0;0;3;0;0;0;0
"16/04/2024";"02:47:00";"509";"Sem vítima";"204,000";"BR-116/SP";"Decrescente";"Colisão lateral em sentido contrário";2;0;0;0;0;0;0;1;0;0;4;0;0;0;0
"16/04/2024";"03:46:00";"542";"Com vítima";"248,200";"BR-116/SP";"Decrescente";"Atropelamento de pedestre";0;0;0;1;0;0;0;0;0;0;1;0;1;0;0
"16/04/2024";"03:47:00";"543";"Com vítima";"224,000";"BR-116/SP";"Crescente";"Choque";0;0;0;1;0;0;0;0;0;0;0;1;0;0;0
"16/04/2024";"04:21:00";"563";"Com vítima";"217,000";"BR-116/SP";"Decrescente";"Acidentes de outra natureza";0;0;0;1;0;0;0;0;0;0;0;1;0;0;0
"16/04/2024";"07:50:00";"645";"Sem vítima";"302,500";"BR-116/SP";"Decrescente";"Acidentes de outra natureza";0;0;0;0;0;0;0;0;0;1;1;0;0;0;0
"17/04/2024";"12:20:00";"61";"Com vítima";"32,300";"BR-116/SP";"Decrescente";"Colisão traseira";0;0;1;0;0;0;0;1;0;0;0;2;1;0;0
"17/04/2024";"02:27:00";"88";"Com vítima";"219,000";"BR-116/SP";"Crescente";"Colisão lateral em sentido contrário";0;0;1;0;1;0;0;0;0;0;3;1;0;0;0
"17/04/2024";"03:13:00";"101";"Com vítima";"156,300";"BR-116/SP";"Crescente";"Colisão traseira";2;0;0;0;0;0;0;0;0;0;3;1;0;0;0
"17/04/2024";"03:56:00";"139";"Com vítima";"212,000";"BR-116/SP";"Crescente";"Colisão traseira";1;0;0;1;0;0;0;0;0;0;3;0;0;1;0
"17/04/2024";"04:31:00";"164";"Sem vítima";"316,700";"BR-116/SP";"Decrescente";"Choque";0;0;1;0;0;0;0;0;0;0;1;0;0;0;0
"17/04/2024";"04:38:00";"168";"Com vítima";"316,700";"BR-116/SP";"Decrescente";"Colisão lateral em sentido contrário";2;0;0;0;0;0;0;0;0;0;1;2;0;0;0
"17/04/2024";"04:59:00";"188";"Sem vítima";"154,800";"BR-116/SP";"Crescente";"Colisão traseira";1;0;0;0;0;0;0;0;0;0;1;0;0;0;0
"17/04/2024";"05:35:00";"222";"Sem vítima";"138,200";"BR-116/SP";"Crescente";"Colisão traseira";0;0;0;0;0;0;0;1;0;0;1;0;0;0;0
"17/04/2024";"05:59:00";"238";"Com vítima";"220,000";"BR-116/SP";"Crescente";"Colisão traseira";1;0;0;1;0;0;0;0;0;0;1;1;0;0;0
"17/04/2024";"06:26:00";"258";"Com vítima";"272,000";"BR-116/SP";"Crescente";"Choque";1;0;0;0;0;0;0;0;0;0;2;1;0;0;0
"17/04/2024";"06:42:00";"269";"Sem vítima";"272,300";"BR-116/SP";"Crescente";"Choque";1;0;0;0;0;0;0;0;0;0;0;0;0;0;0
"17/04/2024";"06:42:00";"270";"Com vítima";"272,600";"BR-116/SP";"Decrescente";"Choque";1;0;0;0;0;0;0;0;0;0;0;1;0;0;0
"17/04/2024";"06:58:00";"278";"Com vítima";"222,000";"BR-116/SP";"Crescente";"Colisão traseira";0;0;0;1;0;0;0;0;0;1;1;1;1;0;0
"17/04/2024";"11:45:00";"404";"Sem vítima";"576,000";"BR-101/SP";"Crescente";"Colisão lateral em sentido contrário";2;0;0;0;0;0;0;0;0;0;4;0;0;0;0
"17/04/2024";"12:18:00";"420";"Sem vítima";"96,000";"BR-116/SP";"Crescente";"Colisão lateral em sentido contrário";0;0;2;0;0;0;0;0;0;0;3;0;0;0;0
"17/04/2024";"01:47:00";"462";"Sem vítima";"104,000";"BR-116/SP";"Crescente";"Colisão lateral em sentido contrário";1;0;0;0;0;0;0;0;0;0;1;0;0;0;0
"17/04/2024";"01:50:00";"464";"Com vítima";"530,000";"BR-101/SP";"Crescente";"Capotamento";1;0;0;0;0;0;0;0;0;0;0;1;0;0;0
"17/04/2024";"02:21:00";"484";"Sem vítima";"394,000";"BR-101/SP";"Decrescente";"Colisão traseira";2;0;0;0;0;0;0;0;0;0;0;0;0;0;0
"17/04/2024";"03:07:00";"503";"Com vítima";"274,050";"BR-116/SP";"Crescente";"Engavetamento";2;0;0;0;0;0;0;0;0;0;1;1;0;0;0
"17/04/2024";"03:12:00";"504";"Sem vítima";"142,000";"BR-116/SP";"Decrescente";"Engavetamento";1;0;0;0;0;0;0;0;0;0;1;0;0;0;0
"17/04/2024";"05:42:00";"574";"Sem vítima";"252,000";"BR-116/SP";"Decrescente";"Colisão traseira";1;0;0;0;0;0;0;0;0;0;1;0;0;0;0
"17/04/2024";"05:54:00";"583";"Com vítima";"240,000";"BR-116/SP";"Decrescente";"Choque";0;0;0;0;1;0;0;0;0;0;0;0;1;0;0
"17/04/2024";"05:59:00";"585";"Sem vítima";"38,000";"BR-116/SP";"Crescente";"Choque";0;0;0;0;0;0;0;1;0;0;1;0;0;0;0
"17/04/2024";"06:43:00";"607";"Sem vítima";"28,000";"BR-116/SP";"Decrescente";"Choque";1;0;0;0;0;0;0;0;0;0;2;0;0;0;0
"17/04/2024";"09:00:00";"59";"Com vítima";"213,000";"BR-116/SP";"Decrescente";"Choque";3;0;0;0;0;0;0;0;0;0;3;2;0;0;0
"17/04/2024";"11:08:00";"52";"Com vítima";"124,600";"BR-116/SP";"Decrescente";"Colisão traseira";0;0;2;0;0;0;0;0;0;0;1;1;0;0;0
"18/04/2024";"02:13:00";"93";"Sem vítima";"458,000";"BR-101/SP";"Crescente";"Choque";1;0;0;0;0;0;0;0;0;0;4;0;0;0;0
"18/04/2024";"02:29:00";"99";"Sem vítima";"276,000";"BR-116/SP";"Crescente";"Colisão lateral em sentido contrário";2;0;0;0;0;0;0;0;0;0;2;0;0;0;0
"18/04/2024";"02:45:00";"109";"Com vítima";"320,400";"BR-116/SP";"Decrescente";"Colisão traseira";1;0;0;0;1;0;0;0;0;0;1;1;0;0;0
"18/04/2024";"03:17:00";"123";"Com vítima";"172,080";"BR-116/SP";"Decrescente";"Colisão traseira";1;0;1;0;0;0;0;0;0;0;2;1;0;0;0
"18/04/2024";"04:12:00";"174";"Com vítima";"466,000";"BR-101/SP";"Crescente";"Acidentes de outra natureza";0;0;0;0;0;0;0;0;0;1;0;1;0;0;0
"18/04/2024";"04:14:00";"175";"Com vítima";"494,000";"BR-101/SP";"Decrescente";"Choque";1;0;0;0;0;0;0;0;0;0;0;1;0;0;0
"18/04/2024";"04:23:00";"181";"Com vítima";"401,000";"BR-101/SP";"Crescente";"Engavetamento";3;0;0;0;0;0;0;0;0;0;0;1;0;0;0
"18/04/2024";"04:43:00";"191";"Sem vítima";"225,900";"BR-116/SP";"Decrescente";"Choque";1;0;0;0;0;0;0;0;0;0;0;0;0;0;0
"18/04/2024";"05:38:00";"247";"Com vítima";"591,000";"BR-101/SP";"Crescente";"Colisão lateral em sentido contrário";2;0;0;0;0;0;0;0;0;0;0;2;0;0;0
"18/04/2024";"07:27:00";"329";"Sem vítima";"528,000";"BR-101/SP";"Crescente";"Choque";1;0;0;0;0;0;0;0;0;0;2;0;0;0;0
"18/04/2024";"07:51:00";"350";"Com vítima";"544,000";"BR-101/SP";"Crescente";"Choque";0;0;1;0;0;0;0;0;0;0;0;1;0;0;0
"18/04/2024";"08:13:00";"361";"Sem vítima";"417,000";"BR-101/SP";"Crescente";"Choque";1;0;0;0;0;0;0;0;0;0;1;0;0;0;0
"18/04/2024";"08:28:00";"368";"Com vítima";"152,000";"BR-116/SP";"Decrescente";"Tombamento";0;0;1;0;0;0;0;0;0;0;0;1;2;0;0
"18/04/2024";"09:05:00";"381";"Sem vítima";"454,000";"BR-101/SP";"Decrescente";"Choque";1;0;0;0;0;0;0;0;0;0;1;0;0;0;0
"18/04/2024";"11:29:00";"448";"Sem vítima";"450,000";"BR-101/SP";"Crescente";"Choque";1;0;0;0;0;0;0;0;0;0;1;0;0;0;0
"18/04/2024";"03:02:00";"559";"Sem vítima";"152,700";"BR-116/SP";"Decrescente";"Colisão traseira";0;0;0;0;0;0;0;0;0;1;1;0;0;0;0
"18/04/2024";"03:52:00";"595";"Com vítima";"217,000";"BR-116/SP";"Decrescente";"Acidentes de outra natureza";0;0;0;1;0;0;0;0;0;0;0;1;0;0;0
"18/04/2024";"04:28:00";"566";"Com vítima";"478,000";"BR-101/SP";"Decrescente";"Colisão frontal";0;0;0;1;1;0;0;0;0;0;1;0;0;2;0
"18/04/2024";"05:45:00";"654";"Sem vítima";"148,000";"BR-116/SP";"Decrescente";"Engavetamento";1;0;0;0;0;0;0;0;0;0;1;0;0;0;0
"18/04/2024";"08:29:00";"699";"Sem vítima";"206,000";"BR-116/SP";"Crescente";"Atropelamento de pedestre";1;0;0;0;0;0;0;0;0;0;2;0;0;0;0
"18/04/2024";"09:00:00";"53";"Com vítima";"451,000";"BR-101/SP";"Decrescente";"Capotamento";1;0;0;0;0;0;0;0;0;0;0;2;0;0;0
"19/04/2024";"02:56:00";"85";"Com vítima";"51,000";"BR-116/SP";"Crescente";"Atropelamento de pedestre";0;0;0;1;0;0;0;0;0;0;0;1;0;0;0
"19/04/2024";"03:49:00";"125";"Sem vítima";"330,700";"BR-116/SP";"Decrescente";"Colisão traseira";0;0;1;0;0;0;0;0;0;0;1;0;0;0;0
"19/04/2024";"04:03:00";"141";"Com vítima";"381,000";"BR-101/SP";"Decrescente";"Atropelamento de pedestre";1;0;0;0;0;0;0;0;0;0;1;1;0;0;0
"19/04/2024";"04:43:00";"190";"Sem vítima";"214,050";"BR-116/SP";"Decrescente";"Colisão traseira";2;0;0;0;0;0;0;0;0;0;2;0;0;0;0
"19/04/2024";"04:58:00";"204";"Com vítima";"213,200";"BR-116/SP";"Crescente";"Colisão traseira";1;0;0;2;0;0;0;0;0;0;2;1;0;0;0
"19/04/2024";"05:54:00";"247";"Sem vítima";"142,800";"BR-116/SP";"Decrescente";"Colisão traseira";2;0;0;0;0;0;0;0;0;0;7;0;0;0;0
"19/04/2024";"06:09:00";"261";"Com vítima";"222,000";"BR-116/SP";"Decrescente";"Colisão lateral em sentido contrário";0;0;1;1;0;0;0;0;0;0;1;1;0;0;0
"19/04/2024";"07:51:00";"349";"Com vítima";"492,000";"BR-101/SP";"Crescente";"Acidentes de outra natureza";0;0;0;1;0;0;0;0;0;0;0;0;1;0;0
"19/04/2024";"08:04:00";"359";"Sem vítima";"216,000";"BR-116/SP";"Decrescente";"Tombamento";0;0;0;0;0;0;0;0;0;1;1;0;0;0;0
"19/04/2024";"08:29:00";"371";"Sem vítima";"281,800";"BR-116/SP";"Crescente";"Engavetamento";2;0;1;0;0;0;0;0;0;0;6;0;0;0;0
"19/04/2024";"09:06:00";"386";"Sem vítima";"270,500";"BR-116/SP";"Decrescente";"Choque";1;0;0;0;0;0;0;0;0;0;1;0;0;0;0
"19/04/2024";"09:52:00";"408";"Com vítima";"218,000";"BR-116/SP";"Decrescente";"Colisão traseira";0;0;0;1;0;0;0;0;0;0;0;1;0;0;0
"19/04/2024";"09:55:00";"410";"Com vítima";"215,000";"BR-116/SP";"Decrescente";"Choque";0;0;1;0;0;0;0;0;0;0;1;1;1;0;0
"19/04/2024";"10:33:00";"424";"Sem vítima";"146,500";"BR-116/SP";"Crescente";"Engavetamento";2;0;0;0;0;0;0;0;0;0;2;0;0;0;0
"19/04/2024";"01:36:00";"510";"Com vítima";"222,000";"BR-116/SP";"Decrescente";"Colisão lateral em sentido contrário";1;0;0;1;0;0;0;0;0;0;1;0;1;0;0
"19/04/2024";"01:56:00";"526";"Sem vítima";"126,000";"BR-116/SP";"Decrescente";"Colisão lateral em sentido contrário";1;0;1;0;0;0;0;0;0;0;3;0;0;0;0
"19/04/2024";"02:24:00";"538";"Sem vítima";"475,000";"BR-101/SP";"Crescente";"Choque";1;0;0;0;0;0;0;0;0;0;1;0;0;0;0
"19/04/2024";"03:22:00";"558";"Com vítima";"228,500";"BR-116/SP";"Decrescente";"Colisão lateral em sentido contrário";0;0;1;1;0;0;0;0;0;0;1;1;0;0;0
"19/04/2024";"03:46:00";"579";"Sem vítima";"301,300";"BR-116/SP";"Crescente";"Colisão traseira";1;0;0;0;0;0;0;0;0;0;0;0;0;0;0
"19/04/2024";"05:22:00";"627";"Sem vítima";"389,000";"BR-101/SP";"Crescente";"Capotamento";1;0;0;0;0;0;0;0;0;0;1;0;0;0;0
"19/04/2024";"05:29:00";"631";"Sem vítima";"259,000";"BR-116/SP";"Decrescente";"Colisão traseira";1;0;0;0;0;0;0;0;0;0;2;0;0;0;0
"19/04/2024";"07:51:00";"671";"Com vítima";"48,500";"BR-101/SP";"Crescente";"Colisão lateral em sentido contrário";0;0;0;1;0;0;0;0;0;0;0;1;0;0;0
"19/04/2024";"07:55:00";"673";"Sem vítima";"213,000";"BR-116/SP";"Decrescente";"Colisão lateral em sentido contrário";2;0;0;0;0;0;0;0;0;0;2;0;0;0;0
"19/04/2024";"09:00:00";"237";"Sem vítima";"433,000";"BR-101/SP";"Decrescente";"Colisão lateral em sentido contrário";1;0;0;1;0;0;0;0;0;0;3;0;0;0;0
"19/04/2024";"09:41:00";"31";"Sem vítima";"206,050";"BR-116/SP";"Crescente";"Colisão traseira";2;0;0;0;0;0;0;0;0;0;2;0;0;0;0