data;horario;n_da_ocorrencia;tipo_de_ocorrencia;km;trecho;sentido;tipo_de_acidente;automovel;bicicleta;caminhao;moto;onibus;outros;tracao_animal;transporte_de_cargas_especiais;trator_maquinas;utilitarios;ilesos;levemente_feridos;moderadamente_feridos;gravemente_feridos;mortos
"27/04/2024";"04:56:00";"156";"Sem vítima";"229,000";"BR-116/SP";"Crescente";"Engavetamento";3;0;0;0;0;0;0;0;0;0;3;0;0;0;0
"27/04/2024";"05:54:00";"191";"Com vítima";"160,000";"BR-116/SP";"Decrescente";"Colisão lateral em sentido contrário";2;0;0;1;0;0;0;0;0;0;3;1;0;0;0
"27/04/2024";"05:59:00";"195";"Com vítima";"43,000";"BR-116/SP";"Crescente";"Colisão traseira";0;0;1;1;0;0;0;0;0;0;1;0;0;1;0
"27/04/2024";"06:15:00";"209";"Sem vítima";"519,000";"BR-101/SP";"Decrescente";"Choque";1;0;0;0;0;0;0;0;0;0;1;0;0;0;0
"27/04/2024";"06:37:00";"213";"Sem vítima";"316,000";"BR-116/SP";"Crescente";"Colisão traseira";0;0;0;0;1;0;0;0;0;0;0;0;0;0;0
"27/04/2024";"08:18:00";"282";"Sem vítima";"21,000";"BR-101/SP";"Decrescente";"Choque";1;0;0;0;0;0;0;0;0;0;5;0;0;0;0
"27/04/2024";"09:21:00";"312";"Sem vítima";"131,000";"BR-116/SP";"Crescente";"Engavetamento";3;0;0;0;0;0;0;0;0;0;4;0;0;0;0
"27/04/2024";"10:09:00";"332";"Com vítima";"330,000";"BR-116/SP";"Crescente";"Choque";0;0;1;0;0;0;0;0;0;0;0;2;0;0;0
"27/04/2024";"02:50:00";"470";"Com vítima";"110,000";"BR-116/SP";"Crescente";"Queda de moto";0;0;0;1;0;0;0;0;0;0;0;1;2;0;0
"27/04/2024";"02:52:00";"472";"Com vítima";"42,000";"BR-116/SP";"Crescente";"Colisão traseira";1;0;0;0;0;0;0;0;0;1;0;1;0;0;0
"27/04/2024";"04:38:00";"512";"Com vítima";"103,000";"BR-116/SP";"Crescente";"Queda de moto";0;0;0;1;0;0;0;0;0;0;0;2;0;0;0
"27/04/2024";"05:16:00";"532";"Com vítima";"88,000";"BR-116/SP";"Crescente";"Colisão traseira";1;0;0;0;0;0;0;0;0;1;0;1;0;0;0
"27/04/2024";"05:45:00";"543";"Sem vítima";"162,000";"BR-116/SP";"Crescente";"Colisão lateral em sentido contrário";1;0;1;0;0;0;0;0;0;0;2;0;0;0;0
"27/04/2024";"11:49:00";"45";"Sem vítima";"212,000";"BR-116/SP";"Crescente";"Choque";1;0;0;0;0;0;0;0;0;0;1;0;0;0;0
"27/04/2024";"11:52:00";"47";"Sem vítima";"47,000";"BR-101/SP";"Crescente";"Choque";1;0;0;0;0;0;0;0;0;0;1;0;0;0;0
"27/04/2024";"11:54:00";"48";"Sem vítima";"200,000";"BR-116/SP";"Crescente";"Choque";1;0;0;0;0;0;0;0;0;0;1;0;0;0;0
"28/04/2024";"02:54:00";"70";"Com vítima";"47,000";"BR-116/SP";"Decrescente";"Acidentes de outra natureza";0;0;1;0;0;0;0;0;0;0;0;1;0;0;0
"28/04/2024";"03:33:00";"82";"Sem vítima";"217,000";"BR-116/SP";"Decrescente";"Colisão traseira";1;0;1;0;0;0;0;0;0;0;2;0;0;0;0
"28/04/2024";"05:23:00";"132";"Sem vítima";"275,000";"BR-116/SP";"Decrescente";"Colisão lateral em sentido contrário";1;0;1;0;0;0;0;0;0;0;3;0;0;0;0
"28/04/2024";"05:27:00";"134";"Sem vítima";"103,000";"BR-116/SP";"Decrescente";"Engavetamento";3;0;0;0;0;0;0;0;0;0;9;0;0;0;0
"28/04/2024";"05:33:00";"135";"Sem vítima";"105,000";"BR-116/SP";"Decrescente";"Acidentes de outra natureza";1;0;0;0;0;0;0;0;0;0;0;0;0;0;0
"28/04/2024";"05:38:00";"141";"Com vítima";"104,000";"BR-116/SP";"Decrescente";"Engavetamento";4;0;0;0;0;0;0;0;0;0;6;4;0;0;0
"28/04/2024";"06:26:00";"163";"Sem vítima";"104,000";"BR-116/SP";"Decrescente";"Colisão traseira";1;0;0;0;0;0;0;0;0;0;1;0;0;0;0
"28/04/2024";"06:28:00";"165";"Com vítima";"98,000";"BR-116/SP";"Crescente";"Colisão traseira";0;0;0;1;0;0;0;0;0;0;0;1;0;0;0
"28/04/2024";"07:31:00";"175";"Sem vítima";"271,000";"BR-116/SP";"Crescente";"Choque";1;0;0;0;0;0;0;0;0;0;0;0;0;0;0
"28/04/2024";"07:39:00";"193";"Com vítima";"104,000";"BR-116/SP";"Decrescente";"Engavetamento";2;0;1;0;0;0;0;1;0;0;6;2;0;0;0
"28/04/2024";"07:44:00";"195";"Sem vítima";"46,000";"BR-101/SP";"Decrescente";"Colisão traseira";1;0;0;1;0;0;0;0;0;0;1;0;0;0;0
"28/04/2024";"08:01:00";"204";"Com vítima";"239,000";"BR-116/SP";"Decrescente";"Queda de moto";0;0;0;1;0;0;0;0;0;0;0;0;0;2;0
"28/04/2024";"09:19:00";"219";"Com vítima";"398,000";"BR-101/SP";"Crescente";"Colisão lateral em sentido contrário";0;0;0;1;0;0;0;0;0;0;0;1;0;0;0
"28/04/2024";"10:57:00";"276";"Com vítima";"108,000";"BR-116/SP";"Crescente";"Engavetamento";4;0;0;0;0;0;0;0;0;0;5;3;0;0;0
"28/04/2024";"11:08:00";"282";"Sem vítima";"89,000";"BR-116/SP";"Crescente";"Acidentes de outra natureza";1;0;0;0;0;0;0;0;0;0;0;0;0;0;0
"28/04/2024";"02:00:00";"380";"Sem vítima";"86,000";"BR-116/SP";"Crescente";"Colisão traseira";2;0;0;0;0;0;0;0;0;0;0;0;0;0;0
"28/04/2024";"02:04:00";"382";"Sem vítima";"100,000";"BR-116/SP";"Crescente";"Engavetamento";1;0;0;0;0;0;0;0;0;0;0;0;0;0;0
"28/04/2024";"02:05:00";"383";"Com vítima";"22,000";"BR-116/SP";"Decrescente";"Acidentes de outra natureza";0;0;0;1;0;0;0;0;0;0;0;0;1;1;0
"28/04/2024";"02:47:00";"404";"Sem vítima";"205,000";"BR-116/SP";"Crescente";"Colisão traseira";1;0;0;0;0;0;0;0;0;0;1;0;0;0;0
"28/04/2024";"03:04:00";"418";"Com vítima";"207,000";"BR-116/SP";"Crescente";"Colisão lateral em sentido contrário";1;0;0;1;0;0;0;0;0;0;2;2;0;0;0
"28/04/2024";"03:08:00";"420";"Sem vítima";"109,000";"BR-116/SP";"Crescente";"Engavetamento";2;0;0;0;0;0;0;0;0;0;0;0;0;0;0
"28/04/2024";"03:40:00";"433";"Sem vítima";"146,000";"BR-116/SP";"Decrescente";"Engavetamento";2;0;0;0;0;0;0;0;0;0;4;0;0;0;0
"28/04/2024";"03:54:00";"441";"Com vítima";"279,000";"BR-116/SP";"Decrescente";"Queda de moto";0;0;0;1;0;0;0;0;0;0;0;0;1;0;0
"28/04/2024";"05:07:00";"494";"Sem vítima";"72,000";"BR-116/SP";"Decrescente";"Colisão traseira";1;0;0;0;0;0;0;0;0;0;0;0;0;0;0
"28/04/2024";"05:17:00";"501";"Com vítima";"221,000";"BR-116/SP";"Decrescente";"Acidentes de outra natureza";0;0;0;1;0;0;0;0;0;0;1;1;0;0;0
"28/04/2024";"06:42:00";"543";"Sem vítima";"217,000";"BR-116/SP";"Crescente";"Colisão traseira";1;0;0;0;0;0;0;0;0;0;1;0;0;0;0
"28/04/2024";"07:54:00";"562";"Sem vítima";"413,000";"BR-101/SP";"Decrescente";"Choque";1;0;0;0;0;0;0;0;0;0;2;0;0;0;0
"28/04/2024";"08:01:00";"564";"Com vítima";"106,000";"BR-116/SP";"Crescente";"Queda de moto";0;0;0;1;0;0;0;0;0;0;0;1;0;0;0
"28/04/2024";"09:00:00";"207";"Com vítima";"107,500";"BR-116/SP";"Crescente";"Engavetamento";3;0;0;0;0;0;0;0;0;0;5;1;0;0;0
"28/04/2024";"11:34:00";"56";"Com vítima";"157,000";"BR-116/SP";"Decrescente";"Colisão traseira";1;0;0;0;0;0;0;0;0;1;3;0;1;0;0
"29/04/2024";"04:54:00";"197";"Sem vítima";"108,000";"BR-116/SP";"Crescente";"Engavetamento";3;0;0;0;0;0;0;0;0;0;4;0;0;0;0
"29/04/2024";"05:47:00";"241";"Sem vítima";"47,000";"BR-101/SP";"Crescente";"Colisão traseira";1;0;0;0;0;0;0;0;0;1;2;0;0;0;0
"29/04/2024";"06:02:00";"257";"Com vítima";"206,000";"BR-116/SP";"Decrescente";"Colisão traseira";1;0;0;0;0;0;0;0;0;0;1;1;0;0;0
"29/04/2024";"06:06:00";"259";"Com vítima";"43,000";"BR-116/SP";"Crescente";"Queda de moto";0;0;0;1;0;0;0;0;0;0;0;0;2;0;0
"29/04/2024";"07:13:00";"302";"Sem vítima";"227,000";"BR-116/SP";"Crescente";"Engavetamento";2;0;0;0;0;0;0;0;0;0;2;0;0;0;0
"29/04/2024";"08:24:00";"350";"Sem vítima";"102,000";"BR-116/SP";"Crescente";"Engavetamento";1;0;2;0;0;1;0;0;0;0;4;0;0;0;0
"29/04/2024";"08:58:00";"360";"Com vítima";"197,000";"BR-116/SP";"Crescente";"Colisão traseira";0;0;1;1;0;0;0;0;0;0;2;1;0;0;0
"29/04/2024";"09:07:00";"365";"Com vítima";"99,000";"BR-116/SP";"Decrescente";"Engavetamento";3;0;0;0;0;0;0;0;0;0;2;2;0;0;0
"29/04/2024";"10:09:00";"392";"Sem vítima";"223,000";"BR-116/SP";"Decrescente";"Colisão traseira";2;0;0;0;0;0;0;0;0;0;4;0;0;0;0
"29/04/2024";"01:24:00";"478";"Com vítima";"471,000";"BR-101/SP";"Decrescente";"Atropelamento de pedestre";0;0;0;1;0;0;0;0;0;0;0;1;0;0;0
"29/04/2024";"02:04:00";"507";"Com vítima";"217,000";"BR-116/SP";"Decrescente";"Colisão lateral em sentido contrário";1;0;0;1;0;0;0;0;0;0;1;1;0;0;0
"29/04/2024";"03:35:00";"562";"Sem vítima";"323,000";"BR-116/SP";"Crescente";"Colisão lateral em sentido contrário";1;0;1;0;0;0;0;0;0;0;0;0;0;0;0
"29/04/2024";"04:54:00";"604";"Sem vítima";"150,000";"BR-116/SP";"Decrescente";"Capotamento";1;0;0;0;0;0;0;0;0;0;1;0;0;0;0
"29/04/2024";"04:57:00";"606";"Com vítima";"220,000";"BR-116/SP";"Crescente";"Colisão lateral em sentido contrário";1;0;0;0;0;0;0;1;0;0;1;0;1;1;0
"29/04/2024";"05:31:00";"625";"Com vítima";"150,000";"BR-116/SP";"Decrescente";"Engavetamento";3;0;0;0;0;0;0;0;0;0;3;2;0;1;0
"29/04/2024";"07:26:00";"660";"Com vítima";"216,000";"BR-116/SP";"Crescente";"Colisão traseira";2;0;0;0;0;0;0;0;0;0;3;1;0;0;0
"29/04/2024";"08:26:00";"659";"Sem vítima";"156,000";"BR-116/SP";"Crescente";"Colisão lateral em sentido contrário";1;0;0;0;0;0;0;1;0;0;3;0;0;0;0
"30/04/2024";"01:00:00";"73";"Com vítima";"216,000";"BR-116/SP";"Decrescente";"Colisão traseira";0;0;1;0;0;1;0;1;0;0;0;1;1;0;0
"30/04/2024";"01:07:00";"77";"Com vítima";"220,000";"BR-116/SP";"Crescente";"Colisão lateral em sentido contrário";1;0;2;0;0;0;0;0;0;0;1;2;0;0;0
"30/04/2024";"02:31:00";"98";"Sem vítima";"184,000";"BR-116/SP";"Decrescente";"Acidentes de outra natureza";0;0;1;0;0;0;0;0;0;0;0;0;0;0;0
"30/04/2024";"04:23:00";"156";"Sem vítima";"248,000";"BR-116/SP";"Decrescente";"Acidentes de outra natureza";0;0;1;0;0;0;0;0;0;0;0;0;0;0;0
"30/04/2024";"04:36:00";"165";"Com vítima";"144,000";"BR-116/SP";"Crescente";"Colisão traseira";1;0;1;0;0;0;0;0;0;0;6;2;0;0;0
"30/04/2024";"05:03:00";"192";"Com vítima";"218,000";"BR-116/SP";"Crescente";"Colisão lateral em sentido contrário";0;0;0;1;0;0;0;0;0;0;0;0;1;0;0
"30/04/2024";"05:46:00";"232";"Sem vítima";"137,000";"BR-116/SP";"Decrescente";"Acidentes de outra natureza";1;0;0;0;0;0;0;0;0;0;0;0;0;0;0
"30/04/2024";"06:11:00";"254";"Sem vítima";"148,000";"BR-116/SP";"Crescente";"Engavetamento";2;0;0;0;0;0;0;0;0;0;2;0;0;0;0
"30/04/2024";"06:13:00";"255";"Com vítima";"226,300";"BR-116/SP";"Crescente";"Tombamento";0;0;2;0;0;0;0;0;0;0;1;1;0;0;0
"30/04/2024";"08:44:00";"332";"Com vítima";"99,000";"BR-116/SP";"Crescente";"Colisão lateral em sentido contrário";1;0;0;1;0;0;0;0;0;0;1;2;0;0;0
"30/04/2024";"08:56:00";"334";"Com vítima";"223,000";"BR-116/SP";"Decrescente";"Colisão traseira";1;0;0;1;0;0;0;0;0;0;1;0;1;0;0
"30/04/2024";"09:13:00";"341";"Sem vítima";"231,000";"BR-116/SP";"Crescente";"Colisão lateral em sentido contrário";1;0;0;0;0;0;0;0;0;0;1;0;0;0;0
"30/04/2024";"10:19:00";"379";"Sem vítima";"416,000";"BR-101/SP";"Crescente";"Colisão lateral em sentido contrário";1;0;1;0;0;0;0;0;0;0;2;0;0;0;0
"30/04/2024";"11:55:00";"432";"Com vítima";"132,000";"BR-116/SP";"Decrescente";"Colisão traseira";1;0;0;0;0;0;0;0;0;1;2;0;1;0;0
"30/04/2024";"12:04:00";"439";"Sem vítima";"545,000";"BR-101/SP";"Crescente";"Colisão traseira";2;0;0;0;0;0;0;0;0;0;3;0;0;0;0
"30/04/2024";"01:37:00";"484";"Sem vítima";"485,000";"BR-101/SP";"Decrescente";"Colisão traseira";2;0;0;0;0;0;0;0;0;0;2;0;0;0;0
"30/04/2024";"03:31:00";"540";"Com vítima";"217,000";"BR-116/SP";"Decrescente";"Acidentes de outra natureza";0;0;0;1;0;0;0;0;0;0;0;1;0;0;0
"30/04/2024";"04:41:00";"570";"Sem vítima";"107,000";"BR-116/SP";"Crescente";"Colisão traseira";1;0;0;0;0;0;0;0;0;1;8;0;0;0;0
"30/04/2024";"09:00:00";"144";"Sem vítima";"41,700";"BR-116/SP";"Decrescente";"Choque";0;0;0;0;0;0;0;0;0;1;1;0;0;0;0
"30/04/2024";"10:17:00";"40";"Com vítima";"256,580";"BR-116/SP";"Crescente";"Colisão traseira";0;0;2;0;0;0;0;0;0;0;0;2;0;0;0
"30/04/2024";"10:43:00";"44";"Com vítima";"408,900";"BR-101/SP";"Crescente";"Colisão lateral em sentido contrário";1;0;0;1;0;0;0;0;0;0;1;2;0;0;0
"30/04/2024";"11:05:00";"47";"Sem vítima";"256,580";"BR-116/SP";"Crescente";"Colisão traseira";0;0;2;0;0;0;0;0;0;0;0;0;0;0;0
"01/05/2024";"02:21:00";"77";"Com vítima";"30,100";"BR-116/SP";"Crescente";"Colisão traseira";1;0;1;0;0;0;0;0;0;0;1;1;0;2;0
"01/05/2024";"02:33:00";"81";"Com vítima";"230,000";"BR-116/SP";"Decrescente";"Atropelamento de pedestre";0;1;0;0;0;0;0;0;0;0;0;0;0;0;0
"01/05/2024";"06:28:00";"194";"Com vítima";"529,000";"BR-101/SP";"Crescente";"Choque";1;0;0;0;0;0;0;0;0;0;2;0;1;0;0
"01/05/2024";"06:36:00";"197";"Sem vítima";"230,000";"BR-116/SP";"Crescente";"Colisão traseira";0;0;0;1;0;0;0;0;0;0;0;0;0;0;0
"01/05/2024";"06:40:00";"199";"Com vítima";"230,000";"BR-116/SP";"Crescente";"Colisão traseira";0;0;0;1;0;0;0;0;0;0;0;0;1;0;0
"01/05/2024";"09:27:00";"283";"Sem vítima";"156,000";"BR-116/SP";"Decrescente";"Capotamento";1;0;0;0;0;0;0;0;0;0;2;0;0;0;0
"01/05/2024";"09:55:00";"292";"Com vítima";"150,000";"BR-116/SP";"Crescente";"Colisão traseira";0;0;0;1;0;0;0;0;0;0;0;0;1;0;0
"01/05/2024";"10:02:00";"296";"Sem vítima";"155,000";"BR-116/SP";"Crescente";"Colisão traseira";1;0;0;0;0;0;0;1;0;0;3;0;0;0;0
"01/05/2024";"11:57:00";"342";"Com vítima";"109,300";"BR-116/SP";"Decrescente";"Acidentes de outra natureza";0;0;0;1;0;0;0;0;0;0;0;2;0;0;0
"01/05/2024";"01:28:00";"388";"Com vítima";"46,500";"BR-101/SP";"Decrescente";"Atropelamento de pedestre";1;1;0;0;0;0;0;0;0;0;4;0;0;0;0
"01/05/2024";"03:25:00";"458";"Com vítima";"388,000";"BR-101/SP";"Decrescente";"Engavetamento";4;0;0;0;0;0;0;0;0;0;3;0;1;0;0
"01/05/2024";"04:38:00";"486";"Com vítima";"146,000";"BR-116/SP";"Crescente";"Atropelamento de pedestre";1;1;2;0;0;0;0;0;0;0;4;1;0;0;0
"01/05/2024";"08:54:00";"563";"Com vítima";"135,600";"BR-116/SP";"Decrescente";"Choque";1;0;0;0;0;0;0;0;0;0;0;1;0;0;0
"02/05/2024";"03:06:00";"92";"Com vítima";"223,000";"BR-116/SP";"Crescente";"Colisão lateral em sentido contrário";1;0;0;1;0;0;0;0;0;0;1;1;0;0;0
"02/05/2024";"03:33:00";"112";"Sem vítima";"293,900";"BR-116/SP";"Decrescente";"Colisão lateral em sentido contrário";0;0;0;0;0;0;0;2;0;0;2;0;0;0;0
"02/05/2024";"03:39:00";"118";"Com vítima";"280,600";"BR-116/SP";"Decrescente";"Choque";1;0;0;0;0;0;0;0;0;0;0;1;0;0;0
"02/05/2024";"04:35:00";"167";"Com vítima";"141,600";"BR-116/SP";"Decrescente";"Colisão lateral em sentido contrário";3;0;0;0;0;0;0;0;0;0;2;1;0;0;0
"02/05/2024";"04:50:00";"179";"Com vítima";"217,000";"BR-116/SP";"Decrescente";"Choque";0;0;0;1;0;0;0;0;0;0;0;0;1;0;0
"02/05/2024";"05:08:00";"196";"Sem vítima";"146,400";"BR-116/SP";"Decrescente";"Engavetamento";3;0;0;0;0;0;0;0;0;0;3;0;0;0;0
"02/05/2024";"05:21:00";"211";"Sem vítima";"486,000";"BR-101/SP";"Decrescente";"Colisão traseira";2;0;0;0;0;0;0;0;0;0;3;0;0;0;0
"02/05/2024";"10:23:00";"411";"Sem vítima";"201,000";"BR-116/SP";"Crescente";"Tombamento";0;0;1;0;0;0;0;0;0;0;1;0;0;0;0
"02/05/2024";"01:39:00";"533";"Sem vítima";"111,000";"BR-116/SP";"Crescente";"Acidentes de outra natureza";0;0;0;1;0;0;0;0;0;0;0;0;0;0;0
"02/05/2024";"01:40:00";"534";"Sem vítima";"122,500";"BR-116/SP";"Decrescente";"Engavetamento";3;0;0;0;0;0;0;0;0;0;5;0;0;0;0
"02/05/2024";"02:33:00";"558";"Com vítima";"135,300";"BR-116/SP";"Crescente";"Colisão traseira";1;0;0;1;0;0;0;0;0;0;1;0;2;0;0
"02/05/2024";"03:02:00";"572";"Com vítima";"264,000";"BR-116/SP";"Crescente";"Colisão lateral em sentido contrário";1;0;0;0;0;0;0;0;0;0;1;0;1;0;0
"02/05/2024";"04:43:00";"630";"Sem vítima";"217,000";"BR-116/SP";"Decrescente";"Engavetamento";3;0;0;0;0;0;0;0;0;0;3;0;0;0;0
"02/05/2024";"06:53:00";"677";"Com vítima";"157,000";"BR-116/SP";"Decrescente";"Colisão traseira";1;0;1;0;0;0;0;0;0;0;1;0;1;0;1
"02/05/2024";"09:00:00";"268";"Com vítima";"495,000";"BR-101/SP";"Decrescente";"Engavetamento";2;0;0;0;1;0;0;0;0;0;3;1;0;0;0
"02/05/2024";"09:00:00";"662";"Com vítima";"322,300";"BR-116/SP";"Decrescente";"Choque";1;0;0;0;0;0;0;0;0;0;0;2;0;0;0
"02/05/2024";"11:22:00";"58";"Com vítima";"80,400";"BR-116/SP";"Crescente";"Engavetamento";0;0;3;0;0;0;0;0;0;0;0;0;1;0;0
"03/05/2024";"03:59:00";"146";"Com vítima";"219,500";"BR-116/SP";"Crescente";"Colisão lateral em sentido contrário";1;0;0;1;0;0;0;0;0;0;4;0;1;0;0
"03/05/2024";"04:14:00";"162";"Com vítima";"312,000";"BR-116/SP";"Crescente";"Colisão traseira";0;0;0;2;0;0;0;0;0;0;0;2;0;0;0
"03/05/2024";"04:28:00";"174";"Com vítima";"155,000";"BR-116/SP";"Crescente";"Colisão traseira";0;0;0;1;0;0;0;0;0;0;0;1;0;0;0
"03/05/2024";"04:29:00";"175";"Sem vítima";"234,000";"BR-116/SP";"Decrescente";"Choque";0;0;1;0;0;0;0;0;0;0;1;0;0;0;0
"03/05/2024";"05:08:00";"209";"Com vítima";"211,950";"BR-116/SP";"Crescente";"Choque";0;0;0;1;0;0;0;0;0;0;0;0;1;0;0
"03/05/2024";"05:10:00";"210";"Sem vítima";"399,000";"BR-101/SP";"Decrescente";"Colisão traseira";2;0;0;0;0;0;0;0;0;0;2;0;0;0;0
"03/05/2024";"06:37:00";"282";"Sem vítima";"155,500";"BR-116/SP";"Crescente";"Colisão lateral em sentido contrário";1;0;0;0;0;0;0;0;0;0;1;0;0;0;0
"03/05/2024";"07:28:00";"310";"Sem vítima";"78,000";"BR-116/SP";"Decrescente";"Choque";1;0;0;0;0;0;0;0;0;0;1;0;0;0;0
"03/05/2024";"11:08:00";"445";"Sem vítima";"117,350";"BR-116/SP";"Decrescente";"Colisão traseira";1;0;0;0;0;0;0;0;0;0;1;0;0;0;0
"03/05/2024";"12:47:00";"504";"Com vítima";"215,000";"BR-116/SP";"Crescente";"Choque";0;0;0;1;0;0;0;0;0;0;0;1;0;0;0
"03/05/2024";"01:24:00";"524";"Com vítima";"113,900";"BR-116/SP";"Decrescente";"Colisão traseira";1;0;0;1;0;0;0;0;0;0;2;0;1;0;0
"03/05/2024";"04:10:00";"611";"Com vítima";"217,000";"BR-116/SP";"Decrescente";"Acidentes de outra natureza";0;0;0;1;0;0;0;0;0;0;0;1;0;0;0
"03/05/2024";"04:14:00";"614";"Com vítima";"306,000";"BR-116/SP";"Decrescente";"Colisão traseira";1;0;0;1;0;0;0;0;0;0;0;2;0;0;0
"03/05/2024";"04:20:00";"619";"Sem vítima";"116,400";"BR-116/SP";"Crescente";"Colisão traseira";2;0;0;0;0;0;0;0;0;0;0;0;0;0;0
"03/05/2024";"04:41:00";"631";"Com vítima";"153,600";"BR-116/SP";"Crescente";"Acidentes de outra natureza";0;0;0;1;0;0;0;0;0;0;1;0;1;0;0
"03/05/2024";"04:56:00";"643";"Sem vítima";"496,100";"BR-101/SP";"Crescente";"Choque";1;0;0;0;0;0;0;0;0;0;3;0;0;0;0
"03/05/2024";"05:47:00";"668";"Sem vítima";"223,000";"BR-116/SP";"Crescente";"Choque";2;0;0;0;0;0;0;0;0;0;2;0;0;0;0
"03/05/2024";"06:37:00";"685";"Sem vítima";"216,000";"BR-116/SP";"Decrescente";"Colisão traseira";2;0;0;0;0;0;0;0;0;0;0;0;0;0;0
"03/05/2024";"07:35:00";"712";"Sem vítima";"281,200";"BR-116/SP";"Crescente";"Choque";1;0;0;0;0;0;0;0;0;0;1;0;0;0;0
"03/05/2024";"10:03:00";"41";"Sem vítima";"112,500";"BR-116/SP";"Crescente";"Choque";1;0;0;0;0;0;0;0;0;0;0;0;0;0;0
"03/05/2024";"11:10:00";"54";"Sem vítima";"405,000";"BR-101/SP";"Decrescente";"Atropelamento de pedestre";2;0;0;0;0;0;0;0;0;0;2;0;0;0;0
"03/05/2024";"11:16:00";"56";"Sem vítima";"217,000";"BR-116/SP";"Decrescente";"Colisão traseira";2;0;0;0;0;0;0;0;0;0;2;0;0;0;0
"03/05/2024";"11:41:00";"61";"Com vítima";"387,000";"BR-101/SP";"Crescente";"Colisão lateral em sentido contrário";2;0;0;0;0;0;0;0;0;0;2;1;0;0;0
"04/05/2024";"03:17:00";"101";"Sem vítima";"165,500";"BR-116/SP";"Decrescente";"Colisão traseira";1;0;0;0;1;0;0;0;0;0;46;0;0;0;0
"04/05/2024";"03:18:00";"102";"Com vítima";"99,200";"BR-116/SP";"Decrescente";"Colisão traseira";1;0;1;0;0;0;0;0;0;0;3;1;0;0;0
"04/05/2024";"03:31:00";"107";"Com vítima";"390,000";"BR-101/SP";"Decrescente";"Atropelamento de pedestre";0;0;0;1;0;0;0;0;0;0;0;2;0;0;0
"04/05/2024";"04:10:00";"130";"Com vítima";"78,200";"BR-116/SP";"Crescente";"Acidentes de outra natureza";0;0;0;1;0;0;0;0;0;0;0;0;1;0;0
"04/05/2024";"05:22:00";"169";"Com vítima";"223,000";"BR-116/SP";"Decrescente";"Colisão traseira";0;0;0;1;0;0;0;0;0;0;0;1;0;0;0
"04/05/2024";"06:18:00";"198";"Com vítima";"51,200";"BR-101/SP";"Crescente";"Colisão traseira";1;0;0;1;0;0;0;0;0;0;0;2;0;0;0
"04/05/2024";"06:58:00";"215";"Sem vítima";"205,000";"BR-116/SP";"Decrescente";"Acidentes de outra natureza";0;0;1;0;0;0;0;0;0;0;0;0;0;0;0
"04/05/2024";"07:18:00";"226";"Sem vítima";"145,000";"BR-116/SP";"Crescente";"Colisão lateral em sentido contrário";2;0;0;0;0;0;0;0;0;0;2;0;0;0;0
"04/05/2024";"08:19:00";"265";"Sem vítima";"229,100";"BR-116/SP";"Decrescente";"Tombamento";0;0;1;0;0;0;0;0;0;0;1;0;0;0;0
"04/05/2024";"09:28:00";"299";"Sem vítima";"252,300";"BR-116/SP";"Crescente";"Colisão traseira";0;0;1;1;0;0;0;0;0;0;3;0;0;0;0
"04/05/2024";"09:34:00";"301";"Com vítima";"35,000";"BR-101/SP";"Crescente";"Acidentes de outra natureza";0;0;0;1;0;0;0;0;0;0;0;1;0;0;0
"04/05/2024";"11:58:00";"378";"Sem vítima";"159,000";"BR-116/SP";"Crescente";"Colisão lateral em sentido contrário";1;0;0;0;0;0;0;0;0;0;1;0;0;0;0
"04/05/2024";"01:08:00";"406";"Com vítima";"443,000";"BR-101/SP";"Decrescente";"Acidentes de outra natureza";0;0;0;1;0;0;0;0;0;0;0;1;1;0;0
"04/05/2024";"02:13:00";"430";"Sem vítima";"182,300";"BR-116/SP";"Decrescente";"Colisão traseira";1;0;0;0;0;0;0;0;0;0;3;0;0;0;0
"04/05/2024";"02:39:00";"440";"Sem vítima";"107,650";"BR-116/SP";"Decrescente";"Capotamento";1;0;0;0;0;0;0;0;0;0;1;0;0;0;0
"04/05/2024";"04:12:00";"467";"Com vítima";"220,000";"BR-116/SP";"Decrescente";"Colisão traseira";1;0;0;1;0;0;0;0;0;0;1;1;0;0;0
"04/05/2024";"04:23:00";"470";"Com vítima";"157,000";"BR-116/SP";"Crescente";"Engavetamento";2;0;0;0;0;0;0;0;0;0;3;1;0;0;0
"04/05/2024";"06:20:00";"507";"Sem vítima";"245,450";"BR-116/SP";"Decrescente";"Tombamento";0;0;0;0;0;0;0;1;0;0;1;0;0;0;0
"04/05/2024";"06:31:00";"509";"Sem vítima";"245,500";"BR-116/SP";"Decrescente";"Choque";1;0;0;0;0;0;0;0;0;0;1;0;0;0;0