data;horario;n_da_ocorrencia;tipo_de_ocorrencia;km;trecho;sentido;tipo_de_acidente;automovel;bicicleta;caminhao;moto;onibus;outros;tracao_animal;transporte_de_cargas_especiais;trator_maquinas;utilitarios;ilesos;levemente_feridos;moderadamente_feridos;gravemente_feridos;mortos
"04/05/2024";"09:58:00";"41";"Com vítima";"151,000";"BR-116/SP";"Crescente";"Colisão traseira";2;0;0;0;0;0;0;0;0;0;5;2;0;0;0
"05/05/2024";"12:02:00";"59";"Com vítima";"133,550";"BR-116/SP";"Crescente";"Engavetamento";4;0;0;0;0;0;0;0;0;0;6;0;1;0;0
"05/05/2024";"01:04:00";"71";"Com vítima";"108,900";"BR-116/SP";"Decrescente";"Capotamento";1;0;0;0;0;0;0;0;0;0;0;1;0;0;0
"05/05/2024";"01:52:00";"78";"Com vítima";"119,400";"BR-116/SP";"Decrescente";"Capotamento";1;0;0;0;0;0;0;0;0;0;0;1;0;0;0
"05/05/2024";"03:36:00";"93";"Com vítima";"143,200";"BR-116/SP";"Decrescente";"Colisão traseira";2;0;0;0;0;0;0;0;0;0;2;1;0;0;0
"05/05/2024";"03:52:00";"98";"Sem vítima";"143,000";"BR-116/SP";"Decrescente";"Colisão traseira";1;0;0;0;0;0;0;0;0;0;0;0;0;0;0
"05/05/2024";"05:04:00";"123";"Com vítima";"489,000";"BR-101/SP";"Crescente";"Colisão traseira";2;0;0;1;0;0;0;0;0;0;2;0;2;0;0
"05/05/2024";"06:02:00";"137";"Sem vítima";"463,000";"BR-101/SP";"Crescente";"Choque";1;0;0;0;0;0;0;0;0;0;0;0;0;0;0
"05/05/2024";"07:07:00";"157";"Com vítima";"214,800";"BR-116/SP";"Decrescente";"Capotamento";1;0;0;0;0;0;0;0;0;0;0;5;0;0;0
"05/05/2024";"10:12:00";"219";"Com vítima";"145,000";"BR-116/SP";"Crescente";"Colisão traseira";1;0;0;1;0;0;0;0;0;0;2;0;0;1;0
"05/05/2024";"10:22:00";"221";"Com vítima";"107,000";"BR-116/SP";"Crescente";"Colisão lateral em sentido contrário";2;0;0;0;1;0;0;0;0;0;51;2;0;0;0
"05/05/2024";"11:02:00";"242";"Com vítima";"108,000";"BR-116/SP";"Crescente";"Colisão lateral em sentido contrário";1;0;0;0;0;0;0;0;0;0;0;2;2;0;0
"05/05/2024";"11:15:00";"250";"Sem vítima";"145,000";"BR-116/SP";"Crescente";"Engavetamento";3;0;0;0;0;0;0;0;0;0;4;0;0;0;0
"05/05/2024";"11:15:00";"251";"Com vítima";"45,500";"BR-101/SP";"Crescente";"Colisão lateral em sentido contrário";1;0;0;1;0;0;0;0;0;0;2;1;0;0;0
"05/05/2024";"12:15:00";"265";"Com vítima";"229,000";"BR-116/SP";"Decrescente";"Acidentes de outra natureza";0;0;0;1;0;0;0;0;0;0;0;1;0;1;0
"05/05/2024";"01:06:00";"295";"Sem vítima";"98,100";"BR-116/SP";"Crescente";"Colisão traseira";1;0;0;0;0;0;0;0;0;0;1;0;0;0;0
"05/05/2024";"01:28:00";"304";"Sem vítima";"124,000";"BR-116/SP";"Decrescente";"Capotamento";1;0;0;0;0;0;0;0;0;0;1;0;0;0;0
"05/05/2024";"02:08:00";"323";"Com vítima";"108,500";"BR-116/SP";"Crescente";"Engavetamento";2;0;0;1;0;0;0;0;0;0;4;1;1;0;0
"05/05/2024";"02:11:00";"326";"Sem vítima";"88,300";"BR-116/SP";"Crescente";"Colisão traseira";0;0;0;0;0;0;0;0;0;1;1;0;0;0;0
"05/05/2024";"02:38:00";"337";"Sem vítima";"486,000";"BR-101/SP";"Crescente";"Colisão traseira";2;0;0;0;0;0;0;0;0;0;5;0;0;0;0
"05/05/2024";"03:42:00";"380";"Com vítima";"101,600";"BR-116/SP";"Decrescente";"Acidentes de outra natureza";0;0;0;1;0;0;0;1;0;0;2;0;1;0;0
"05/05/2024";"03:56:00";"389";"Sem vítima";"158,200";"BR-116/SP";"Decrescente";"Colisão traseira";0;0;2;0;0;0;0;0;0;0;2;0;0;0;0
"05/05/2024";"08:19:00";"475";"Sem vítima";"227,000";"BR-116/SP";"Decrescente";"Colisão lateral em sentido contrário";2;0;0;0;0;0;0;0;0;0;1;0;0;0;0
"05/05/2024";"08:26:00";"476";"Com vítima";"473,500";"BR-101/SP";"Crescente";"Colisão frontal";0;0;0;2;0;0;0;0;0;0;0;0;0;2;0
"05/05/2024";"09:00:00";"457";"Com vítima";"193,400";"BR-116/SP";"Decrescente";"Acidentes de outra natureza";0;0;0;1;0;0;0;0;0;0;0;1;0;0;0
"05/05/2024";"11:52:00";"52";"Sem vítima";"29,800";"BR-116/SP";"Decrescente";"Choque";1;0;0;0;0;0;0;0;0;0;3;0;0;0;0
"06/05/2024";"04:48:00";"173";"Com vítima";"317,000";"BR-116/SP";"Decrescente";"Colisão lateral em sentido contrário";0;0;0;1;1;0;0;0;0;0;1;0;1;0;0
"06/05/2024";"04:50:00";"176";"Sem vítima";"210,000";"BR-116/SP";"Decrescente";"Acidentes de outra natureza";1;0;0;0;0;0;0;0;0;0;0;0;0;0;0
"06/05/2024";"05:16:00";"198";"Sem vítima";"211,700";"BR-116/SP";"Decrescente";"Engavetamento";1;0;1;0;0;0;0;0;0;0;3;0;0;0;0
"06/05/2024";"06:15:00";"239";"Sem vítima";"256,000";"BR-116/SP";"Decrescente";"Choque";1;0;0;0;0;0;0;0;0;0;2;0;0;0;0
"06/05/2024";"08:18:00";"313";"Sem vítima";"219,000";"BR-116/SP";"Decrescente";"Colisão lateral em sentido contrário";0;0;1;0;0;0;0;0;0;1;2;0;0;0;0
"06/05/2024";"12:22:00";"443";"Com vítima";"221,000";"BR-116/SP";"Decrescente";"Colisão traseira";1;0;0;1;0;0;0;0;0;0;1;1;0;0;0
"06/05/2024";"04:08:00";"551";"Sem vítima";"232,300";"BR-116/SP";"Decrescente";"Choque";1;0;0;0;0;0;0;0;0;0;1;0;0;0;0
"06/05/2024";"05:00:00";"576";"Com vítima";"389,000";"BR-101/SP";"Decrescente";"Colisão traseira";1;0;0;1;0;0;0;0;0;0;3;0;1;0;0
"06/05/2024";"07:15:00";"622";"Sem vítima";"199,100";"BR-116/SP";"Crescente";"Colisão traseira";0;0;2;0;0;0;0;0;0;0;5;0;0;0;0
"07/05/2024";"02:19:00";"76";"Sem vítima";"222,000";"BR-116/SP";"Decrescente";"Choque";1;0;0;0;0;0;0;0;0;0;2;0;0;0;0
"07/05/2024";"02:46:00";"85";"Sem vítima";"264,600";"BR-116/SP";"Decrescente";"Choque";1;0;0;0;0;0;0;0;0;0;0;0;0;0;0
"07/05/2024";"03:56:00";"135";"Sem vítima";"219,000";"BR-116/SP";"Crescente";"Colisão traseira";1;0;0;1;0;0;0;0;0;0;2;0;0;0;0
"07/05/2024";"04:06:00";"142";"Com vítima";"229,000";"BR-116/SP";"Crescente";"Acidentes de outra natureza";0;0;0;1;0;0;0;0;0;0;0;1;0;0;0
"07/05/2024";"05:03:00";"190";"Com vítima";"216,000";"BR-116/SP";"Crescente";"Colisão traseira";0;0;0;3;0;0;0;0;0;0;0;5;0;0;0
"07/05/2024";"05:18:00";"210";"Sem vítima";"147,450";"BR-116/SP";"Crescente";"Colisão traseira";1;0;0;0;0;0;0;0;0;0;1;0;0;0;0
"07/05/2024";"05:37:00";"225";"Sem vítima";"229,000";"BR-116/SP";"Decrescente";"Choque";0;0;1;0;0;0;0;0;0;0;1;0;0;0;0
"07/05/2024";"06:58:00";"287";"Sem vítima";"199,000";"BR-116/SP";"Decrescente";"Colisão lateral em sentido contrário";1;0;0;0;0;0;0;0;0;0;1;0;0;0;0
"07/05/2024";"08:40:00";"352";"Com vítima";"157,000";"BR-116/SP";"Decrescente";"Colisão traseira";1;0;0;1;0;0;0;0;0;0;2;1;0;0;0
"07/05/2024";"08:58:00";"362";"Com vítima";"428,000";"BR-101/SP";"Decrescente";"Colisão frontal";0;0;1;1;0;0;0;0;0;0;4;1;0;0;0
"07/05/2024";"11:54:00";"453";"Sem vítima";"120,000";"BR-116/SP";"Decrescente";"Colisão traseira";0;0;1;0;0;0;0;0;0;0;1;0;0;0;0
"07/05/2024";"03:18:00";"549";"Sem vítima";"472,000";"BR-101/SP";"Crescente";"Colisão traseira";1;0;0;1;0;0;0;0;0;0;2;0;0;0;0
"07/05/2024";"03:23:00";"555";"Com vítima";"217,000";"BR-116/SP";"Decrescente";"Engavetamento";1;0;1;0;0;0;0;0;0;1;5;3;0;0;0
"07/05/2024";"05:17:00";"616";"Sem vítima";"272,600";"BR-116/SP";"Crescente";"Choque";0;0;1;0;0;0;0;0;0;0;1;0;0;0;0
"07/05/2024";"05:46:00";"626";"Com vítima";"262,700";"BR-116/SP";"Crescente";"Choque";0;0;1;0;0;0;0;0;0;0;0;1;0;0;0
"07/05/2024";"09:37:00";"36";"Sem vítima";"121,500";"BR-116/SP";"Decrescente";"Colisão traseira";1;0;1;0;0;0;0;0;0;0;2;0;0;0;0
"08/05/2024";"12:51:00";"62";"Com vítima";"51,000";"BR-101/SP";"Decrescente";"Capotamento";1;0;0;0;0;0;0;0;0;0;0;0;0;1;0
"08/05/2024";"02:34:00";"81";"Sem vítima";"271,000";"BR-116/SP";"Decrescente";"Tombamento";0;0;1;0;0;0;0;0;0;0;0;0;0;0;0
"08/05/2024";"03:11:00";"99";"Com vítima";"207,500";"BR-116/SP";"Crescente";"Colisão lateral em sentido contrário";0;0;0;1;0;0;0;0;0;0;0;1;0;0;0
"08/05/2024";"03:55:00";"138";"Com vítima";"229,800";"BR-116/SP";"Decrescente";"Engavetamento";0;0;4;0;0;0;0;0;0;0;2;0;1;0;0
"08/05/2024";"03:59:00";"144";"Com vítima";"53,000";"BR-116/SP";"Decrescente";"Colisão lateral em sentido contrário";1;0;0;1;0;0;0;0;0;0;1;0;1;0;0
"08/05/2024";"04:06:00";"152";"Sem vítima";"182,300";"BR-116/SP";"Decrescente";"Engavetamento";0;0;2;0;0;0;0;0;0;0;3;0;0;0;0
"08/05/2024";"04:46:00";"185";"Com vítima";"150,000";"BR-116/SP";"Decrescente";"Colisão traseira";1;0;0;0;0;0;0;0;0;0;1;1;0;0;0
"08/05/2024";"05:53:00";"240";"Sem vítima";"487,000";"BR-101/SP";"Decrescente";"Engavetamento";3;0;0;0;0;0;0;0;0;0;3;0;0;0;0
"08/05/2024";"06:32:00";"267";"Com vítima";"577,000";"BR-101/SP";"Decrescente";"Colisão traseira";1;0;0;1;0;0;0;0;0;0;3;0;0;1;0
"08/05/2024";"07:03:00";"291";"Sem vítima";"224,000";"BR-116/SP";"Crescente";"Colisão lateral em sentido contrário";1;0;1;0;0;0;0;0;0;0;2;0;0;0;0
"08/05/2024";"07:08:00";"294";"Sem vítima";"470,000";"BR-101/SP";"Crescente";"Colisão lateral em sentido contrário";2;0;0;0;0;0;0;0;0;0;4;0;0;0;0
"08/05/2024";"07:35:00";"317";"Sem vítima";"165,200";"BR-116/SP";"Crescente";"Colisão traseira";1;0;1;0;0;0;0;0;0;0;2;0;0;0;0
"08/05/2024";"08:47:00";"359";"Sem vítima";"429,000";"BR-101/SP";"Decrescente";"Choque";0;0;0;0;0;0;0;0;0;1;2;0;0;0;0
"08/05/2024";"11:08:00";"452";"Sem vítima";"159,500";"BR-116/SP";"Decrescente";"Colisão traseira";2;0;0;0;0;0;0;0;0;0;2;0;0;0;0
"08/05/2024";"11:31:00";"471";"Com vítima";"498,000";"BR-101/SP";"Crescente";"Atropelamento de pedestre";1;0;0;0;0;0;0;0;0;0;1;1;0;0;0
"08/05/2024";"02:26:00";"567";"Sem vítima";"126,000";"BR-116/SP";"Crescente";"Colisão lateral em sentido contrário";1;0;1;0;0;0;0;0;0;0;0;0;0;0;0
"08/05/2024";"03:08:00";"594";"Com vítima";"114,000";"BR-116/SP";"Decrescente";"Colisão lateral em sentido contrário";1;0;0;1;0;0;0;0;0;0;0;1;0;0;0
"08/05/2024";"03:44:00";"620";"Sem vítima";"54,000";"BR-116/SP";"Decrescente";"Colisão lateral em sentido contrário";1;0;0;0;0;0;0;0;0;0;0;0;0;0;0
"08/05/2024";"04:17:00";"638";"Sem vítima";"205,000";"BR-116/SP";"Crescente";"Colisão traseira";0;0;1;0;0;0;0;0;0;0;2;0;0;0;0
"08/05/2024";"05:24:00";"675";"Sem vítima";"180,800";"BR-116/SP";"Crescente";"Colisão traseira";2;0;0;0;0;0;0;0;0;0;6;0;0;0;0
"08/05/2024";"09:00:00";"582";"Com vítima";"313,500";"BR-116/SP";"Crescente";"Colisão traseira";1;0;0;1;0;0;0;0;0;0;1;1;0;0;0
"08/05/2024";"09:00:00";"638";"Sem vítima";"558,000";"BR-101/SP";"Crescente";"Choque";1;0;0;0;0;0;0;0;0;0;1;0;0;0;0
"08/05/2024";"09:54:00";"37";"Sem vítima";"526,000";"BR-101/SP";"Crescente";"Choque";1;0;0;0;0;0;0;0;0;0;1;0;0;0;0
"08/05/2024";"10:26:00";"41";"Com vítima";"93,800";"BR-116/SP";"Decrescente";"Acidentes de outra natureza";0;0;1;0;0;0;0;0;0;0;0;1;0;0;0
"09/05/2024";"01:46:00";"68";"Sem vítima";"218,000";"BR-116/SP";"Decrescente";"Choque";1;0;0;0;0;0;0;0;0;0;2;0;0;0;0
"09/05/2024";"03:46:00";"127";"Com vítima";"159,200";"BR-116/SP";"Decrescente";"Colisão traseira";0;0;1;1;0;0;0;0;0;0;1;1;1;0;0
"09/05/2024";"03:49:00";"130";"Com vítima";"305,000";"BR-116/SP";"Decrescente";"Colisão traseira";1;0;0;1;0;0;0;0;0;0;1;0;1;0;0
"09/05/2024";"04:32:00";"166";"Sem vítima";"305,000";"BR-116/SP";"Decrescente";"Colisão traseira";2;0;0;0;0;0;0;0;0;0;4;0;0;0;0
"09/05/2024";"04:42:00";"175";"Sem vítima";"137,100";"BR-116/SP";"Decrescente";"Colisão traseira";2;0;0;0;0;0;0;0;0;0;1;0;0;0;0
"09/05/2024";"05:44:00";"212";"Sem vítima";"228,000";"BR-116/SP";"Crescente";"Engavetamento";2;0;0;0;0;0;0;0;0;0;2;0;0;0;0
"09/05/2024";"06:46:00";"248";"Com vítima";"123,000";"BR-116/SP";"Crescente";"Atropelamento de pedestre";0;1;0;0;0;0;0;0;0;0;0;0;0;0;0
"09/05/2024";"10:56:00";"380";"Com vítima";"158,450";"BR-116/SP";"Decrescente";"Engavetamento";3;0;0;0;0;0;0;0;0;0;2;1;0;0;0
"09/05/2024";"11:14:00";"389";"Sem vítima";"214,000";"BR-116/SP";"Decrescente";"Colisão lateral em sentido contrário";0;0;2;0;0;0;0;0;0;0;2;0;0;0;0
"09/05/2024";"11:25:00";"394";"Sem vítima";"165,000";"BR-116/SP";"Crescente";"Colisão traseira";0;0;2;0;0;0;0;0;0;0;2;0;0;0;0
"09/05/2024";"03:03:00";"509";"Sem vítima";"587,700";"BR-101/SP";"Crescente";"Atropelamento de pedestre";1;0;0;0;0;0;0;0;0;0;1;0;0;0;0
"09/05/2024";"03:29:00";"523";"Sem vítima";"291,700";"BR-116/SP";"Crescente";"Colisão lateral em sentido contrário";1;0;0;0;0;0;0;0;0;0;1;0;0;0;0
"09/05/2024";"06:29:00";"610";"Com vítima";"579,500";"BR-101/SP";"Crescente";"Colisão frontal";2;0;0;0;0;0;0;0;0;0;0;1;1;2;0
"09/05/2024";"06:37:00";"613";"Com vítima";"334,500";"BR-116/SP";"Crescente";"Tombamento";0;0;0;0;0;0;0;1;0;0;0;1;0;0;0
"09/05/2024";"07:31:00";"630";"Sem vítima";"162,000";"BR-116/SP";"Crescente";"Choque";1;0;0;0;0;0;0;0;0;0;4;0;0;0;0
"09/05/2024";"08:16:00";"642";"Com vítima";"310,000";"BR-116/SP";"Decrescente";"Atropelamento de pedestre";0;0;0;0;0;0;0;0;0;0;0;0;0;1;0
"09/05/2024";"09:00:00";"260";"Com vítima";"24,700";"BR-116/SP";"Crescente";"Colisão traseira";1;0;1;0;0;0;0;0;0;0;2;3;0;0;0
"09/05/2024";"09:00:00";"293";"Com vítima";"471,000";"BR-101/SP";"Crescente";"Colisão traseira";1;0;0;1;0;0;0;0;0;0;1;1;1;0;0
"09/05/2024";"09:16:00";"31";"Com vítima";"295,200";"BR-116/SP";"Decrescente";"Tombamento";0;0;1;0;0;0;0;0;0;0;0;1;0;1;0
"09/05/2024";"11:01:00";"51";"Com vítima";"206,900";"BR-116/SP";"Decrescente";"Atropelamento de pedestre";0;0;0;0;0;0;0;0;0;0;0;0;0;0;1
"10/05/2024";"04:28:00";"178";"Com vítima";"225,000";"BR-116/SP";"Decrescente";"Colisão lateral em sentido contrário";1;0;1;0;0;0;0;0;0;0;2;0;1;0;0
"10/05/2024";"04:43:00";"193";"Com vítima";"23,000";"BR-101/SP";"Decrescente";"Choque";1;0;0;0;0;0;0;0;0;0;0;1;0;0;0
"10/05/2024";"05:04:00";"208";"Com vítima";"229,300";"BR-116/SP";"Decrescente";"Tombamento";0;0;1;0;1;0;0;0;0;0;1;1;0;0;0
"10/05/2024";"06:33:00";"261";"Com vítima";"153,850";"BR-116/SP";"Decrescente";"Capotamento";1;0;0;0;0;0;0;0;0;0;0;1;0;0;0
"10/05/2024";"06:41:00";"265";"Com vítima";"99,500";"BR-116/SP";"Decrescente";"Acidentes de outra natureza";0;0;0;1;0;0;0;0;0;0;0;0;1;0;0
"10/05/2024";"07:25:00";"287";"Sem vítima";"228,800";"BR-116/SP";"Decrescente";"Colisão traseira";0;0;2;0;0;0;0;0;0;0;2;0;0;0;0
"10/05/2024";"08:01:00";"308";"Sem vítima";"119,000";"BR-116/SP";"Crescente";"Engavetamento";2;0;0;0;0;0;0;0;0;0;2;0;0;0;0
"10/05/2024";"08:04:00";"309";"Com vítima";"213,500";"BR-116/SP";"Crescente";"Tombamento";0;0;1;0;0;0;0;0;0;0;0;0;1;0;0
"10/05/2024";"08:07:00";"311";"Sem vítima";"213,000";"BR-116/SP";"Crescente";"Colisão traseira";2;0;0;0;0;0;0;0;0;0;7;0;0;0;0
"10/05/2024";"08:47:00";"330";"Sem vítima";"322,000";"BR-116/SP";"Decrescente";"Acidentes de outra natureza";0;0;0;1;0;0;0;0;0;0;0;0;0;0;0
"10/05/2024";"08:56:00";"333";"Sem vítima";"243,300";"BR-116/SP";"Decrescente";"Engavetamento";2;0;0;0;0;0;0;0;0;0;2;0;0;0;0
"10/05/2024";"09:03:00";"337";"Sem vítima";"214,700";"BR-116/SP";"Decrescente";"Choque";0;0;1;0;0;0;0;0;0;0;1;0;0;0;0
"10/05/2024";"09:55:00";"361";"Sem vítima";"276,000";"BR-116/SP";"Crescente";"Choque";0;0;1;0;0;0;0;0;0;0;1;0;0;0;0
"10/05/2024";"10:52:00";"402";"Sem vítima";"247,000";"BR-116/SP";"Decrescente";"Engavetamento";4;0;1;0;0;0;0;0;0;0;4;0;0;0;0
"10/05/2024";"11:02:00";"410";"Sem vítima";"5,000";"BR-116/SP";"Crescente";"Choque";1;0;0;0;0;0;0;0;0;0;3;0;0;0;0
"10/05/2024";"11:28:00";"422";"Sem vítima";"100,200";"BR-116/SP";"Decrescente";"Choque";0;0;0;1;0;0;0;0;0;0;1;0;0;0;0
"10/05/2024";"11:50:00";"434";"Sem vítima";"100,200";"BR-116/SP";"Decrescente";"Choque";1;0;0;0;0;0;0;0;0;0;1;0;0;0;0
"10/05/2024";"01:20:00";"484";"Sem vítima";"265,000";"BR-116/SP";"Decrescente";"Colisão lateral em sentido contrário";1;0;1;0;0;0;0;0;0;0;2;0;0;0;0
"10/05/2024";"01:52:00";"491";"Com vítima";"185,000";"BR-116/SP";"Decrescente";"Acidentes de outra natureza";0;0;0;1;0;0;0;0;0;0;0;1;0;0;0
"10/05/2024";"02:05:00";"506";"Sem vítima";"226,000";"BR-116/SP";"Decrescente";"Acidentes de outra natureza";0;0;0;0;0;0;0;0;1;0;0;0;0;0;0
"10/05/2024";"02:33:00";"525";"Sem vítima";"108,900";"BR-116/SP";"Crescente";"Colisão traseira";3;0;0;0;0;0;0;0;0;0;6;0;0;0;0
"10/05/2024";"02:56:00";"546";"Sem vítima";"121,000";"BR-116/SP";"Decrescente";"Colisão traseira";1;0;0;0;0;0;0;0;0;0;1;0;0;0;0
"10/05/2024";"03:08:00";"552";"Com vítima";"24,750";"BR-116/SP";"Crescente";"Colisão lateral em sentido contrário";0;0;1;0;0;0;0;1;0;0;1;1;0;0;0
"10/05/2024";"03:35:00";"566";"Com vítima";"212,000";"BR-116/SP";"Decrescente";"Colisão traseira";1;0;0;1;0;0;0;0;0;0;0;1;0;0;0
"10/05/2024";"04:44:00";"603";"Com vítima";"477,000";"BR-101/SP";"Decrescente";"Atropelamento de pedestre";1;0;0;0;0;0;0;0;0;0;0;1;0;1;0
"10/05/2024";"05:03:00";"618";"Sem vítima";"216,000";"BR-116/SP";"Crescente";"Engavetamento";3;0;0;0;0;0;0;0;0;0;3;0;0;0;0
"10/05/2024";"05:30:00";"630";"Com vítima";"247,000";"BR-116/SP";"Crescente";"Colisão traseira";1;0;0;1;0;0;0;0;0;0;5;1;0;0;0
"10/05/2024";"06:17:00";"655";"Com vítima";"225,500";"BR-116/SP";"Crescente";"Colisão traseira";1;0;0;0;0;0;0;0;0;0;0;1;0;0;0
"10/05/2024";"08:36:00";"694";"Sem vítima";"219,000";"BR-116/SP";"Decrescente";"Choque";1;0;0;0;0;0;0;0;0;0;1;0;0;0;0
"10/05/2024";"09:00:00";"377";"Com vítima";"15,000";"BR-116/SP";"Decrescente";"Acidentes de outra natureza";0;0;0;1;0;0;0;0;0;0;0;1;1;0;0
"11/05/2024";"12:03:00";"75";"Sem vítima";"127,320";"BR-116/SP";"Decrescente";"Choque";1;0;0;0;0;0;0;0;0;0;0;0;0;0;0
"11/05/2024";"12:55:00";"84";"Sem vítima";"210,000";"BR-116/SP";"Decrescente";"Choque";1;0;0;0;0;0;0;0;0;0;0;0;0;0;0
"11/05/2024";"01:41:00";"88";"Com vítima";"153,000";"BR-116/SP";"Crescente";"Acidentes de outra natureza";0;0;0;1;0;0;0;0;0;0;0;1;1;0;0
"11/05/2024";"03:43:00";"143";"Com vítima";"210,200";"BR-116/SP";"Crescente";"Colisão traseira";0;0;1;1;0;0;0;0;0;0;1;0;1;0;0
"11/05/2024";"03:58:00";"154";"Sem vítima";"483,500";"BR-101/SP";"Crescente";"Choque";1;0;0;0;0;0;0;0;0;0;1;0;0;0;0
"11/05/2024";"06:30:00";"255";"Sem vítima";"484,000";"BR-101/SP";"Decrescente";"Colisão transversal";2;0;0;0;0;0;0;0;0;0;5;0;0;0;0
"11/05/2024";"06:55:00";"269";"Com vítima";"22,300";"BR-116/SP";"Decrescente";"Tombamento";0;0;0;0;0;0;0;1;0;0;0;1;0;0;0
"11/05/2024";"08:12:00";"314";"Sem vítima";"140,800";"BR-116/SP";"Decrescente";"Colisão traseira";0;0;0;0;0;0;0;2;0;0;2;0;0;0;0
"11/05/2024";"08:37:00";"325";"Com vítima";"102,200";"BR-116/SP";"Decrescente";"Engavetamento";4;0;0;0;0;0;0;0;0;0;8;0;1;0;0
"11/05/2024";"09:48:00";"348";"Com vítima";"204,500";"BR-116/SP";"Crescente";"Acidentes de outra natureza";0;0;0;1;0;0;0;0;0;0;0;1;0;0;0
"11/05/2024";"10:26:00";"365";"Com vítima";"107,000";"BR-116/SP";"Decrescente";"Engavetamento";4;0;0;0;0;0;0;0;0;0;13;1;0;0;0
"11/05/2024";"11:08:00";"382";"Com vítima";"217,000";"BR-116/SP";"Crescente";"Colisão traseira";1;0;0;0;0;0;0;0;0;0;2;1;0;0;0
"11/05/2024";"11:22:00";"389";"Sem vítima";"307,400";"BR-116/SP";"Crescente";"Choque";1;0;0;0;0;0;0;0;0;0;1;0;0;0;0
"11/05/2024";"11:33:00";"394";"Sem vítima";"159,000";"BR-116/SP";"Decrescente";"Engavetamento";4;0;0;0;0;0;0;0;0;0;11;0;0;0;0
"11/05/2024";"01:24:00";"453";"Sem vítima";"145,700";"BR-116/SP";"Decrescente";"Colisão lateral em sentido contrário";1;0;1;0;0;0;0;0;0;0;3;0;0;0;0
"11/05/2024";"01:58:00";"472";"Sem vítima";"307,600";"BR-116/SP";"Decrescente";"Choque";0;0;1;0;0;0;0;0;0;0;1;0;0;0;0
"11/05/2024";"01:58:00";"473";"Sem vítima";"162,050";"BR-116/SP";"Crescente";"Tombamento";0;0;0;0;0;0;0;1;0;0;1;0;0;0;0
"11/05/2024";"03:44:00";"513";"Sem vítima";"158,300";"BR-116/SP";"Crescente";"Colisão lateral em sentido contrário";1;0;1;0;0;0;0;0;0;0;2;0;0;0;0
"11/05/2024";"04:03:00";"518";"Sem vítima";"169,600";"BR-116/SP";"Decrescente";"Colisão traseira";2;0;0;0;0;0;0;0;0;0;5;0;0;0;0
"11/05/2024";"04:55:00";"538";"Sem vítima";"211,000";"BR-116/SP";"Decrescente";"Colisão traseira";2;0;0;0;0;0;0;0;0;0;3;0;0;0;0
"11/05/2024";"07:40:00";"592";"Sem vítima";"13,000";"BR-116/SP";"Crescente";"Choque";1;0;0;0;0;0;0;0;0;0;0;0;0;0;0
"11/05/2024";"09:30:00";"34";"Sem vítima";"60,000";"BR-116/SP";"Decrescente";"Colisão traseira";2;0;0;0;0;0;0;0;0;0;0;0;0;0;0
"12/05/2024";"02:49:00";"66";"Sem vítima";"290,000";"BR-116/SP";"Crescente";"Choque";1;0;0;0;0;0;0;0;0;0;1;0;0;0;0
"12/05/2024";"02:58:00";"68";"Com vítima";"216,000";"BR-116/SP";"Crescente";"Tombamento";0;0;0;0;0;0;0;0;0;1;0;1;0;0;0
"12/05/2024";"03:29:00";"76";"Sem vítima";"216,000";"BR-116/SP";"Crescente";"Colisão traseira";2;0;0;0;0;0;0;0;0;0;3;0;0;0;0
"12/05/2024";"05:39:00";"143";"Com vítima";"219,000";"BR-116/SP";"Decrescente";"Colisão traseira";1;0;0;1;0;0;0;0;0;0;2;1;0;0;0
"12/05/2024";"06:03:00";"154";"Com vítima";"248,280";"BR-116/SP";"Crescente";"Atropelamento de pedestre";0;0;1;1;0;0;0;0;0;0;0;1;0;0;1
"12/05/2024";"09:17:00";"251";"Com vítima";"146,000";"BR-116/SP";"Decrescente";"Acidentes de outra natureza";0;0;0;1;0;0;0;0;0;0;0;0;0;1;0
"12/05/2024";"09:56:00";"265";"Sem vítima";"312,000";"BR-116/SP";"Crescente";"Acidentes de outra natureza";1;0;0;0;0;0;0;0;0;0;0;0;0;0;0
"12/05/2024";"11:36:00";"316";"Com vítima";"69,000";"BR-116/SP";"Decrescente";"Acidentes de outra natureza";0;0;0;1;0;0;0;0;0;0;0;1;1;0;0
"12/05/2024";"12:28:00";"337";"Sem vítima";"96,200";"BR-116/SP";"Crescente";"Colisão lateral em sentido contrário";2;0;0;0;0;0;0;0;0;0;3;0;0;0;0
"12/05/2024";"12:53:00";"351";"Com vítima";"155,000";"BR-116/SP";"Crescente";"Colisão traseira";2;0;0;0;0;0;0;0;0;0;4;1;0;0;0
"12/05/2024";"01:04:00";"359";"Sem vítima";"153,800";"BR-116/SP";"Crescente";"Engavetamento";3;0;0;0;0;0;0;0;0;0;8;0;0;0;0