data;horario;n_da_ocorrencia;tipo_de_ocorrencia;km;trecho;sentido;tipo_de_acidente;automovel;bicicleta;caminhao;moto;onibus;outros;tracao_animal;transporte_de_cargas_especiais;trator_maquinas;utilitarios;ilesos;levemente_feridos;moderadamente_feridos;gravemente_feridos;mortos
"12/05/2024";"01:36:00";"372";"Sem vítima";"216,000";"BR-116/SP";"Decrescente";"Colisão lateral em sentido contrário";2;0;0;0;0;0;0;0;0;0;3;0;0;0;0
"12/05/2024";"02:14:00";"391";"Sem vítima";"154,000";"BR-116/SP";"Crescente";"Colisão lateral em sentido contrário";1;0;0;1;0;0;0;0;0;0;5;0;0;0;0
"12/05/2024";"04:04:00";"465";"Sem vítima";"269,800";"BR-116/SP";"Crescente";"Colisão traseira";1;0;0;0;0;0;0;0;0;0;3;0;0;0;0
"12/05/2024";"04:05:00";"467";"Com vítima";"400,000";"BR-101/SP";"Crescente";"Colisão traseira";2;0;0;0;0;0;0;0;0;0;2;1;0;0;0
"12/05/2024";"04:59:00";"497";"Sem vítima";"112,700";"BR-116/SP";"Crescente";"Colisão traseira";2;0;0;0;0;0;0;0;0;0;0;0;0;0;0
"12/05/2024";"07:05:00";"543";"Com vítima";"52,000";"BR-101/SP";"Crescente";"Acidentes de outra natureza";0;0;0;1;0;0;0;0;0;0;0;1;0;0;0
"12/05/2024";"08:54:00";"567";"Sem vítima";"138,400";"BR-116/SP";"Crescente";"Colisão traseira";1;0;1;0;0;0;0;0;0;0;5;0;0;0;0
"12/05/2024";"09:00:00";"686";"Com vítima";"212,600";"BR-116/SP";"Crescente";"Acidentes de outra natureza";0;0;0;1;0;0;0;0;0;0;0;1;0;0;0
"13/05/2024";"12:06:00";"60";"Sem vítima";"231,000";"BR-116/SP";"Crescente";"Choque";0;0;1;0;0;0;0;0;0;0;1;0;0;0;0
"13/05/2024";"03:21:00";"109";"Com vítima";"407,000";"BR-101/SP";"Decrescente";"Colisão traseira";0;0;1;1;0;0;0;0;0;0;1;0;1;0;0
"13/05/2024";"04:09:00";"155";"Sem vítima";"24,000";"BR-101/SP";"Decrescente";"Choque";1;0;0;0;0;0;0;0;0;0;1;0;0;0;0
"13/05/2024";"04:40:00";"187";"Sem vítima";"213,900";"BR-116/SP";"Decrescente";"Choque";0;0;1;0;0;0;0;0;0;0;1;0;0;0;0
"13/05/2024";"04:50:00";"198";"Com vítima";"214,500";"BR-116/SP";"Decrescente";"Colisão lateral em sentido contrário";1;0;0;1;0;0;0;0;0;0;2;1;0;0;0
"13/05/2024";"04:53:00";"207";"Sem vítima";"143,300";"BR-116/SP";"Crescente";"Choque";1;0;0;0;0;0;0;0;0;0;1;0;0;0;0
"13/05/2024";"05:23:00";"235";"Com vítima";"222,000";"BR-116/SP";"Crescente";"Colisão traseira";1;0;0;0;0;0;0;0;0;0;2;1;0;0;0
"13/05/2024";"06:27:00";"288";"Com vítima";"437,000";"BR-101/SP";"Crescente";"Colisão traseira";1;0;0;1;0;0;0;0;0;0;0;2;0;0;0
"13/05/2024";"06:29:00";"291";"Sem vítima";"118,000";"BR-116/SP";"Crescente";"Choque";1;0;0;0;0;0;0;0;0;0;1;0;0;0;0
"13/05/2024";"07:06:00";"307";"Sem vítima";"116,900";"BR-116/SP";"Crescente";"Engavetamento";3;0;0;0;0;0;0;0;0;0;7;0;0;0;0
"13/05/2024";"09:34:00";"391";"Sem vítima";"216,000";"BR-116/SP";"Decrescente";"Choque";0;0;1;0;0;0;0;0;0;0;1;0;0;0;0
"13/05/2024";"11:48:00";"494";"Com vítima";"168,450";"BR-116/SP";"Crescente";"Colisão lateral em sentido contrário";2;0;0;1;0;0;0;0;0;0;3;2;0;0;0
"13/05/2024";"12:20:00";"513";"Com vítima";"228,000";"BR-116/SP";"Decrescente";"Colisão traseira";0;0;1;1;0;0;0;0;0;0;2;0;1;0;0
"13/05/2024";"12:54:00";"547";"Com vítima";"11,400";"BR-101/SP";"Decrescente";"Colisão frontal";2;0;0;0;0;0;0;0;0;0;4;1;1;0;0
"13/05/2024";"01:18:00";"560";"Com vítima";"220,000";"BR-116/SP";"Crescente";"Engavetamento";3;0;0;0;0;0;0;0;0;0;9;1;0;0;0
"13/05/2024";"01:29:00";"567";"Sem vítima";"219,000";"BR-116/SP";"Crescente";"Engavetamento";1;0;0;0;0;0;0;0;0;0;1;0;0;0;0
"13/05/2024";"03:22:00";"638";"Com vítima";"136,900";"BR-116/SP";"Crescente";"Colisão traseira";1;0;0;1;0;0;0;0;0;0;1;1;0;0;0
"13/05/2024";"03:22:00";"639";"Com vítima";"208,400";"BR-116/SP";"Crescente";"Colisão traseira";2;0;0;0;0;0;0;0;0;0;2;1;0;0;0
"13/05/2024";"06:41:00";"731";"Com vítima";"392,000";"BR-101/SP";"Crescente";"Atropelamento de pedestre";0;0;0;0;0;0;0;0;0;0;0;0;0;0;1
"13/05/2024";"06:53:00";"734";"Com vítima";"232,300";"BR-116/SP";"Decrescente";"Choque";1;0;0;0;0;0;0;0;0;0;0;0;1;0;0
"13/05/2024";"10:25:00";"53";"Sem vítima";"230,700";"BR-116/SP";"Decrescente";"Colisão lateral em sentido contrário";0;0;0;0;1;0;0;1;0;0;24;0;0;0;0
"14/05/2024";"03:30:00";"124";"Sem vítima";"208,400";"BR-116/SP";"Decrescente";"Colisão lateral em sentido contrário";1;0;0;0;0;0;0;1;0;0;2;0;0;0;0
"14/05/2024";"03:49:00";"140";"Sem vítima";"445,000";"BR-101/SP";"Decrescente";"Choque";1;0;0;0;0;0;0;0;0;0;3;0;0;0;0
"14/05/2024";"04:09:00";"156";"Sem vítima";"433,000";"BR-101/SP";"Crescente";"Choque";1;0;0;0;0;0;0;0;0;0;1;0;0;0;0
"14/05/2024";"04:31:00";"174";"Com vítima";"428,000";"BR-101/SP";"Crescente";"Choque";1;0;0;0;0;0;0;0;0;0;0;1;0;0;0
"14/05/2024";"04:42:00";"182";"Com vítima";"63,900";"BR-116/SP";"Crescente";"Colisão lateral em sentido contrário";3;0;1;0;0;0;0;0;0;0;4;1;0;0;0
"14/05/2024";"04:57:00";"194";"Com vítima";"229,000";"BR-116/SP";"Crescente";"Colisão traseira";0;0;0;2;0;0;0;0;0;0;1;1;0;0;0
"14/05/2024";"05:55:00";"239";"Com vítima";"296,000";"BR-116/SP";"Decrescente";"Capotamento";2;0;0;0;0;0;0;0;0;0;1;1;0;0;0
"14/05/2024";"06:18:00";"257";"Com vítima";"26,000";"BR-116/SP";"Crescente";"Capotamento";1;0;0;0;0;0;0;0;0;0;0;0;0;0;1
"14/05/2024";"09:39:00";"376";"Com vítima";"23,000";"BR-116/SP";"Decrescente";"Acidentes de outra natureza";0;0;0;1;0;0;0;0;0;0;0;0;1;0;0
"14/05/2024";"10:26:00";"395";"Com vítima";"155,400";"BR-116/SP";"Crescente";"Choque";0;0;0;0;0;0;0;0;0;1;0;2;0;0;0
"14/05/2024";"12:52:00";"466";"Com vítima";"503,000";"BR-101/SP";"Decrescente";"Colisão lateral em sentido contrário";1;0;0;1;0;0;0;0;0;0;0;2;1;0;0
"14/05/2024";"01:34:00";"496";"Com vítima";"506,000";"BR-101/SP";"Crescente";"Colisão lateral em sentido contrário";2;0;0;0;0;0;0;0;0;0;0;1;0;0;0
"14/05/2024";"01:36:00";"498";"Com vítima";"133,200";"BR-116/SP";"Decrescente";"Colisão traseira";1;0;0;1;0;0;0;0;0;0;1;0;0;1;0
"14/05/2024";"02:55:00";"534";"Com vítima";"158,000";"BR-116/SP";"Crescente";"Colisão lateral em sentido contrário";1;0;0;1;0;0;0;0;0;0;2;1;0;0;0
"14/05/2024";"03:13:00";"539";"Com vítima";"297,700";"BR-116/SP";"Crescente";"Colisão lateral em sentido contrário";1;0;1;0;0;0;0;0;0;0;1;1;0;0;0
"14/05/2024";"03:19:00";"545";"Com vítima";"16,400";"BR-116/SP";"Crescente";"Acidentes de outra natureza";0;0;0;1;0;0;0;0;0;0;0;2;0;0;0
"14/05/2024";"03:23:00";"548";"Sem vítima";"330,250";"BR-116/SP";"Crescente";"Atropelamento de pedestre";0;0;0;0;0;0;0;1;0;0;1;0;0;0;0
"14/05/2024";"03:25:00";"549";"Com vítima";"221,000";"BR-116/SP";"Decrescente";"Colisão lateral em sentido contrário";1;0;0;1;0;0;0;0;0;0;1;1;0;0;0
"14/05/2024";"03:54:00";"551";"Sem vítima";"581,600";"BR-101/SP";"Crescente";"Choque";1;0;0;0;0;0;0;0;0;0;1;0;0;0;0
"14/05/2024";"04:11:00";"579";"Com vítima";"528,500";"BR-101/SP";"Decrescente";"Colisão frontal";2;0;0;0;0;0;0;0;0;1;1;0;2;0;1
"14/05/2024";"08:25:00";"657";"Com vítima";"226,700";"BR-116/SP";"Crescente";"Choque";0;0;1;0;0;0;0;0;0;0;0;0;1;0;0
"14/05/2024";"08:48:00";"662";"Com vítima";"145,200";"BR-116/SP";"Decrescente";"Colisão lateral em sentido contrário";1;0;0;0;0;0;0;1;0;0;1;1;0;0;0
"14/05/2024";"09:41:00";"36";"Com vítima";"242,800";"BR-116/SP";"Decrescente";"Colisão lateral em sentido contrário";0;0;1;0;0;0;0;0;0;1;2;1;0;0;0
"15/05/2024";"03:58:00";"125";"Com vítima";"516,000";"BR-101/SP";"Decrescente";"Colisão frontal";1;0;0;0;1;0;0;0;0;0;1;2;0;0;0
"15/05/2024";"04:09:00";"140";"Com vítima";"393,000";"BR-101/SP";"Crescente";"Colisão traseira";2;0;0;0;0;0;0;0;0;0;0;2;0;0;0
"15/05/2024";"04:26:00";"158";"Sem vítima";"516,000";"BR-101/SP";"Decrescente";"Acidentes de outra natureza";0;0;0;1;0;0;0;0;0;0;1;0;0;0;0
"15/05/2024";"05:52:00";"224";"Com vítima";"161,000";"BR-116/SP";"Decrescente";"Colisão traseira";0;0;0;1;0;0;0;1;0;0;1;0;0;1;0
"15/05/2024";"06:03:00";"233";"Sem vítima";"161,000";"BR-116/SP";"Decrescente";"Colisão lateral em sentido contrário";1;0;0;0;0;0;0;1;0;0;2;0;0;0;0
"15/05/2024";"06:15:00";"238";"Sem vítima";"163,000";"BR-116/SP";"Decrescente";"Engavetamento";1;0;3;0;0;0;0;0;0;0;5;0;0;0;0
"15/05/2024";"07:35:00";"286";"Sem vítima";"435,000";"BR-101/SP";"Crescente";"Choque";1;0;0;0;0;0;0;0;0;0;1;0;0;0;0
"15/05/2024";"07:38:00";"288";"Com vítima";"312,000";"BR-116/SP";"Decrescente";"Choque";1;0;0;0;0;0;0;0;0;0;0;0;1;0;0
"15/05/2024";"07:54:00";"294";"Com vítima";"532,000";"BR-101/SP";"Decrescente";"Choque";1;0;0;0;0;0;0;0;0;0;0;2;0;0;0
"15/05/2024";"08:03:00";"299";"Sem vítima";"417,000";"BR-101/SP";"Crescente";"Choque";0;0;1;0;0;0;0;0;0;0;1;0;0;0;0
"15/05/2024";"08:09:00";"302";"Com vítima";"327,000";"BR-116/SP";"Decrescente";"Colisão traseira";2;0;0;0;0;0;0;0;0;0;0;2;0;0;0
"15/05/2024";"08:54:00";"321";"Com vítima";"530,800";"BR-101/SP";"Crescente";"Colisão frontal";1;0;1;0;0;0;0;0;0;0;0;1;0;0;2
"15/05/2024";"09:12:00";"327";"Sem vítima";"557,000";"BR-101/SP";"Crescente";"Choque";1;0;0;0;0;0;0;0;0;0;1;0;0;0;0
"15/05/2024";"09:47:00";"339";"Sem vítima";"422,000";"BR-101/SP";"Crescente";"Tombamento";0;0;1;0;0;0;0;0;0;0;2;0;0;0;0
"15/05/2024";"10:01:00";"347";"Sem vítima";"224,000";"BR-116/SP";"Decrescente";"Choque";0;0;1;0;0;0;0;0;0;0;1;0;0;0;0
"15/05/2024";"10:08:00";"351";"Com vítima";"232,300";"BR-116/SP";"Decrescente";"Choque";1;0;0;0;0;0;0;0;0;0;0;2;0;0;0
"15/05/2024";"11:04:00";"368";"Sem vítima";"532,000";"BR-101/SP";"Crescente";"Colisão traseira";1;0;1;0;0;0;0;0;0;0;0;0;0;0;0
"15/05/2024";"11:29:00";"377";"Sem vítima";"436,000";"BR-101/SP";"Crescente";"Choque";1;0;0;0;0;0;0;0;0;0;2;0;0;0;0
"15/05/2024";"12:18:00";"396";"Com vítima";"185,000";"BR-116/SP";"Decrescente";"Choque";0;0;0;0;0;0;0;0;0;1;0;1;0;0;0
"15/05/2024";"01:06:00";"428";"Com vítima";"211,500";"BR-116/SP";"Decrescente";"Acidentes de outra natureza";0;0;0;1;0;0;0;0;0;0;0;1;0;0;0
"15/05/2024";"01:28:00";"437";"Sem vítima";"221,000";"BR-116/SP";"Decrescente";"Colisão traseira";1;0;0;0;0;0;0;0;0;0;2;0;0;0;0
"15/05/2024";"01:34:00";"441";"Sem vítima";"232,700";"BR-116/SP";"Decrescente";"Colisão lateral em sentido contrário";1;0;1;0;0;0;0;0;0;0;4;0;0;0;0
"15/05/2024";"01:45:00";"445";"Sem vítima";"40,500";"BR-101/SP";"Crescente";"Colisão lateral em sentido contrário";2;0;0;0;0;0;0;0;0;0;2;0;0;0;0
"15/05/2024";"02:15:00";"460";"Com vítima";"219,000";"BR-116/SP";"Decrescente";"Colisão traseira";0;0;1;0;1;0;0;0;0;0;35;1;0;0;0
"15/05/2024";"03:00:00";"481";"Sem vítima";"432,200";"BR-101/SP";"Crescente";"Choque";1;0;0;0;0;0;0;0;0;0;1;0;0;0;0
"15/05/2024";"03:14:00";"489";"Sem vítima";"507,100";"BR-101/SP";"Crescente";"Colisão traseira";2;0;0;0;0;0;0;0;0;0;2;0;0;0;0
"15/05/2024";"03:53:00";"517";"Com vítima";"277,300";"BR-116/SP";"Crescente";"Engavetamento";2;0;0;1;0;0;0;0;0;0;2;1;0;0;0
"15/05/2024";"04:22:00";"530";"Sem vítima";"508,000";"BR-101/SP";"Crescente";"Choque";1;0;0;0;0;0;0;0;0;0;1;0;0;0;0
"15/05/2024";"04:45:00";"543";"Com vítima";"479,000";"BR-101/SP";"Decrescente";"Acidentes de outra natureza";0;0;0;1;0;0;0;0;0;0;0;1;0;0;0
"15/05/2024";"05:20:00";"559";"Com vítima";"423,800";"BR-101/SP";"Decrescente";"Choque";0;0;1;0;0;0;0;0;0;0;0;1;0;0;0
"15/05/2024";"05:40:00";"569";"Com vítima";"225,300";"BR-116/SP";"Decrescente";"Engavetamento";2;0;0;0;0;0;0;0;0;0;2;1;0;0;0
"15/05/2024";"11:07:00";"51";"Sem vítima";"226,400";"BR-116/SP";"Crescente";"Choque";0;0;0;0;0;0;0;1;0;0;1;0;0;0;0
"16/05/2024";"01:54:00";"76";"Sem vítima";"135,100";"BR-116/SP";"Decrescente";"Colisão lateral em sentido contrário";0;0;0;0;0;0;0;0;0;1;3;0;0;0;0
"16/05/2024";"02:43:00";"91";"Sem vítima";"153,900";"BR-116/SP";"Crescente";"Colisão lateral em sentido contrário";2;0;0;0;0;0;0;0;0;0;3;0;0;0;0
"16/05/2024";"03:25:00";"115";"Com vítima";"159,400";"BR-116/SP";"Decrescente";"Colisão lateral em sentido contrário";2;0;1;0;0;0;0;0;0;0;3;0;1;0;0
"16/05/2024";"04:39:00";"207";"Com vítima";"205,000";"BR-116/SP";"Crescente";"Colisão traseira";0;0;0;1;0;0;0;0;0;0;0;1;0;0;0
"16/05/2024";"05:41:00";"277";"Sem vítima";"229,100";"BR-116/SP";"Decrescente";"Choque";0;0;1;0;0;0;0;0;0;0;0;0;0;0;0
"16/05/2024";"05:46:00";"281";"Com vítima";"225,000";"BR-116/SP";"Crescente";"Colisão traseira";1;0;0;1;0;0;0;0;0;0;1;1;0;0;0
"16/05/2024";"06:05:00";"300";"Com vítima";"231,400";"BR-116/SP";"Decrescente";"Engavetamento";2;0;2;0;0;0;0;0;0;0;6;0;2;0;0
"16/05/2024";"07:13:00";"359";"Sem vítima";"324,900";"BR-116/SP";"Crescente";"Choque";3;0;0;0;0;0;0;0;0;0;12;0;0;0;0
"16/05/2024";"09:24:00";"435";"Sem vítima";"226,000";"BR-116/SP";"Decrescente";"Colisão lateral em sentido contrário";2;0;0;0;0;0;0;0;0;0;3;0;0;0;0
"16/05/2024";"09:55:00";"455";"Sem vítima";"98,000";"BR-116/SP";"Decrescente";"Acidentes de outra natureza";0;0;1;0;0;0;0;0;0;0;0;0;0;0;0
"16/05/2024";"12:00:00";"536";"Sem vítima";"312,000";"BR-116/SP";"Decrescente";"Acidentes de outra natureza";1;0;0;0;0;0;0;0;0;0;0;0;0;0;0
"16/05/2024";"12:48:00";"567";"Com vítima";"48,600";"BR-101/SP";"Decrescente";"Colisão lateral em sentido contrário";1;0;0;1;0;0;0;0;0;0;1;2;0;0;0
"16/05/2024";"03:32:00";"640";"Sem vítima";"543,000";"BR-101/SP";"Decrescente";"Choque";1;0;0;0;0;0;0;0;0;0;1;0;0;0;0
"16/05/2024";"04:46:00";"671";"Sem vítima";"223,000";"BR-116/SP";"Decrescente";"Engavetamento";2;0;0;0;0;0;0;0;0;0;2;0;0;0;0
"16/05/2024";"09:45:00";"33";"Sem vítima";"250,000";"BR-116/SP";"Decrescente";"Choque";0;0;0;0;0;0;0;1;0;0;1;0;0;0;0
"16/05/2024";"10:43:00";"42";"Sem vítima";"94,400";"BR-116/SP";"Decrescente";"Colisão lateral em sentido contrário";1;0;0;0;0;0;0;0;0;0;0;0;0;0;0
"16/05/2024";"10:47:00";"44";"Com vítima";"222,000";"BR-116/SP";"Decrescente";"Colisão traseira";1;0;0;0;1;0;0;0;0;0;1;1;0;0;0
"16/05/2024";"11:07:00";"48";"Sem vítima";"209,600";"BR-116/SP";"Decrescente";"Choque";1;0;0;0;0;0;0;0;0;0;1;0;0;0;0
"17/05/2024";"01:25:00";"78";"Com vítima";"386,000";"BR-101/SP";"Crescente";"Atropelamento de pedestre";1;0;0;0;0;0;0;0;0;0;0;1;0;0;0
"17/05/2024";"03:16:00";"113";"Sem vítima";"214,500";"BR-116/SP";"Crescente";"Colisão traseira";2;0;0;0;0;0;0;0;0;0;2;0;0;0;0
"17/05/2024";"03:34:00";"127";"Sem vítima";"26,000";"BR-116/SP";"Crescente";"Choque";1;0;0;0;0;0;0;0;0;0;5;0;0;0;0
"17/05/2024";"03:56:00";"146";"Sem vítima";"136,400";"BR-116/SP";"Decrescente";"Colisão traseira";2;0;0;0;0;0;0;0;0;0;3;0;0;0;0
"17/05/2024";"04:14:00";"171";"Com vítima";"64,000";"BR-116/SP";"Crescente";"Colisão traseira";0;0;0;1;0;0;0;0;0;0;0;1;0;0;0
"17/05/2024";"04:24:00";"190";"Com vítima";"211,100";"BR-116/SP";"Decrescente";"Colisão traseira";1;0;0;1;0;0;0;0;0;0;4;0;1;0;0
"17/05/2024";"08:39:00";"367";"Sem vítima";"158,000";"BR-116/SP";"Decrescente";"Colisão traseira";0;0;0;0;0;0;0;0;0;1;1;0;0;0;0
"17/05/2024";"09:29:00";"389";"Com vítima";"59,100";"BR-116/SP";"Decrescente";"Acidentes de outra natureza";0;0;0;1;0;0;0;0;0;0;0;2;0;0;0
"17/05/2024";"11:13:00";"446";"Sem vítima";"157,400";"BR-116/SP";"Decrescente";"Colisão lateral em sentido contrário";1;0;1;0;0;0;0;0;0;0;2;0;0;0;0
"17/05/2024";"11:22:00";"451";"Com vítima";"276,550";"BR-116/SP";"Crescente";"Colisão traseira";1;0;1;0;0;0;0;0;0;0;1;1;0;0;0
"17/05/2024";"12:00:00";"473";"Com vítima";"383,700";"BR-101/SP";"Crescente";"Colisão traseira";1;0;0;1;0;0;0;0;0;0;3;0;1;0;0
"17/05/2024";"01:20:00";"532";"Sem vítima";"86,950";"BR-116/SP";"Decrescente";"Colisão traseira";2;0;0;0;0;0;0;0;0;0;3;0;0;0;0
"17/05/2024";"02:33:00";"571";"Com vítima";"431,000";"BR-101/SP";"Crescente";"Acidentes de outra natureza";0;0;0;1;0;0;0;0;0;0;0;2;0;0;0
"17/05/2024";"03:03:00";"588";"Sem vítima";"229,700";"BR-116/SP";"Decrescente";"Tombamento";0;0;0;0;0;0;0;1;0;0;1;0;0;0;0
"17/05/2024";"03:31:00";"608";"Sem vítima";"140,300";"BR-116/SP";"Decrescente";"Capotamento";1;0;0;0;0;0;0;0;0;0;2;0;0;0;0
"17/05/2024";"03:49:00";"616";"Com vítima";"230,000";"BR-116/SP";"Decrescente";"Colisão traseira";0;0;0;1;0;0;0;0;0;0;0;2;0;0;0
"17/05/2024";"04:43:00";"639";"Sem vítima";"395,000";"BR-101/SP";"Decrescente";"Choque";1;0;0;0;0;0;0;0;0;0;1;0;0;0;0
"17/05/2024";"04:48:00";"641";"Com vítima";"110,700";"BR-116/SP";"Decrescente";"Acidentes de outra natureza";0;0;0;1;0;0;0;0;0;0;0;0;1;0;0
"17/05/2024";"05:14:00";"655";"Com vítima";"477,000";"BR-101/SP";"Decrescente";"Engavetamento";1;0;0;1;0;0;0;0;0;1;6;0;1;0;0
"17/05/2024";"05:30:00";"667";"Com vítima";"210,700";"BR-116/SP";"Decrescente";"Colisão traseira";0;0;1;1;0;0;0;0;0;0;1;1;0;0;0
"17/05/2024";"06:17:00";"689";"Com vítima";"260,000";"BR-116/SP";"Crescente";"Queda de moto";1;0;0;1;0;0;0;0;0;0;2;1;0;0;0
"17/05/2024";"08:49:00";"735";"Com vítima";"178,300";"BR-116/SP";"Crescente";"Acidentes de outra natureza";0;0;0;1;0;0;0;0;0;0;0;0;1;0;0
"17/05/2024";"10:37:00";"46";"Com vítima";"222,000";"BR-116/SP";"Decrescente";"Colisão traseira";1;0;0;0;0;0;0;0;0;0;0;1;0;0;0
"17/05/2024";"10:40:00";"47";"Sem vítima";"563,000";"BR-101/SP";"Crescente";"Choque";1;0;0;0;0;0;0;0;0;0;3;0;0;0;0
"18/05/2024";"01:16:00";"73";"Sem vítima";"204,500";"BR-116/SP";"Decrescente";"Colisão traseira";1;0;1;0;0;0;0;0;0;0;2;0;0;0;0
"18/05/2024";"02:46:00";"85";"Com vítima";"145,000";"BR-116/SP";"Decrescente";"Colisão traseira";0;0;0;1;0;0;0;0;0;0;0;0;1;0;0
"18/05/2024";"03:38:00";"115";"Sem vítima";"213,000";"BR-116/SP";"Decrescente";"Colisão traseira";2;0;0;0;0;0;0;0;0;0;1;0;0;0;0
"18/05/2024";"04:55:00";"160";"Com vítima";"202,500";"BR-116/SP";"Decrescente";"Colisão lateral em sentido contrário";1;0;1;0;0;0;0;0;0;0;2;3;1;0;0
"18/05/2024";"04:57:00";"162";"Com vítima";"157,600";"BR-116/SP";"Decrescente";"Colisão traseira";1;0;0;1;0;0;0;0;0;0;2;2;0;0;0
"18/05/2024";"05:15:00";"169";"Com vítima";"515,000";"BR-101/SP";"Decrescente";"Acidentes de outra natureza";0;0;0;1;0;0;0;0;0;0;0;1;0;0;0
"18/05/2024";"05:16:00";"170";"Sem vítima";"203,000";"BR-116/SP";"Decrescente";"Engavetamento";1;0;0;0;0;0;0;0;0;0;0;0;0;0;0
"18/05/2024";"05:32:00";"180";"Com vítima";"230,200";"BR-116/SP";"Crescente";"Engavetamento";3;0;0;0;0;0;0;0;0;0;7;1;0;0;0
"18/05/2024";"06:03:00";"199";"Com vítima";"111,700";"BR-116/SP";"Crescente";"Colisão traseira";0;0;1;1;0;0;0;0;0;0;0;0;1;1;0
"18/05/2024";"07:00:00";"214";"Sem vítima";"281,000";"BR-116/SP";"Crescente";"Colisão lateral em sentido contrário";1;0;0;1;0;0;0;0;0;0;5;0;0;0;0
"18/05/2024";"07:09:00";"217";"Sem vítima";"276,000";"BR-116/SP";"Crescente";"Acidentes de outra natureza";0;0;0;1;0;0;0;0;0;0;0;0;0;0;0
"18/05/2024";"07:10:00";"218";"Sem vítima";"112,400";"BR-116/SP";"Decrescente";"Colisão traseira";2;0;0;0;0;0;0;0;0;0;2;0;0;0;0
"18/05/2024";"09:01:00";"256";"Sem vítima";"406,000";"BR-101/SP";"Decrescente";"Colisão lateral em sentido contrário";2;0;0;0;0;0;0;0;0;0;3;0;0;0;0
"18/05/2024";"09:35:00";"272";"Com vítima";"28,000";"BR-116/SP";"Decrescente";"Colisão traseira";1;0;0;0;0;0;0;1;0;0;0;1;0;0;0
"18/05/2024";"10:17:00";"287";"Com vítima";"126,000";"BR-116/SP";"Crescente";"Colisão traseira";0;0;2;0;0;0;0;0;0;0;1;0;0;2;0
"18/05/2024";"10:24:00";"290";"Com vítima";"84,000";"BR-116/SP";"Crescente";"Colisão traseira";2;0;0;0;0;0;0;0;0;0;2;1;0;0;0
"18/05/2024";"10:59:00";"310";"Com vítima";"232,900";"BR-116/SP";"Decrescente";"Acidentes de outra natureza";0;0;0;1;0;0;0;0;0;0;0;1;0;0;0
"18/05/2024";"12:23:00";"344";"Sem vítima";"158,000";"BR-116/SP";"Decrescente";"Acidentes de outra natureza";1;0;0;0;0;0;0;0;0;0;0;0;0;0;0
"18/05/2024";"12:48:00";"358";"Com vítima";"143,600";"BR-116/SP";"Decrescente";"Colisão lateral em sentido contrário";1;0;0;0;0;0;0;0;0;0;0;2;0;0;0
"18/05/2024";"12:58:00";"362";"Sem vítima";"143,600";"BR-116/SP";"Crescente";"Choque";1;0;0;0;0;0;0;0;0;0;2;0;0;0;0
"18/05/2024";"01:37:00";"382";"Sem vítima";"159,300";"BR-116/SP";"Decrescente";"Colisão traseira";1;0;0;0;0;0;0;0;0;0;4;0;0;0;0
"18/05/2024";"03:21:00";"428";"Com vítima";"221,000";"BR-116/SP";"Crescente";"Choque";0;0;0;1;0;0;0;0;0;0;0;0;1;0;0
"18/05/2024";"05:01:00";"473";"Com vítima";"230,900";"BR-116/SP";"Crescente";"Colisão traseira";1;0;0;0;0;0;0;0;0;1;3;1;0;0;0
"18/05/2024";"05:51:00";"486";"Sem vítima";"436,000";"BR-101/SP";"Decrescente";"Choque";1;0;0;0;0;0;0;0;0;0;0;0;0;0;0
"18/05/2024";"06:14:00";"495";"Com vítima";"281,900";"BR-116/SP";"Crescente";"Colisão traseira";2;0;0;0;0;0;0;0;0;0;2;1;0;0;0
"18/05/2024";"06:23:00";"499";"Com vítima";"223,800";"BR-116/SP";"Decrescente";"Engavetamento";3;0;0;0;0;0;0;0;0;0;5;1;0;0;0
"18/05/2024";"08:28:00";"528";"Com vítima";"215,000";"BR-116/SP";"Crescente";"Atropelamento de pedestre";0;0;0;0;0;0;0;0;0;0;0;0;0;1;0
"18/05/2024";"08:40:00";"533";"Sem vítima";"324,500";"BR-116/SP";"Decrescente";"Atropelamento de pedestre";1;0;0;0;0;0;0;0;0;0;5;0;0;0;0
"18/05/2024";"09:44:00";"36";"Sem vítima";"126,800";"BR-116/SP";"Crescente";"Choque";1;0;0;0;0;0;0;0;0;0;0;0;0;0;0
"18/05/2024";"09:49:00";"40";"Com vítima";"104,100";"BR-116/SP";"Decrescente";"Colisão traseira";0;0;1;0;0;0;0;0;0;0;0;1;0;0;0
"18/05/2024";"11:17:00";"50";"Sem vítima";"192,600";"BR-116/SP";"Decrescente";"Choque";1;0;0;0;0;0;0;0;0;0;3;0;0;0;0