data;horario;n_da_ocorrencia;tipo_de_ocorrencia;km;trecho;sentido;tipo_de_acidente;automovel;bicicleta;caminhao;moto;onibus;outros;tracao_animal;transporte_de_cargas_especiais;trator_maquinas;utilitarios;ilesos;levemente_feridos;moderadamente_feridos;gravemente_feridos;mortos
"18/05/2024";"11:47:00";"55";"Sem vítima";"124,900";"BR-116/SP";"Decrescente";"Colisão traseira";2;0;0;0;0;0;0;0;0;0;0;0;0;0;0
"19/05/2024";"12:24:00";"60";"Sem vítima";"227,000";"BR-116/SP";"Decrescente";"Choque";1;0;0;0;0;0;0;0;0;0;2;0;0;0;0
"19/05/2024";"01:37:00";"67";"Com vítima";"98,000";"BR-116/SP";"Decrescente";"Capotamento";1;0;0;0;0;0;0;0;0;0;0;0;1;0;0
"19/05/2024";"02:01:00";"69";"Com vítima";"150,600";"BR-116/SP";"Decrescente";"Choque";1;0;0;0;0;0;0;0;0;0;0;2;0;0;0
"19/05/2024";"02:25:00";"74";"Com vítima";"484,800";"BR-101/SP";"Decrescente";"Acidentes de outra natureza";0;0;0;1;0;0;0;0;0;0;0;0;0;1;1
"19/05/2024";"04:12:00";"101";"Sem vítima";"288,900";"BR-116/SP";"Crescente";"Colisão traseira";1;0;0;1;0;0;0;0;0;0;4;0;0;0;0
"19/05/2024";"04:27:00";"110";"Com vítima";"389,000";"BR-101/SP";"Crescente";"Colisão lateral em sentido contrário";1;0;0;1;0;0;0;0;0;0;1;1;0;0;0
"19/05/2024";"05:49:00";"151";"Com vítima";"209,900";"BR-116/SP";"Decrescente";"Acidentes de outra natureza";0;0;0;1;0;0;0;0;0;0;0;0;1;0;0
"19/05/2024";"05:53:00";"156";"Com vítima";"229,000";"BR-116/SP";"Crescente";"Capotamento";1;0;0;0;0;0;0;0;0;0;0;2;0;0;0
"19/05/2024";"07:51:00";"204";"Sem vítima";"128,000";"BR-116/SP";"Decrescente";"Acidentes de outra natureza";0;0;0;1;0;0;0;0;0;0;0;0;0;0;0
"19/05/2024";"07:54:00";"207";"Com vítima";"122,600";"BR-116/SP";"Decrescente";"Colisão lateral em sentido contrário";1;0;1;1;0;0;0;0;0;0;3;1;0;0;0
"19/05/2024";"11:27:00";"289";"Sem vítima";"280,500";"BR-116/SP";"Decrescente";"Colisão traseira";0;0;2;0;0;0;0;0;0;0;2;0;0;0;0
"19/05/2024";"11:51:00";"303";"Com vítima";"408,100";"BR-101/SP";"Decrescente";"Atropelamento de pedestre";1;0;0;0;0;0;0;0;0;0;1;0;1;0;0
"19/05/2024";"12:42:00";"324";"Sem vítima";"22,700";"BR-116/SP";"Crescente";"Colisão lateral em sentido contrário";1;0;0;0;0;0;0;0;0;0;2;0;0;0;0
"19/05/2024";"12:53:00";"331";"Sem vítima";"322,000";"BR-116/SP";"Decrescente";"Choque";1;0;0;0;0;0;0;0;0;0;1;0;0;0;0
"19/05/2024";"01:03:00";"336";"Com vítima";"284,000";"BR-116/SP";"Decrescente";"Colisão traseira";2;0;0;0;0;0;0;0;0;0;5;1;0;0;0
"19/05/2024";"01:44:00";"358";"Com vítima";"284,500";"BR-116/SP";"Decrescente";"Colisão traseira";2;0;0;0;0;0;0;0;0;0;1;1;0;0;0
"19/05/2024";"02:38:00";"386";"Com vítima";"91,400";"BR-116/SP";"Crescente";"Acidentes de outra natureza";0;0;0;1;0;0;0;0;0;0;0;1;1;0;0
"19/05/2024";"02:39:00";"388";"Sem vítima";"233,400";"BR-116/SP";"Decrescente";"Acidentes de outra natureza";0;0;0;0;1;0;0;1;0;0;46;0;0;0;0
"19/05/2024";"03:31:00";"423";"Com vítima";"140,900";"BR-116/SP";"Crescente";"Colisão traseira";1;0;0;1;0;0;0;0;0;0;1;0;2;0;0
"19/05/2024";"03:51:00";"434";"Com vítima";"271,100";"BR-116/SP";"Decrescente";"Colisão traseira";1;0;1;0;0;0;0;0;0;0;2;1;0;0;0
"19/05/2024";"05:11:00";"483";"Sem vítima";"216,000";"BR-116/SP";"Crescente";"Choque";1;0;0;0;0;0;0;0;0;0;2;0;0;0;0
"19/05/2024";"06:27:00";"502";"Sem vítima";"231,400";"BR-116/SP";"Decrescente";"Colisão traseira";0;0;2;0;0;0;0;0;0;0;2;0;0;0;0
"19/05/2024";"07:28:00";"520";"Com vítima";"498,700";"BR-101/SP";"Decrescente";"Acidentes de outra natureza";0;0;0;1;0;0;0;0;0;0;0;1;0;0;0
"19/05/2024";"09:00:00";"460";"Com vítima";"93,950";"BR-116/SP";"Crescente";"Colisão traseira";0;0;2;0;0;0;0;0;0;0;1;1;0;0;0
"19/05/2024";"09:58:00";"31";"Com vítima";"417,000";"BR-101/SP";"Crescente";"Choque";1;0;0;0;0;0;0;0;0;0;0;2;0;0;0
"19/05/2024";"10:32:00";"39";"Sem vítima";"226,200";"BR-116/SP";"Crescente";"Choque";1;0;0;0;0;0;0;0;0;0;5;0;0;0;0
"20/05/2024";"02:56:00";"95";"Com vítima";"231,200";"BR-116/SP";"Crescente";"Colisão lateral em sentido contrário";0;0;1;1;0;0;0;0;0;0;1;0;1;0;0
"20/05/2024";"03:06:00";"98";"Com vítima";"229,000";"BR-116/SP";"Crescente";"Colisão traseira";1;0;0;1;0;0;0;0;0;0;2;1;0;0;0
"20/05/2024";"03:37:00";"121";"Sem vítima";"337,600";"BR-116/SP";"Decrescente";"Choque";1;0;0;0;0;0;0;0;0;0;3;0;0;0;0
"20/05/2024";"04:04:00";"139";"Com vítima";"160,800";"BR-116/SP";"Decrescente";"Colisão traseira";0;0;0;1;0;0;0;0;0;0;0;2;0;0;0
"20/05/2024";"05:58:00";"238";"Com vítima";"158,800";"BR-116/SP";"Decrescente";"Colisão traseira";0;0;0;1;0;0;0;0;0;0;0;1;0;0;0
"20/05/2024";"08:11:00";"336";"Com vítima";"229,000";"BR-116/SP";"Decrescente";"Colisão lateral em sentido contrário";0;0;0;1;0;0;0;0;0;0;0;0;1;0;0
"20/05/2024";"08:12:00";"338";"Com vítima";"324,900";"BR-116/SP";"Decrescente";"Acidentes de outra natureza";0;0;0;1;0;0;0;0;0;0;1;1;0;0;0
"20/05/2024";"09:30:00";"392";"Com vítima";"138,300";"BR-116/SP";"Decrescente";"Choque";1;0;0;0;0;0;0;0;0;0;1;0;1;0;0
"20/05/2024";"09:33:00";"394";"Sem vítima";"149,000";"BR-116/SP";"Decrescente";"Colisão traseira";2;0;0;0;0;0;0;0;0;0;3;0;0;0;0
"20/05/2024";"10:11:00";"416";"Com vítima";"486,000";"BR-101/SP";"Crescente";"Colisão traseira";2;0;0;0;0;0;0;0;0;0;3;0;1;0;0
"20/05/2024";"12:27:00";"489";"Sem vítima";"220,000";"BR-116/SP";"Decrescente";"Colisão traseira";1;0;0;0;0;0;0;1;0;0;2;0;0;0;0
"20/05/2024";"01:18:00";"510";"Com vítima";"142,750";"BR-116/SP";"Decrescente";"Colisão lateral em sentido contrário";1;0;0;1;0;0;0;0;0;0;1;0;1;0;0
"20/05/2024";"01:27:00";"517";"Sem vítima";"265,400";"BR-116/SP";"Decrescente";"Colisão traseira";1;0;1;0;0;0;0;0;0;0;2;0;0;0;0
"20/05/2024";"01:42:00";"528";"Sem vítima";"219,000";"BR-116/SP";"Decrescente";"Colisão traseira";1;0;0;0;0;0;0;0;0;0;1;0;0;0;0
"20/05/2024";"02:39:00";"551";"Com vítima";"145,000";"BR-116/SP";"Decrescente";"Colisão traseira";1;0;0;0;0;0;0;0;0;0;0;2;0;0;0
"20/05/2024";"03:14:00";"569";"Com vítima";"403,000";"BR-101/SP";"Crescente";"Atropelamento de pedestre";0;1;0;1;0;0;0;0;0;0;0;0;0;1;0
"20/05/2024";"03:41:00";"583";"Com vítima";"392,000";"BR-101/SP";"Crescente";"Engavetamento";2;0;0;1;0;0;0;0;0;0;2;0;2;0;0
"20/05/2024";"03:46:00";"586";"Com vítima";"107,000";"BR-116/SP";"Decrescente";"Colisão lateral em sentido contrário";0;0;0;1;0;0;0;0;0;0;0;0;1;0;0
"20/05/2024";"03:54:00";"588";"Com vítima";"108,800";"BR-116/SP";"Crescente";"Colisão traseira";1;0;0;0;0;0;0;0;0;0;4;1;0;0;0
"20/05/2024";"04:42:00";"604";"Sem vítima";"576,900";"BR-101/SP";"Decrescente";"Choque";1;0;0;0;0;0;0;0;0;0;1;0;0;0;0
"20/05/2024";"05:34:00";"630";"Sem vítima";"576,900";"BR-101/SP";"Decrescente";"Choque";1;0;0;0;0;0;0;0;0;0;1;0;0;0;0
"20/05/2024";"09:23:00";"33";"Com vítima";"135,000";"BR-116/SP";"Decrescente";"Choque";1;0;0;0;0;0;0;0;0;0;0;2;0;0;0
"21/05/2024";"01:31:00";"59";"Sem vítima";"558,000";"BR-101/SP";"Decrescente";"Choque";1;0;0;0;0;0;0;0;0;0;1;0;0;0;0
"21/05/2024";"03:27:00";"94";"Com vítima";"306,000";"BR-116/SP";"Decrescente";"Atropelamento de pedestre";0;1;0;1;0;0;0;0;0;0;0;0;1;0;0
"21/05/2024";"03:38:00";"106";"Com vítima";"219,000";"BR-116/SP";"Crescente";"Colisão lateral em sentido contrário";1;0;0;1;0;0;0;0;0;0;2;1;0;0;0
"21/05/2024";"03:47:00";"113";"Com vítima";"210,000";"BR-116/SP";"Crescente";"Colisão traseira";0;0;0;2;0;0;0;0;0;0;0;2;0;0;0
"21/05/2024";"04:08:00";"133";"Sem vítima";"117,300";"BR-116/SP";"Decrescente";"Choque";1;0;0;0;0;0;0;0;0;0;3;0;0;0;0
"21/05/2024";"05:00:00";"174";"Sem vítima";"393,500";"BR-101/SP";"Crescente";"Colisão traseira";1;0;0;0;0;0;0;0;0;0;1;0;0;0;0
"21/05/2024";"05:12:00";"181";"Com vítima";"163,400";"BR-116/SP";"Decrescente";"Colisão traseira";1;0;0;1;0;0;0;0;0;0;1;2;0;0;0
"21/05/2024";"05:25:00";"189";"Sem vítima";"216,400";"BR-116/SP";"Decrescente";"Colisão lateral em sentido contrário";0;0;1;0;0;0;0;0;0;1;2;0;0;0;0
"21/05/2024";"05:41:00";"201";"Com vítima";"392,000";"BR-101/SP";"Decrescente";"Colisão traseira";1;0;1;0;0;0;0;0;0;0;0;0;1;0;0
"21/05/2024";"06:22:00";"236";"Com vítima";"213,500";"BR-116/SP";"Decrescente";"Colisão lateral em sentido contrário";1;0;0;1;0;0;0;0;0;0;2;1;1;0;0
"21/05/2024";"06:26:00";"237";"Sem vítima";"206,000";"BR-116/SP";"Crescente";"Colisão lateral em sentido contrário";1;0;1;0;0;0;0;0;0;0;2;0;0;0;0
"21/05/2024";"06:30:00";"244";"Sem vítima";"226,800";"BR-116/SP";"Crescente";"Choque";0;0;0;0;0;0;0;1;0;0;1;0;0;0;0
"21/05/2024";"07:35:00";"281";"Com vítima";"481,900";"BR-101/SP";"Decrescente";"Engavetamento";3;0;0;0;0;0;0;0;0;0;4;1;0;0;0
"21/05/2024";"08:13:00";"305";"Sem vítima";"480,000";"BR-101/SP";"Crescente";"Colisão lateral em sentido contrário";1;0;0;1;0;0;0;0;0;0;4;0;0;0;0
"21/05/2024";"09:18:00";"337";"Sem vítima";"69,500";"BR-116/SP";"Decrescente";"Colisão traseira";0;0;0;0;0;0;0;1;0;0;1;0;0;0;0
"21/05/2024";"10:03:00";"358";"Com vítima";"305,000";"BR-116/SP";"Crescente";"Colisão frontal";1;0;0;1;0;0;0;0;0;0;1;0;1;0;0
"21/05/2024";"10:20:00";"365";"Com vítima";"455,000";"BR-101/SP";"Crescente";"Engavetamento";3;0;1;0;0;0;0;0;0;0;3;4;0;0;0
"21/05/2024";"11:06:00";"381";"Sem vítima";"477,000";"BR-101/SP";"Decrescente";"Colisão lateral em sentido contrário";0;0;1;0;0;0;0;0;0;0;1;0;0;0;0
"21/05/2024";"12:08:00";"416";"Sem vítima";"339,000";"BR-116/SP";"Decrescente";"Choque";1;0;0;0;0;0;0;0;0;0;2;0;0;0;0
"21/05/2024";"12:25:00";"424";"Com vítima";"45,800";"BR-101/SP";"Crescente";"Colisão lateral em sentido contrário";1;0;0;1;0;0;0;0;0;0;0;1;0;0;0
"21/05/2024";"12:35:00";"433";"Com vítima";"233,000";"BR-116/SP";"Crescente";"Acidentes de outra natureza";0;0;0;1;0;0;0;0;0;0;0;0;1;0;0
"21/05/2024";"03:09:00";"503";"Sem vítima";"512,000";"BR-101/SP";"Crescente";"Colisão lateral em sentido contrário";2;0;0;0;0;0;0;0;0;0;6;0;0;0;0
"21/05/2024";"03:21:00";"509";"Sem vítima";"104,600";"BR-116/SP";"Crescente";"Colisão traseira";1;0;1;0;0;0;0;0;0;0;0;0;0;0;0
"21/05/2024";"03:35:00";"518";"Com vítima";"581,000";"BR-101/SP";"Crescente";"Choque";1;0;0;0;0;0;0;0;0;0;0;1;0;0;0
"21/05/2024";"03:59:00";"532";"Sem vítima";"519,000";"BR-101/SP";"Decrescente";"Atropelamento de pedestre";1;0;0;0;0;0;0;0;0;0;1;0;0;0;0
"21/05/2024";"05:08:00";"574";"Sem vítima";"228,700";"BR-116/SP";"Crescente";"Choque";0;0;1;0;0;0;0;0;0;0;1;0;0;0;0
"21/05/2024";"08:54:00";"633";"Sem vítima";"210,100";"BR-116/SP";"Crescente";"Colisão lateral em sentido contrário";1;0;1;0;0;0;0;0;0;0;4;0;0;0;0
"22/05/2024";"03:46:00";"116";"Com vítima";"219,000";"BR-116/SP";"Crescente";"Colisão lateral em sentido contrário";1;0;0;1;0;0;0;0;0;0;1;2;0;0;0
"22/05/2024";"04:31:00";"161";"Sem vítima";"121,700";"BR-116/SP";"Decrescente";"Choque";0;0;1;0;0;0;0;0;0;0;1;0;0;0;0
"22/05/2024";"05:32:00";"221";"Com vítima";"161,000";"BR-116/SP";"Decrescente";"Colisão lateral em sentido contrário";0;0;0;1;1;0;0;0;0;0;1;1;0;0;0
"22/05/2024";"07:39:00";"315";"Com vítima";"151,900";"BR-116/SP";"Crescente";"Engavetamento";3;0;0;0;0;0;0;0;0;0;2;1;0;0;0
"22/05/2024";"09:08:00";"370";"Com vítima";"119,000";"BR-116/SP";"Crescente";"Colisão lateral em sentido contrário";1;0;0;1;0;0;0;0;0;0;1;0;1;0;0
"22/05/2024";"09:55:00";"395";"Sem vítima";"34,000";"BR-116/SP";"Crescente";"Colisão lateral em sentido contrário";1;0;1;0;0;0;0;0;0;0;0;0;0;0;0
"22/05/2024";"10:09:00";"402";"Com vítima";"56,800";"BR-116/SP";"Crescente";"Colisão traseira";0;0;0;1;0;0;0;0;0;0;0;1;0;0;0
"22/05/2024";"10:14:00";"405";"Com vítima";"160,800";"BR-116/SP";"Decrescente";"Colisão lateral em sentido contrário";1;0;1;0;0;0;0;0;0;0;1;1;0;0;0
"22/05/2024";"10:21:00";"410";"Sem vítima";"300,000";"BR-116/SP";"Decrescente";"Acidentes de outra natureza";0;0;0;1;0;0;0;0;0;0;2;0;0;0;0
"22/05/2024";"10:34:00";"416";"Com vítima";"161,000";"BR-116/SP";"Decrescente";"Acidentes de outra natureza";0;0;0;1;0;0;0;0;0;0;0;1;0;0;0
"22/05/2024";"11:23:00";"445";"Sem vítima";"209,950";"BR-116/SP";"Decrescente";"Colisão traseira";0;0;2;0;0;0;0;0;0;0;2;0;0;0;0
"22/05/2024";"11:42:00";"454";"Com vítima";"226,000";"BR-116/SP";"Crescente";"Colisão traseira";1;0;0;1;0;0;0;0;0;0;1;0;1;0;0
"22/05/2024";"01:19:00";"522";"Sem vítima";"157,800";"BR-116/SP";"Crescente";"Colisão traseira";0;0;2;0;0;0;0;0;0;0;2;0;0;0;0
"22/05/2024";"02:02:00";"549";"Com vítima";"572,000";"BR-101/SP";"Crescente";"Colisão lateral em sentido contrário";0;0;0;2;0;0;0;0;0;0;0;2;0;0;0
"22/05/2024";"03:17:00";"586";"Sem vítima";"65,000";"BR-116/SP";"Crescente";"Choque";1;0;0;0;0;0;0;0;0;0;0;0;0;0;0
"22/05/2024";"04:45:00";"636";"Sem vítima";"229,000";"BR-116/SP";"Crescente";"Colisão traseira";1;0;0;0;0;0;0;0;0;0;2;0;0;0;0
"22/05/2024";"07:00:00";"674";"Sem vítima";"125,000";"BR-116/SP";"Crescente";"Colisão lateral em sentido contrário";2;0;0;0;0;0;0;0;0;0;0;0;0;0;0
"22/05/2024";"08:22:00";"695";"Sem vítima";"194,000";"BR-116/SP";"Crescente";"Choque";1;0;0;0;0;0;0;0;0;0;1;0;0;0;0
"22/05/2024";"09:01:00";"30";"Sem vítima";"400,600";"BR-101/SP";"Decrescente";"Choque";1;0;0;0;0;0;0;0;0;0;1;0;0;0;0
"22/05/2024";"10:51:00";"51";"Sem vítima";"197,200";"BR-116/SP";"Crescente";"Choque";0;0;1;0;0;0;0;0;0;0;1;0;0;0;0
"23/05/2024";"02:41:00";"86";"Com vítima";"201,000";"BR-116/SP";"Crescente";"Acidentes de outra natureza";0;0;0;1;0;0;0;0;0;0;0;1;0;0;0
"23/05/2024";"03:56:00";"134";"Com vítima";"231,000";"BR-116/SP";"Crescente";"Acidentes de outra natureza";0;0;0;1;0;0;0;0;0;0;0;1;0;0;0
"23/05/2024";"04:16:00";"154";"Sem vítima";"209,000";"BR-116/SP";"Decrescente";"Engavetamento";2;0;0;0;0;0;0;0;0;0;1;0;0;0;0
"23/05/2024";"04:29:00";"169";"Com vítima";"277,000";"BR-116/SP";"Decrescente";"Atropelamento de pedestre";1;0;0;0;0;0;0;0;0;0;0;0;1;0;0
"23/05/2024";"04:30:00";"171";"Com vítima";"224,000";"BR-116/SP";"Crescente";"Colisão lateral em sentido contrário";2;0;0;1;0;0;0;0;0;0;2;1;0;0;0
"23/05/2024";"04:35:00";"177";"Com vítima";"206,000";"BR-116/SP";"Crescente";"Acidentes de outra natureza";0;0;0;1;0;0;0;0;0;0;0;1;0;0;0
"23/05/2024";"04:44:00";"186";"Com vítima";"279,000";"BR-116/SP";"Crescente";"Colisão traseira";1;0;0;1;0;0;0;0;0;0;1;0;1;0;0
"23/05/2024";"05:11:00";"206";"Com vítima";"209,900";"BR-116/SP";"Decrescente";"Colisão lateral em sentido contrário";1;0;0;1;0;0;0;0;0;0;1;1;0;0;0
"23/05/2024";"05:13:00";"208";"Com vítima";"156,100";"BR-116/SP";"Decrescente";"Colisão lateral em sentido contrário";1;0;1;0;0;0;0;0;0;0;3;1;0;0;0
"23/05/2024";"06:00:00";"246";"Com vítima";"192,400";"BR-116/SP";"Decrescente";"Choque";1;0;0;0;0;0;0;0;0;0;1;0;1;0;0
"23/05/2024";"07:23:00";"287";"Com vítima";"197,100";"BR-116/SP";"Crescente";"Colisão traseira";0;0;1;0;0;0;0;0;0;0;0;0;1;0;0
"23/05/2024";"08:31:00";"318";"Sem vítima";"115,800";"BR-116/SP";"Decrescente";"Colisão traseira";0;0;2;0;0;0;0;0;0;0;2;0;0;0;0
"23/05/2024";"08:38:00";"323";"Sem vítima";"51,000";"BR-101/SP";"Decrescente";"Colisão lateral em sentido contrário";0;0;0;1;0;0;0;0;0;0;1;0;0;0;0
"23/05/2024";"08:45:00";"329";"Com vítima";"186,000";"BR-116/SP";"Decrescente";"Acidentes de outra natureza";0;0;0;1;0;0;0;0;0;0;0;1;0;0;0
"23/05/2024";"10:29:00";"378";"Com vítima";"310,000";"BR-116/SP";"Decrescente";"Atropelamento de pedestre";0;0;0;0;1;0;0;0;0;0;0;2;0;0;0
"23/05/2024";"10:40:00";"385";"Com vítima";"41,000";"BR-101/SP";"Crescente";"Acidentes de outra natureza";0;0;0;1;0;0;0;0;0;0;0;0;1;0;0
"23/05/2024";"01:15:00";"476";"Sem vítima";"245,000";"BR-116/SP";"Crescente";"Acidentes de outra natureza";1;0;0;0;0;0;0;0;0;0;0;0;0;0;0
"23/05/2024";"01:24:00";"481";"Sem vítima";"138,000";"BR-116/SP";"Decrescente";"Acidentes de outra natureza";0;0;0;1;0;0;0;0;0;0;1;0;0;0;0
"23/05/2024";"01:25:00";"484";"Sem vítima";"103,100";"BR-116/SP";"Crescente";"Colisão traseira";1;0;0;0;0;0;0;0;0;0;1;0;0;0;0
"23/05/2024";"01:28:00";"488";"Sem vítima";"259,000";"BR-116/SP";"Crescente";"Choque";1;0;0;0;0;0;0;0;0;0;1;0;0;0;0
"23/05/2024";"01:39:00";"501";"Sem vítima";"138,000";"BR-116/SP";"Decrescente";"Colisão lateral em sentido contrário";1;0;0;0;0;0;0;1;0;0;2;0;0;0;0
"23/05/2024";"02:41:00";"532";"Com vítima";"230,000";"BR-116/SP";"Decrescente";"Colisão lateral em sentido contrário";1;0;0;1;0;0;0;0;0;0;1;2;0;0;0
"23/05/2024";"02:53:00";"540";"Sem vítima";"154,000";"BR-116/SP";"Crescente";"Colisão traseira";2;0;0;0;0;0;0;0;0;0;4;0;0;0;0
"23/05/2024";"03:27:00";"553";"Sem vítima";"145,000";"BR-116/SP";"Decrescente";"Colisão traseira";2;0;0;0;0;0;0;0;0;0;4;0;0;0;0
"23/05/2024";"04:24:00";"582";"Sem vítima";"229,000";"BR-116/SP";"Decrescente";"Acidentes de outra natureza";0;0;0;1;0;0;0;0;0;0;1;0;0;0;0
"23/05/2024";"04:56:00";"598";"Com vítima";"277,200";"BR-116/SP";"Crescente";"Choque";1;0;0;0;0;0;0;0;0;0;0;0;1;0;0
"23/05/2024";"07:15:00";"652";"Sem vítima";"277,700";"BR-116/SP";"Decrescente";"Colisão traseira";1;0;0;0;0;0;0;0;0;0;2;0;0;0;0
"23/05/2024";"08:22:00";"686";"Sem vítima";"124,800";"BR-116/SP";"Crescente";"Colisão lateral em sentido contrário";1;0;0;0;0;0;0;1;0;0;4;0;0;0;0
"23/05/2024";"10:11:00";"42";"Com vítima";"222,000";"BR-116/SP";"Decrescente";"Engavetamento";3;0;0;0;0;0;0;0;0;0;3;1;0;0;0
"23/05/2024";"11:05:00";"52";"Sem vítima";"104,900";"BR-116/SP";"Decrescente";"Colisão traseira";2;0;0;0;0;0;0;0;0;0;2;0;0;0;0
"24/05/2024";"12:09:00";"62";"Com vítima";"280,000";"BR-116/SP";"Decrescente";"Choque";1;0;0;0;0;0;0;0;0;0;0;1;0;0;0
"24/05/2024";"02:11:00";"85";"Sem vítima";"50,500";"BR-101/SP";"Crescente";"Choque";1;0;0;0;0;0;0;0;0;0;1;0;0;0;0
"24/05/2024";"02:36:00";"92";"Com vítima";"312,600";"BR-116/SP";"Decrescente";"Tombamento";0;0;0;0;0;0;0;1;0;0;0;1;0;0;0
"24/05/2024";"02:41:00";"95";"Com vítima";"312,600";"BR-116/SP";"Crescente";"Choque";1;0;2;0;0;0;0;0;0;0;2;1;0;0;0
"24/05/2024";"03:47:00";"128";"Sem vítima";"312,600";"BR-116/SP";"Crescente";"Choque";0;0;1;0;0;0;0;0;0;0;1;0;0;0;0
"24/05/2024";"03:57:00";"140";"Sem vítima";"312,600";"BR-116/SP";"Crescente";"Choque";0;0;1;0;0;0;0;0;0;0;1;0;0;0;0
"24/05/2024";"06:07:00";"229";"Sem vítima";"230,000";"BR-116/SP";"Crescente";"Choque";0;0;0;0;0;0;0;1;0;0;1;0;0;0;0
"24/05/2024";"06:45:00";"256";"Com vítima";"230,000";"BR-116/SP";"Crescente";"Colisão traseira";2;0;0;0;0;0;0;0;0;0;1;1;0;0;0
"24/05/2024";"06:52:00";"261";"Com vítima";"158,000";"BR-116/SP";"Decrescente";"Colisão traseira";1;0;0;1;0;0;0;0;0;0;5;0;1;0;0
"24/05/2024";"07:59:00";"296";"Com vítima";"40,500";"BR-101/SP";"Crescente";"Colisão frontal";1;0;0;1;0;0;0;0;0;0;1;0;1;1;0
"24/05/2024";"09:00:00";"227";"Sem vítima";"140,000";"BR-116/SP";"Crescente";"Engavetamento";3;0;0;0;0;0;0;0;0;0;3;0;0;0;0
"24/05/2024";"09:41:00";"361";"Sem vítima";"416,400";"BR-101/SP";"Decrescente";"Choque";1;0;0;0;0;0;0;0;0;0;1;0;0;0;0
"24/05/2024";"10:28:00";"383";"Com vítima";"381,000";"BR-101/SP";"Crescente";"Colisão traseira";2;0;0;0;0;0;0;0;0;0;1;1;0;0;0
"24/05/2024";"10:29:00";"384";"Com vítima";"205,700";"BR-116/SP";"Decrescente";"Capotamento";0;0;1;0;0;0;0;0;0;0;0;1;0;0;0
"24/05/2024";"10:38:00";"389";"Com vítima";"569,500";"BR-101/SP";"Decrescente";"Choque";0;0;0;0;1;0;0;0;0;0;1;1;0;0;0
"24/05/2024";"10:43:00";"392";"Com vítima";"122,700";"BR-116/SP";"Decrescente";"Engavetamento";2;0;2;0;0;0;0;0;0;2;8;1;2;0;0
"24/05/2024";"12:12:00";"437";"Com vítima";"220,000";"BR-116/SP";"Decrescente";"Colisão lateral em sentido contrário";1;0;0;1;0;0;0;0;0;0;2;1;0;0;0
"24/05/2024";"01:03:00";"468";"Sem vítima";"231,000";"BR-116/SP";"Decrescente";"Colisão traseira";1;0;0;0;0;0;0;0;0;0;1;0;0;0;0
"24/05/2024";"01:38:00";"493";"Com vítima";"219,000";"BR-116/SP";"Crescente";"Colisão traseira";0;0;1;1;0;0;0;0;0;0;1;1;0;0;0
"24/05/2024";"01:57:00";"502";"Com vítima";"40,000";"BR-101/SP";"Crescente";"Colisão lateral em sentido contrário";2;0;0;0;0;0;0;0;0;0;1;2;0;0;0
"24/05/2024";"02:39:00";"518";"Sem vítima";"292,100";"BR-116/SP";"Crescente";"Colisão traseira";1;0;1;0;0;0;0;0;0;0;2;0;0;0;0
"24/05/2024";"02:47:00";"522";"Sem vítima";"221,000";"BR-116/SP";"Decrescente";"Colisão traseira";1;0;0;0;0;0;0;0;0;0;1;0;0;0;0
"24/05/2024";"02:53:00";"527";"Com vítima";"221,000";"BR-116/SP";"Decrescente";"Atropelamento de pedestre";0;0;0;1;0;0;0;0;0;0;0;1;0;0;0
"24/05/2024";"03:15:00";"540";"Sem vítima";"162,000";"BR-116/SP";"Crescente";"Choque";1;0;0;0;0;0;0;0;0;0;1;0;0;0;0
"24/05/2024";"03:38:00";"558";"Com vítima";"148,000";"BR-116/SP";"Decrescente";"Colisão lateral em sentido contrário";1;0;0;1;0;0;0;0;0;0;2;1;0;0;0
"24/05/2024";"04:16:00";"573";"Sem vítima";"145,700";"BR-116/SP";"Crescente";"Colisão lateral em sentido contrário";1;0;0;0;0;0;0;0;0;0;1;0;0;0;0
"24/05/2024";"05:16:00";"607";"Com vítima";"153,000";"BR-116/SP";"Crescente";"Acidentes de outra natureza";0;0;0;1;0;0;0;0;0;0;0;1;0;0;0
"24/05/2024";"05:42:00";"617";"Com vítima";"77,250";"BR-116/SP";"Decrescente";"Acidentes de outra natureza";0;0;0;1;0;0;0;0;0;0;0;0;1;0;0
"24/05/2024";"09:00:00";"447";"Com vítima";"50,500";"BR-101/SP";"Decrescente";"Colisão frontal";1;0;0;1;0;0;0;0;0;0;0;1;0;0;0