data;horario;n_da_ocorrencia;tipo_de_ocorrencia;km;trecho;sentido;tipo_de_acidente;automovel;bicicleta;caminhao;moto;onibus;outros;tracao_animal;transporte_de_cargas_especiais;trator_maquinas;utilitarios;ilesos;levemente_feridos;moderadamente_feridos;gravemente_feridos;mortos
"24/05/2024";"09:04:00";"31";"Com vítima";"211,800";"BR-116/SP";"Decrescente";"Colisão lateral em sentido contrário";2;0;0;0;0;0;0;0;0;0;1;1;0;0;0
"24/05/2024";"10:33:00";"51";"Com vítima";"296,000";"BR-116/SP";"Decrescente";"Choque";1;0;0;0;0;0;0;0;0;0;0;1;0;0;0
"24/05/2024";"10:50:00";"54";"Sem vítima";"220,000";"BR-116/SP";"Crescente";"Choque";1;0;0;0;0;0;0;0;0;0;1;0;0;0;0
"24/05/2024";"11:58:00";"60";"Sem vítima";"223,000";"BR-116/SP";"Decrescente";"Colisão traseira";1;0;0;0;0;0;0;0;0;0;1;0;0;0;0
"25/05/2024";"12:37:00";"65";"Com vítima";"70,500";"BR-116/SP";"Crescente";"Atropelamento de pedestre";1;0;0;0;0;0;0;0;0;0;2;0;1;0;0
"25/05/2024";"01:04:00";"73";"Com vítima";"29,500";"BR-116/SP";"Decrescente";"Colisão traseira";0;0;2;0;0;0;0;0;0;0;1;0;1;0;0
"25/05/2024";"01:51:00";"83";"Com vítima";"246,000";"BR-116/SP";"Decrescente";"Colisão traseira";0;0;1;0;0;0;0;0;0;1;8;1;0;0;0
"25/05/2024";"03:40:00";"112";"Sem vítima";"592,000";"BR-101/SP";"Crescente";"Choque";1;0;0;0;0;0;0;0;0;0;1;0;0;0;0
"25/05/2024";"04:12:00";"138";"Sem vítima";"394,000";"BR-101/SP";"Crescente";"Colisão traseira";0;0;0;0;0;0;0;0;0;0;0;0;0;0;0
"25/05/2024";"04:42:00";"160";"Sem vítima";"126,000";"BR-116/SP";"Decrescente";"Choque";1;0;0;0;0;0;0;0;0;0;0;0;0;0;0
"25/05/2024";"05:08:00";"181";"Com vítima";"282,200";"BR-116/SP";"Crescente";"Colisão traseira";1;0;0;0;1;0;0;0;0;0;41;1;0;0;0
"25/05/2024";"05:32:00";"198";"Com vítima";"208,400";"BR-116/SP";"Crescente";"Colisão lateral em sentido contrário";0;0;0;1;0;0;0;0;0;0;0;2;0;0;0
"25/05/2024";"05:54:00";"209";"Com vítima";"217,000";"BR-116/SP";"Crescente";"Colisão lateral em sentido contrário";0;0;0;1;0;0;0;0;0;0;0;0;1;0;0
"25/05/2024";"05:54:00";"210";"Com vítima";"160,000";"BR-116/SP";"Decrescente";"Colisão lateral em sentido contrário";1;0;0;1;0;0;0;0;0;0;1;1;0;0;0
"25/05/2024";"06:46:00";"237";"Com vítima";"210,800";"BR-116/SP";"Crescente";"Colisão lateral em sentido contrário";0;0;0;1;0;0;0;0;0;0;0;1;0;1;0
"25/05/2024";"06:49:00";"240";"Sem vítima";"136,500";"BR-116/SP";"Decrescente";"Engavetamento";1;0;0;0;0;0;0;1;0;1;0;0;0;0;0
"25/05/2024";"07:17:00";"249";"Sem vítima";"210,000";"BR-116/SP";"Decrescente";"Colisão lateral em sentido contrário";1;0;0;0;0;0;0;0;0;0;1;0;0;0;0
"25/05/2024";"10:37:00";"326";"Com vítima";"145,000";"BR-116/SP";"Crescente";"Colisão traseira";1;0;0;0;0;0;0;0;0;1;2;1;0;0;0
"25/05/2024";"10:58:00";"334";"Com vítima";"381,000";"BR-101/SP";"Crescente";"Engavetamento";2;0;0;0;0;0;0;0;0;0;2;1;0;0;0
"25/05/2024";"11:29:00";"350";"Com vítima";"526,000";"BR-101/SP";"Decrescente";"Acidentes de outra natureza";0;0;0;1;0;0;0;0;0;0;0;1;0;0;0
"25/05/2024";"11:52:00";"359";"Sem vítima";"208,100";"BR-116/SP";"Decrescente";"Colisão lateral em sentido contrário";1;0;0;0;0;0;0;0;0;0;1;0;0;0;0
"25/05/2024";"12:14:00";"365";"Sem vítima";"230,000";"BR-116/SP";"Decrescente";"Acidentes de outra natureza";1;0;0;1;0;0;0;0;0;0;5;0;0;0;0
"25/05/2024";"12:36:00";"376";"Com vítima";"219,500";"BR-116/SP";"Decrescente";"Colisão lateral em sentido contrário";0;0;0;1;0;0;0;1;0;0;1;0;1;0;0
"25/05/2024";"01:18:00";"391";"Sem vítima";"106,000";"BR-116/SP";"Crescente";"Acidentes de outra natureza";1;0;0;0;0;0;0;0;0;0;0;0;0;0;0
"25/05/2024";"03:31:00";"428";"Sem vítima";"187,800";"BR-116/SP";"Crescente";"Engavetamento";3;0;0;0;0;0;0;0;0;0;7;0;0;0;0
"25/05/2024";"04:22:00";"449";"Com vítima";"102,600";"BR-116/SP";"Crescente";"Acidentes de outra natureza";0;0;0;1;0;0;0;0;0;0;0;2;0;0;0
"25/05/2024";"04:33:00";"455";"Sem vítima";"228,500";"BR-116/SP";"Decrescente";"Choque";1;0;0;0;0;0;0;0;0;0;2;0;0;0;0
"25/05/2024";"04:35:00";"456";"Sem vítima";"514,500";"BR-101/SP";"Decrescente";"Choque";1;0;0;0;0;0;0;0;0;0;0;0;0;0;0
"25/05/2024";"04:37:00";"457";"Com vítima";"278,400";"BR-116/SP";"Decrescente";"Atropelamento de pedestre";1;0;0;0;0;0;0;0;0;0;1;0;0;1;0
"25/05/2024";"04:40:00";"458";"Com vítima";"445,000";"BR-101/SP";"Decrescente";"Capotamento";1;0;0;0;0;0;0;0;0;0;0;1;1;0;0
"25/05/2024";"04:43:00";"459";"Com vítima";"219,000";"BR-116/SP";"Crescente";"Choque";1;0;0;0;0;0;0;0;0;0;0;1;0;0;0
"25/05/2024";"05:31:00";"479";"Com vítima";"571,200";"BR-101/SP";"Crescente";"Atropelamento de pedestre";0;0;0;0;1;0;0;0;0;0;1;1;0;0;0
"25/05/2024";"06:23:00";"493";"Sem vítima";"517,000";"BR-101/SP";"Decrescente";"Choque";1;0;0;0;0;0;0;0;0;0;1;0;0;0;0
"25/05/2024";"08:38:00";"515";"Com vítima";"273,200";"BR-116/SP";"Decrescente";"Choque";1;0;0;0;0;0;0;0;0;0;0;0;2;0;0
"25/05/2024";"09:00:00";"282";"Sem vítima";"234,000";"BR-116/SP";"Decrescente";"Choque";1;0;0;0;0;0;0;0;0;0;0;0;0;0;0
"25/05/2024";"09:05:00";"31";"Sem vítima";"59,600";"BR-116/SP";"Crescente";"Colisão traseira";2;0;0;0;0;0;0;0;0;0;0;0;0;0;0
"25/05/2024";"09:41:00";"40";"Com vítima";"283,300";"BR-116/SP";"Decrescente";"Choque";1;0;0;0;0;0;0;0;0;0;0;1;0;0;0
"25/05/2024";"10:43:00";"46";"Sem vítima";"211,400";"BR-116/SP";"Decrescente";"Choque";1;0;0;0;0;0;0;0;0;0;1;0;0;0;0
"25/05/2024";"10:54:00";"47";"Com vítima";"216,400";"BR-116/SP";"Crescente";"Choque";1;0;0;0;0;0;0;0;0;0;1;1;0;0;0
"26/05/2024";"02:14:00";"62";"Com vítima";"470,000";"BR-101/SP";"Decrescente";"Choque";1;0;0;0;0;0;0;0;0;0;0;1;0;0;0
"26/05/2024";"02:28:00";"70";"Sem vítima";"158,200";"BR-116/SP";"Crescente";"Choque";1;0;0;0;0;0;0;0;0;0;1;0;0;0;0
"26/05/2024";"02:34:00";"71";"Sem vítima";"227,000";"BR-116/SP";"Crescente";"Choque";1;0;0;0;0;0;0;0;0;0;2;0;0;0;0
"26/05/2024";"02:36:00";"72";"Com vítima";"227,000";"BR-116/SP";"Crescente";"Colisão traseira";0;0;0;1;0;0;0;0;0;1;1;1;0;0;0
"26/05/2024";"03:43:00";"93";"Com vítima";"73,000";"BR-116/SP";"Decrescente";"Choque";1;0;0;0;0;0;0;0;0;0;0;1;0;0;0
"26/05/2024";"04:22:00";"103";"Com vítima";"232,600";"BR-116/SP";"Decrescente";"Choque";1;0;0;0;0;0;0;0;0;0;0;1;0;0;0
"26/05/2024";"04:46:00";"118";"Sem vítima";"218,500";"BR-116/SP";"Crescente";"Choque";1;0;0;0;0;0;0;0;0;0;2;0;0;0;0
"26/05/2024";"04:52:00";"121";"Com vítima";"37,000";"BR-116/SP";"Crescente";"Capotamento";2;0;0;0;0;0;0;0;0;0;0;3;0;0;0
"26/05/2024";"04:58:00";"123";"Sem vítima";"108,780";"BR-116/SP";"Decrescente";"Choque";1;0;0;0;0;0;0;0;0;0;1;0;0;0;0
"26/05/2024";"06:44:00";"162";"Sem vítima";"211,200";"BR-116/SP";"Decrescente";"Choque";1;0;0;0;0;0;0;0;0;0;1;0;0;0;0
"26/05/2024";"07:06:00";"168";"Com vítima";"274,500";"BR-116/SP";"Crescente";"Choque";1;0;0;0;0;0;0;0;0;0;0;1;0;0;0
"26/05/2024";"07:19:00";"174";"Sem vítima";"192,700";"BR-116/SP";"Crescente";"Choque";1;0;0;0;0;0;0;0;0;0;1;0;0;0;0
"26/05/2024";"07:25:00";"178";"Com vítima";"324,150";"BR-116/SP";"Decrescente";"Choque";1;0;0;0;0;0;0;0;0;0;0;2;0;0;0
"26/05/2024";"07:36:00";"183";"Sem vítima";"498,500";"BR-101/SP";"Crescente";"Choque";1;0;0;0;0;0;0;0;0;0;5;0;0;0;0
"26/05/2024";"07:42:00";"188";"Sem vítima";"428,000";"BR-101/SP";"Decrescente";"Choque";1;0;0;0;0;0;0;0;0;0;1;0;0;0;0
"26/05/2024";"08:03:00";"208";"Sem vítima";"232,600";"BR-116/SP";"Decrescente";"Choque";1;0;0;0;0;0;0;0;0;0;4;0;0;0;0
"26/05/2024";"08:10:00";"196";"Com vítima";"226,800";"BR-116/SP";"Crescente";"Capotamento";1;0;0;0;0;0;0;0;0;0;0;5;0;0;0
"26/05/2024";"08:12:00";"198";"Sem vítima";"180,000";"BR-116/SP";"Decrescente";"Acidentes de outra natureza";1;0;0;0;0;0;0;0;0;0;0;0;0;0;0
"26/05/2024";"08:33:00";"206";"Sem vítima";"65,000";"BR-116/SP";"Decrescente";"Choque";1;0;0;0;0;0;0;0;0;0;1;0;0;0;0
"26/05/2024";"08:42:00";"213";"Sem vítima";"98,800";"BR-116/SP";"Crescente";"Acidentes de outra natureza";0;0;0;1;0;0;0;0;0;0;1;0;0;0;0
"26/05/2024";"08:54:00";"215";"Sem vítima";"442,000";"BR-101/SP";"Crescente";"Choque";1;0;0;0;0;0;0;0;0;0;0;0;0;0;0
"26/05/2024";"08:55:00";"217";"Com vítima";"282,000";"BR-116/SP";"Decrescente";"Capotamento";1;0;0;0;0;0;0;0;0;0;3;1;0;0;0
"26/05/2024";"09:10:00";"226";"Sem vítima";"226,200";"BR-116/SP";"Crescente";"Choque";1;0;0;0;0;0;0;0;0;0;0;0;0;0;0
"26/05/2024";"09:15:00";"230";"Sem vítima";"324,150";"BR-116/SP";"Decrescente";"Choque";0;0;1;0;0;0;0;0;0;0;1;0;0;0;0
"26/05/2024";"09:35:00";"236";"Sem vítima";"234,000";"BR-116/SP";"Decrescente";"Capotamento";1;0;0;0;0;0;0;0;0;0;0;0;0;0;0
"26/05/2024";"09:41:00";"239";"Sem vítima";"442,000";"BR-101/SP";"Crescente";"Choque";1;0;0;0;0;0;0;0;0;0;0;0;0;0;0
"26/05/2024";"10:20:00";"251";"Com vítima";"475,000";"BR-101/SP";"Decrescente";"Colisão traseira";2;0;0;0;0;0;0;0;0;0;2;0;1;0;0
"26/05/2024";"10:42:00";"262";"Sem vítima";"227,000";"BR-116/SP";"Decrescente";"Capotamento";1;0;0;0;0;0;0;0;0;0;4;0;0;0;0
"26/05/2024";"10:44:00";"264";"Com vítima";"222,000";"BR-116/SP";"Decrescente";"Colisão lateral em sentido contrário";1;0;0;0;0;0;0;0;0;0;0;1;0;0;0
"26/05/2024";"10:56:00";"269";"Sem vítima";"313,700";"BR-116/SP";"Decrescente";"Choque";1;0;0;0;0;0;0;0;0;0;1;0;0;0;0
"26/05/2024";"11:17:00";"281";"Sem vítima";"222,000";"BR-116/SP";"Decrescente";"Choque";1;0;0;0;0;0;0;0;0;0;1;0;0;0;0
"26/05/2024";"11:22:00";"284";"Sem vítima";"78,200";"BR-116/SP";"Crescente";"Colisão traseira";2;0;0;0;0;0;0;0;0;0;5;0;0;0;0
"26/05/2024";"11:56:00";"298";"Sem vítima";"232,600";"BR-116/SP";"Decrescente";"Choque";1;0;0;0;0;0;0;0;0;0;2;0;0;0;0
"26/05/2024";"12:02:00";"299";"Com vítima";"49,500";"BR-101/SP";"Decrescente";"Colisão traseira";1;0;0;1;0;0;0;0;0;0;3;1;0;0;0
"26/05/2024";"12:03:00";"300";"Sem vítima";"506,000";"BR-101/SP";"Decrescente";"Colisão traseira";2;0;0;0;0;0;0;0;0;0;3;0;0;0;0
"26/05/2024";"12:19:00";"306";"Com vítima";"235,600";"BR-116/SP";"Decrescente";"Capotamento";1;0;0;0;0;0;0;0;0;0;0;0;3;0;0
"26/05/2024";"12:19:00";"307";"Sem vítima";"322,550";"BR-116/SP";"Decrescente";"Choque";1;0;0;0;0;0;0;0;0;0;1;0;0;0;0
"26/05/2024";"12:25:00";"309";"Sem vítima";"227,100";"BR-116/SP";"Decrescente";"Choque";1;0;0;0;0;0;0;0;0;0;2;0;0;0;0
"26/05/2024";"12:54:00";"320";"Sem vítima";"413,000";"BR-101/SP";"Decrescente";"Capotamento";1;0;0;0;0;0;0;0;0;0;1;0;0;0;0
"26/05/2024";"01:00:00";"323";"Com vítima";"252,000";"BR-116/SP";"Crescente";"Choque";1;0;0;0;0;0;0;0;0;0;0;2;1;0;0
"26/05/2024";"01:04:00";"326";"Sem vítima";"74,500";"BR-116/SP";"Crescente";"Colisão traseira";2;0;0;0;0;0;0;0;0;0;2;0;0;0;0
"26/05/2024";"01:07:00";"329";"Sem vítima";"322,000";"BR-116/SP";"Crescente";"Choque";1;0;0;0;0;0;0;0;0;0;4;0;0;0;0
"26/05/2024";"01:48:00";"345";"Sem vítima";"252,200";"BR-116/SP";"Crescente";"Choque";1;0;0;0;0;0;0;0;0;0;1;0;0;0;0
"26/05/2024";"01:52:00";"348";"Sem vítima";"295,000";"BR-116/SP";"Crescente";"Choque";1;0;0;0;0;0;0;0;0;0;1;0;0;0;0
"26/05/2024";"02:02:00";"352";"Com vítima";"417,100";"BR-101/SP";"Decrescente";"Colisão frontal";1;0;0;0;1;0;0;0;0;0;30;0;0;1;3
"26/05/2024";"02:14:00";"356";"Com vítima";"71,900";"BR-116/SP";"Crescente";"Colisão traseira";0;0;0;1;0;0;0;0;0;1;0;0;1;0;0
"26/05/2024";"03:01:00";"375";"Sem vítima";"226,000";"BR-116/SP";"Crescente";"Colisão traseira";1;0;0;0;0;0;0;0;0;0;1;0;0;0;0
"26/05/2024";"03:23:00";"384";"Sem vítima";"176,000";"BR-116/SP";"Decrescente";"Acidentes de outra natureza";1;0;0;0;0;0;0;0;0;0;1;0;0;0;0
"26/05/2024";"04:16:00";"410";"Sem vítima";"233,900";"BR-116/SP";"Decrescente";"Choque";1;0;0;0;0;0;0;0;0;0;2;0;0;0;0
"26/05/2024";"04:25:00";"415";"Sem vítima";"233,000";"BR-116/SP";"Decrescente";"Choque";1;0;0;0;0;0;0;0;0;0;4;0;0;0;0
"26/05/2024";"05:40:00";"449";"Sem vítima";"285,000";"BR-116/SP";"Crescente";"Colisão traseira";1;0;0;0;0;0;0;0;0;0;0;0;0;0;0
"26/05/2024";"05:42:00";"437";"Sem vítima";"322,000";"BR-116/SP";"Crescente";"Choque";1;0;0;0;0;0;0;0;0;0;1;0;0;0;0
"26/05/2024";"06:08:00";"457";"Sem vítima";"285,800";"BR-116/SP";"Crescente";"Choque";1;0;0;0;0;0;0;0;0;0;0;0;0;0;0
"26/05/2024";"06:29:00";"464";"Sem vítima";"252,000";"BR-116/SP";"Crescente";"Choque";1;0;0;0;0;0;0;0;0;0;1;0;0;0;0
"26/05/2024";"07:11:00";"471";"Sem vítima";"211,900";"BR-116/SP";"Crescente";"Capotamento";1;0;0;0;0;0;0;0;0;0;2;0;0;0;0
"26/05/2024";"07:29:00";"474";"Sem vítima";"220,400";"BR-116/SP";"Decrescente";"Choque";1;0;0;0;0;0;0;0;0;0;1;0;0;0;0
"26/05/2024";"08:38:00";"487";"Sem vítima";"211,350";"BR-116/SP";"Crescente";"Colisão traseira";2;0;0;0;0;0;0;0;0;0;4;0;0;0;0
"27/05/2024";"12:22:00";"64";"Com vítima";"295,000";"BR-116/SP";"Decrescente";"Choque";0;0;0;0;0;0;0;1;0;0;0;1;0;0;0
"27/05/2024";"12:25:00";"65";"Sem vítima";"211,150";"BR-116/SP";"Crescente";"Choque";1;0;0;0;0;0;0;0;0;0;3;0;0;0;0
"27/05/2024";"12:38:00";"66";"Com vítima";"160,300";"BR-116/SP";"Crescente";"Choque";1;0;0;0;0;0;0;0;0;0;1;1;0;0;0
"27/05/2024";"02:35:00";"86";"Sem vítima";"220,000";"BR-116/SP";"Crescente";"Engavetamento";1;0;1;0;1;0;0;0;0;0;3;0;0;0;0
"27/05/2024";"03:18:00";"100";"Sem vítima";"205,000";"BR-116/SP";"Decrescente";"Colisão traseira";0;0;2;0;0;0;0;0;0;0;3;0;0;0;0
"27/05/2024";"03:22:00";"101";"Com vítima";"225,900";"BR-116/SP";"Crescente";"Choque";1;0;0;0;0;0;0;0;0;0;0;1;0;0;0
"27/05/2024";"03:41:00";"113";"Sem vítima";"334,600";"BR-116/SP";"Crescente";"Choque";1;0;0;0;0;0;0;0;0;0;2;0;0;0;0
"27/05/2024";"03:46:00";"118";"Sem vítima";"294,600";"BR-116/SP";"Crescente";"Choque";1;0;0;0;0;0;0;0;0;0;1;0;0;0;0
"27/05/2024";"03:49:00";"121";"Com vítima";"191,580";"BR-116/SP";"Decrescente";"Choque";1;0;0;0;0;0;0;0;0;0;0;1;0;0;0
"27/05/2024";"03:54:00";"130";"Sem vítima";"273,000";"BR-116/SP";"Crescente";"Choque";1;0;0;0;0;0;0;0;0;0;0;0;0;0;0
"27/05/2024";"03:57:00";"132";"Sem vítima";"26,400";"BR-116/SP";"Crescente";"Choque";1;0;0;0;0;0;0;0;0;0;3;0;0;0;0
"27/05/2024";"04:21:00";"144";"Sem vítima";"66,800";"BR-116/SP";"Crescente";"Choque";1;0;0;0;0;0;0;0;0;0;1;0;0;0;0
"27/05/2024";"04:25:00";"150";"Sem vítima";"154,500";"BR-116/SP";"Crescente";"Colisão traseira";2;0;0;0;0;0;0;0;0;0;2;0;0;0;0
"27/05/2024";"04:36:00";"155";"Sem vítima";"38,300";"BR-116/SP";"Decrescente";"Choque";1;0;0;0;0;0;0;0;0;0;1;0;0;0;0
"27/05/2024";"04:41:00";"157";"Sem vítima";"221,100";"BR-116/SP";"Crescente";"Choque";1;0;0;0;0;0;0;0;0;0;1;0;0;0;0
"27/05/2024";"04:48:00";"161";"Com vítima";"296,000";"BR-116/SP";"Crescente";"Capotamento";1;0;0;0;0;0;0;0;0;0;0;1;0;0;0
"27/05/2024";"05:16:00";"184";"Com vítima";"485,700";"BR-101/SP";"Crescente";"Atropelamento de pedestre";0;0;0;1;0;0;0;0;0;0;1;1;0;0;0
"27/05/2024";"05:31:00";"198";"Sem vítima";"218,000";"BR-116/SP";"Decrescente";"Acidentes de outra natureza";0;0;0;1;0;0;0;0;0;0;1;0;0;0;0
"27/05/2024";"06:24:00";"238";"Sem vítima";"132,100";"BR-116/SP";"Decrescente";"Choque";0;0;0;0;0;0;0;1;0;0;1;0;0;0;0
"27/05/2024";"06:35:00";"248";"Sem vítima";"167,000";"BR-116/SP";"Crescente";"Colisão traseira";0;0;1;0;0;0;0;0;0;1;3;0;0;0;0
"27/05/2024";"06:36:00";"250";"Sem vítima";"483,000";"BR-101/SP";"Crescente";"Colisão traseira";2;0;0;0;0;0;0;0;0;0;3;0;0;0;0
"27/05/2024";"07:14:00";"278";"Sem vítima";"22,300";"BR-116/SP";"Crescente";"Choque";1;0;0;0;0;0;0;0;0;0;1;0;0;0;0
"27/05/2024";"07:18:00";"280";"Sem vítima";"432,800";"BR-101/SP";"Decrescente";"Choque";1;0;0;0;0;0;0;0;0;0;2;0;0;0;0
"27/05/2024";"08:07:00";"313";"Com vítima";"334,000";"BR-116/SP";"Crescente";"Choque";0;0;0;0;0;0;0;0;0;1;0;1;0;0;0
"27/05/2024";"08:09:00";"315";"Sem vítima";"75,000";"BR-116/SP";"Crescente";"Choque";1;0;0;0;0;0;0;0;0;0;1;0;0;0;0
"27/05/2024";"08:46:00";"333";"Sem vítima";"231,200";"BR-116/SP";"Crescente";"Colisão traseira";2;0;0;0;0;0;0;0;0;0;3;0;0;0;0
"27/05/2024";"08:50:00";"336";"Sem vítima";"26,000";"BR-116/SP";"Crescente";"Choque";1;0;0;0;0;0;0;0;0;0;3;0;0;0;0
"27/05/2024";"09:24:00";"350";"Com vítima";"177,600";"BR-116/SP";"Crescente";"Atropelamento de pedestre";0;0;0;0;0;0;0;0;0;0;0;0;0;1;0
"27/05/2024";"09:30:00";"352";"Sem vítima";"323,000";"BR-116/SP";"Decrescente";"Choque";1;0;0;0;0;0;0;0;0;0;1;0;0;0;0
"27/05/2024";"09:55:00";"363";"Sem vítima";"70,700";"BR-116/SP";"Crescente";"Choque";1;0;0;0;0;0;0;0;0;0;1;0;0;0;0
"27/05/2024";"09:57:00";"365";"Sem vítima";"492,000";"BR-101/SP";"Crescente";"Choque";0;0;1;0;0;0;0;0;0;0;1;0;0;0;0
"27/05/2024";"10:11:00";"367";"Sem vítima";"219,000";"BR-116/SP";"Crescente";"Colisão traseira";1;0;1;0;0;0;0;0;0;0;3;0;0;0;0
"27/05/2024";"10:11:00";"368";"Sem vítima";"37,700";"BR-116/SP";"Crescente";"Choque";0;0;1;0;0;0;0;0;0;0;2;0;0;0;0
"27/05/2024";"10:34:00";"379";"Sem vítima";"226,000";"BR-116/SP";"Crescente";"Choque";1;0;0;0;0;0;0;0;0;0;1;0;0;0;0
"27/05/2024";"11:04:00";"391";"Com vítima";"282,600";"BR-116/SP";"Decrescente";"Capotamento";1;0;0;0;0;0;0;0;0;0;1;1;0;0;0
"27/05/2024";"12:21:00";"427";"Sem vítima";"275,300";"BR-116/SP";"Crescente";"Colisão traseira";1;0;1;0;0;0;0;0;0;0;2;0;0;0;0
"27/05/2024";"12:29:00";"431";"Com vítima";"234,000";"BR-116/SP";"Decrescente";"Choque";1;0;0;0;0;0;0;0;0;0;0;1;0;0;0
"27/05/2024";"01:19:00";"459";"Sem vítima";"516,000";"BR-101/SP";"Decrescente";"Choque";1;0;0;0;0;0;0;0;0;0;1;0;0;0;0
"27/05/2024";"01:23:00";"463";"Com vítima";"237,600";"BR-116/SP";"Crescente";"Capotamento";1;0;0;0;0;0;0;0;0;0;0;0;0;0;1
"27/05/2024";"02:41:00";"500";"Sem vítima";"228,500";"BR-116/SP";"Decrescente";"Choque";1;0;0;0;0;0;0;0;0;0;2;0;0;0;0
"27/05/2024";"02:50:00";"505";"Com vítima";"446,000";"BR-101/SP";"Decrescente";"Choque";1;0;0;0;0;0;0;0;0;0;0;0;1;0;0
"27/05/2024";"03:08:00";"516";"Sem vítima";"204,300";"BR-116/SP";"Decrescente";"Colisão lateral em sentido contrário";1;0;1;0;0;0;0;0;0;0;3;0;0;0;0
"27/05/2024";"03:24:00";"530";"Sem vítima";"233,000";"BR-116/SP";"Crescente";"Colisão traseira";1;0;1;0;0;0;0;0;0;0;3;0;0;0;0
"27/05/2024";"04:24:00";"564";"Sem vítima";"218,000";"BR-116/SP";"Crescente";"Colisão traseira";2;0;0;0;0;0;0;0;0;0;2;0;0;0;0
"27/05/2024";"04:29:00";"566";"Sem vítima";"155,000";"BR-116/SP";"Crescente";"Colisão lateral em sentido contrário";1;0;1;0;0;0;0;0;0;0;2;0;0;0;0
"27/05/2024";"07:39:00";"649";"Sem vítima";"150,800";"BR-116/SP";"Decrescente";"Colisão traseira";0;0;0;0;0;0;0;1;0;0;1;0;0;0;0
"27/05/2024";"09:10:00";"32";"Com vítima";"211,550";"BR-116/SP";"Crescente";"Acidentes de outra natureza";0;0;0;1;0;0;0;0;0;0;0;1;0;0;0
"28/05/2024";"01:38:00";"65";"Sem vítima";"316,700";"BR-116/SP";"Crescente";"Colisão lateral em sentido contrário";0;0;2;0;0;0;0;0;0;0;0;0;0;0;0
"28/05/2024";"02:23:00";"77";"Sem vítima";"38,500";"BR-116/SP";"Decrescente";"Tombamento";0;0;1;0;0;0;0;0;0;0;1;0;0;0;0
"28/05/2024";"03:15:00";"93";"Com vítima";"131,500";"BR-116/SP";"Crescente";"Atropelamento de pedestre";3;0;0;0;0;0;0;0;0;0;0;2;1;0;0
"28/05/2024";"03:35:00";"117";"Com vítima";"229,000";"BR-116/SP";"Crescente";"Colisão traseira";1;0;0;0;0;0;0;0;0;0;0;1;0;0;0
"28/05/2024";"04:45:00";"172";"Com vítima";"47,000";"BR-101/SP";"Crescente";"Atropelamento de pedestre";0;1;0;1;0;0;0;0;0;0;0;1;0;1;0
"28/05/2024";"04:56:00";"177";"Com vítima";"397,600";"BR-101/SP";"Decrescente";"Acidentes de outra natureza";0;0;0;1;0;0;0;0;0;0;0;0;1;0;0
"28/05/2024";"05:20:00";"197";"Com vítima";"46,500";"BR-101/SP";"Decrescente";"Colisão traseira";1;0;0;1;0;0;0;0;0;0;1;1;0;0;0
"28/05/2024";"07:10:00";"281";"Com vítima";"398,000";"BR-101/SP";"Decrescente";"Atropelamento de pedestre";0;0;1;0;0;0;0;0;0;0;1;1;0;0;0
"28/05/2024";"08:45:00";"336";"Sem vítima";"303,000";"BR-116/SP";"Decrescente";"Colisão lateral em sentido contrário";0;0;2;0;0;0;0;0;0;0;1;0;0;0;0
"28/05/2024";"10:01:00";"385";"Sem vítima";"134,100";"BR-116/SP";"Decrescente";"Choque";1;0;0;0;0;0;0;0;0;0;0;0;0;0;0
"28/05/2024";"10:25:00";"401";"Sem vítima";"127,000";"BR-116/SP";"Decrescente";"Colisão traseira";1;0;0;0;0;0;0;0;0;0;0;0;0;0;0
"28/05/2024";"10:27:00";"403";"Com vítima";"150,000";"BR-116/SP";"Decrescente";"Colisão lateral em sentido contrário";1;0;0;1;0;0;0;0;0;0;0;2;0;0;0
"28/05/2024";"12:07:00";"460";"Com vítima";"62,600";"BR-116/SP";"Decrescente";"Colisão frontal";1;0;1;0;0;0;0;0;0;0;1;0;0;1;0
"28/05/2024";"01:06:00";"481";"Sem vítima";"220,000";"BR-116/SP";"Crescente";"Engavetamento";1;0;1;0;0;0;0;1;0;0;4;0;0;0;0
"28/05/2024";"01:52:00";"505";"Sem vítima";"238,700";"BR-116/SP";"Crescente";"Colisão lateral em sentido contrário";0;0;2;0;0;0;0;0;0;0;3;0;0;0;0
"28/05/2024";"02:27:00";"499";"Com vítima";"206,000";"BR-116/SP";"Crescente";"Colisão lateral em sentido contrário";0;0;0;1;0;0;0;0;0;0;0;1;0;0;0
"28/05/2024";"02:42:00";"532";"Com vítima";"135,000";"BR-116/SP";"Crescente";"Colisão lateral em sentido contrário";1;0;0;1;0;0;0;0;0;0;1;2;0;0;0
"28/05/2024";"02:56:00";"541";"Sem vítima";"235,000";"BR-116/SP";"Decrescente";"Colisão traseira";0;0;2;0;0;0;0;0;0;0;2;0;0;0;0
"28/05/2024";"03:54:00";"575";"Sem vítima";"212,000";"BR-116/SP";"Crescente";"Colisão traseira";1;0;0;0;0;0;0;0;0;0;1;0;0;0;0