data;horario;n_da_ocorrencia;tipo_de_ocorrencia;km;trecho;sentido;tipo_de_acidente;automovel;bicicleta;caminhao;moto;onibus;outros;tracao_animal;transporte_de_cargas_especiais;trator_maquinas;utilitarios;ilesos;levemente_feridos;moderadamente_feridos;gravemente_feridos;mortos
"28/05/2024";"04:21:00";"590";"Sem vítima";"123,700";"BR-116/SP";"Decrescente";"Choque";1;0;0;0;0;0;0;2;0;0;4;0;0;0;0
"28/05/2024";"04:29:00";"597";"Com vítima";"146,050";"BR-116/SP";"Crescente";"Colisão lateral em sentido contrário";2;0;0;0;0;0;0;0;0;0;3;1;0;0;0
"28/05/2024";"05:18:00";"622";"Com vítima";"111,300";"BR-116/SP";"Crescente";"Colisão traseira";1;0;0;1;0;0;0;0;0;0;1;0;0;1;0
"28/05/2024";"06:04:00";"641";"Sem vítima";"88,300";"BR-116/SP";"Decrescente";"Colisão traseira";0;0;2;0;0;0;0;0;0;0;2;0;0;0;0
"28/05/2024";"06:09:00";"643";"Sem vítima";"154,800";"BR-116/SP";"Crescente";"Colisão traseira";1;0;1;0;0;0;0;0;0;0;5;0;0;0;0
"28/05/2024";"06:32:00";"653";"Sem vítima";"227,000";"BR-116/SP";"Decrescente";"Colisão lateral em sentido contrário";1;0;1;0;0;0;0;0;0;0;2;0;0;0;0
"28/05/2024";"06:36:00";"655";"Com vítima";"222,000";"BR-116/SP";"Decrescente";"Colisão traseira";0;0;0;1;1;0;0;0;0;0;1;0;1;0;0
"28/05/2024";"10:40:00";"49";"Com vítima";"253,750";"BR-116/SP";"Decrescente";"Atropelamento de pedestre";0;0;0;0;0;0;0;0;0;0;0;0;0;0;1
"29/05/2024";"03:33:00";"112";"Sem vítima";"139,500";"BR-116/SP";"Crescente";"Colisão lateral em sentido contrário";1;0;1;0;0;0;0;0;0;0;2;0;0;0;0
"29/05/2024";"04:28:00";"159";"Sem vítima";"216,000";"BR-116/SP";"Decrescente";"Colisão traseira";2;0;0;0;0;0;0;0;0;0;2;0;0;0;0
"29/05/2024";"04:50:00";"180";"Com vítima";"144,600";"BR-116/SP";"Crescente";"Engavetamento";2;0;0;1;0;0;0;0;0;0;3;1;0;0;0
"29/05/2024";"04:53:00";"183";"Sem vítima";"144,600";"BR-116/SP";"Crescente";"Engavetamento";3;0;0;0;0;0;0;0;0;0;3;0;0;0;0
"29/05/2024";"04:54:00";"185";"Com vítima";"60,000";"BR-116/SP";"Crescente";"Colisão lateral em sentido contrário";1;0;1;0;0;0;0;0;0;0;1;1;0;0;0
"29/05/2024";"05:57:00";"247";"Com vítima";"212,500";"BR-116/SP";"Crescente";"Colisão traseira";0;0;0;0;0;0;0;1;0;1;2;1;0;0;0
"29/05/2024";"06:04:00";"254";"Com vítima";"245,000";"BR-116/SP";"Crescente";"Colisão traseira";1;0;1;0;0;0;0;0;0;0;1;0;1;0;0
"29/05/2024";"07:00:00";"294";"Com vítima";"213,300";"BR-116/SP";"Crescente";"Colisão lateral em sentido contrário";0;0;0;1;0;0;0;0;0;0;1;1;0;0;0
"29/05/2024";"07:34:00";"314";"Sem vítima";"269,700";"BR-116/SP";"Crescente";"Choque";1;0;0;0;0;0;0;0;0;0;1;0;0;0;0
"29/05/2024";"07:56:00";"323";"Sem vítima";"62,000";"BR-116/SP";"Crescente";"Colisão traseira";2;0;0;0;0;0;0;0;0;0;2;0;0;0;0
"29/05/2024";"08:04:00";"327";"Sem vítima";"210,000";"BR-116/SP";"Decrescente";"Acidentes de outra natureza";0;0;0;1;0;0;0;0;0;0;0;0;0;0;0
"29/05/2024";"08:06:00";"328";"Sem vítima";"217,000";"BR-116/SP";"Decrescente";"Acidentes de outra natureza";0;0;0;1;0;0;0;0;0;0;0;0;0;0;0
"29/05/2024";"08:07:00";"329";"Com vítima";"216,000";"BR-116/SP";"Decrescente";"Acidentes de outra natureza";0;0;0;1;0;0;0;0;0;0;1;1;0;0;0
"29/05/2024";"09:14:00";"358";"Com vítima";"504,000";"BR-101/SP";"Crescente";"Colisão lateral em sentido contrário";2;0;0;0;0;0;0;0;0;0;0;0;1;0;0
"29/05/2024";"09:59:00";"377";"Com vítima";"216,000";"BR-116/SP";"Decrescente";"Choque";0;0;0;0;0;0;0;0;0;1;1;1;0;0;0
"29/05/2024";"10:06:00";"392";"Sem vítima";"99,500";"BR-116/SP";"Crescente";"Engavetamento";1;0;1;0;1;0;0;0;0;0;3;0;0;0;0
"29/05/2024";"11:18:00";"433";"Com vítima";"43,800";"BR-101/SP";"Decrescente";"Colisão lateral em sentido contrário";2;0;0;0;0;0;0;0;0;0;1;0;1;0;0
"29/05/2024";"11:31:00";"436";"Com vítima";"223,000";"BR-116/SP";"Decrescente";"Colisão traseira";0;0;0;1;0;0;0;0;0;0;0;1;0;0;0
"29/05/2024";"11:36:00";"440";"Sem vítima";"475,800";"BR-101/SP";"Crescente";"Capotamento";1;0;0;0;0;0;0;0;0;0;2;0;0;0;0
"29/05/2024";"12:33:00";"455";"Com vítima";"242,000";"BR-116/SP";"Crescente";"Acidentes de outra natureza";1;0;0;0;0;0;0;0;0;0;0;0;1;0;0
"29/05/2024";"02:21:00";"539";"Com vítima";"108,200";"BR-116/SP";"Crescente";"Colisão traseira";0;0;0;1;0;0;0;0;0;0;0;1;0;0;0
"29/05/2024";"02:58:00";"561";"Sem vítima";"155,000";"BR-116/SP";"Crescente";"Colisão traseira";1;0;0;0;1;0;0;0;0;0;45;0;0;0;0
"29/05/2024";"02:58:00";"562";"Sem vítima";"107,000";"BR-116/SP";"Crescente";"Colisão traseira";2;0;0;0;0;0;0;0;0;0;0;0;0;0;0
"29/05/2024";"03:14:00";"572";"Sem vítima";"152,000";"BR-116/SP";"Crescente";"Engavetamento";0;0;1;0;1;0;0;1;0;0;50;0;0;0;0
"29/05/2024";"03:18:00";"576";"Com vítima";"112,300";"BR-116/SP";"Decrescente";"Colisão traseira";0;0;0;1;0;0;0;0;0;0;0;0;1;0;0
"29/05/2024";"03:25:00";"582";"Com vítima";"214,000";"BR-116/SP";"Crescente";"Colisão traseira";2;0;0;0;0;0;0;0;0;0;2;1;0;0;0
"29/05/2024";"03:36:00";"586";"Com vítima";"404,900";"BR-101/SP";"Crescente";"Colisão traseira";0;0;0;1;0;0;0;0;0;0;0;0;1;0;0
"29/05/2024";"03:49:00";"595";"Sem vítima";"149,000";"BR-116/SP";"Crescente";"Engavetamento";3;0;0;0;0;0;0;0;0;0;3;0;0;0;0
"29/05/2024";"04:10:00";"602";"Com vítima";"403,800";"BR-101/SP";"Decrescente";"Atropelamento de pedestre";0;0;0;0;0;0;0;0;0;0;0;0;0;0;1
"29/05/2024";"04:38:00";"618";"Com vítima";"104,500";"BR-116/SP";"Crescente";"Engavetamento";3;0;0;0;0;0;0;0;0;0;2;3;0;0;0
"29/05/2024";"05:20:00";"630";"Sem vítima";"147,700";"BR-116/SP";"Decrescente";"Engavetamento";3;0;0;0;0;0;0;0;0;0;5;0;0;0;0
"29/05/2024";"05:42:00";"636";"Sem vítima";"315,200";"BR-116/SP";"Crescente";"Colisão lateral em sentido contrário";2;0;0;0;0;0;0;0;0;0;4;0;0;0;0
"29/05/2024";"06:57:00";"665";"Com vítima";"217,000";"BR-116/SP";"Decrescente";"Colisão traseira";1;0;0;1;0;0;0;0;0;0;1;1;0;0;0
"29/05/2024";"08:13:00";"687";"Com vítima";"494,300";"BR-101/SP";"Decrescente";"Colisão frontal";0;0;0;2;0;0;0;0;0;0;0;1;1;1;0
"29/05/2024";"08:54:00";"702";"Com vítima";"303,000";"BR-116/SP";"Decrescente";"Colisão lateral em sentido contrário";4;0;0;0;0;1;0;0;0;0;6;1;0;0;0
"29/05/2024";"09:16:00";"33";"Com vítima";"221,000";"BR-116/SP";"Decrescente";"Colisão traseira";1;0;1;0;0;0;0;0;0;0;2;1;0;0;0
"29/05/2024";"11:26:00";"61";"Com vítima";"54,300";"BR-116/SP";"Crescente";"Colisão traseira";1;0;0;0;0;0;0;0;0;0;0;0;1;0;0
"30/05/2024";"12:35:00";"78";"Sem vítima";"129,100";"BR-116/SP";"Decrescente";"Colisão traseira";0;0;2;0;0;0;0;0;0;0;2;0;0;0;0
"30/05/2024";"01:11:00";"82";"Com vítima";"113,600";"BR-116/SP";"Decrescente";"Colisão traseira";1;0;0;0;0;0;0;0;0;0;0;1;0;0;0
"30/05/2024";"03:03:00";"101";"Com vítima";"209,300";"BR-116/SP";"Decrescente";"Engavetamento";3;0;0;0;0;0;0;0;0;0;8;1;0;0;0
"30/05/2024";"03:54:00";"122";"Sem vítima";"102,000";"BR-116/SP";"Decrescente";"Engavetamento";2;0;0;0;0;0;0;0;0;0;2;0;0;0;0
"30/05/2024";"04:19:00";"143";"Com vítima";"80,500";"BR-116/SP";"Crescente";"Colisão traseira";0;0;2;0;0;0;0;0;0;0;1;0;0;1;0
"30/05/2024";"04:45:00";"158";"Sem vítima";"324,900";"BR-116/SP";"Crescente";"Colisão traseira";0;0;1;0;0;0;0;0;0;0;1;0;0;0;0
"30/05/2024";"04:54:00";"166";"Sem vítima";"68,700";"BR-116/SP";"Decrescente";"Colisão traseira";2;0;0;0;0;0;0;0;0;0;2;0;0;0;0
"30/05/2024";"04:54:00";"167";"Com vítima";"117,800";"BR-116/SP";"Decrescente";"Engavetamento";4;0;0;0;0;0;0;0;0;0;13;2;0;0;0
"30/05/2024";"05:05:00";"174";"Sem vítima";"266,000";"BR-116/SP";"Crescente";"Colisão lateral em sentido contrário";1;0;0;0;0;0;0;0;0;0;2;0;0;0;0
"30/05/2024";"06:02:00";"199";"Sem vítima";"142,500";"BR-116/SP";"Decrescente";"Colisão traseira";2;0;0;0;0;0;0;0;0;0;5;0;0;0;0
"30/05/2024";"06:08:00";"203";"Sem vítima";"78,500";"BR-116/SP";"Crescente";"Colisão lateral em sentido contrário";0;0;0;0;0;0;0;1;0;1;2;0;0;0;0
"30/05/2024";"06:10:00";"204";"Sem vítima";"319,000";"BR-116/SP";"Decrescente";"Choque";1;0;0;0;0;0;0;0;0;0;5;0;0;0;0
"30/05/2024";"06:16:00";"209";"Com vítima";"207,700";"BR-116/SP";"Decrescente";"Colisão lateral em sentido contrário";1;0;1;0;0;0;0;0;0;0;1;1;0;0;0
"30/05/2024";"06:27:00";"215";"Sem vítima";"111,100";"BR-116/SP";"Decrescente";"Engavetamento";3;0;0;0;0;0;0;0;0;0;10;0;0;0;0
"30/05/2024";"06:36:00";"222";"Sem vítima";"221,000";"BR-116/SP";"Decrescente";"Colisão lateral em sentido contrário";1;0;1;0;0;0;0;0;0;0;3;0;0;0;0
"30/05/2024";"06:42:00";"223";"Sem vítima";"299,000";"BR-116/SP";"Decrescente";"Engavetamento";3;0;0;0;0;0;0;0;0;0;3;0;0;0;0
"30/05/2024";"07:29:00";"251";"Com vítima";"216,000";"BR-116/SP";"Decrescente";"Colisão lateral em sentido contrário";1;0;0;1;0;0;0;0;0;0;0;1;1;0;0
"30/05/2024";"07:33:00";"255";"Com vítima";"224,000";"BR-116/SP";"Crescente";"Colisão traseira";1;0;1;0;0;0;0;0;0;0;1;1;0;0;0
"30/05/2024";"07:33:00";"255";"Com vítima";"224,900";"BR-116/SP";"Crescente";"Colisão traseira";1;0;1;0;0;0;0;0;0;0;1;1;0;0;0
"30/05/2024";"07:50:00";"263";"Sem vítima";"143,900";"BR-116/SP";"Decrescente";"Engavetamento";2;0;1;0;0;0;0;0;0;0;7;0;0;0;0
"30/05/2024";"08:22:00";"286";"Sem vítima";"511,000";"BR-101/SP";"Decrescente";"Engavetamento";1;0;0;0;0;0;0;0;0;1;6;0;0;0;0
"30/05/2024";"09:21:00";"321";"Sem vítima";"302,000";"BR-116/SP";"Crescente";"Engavetamento";2;0;0;0;0;0;0;0;0;0;3;0;0;0;0
"30/05/2024";"09:30:00";"284";"Sem vítima";"29,700";"BR-101/SP";"Decrescente";"Colisão traseira";1;0;0;0;0;0;0;0;0;1;5;0;0;0;0
"30/05/2024";"11:03:00";"364";"Sem vítima";"99,000";"BR-116/SP";"Crescente";"Choque";1;0;0;0;0;0;0;0;0;0;2;0;0;0;0
"30/05/2024";"11:56:00";"388";"Sem vítima";"102,000";"BR-116/SP";"Decrescente";"Engavetamento";3;0;0;0;0;0;0;0;0;0;6;0;0;0;0
"30/05/2024";"11:58:00";"392";"Com vítima";"114,500";"BR-116/SP";"Decrescente";"Colisão traseira";2;0;0;0;0;0;0;0;0;0;2;1;0;0;0
"30/05/2024";"12:20:00";"399";"Com vítima";"472,000";"BR-101/SP";"Decrescente";"Colisão lateral em sentido contrário";1;0;0;1;0;0;0;0;0;0;1;1;0;0;0
"30/05/2024";"01:15:00";"417";"Sem vítima";"118,000";"BR-116/SP";"Decrescente";"Colisão lateral em sentido contrário";1;0;1;0;0;0;0;0;0;0;4;0;0;0;0
"30/05/2024";"01:46:00";"432";"Com vítima";"49,500";"BR-101/SP";"Crescente";"Colisão lateral em sentido contrário";1;0;0;1;0;0;0;0;0;0;1;1;0;1;0
"30/05/2024";"01:52:00";"434";"Sem vítima";"231,900";"BR-116/SP";"Decrescente";"Tombamento";0;0;1;0;0;0;0;0;0;0;0;0;0;0;0
"30/05/2024";"03:21:00";"470";"Sem vítima";"511,000";"BR-101/SP";"Crescente";"Colisão traseira";2;0;0;0;0;0;0;0;0;0;2;0;0;0;0
"30/05/2024";"03:23:00";"471";"Sem vítima";"165,200";"BR-116/SP";"Decrescente";"Colisão lateral em sentido contrário";1;0;1;0;0;0;0;0;0;0;3;0;0;0;0
"30/05/2024";"04:04:00";"487";"Com vítima";"223,000";"BR-116/SP";"Decrescente";"Engavetamento";3;0;0;0;0;0;0;0;0;0;5;1;0;0;0
"30/05/2024";"04:39:00";"499";"Sem vítima";"108,700";"BR-116/SP";"Decrescente";"Colisão traseira";0;0;2;0;0;0;0;0;0;0;0;0;0;0;0
"30/05/2024";"05:46:00";"525";"Com vítima";"562,000";"BR-101/SP";"Crescente";"Atropelamento de pedestre";0;0;0;0;0;0;0;0;0;0;0;0;1;0;0
"30/05/2024";"05:47:00";"527";"Com vítima";"221,900";"BR-116/SP";"Decrescente";"Choque";1;0;0;0;0;0;0;0;0;0;0;1;0;0;0
"30/05/2024";"07:24:00";"559";"Com vítima";"175,800";"BR-116/SP";"Crescente";"Choque";1;0;0;0;0;0;0;0;0;0;3;1;0;0;0
"30/05/2024";"07:29:00";"560";"Com vítima";"59,000";"BR-116/SP";"Crescente";"Colisão traseira";1;0;0;0;1;0;0;0;0;0;0;0;1;0;0
"30/05/2024";"08:54:00";"579";"Com vítima";"314,600";"BR-116/SP";"Decrescente";"Choque";1;0;0;0;0;0;0;0;0;0;0;0;1;0;0
"30/05/2024";"10:32:00";"43";"Com vítima";"430,000";"BR-101/SP";"Decrescente";"Colisão frontal";2;0;0;0;0;0;0;0;0;0;0;4;0;1;1
"31/05/2024";"12:34:00";"78";"Com vítima";"196,900";"BR-116/SP";"Crescente";"Atropelamento de pedestre";0;0;0;0;0;0;0;1;0;0;0;0;1;0;0
"31/05/2024";"06:23:00";"241";"Sem vítima";"219,000";"BR-116/SP";"Decrescente";"Acidentes de outra natureza";0;0;0;1;0;0;0;0;0;0;1;0;0;0;0
"31/05/2024";"06:49:00";"218";"Com vítima";"486,000";"BR-101/SP";"Crescente";"Colisão traseira";2;0;0;0;0;0;0;0;0;0;1;1;0;0;0
"31/05/2024";"07:51:00";"302";"Sem vítima";"118,500";"BR-116/SP";"Decrescente";"Colisão traseira";2;0;0;0;0;0;0;0;0;0;3;0;0;0;0
"31/05/2024";"08:47:00";"326";"Com vítima";"484,000";"BR-101/SP";"Decrescente";"Colisão traseira";0;0;0;1;1;0;0;0;0;0;0;1;0;0;0
"31/05/2024";"09:36:00";"364";"Sem vítima";"486,000";"BR-101/SP";"Decrescente";"Colisão traseira";1;0;0;1;0;0;0;0;0;0;5;0;0;0;0
"31/05/2024";"09:42:00";"369";"Com vítima";"480,000";"BR-101/SP";"Decrescente";"Colisão lateral em sentido contrário";1;0;0;1;0;0;0;0;0;0;0;1;0;0;0
"31/05/2024";"09:54:00";"373";"Com vítima";"120,000";"BR-116/SP";"Decrescente";"Acidentes de outra natureza";0;0;0;1;0;0;0;0;0;0;0;0;2;0;0
"31/05/2024";"10:33:00";"388";"Sem vítima";"257,600";"BR-116/SP";"Crescente";"Choque";0;0;0;0;0;0;0;0;0;1;1;0;0;0;0
"31/05/2024";"10:50:00";"392";"Com vítima";"219,000";"BR-116/SP";"Decrescente";"Colisão traseira";0;0;0;1;0;0;0;0;0;1;2;0;1;0;0
"31/05/2024";"12:22:00";"440";"Com vítima";"419,600";"BR-101/SP";"Crescente";"Colisão traseira";1;0;0;1;0;0;0;0;0;0;2;1;0;0;0
"31/05/2024";"12:28:00";"443";"Com vítima";"56,700";"BR-116/SP";"Decrescente";"Acidentes de outra natureza";0;0;0;1;0;0;0;0;0;0;0;0;2;0;0
"31/05/2024";"12:58:00";"464";"Com vítima";"223,000";"BR-116/SP";"Crescente";"Colisão lateral em sentido contrário";0;0;0;2;0;0;0;0;0;0;2;1;0;0;0
"31/05/2024";"01:26:00";"477";"Sem vítima";"86,950";"BR-116/SP";"Decrescente";"Colisão traseira";1;0;0;0;1;0;0;0;0;0;30;0;0;0;0
"31/05/2024";"01:39:00";"484";"Sem vítima";"208,000";"BR-116/SP";"Decrescente";"Colisão traseira";1;0;0;0;0;0;0;0;0;0;1;0;0;0;0
"31/05/2024";"01:44:00";"489";"Sem vítima";"219,000";"BR-116/SP";"Crescente";"Colisão traseira";0;0;0;0;0;0;0;0;0;0;0;0;0;0;0
"31/05/2024";"03:49:00";"547";"Sem vítima";"49,900";"BR-101/SP";"Crescente";"Engavetamento";3;0;0;0;0;0;0;0;0;0;8;0;0;0;0
"31/05/2024";"04:16:00";"545";"Sem vítima";"399,000";"BR-101/SP";"Crescente";"Colisão traseira";2;0;0;0;0;0;0;0;0;0;2;0;0;0;0
"31/05/2024";"04:49:00";"579";"Com vítima";"275,000";"BR-116/SP";"Crescente";"Colisão lateral em sentido contrário";1;0;1;0;0;0;0;0;0;0;1;1;0;0;0
"31/05/2024";"04:59:00";"574";"Com vítima";"518,000";"BR-101/SP";"Decrescente";"Acidentes de outra natureza";0;0;0;1;0;0;0;0;0;0;0;1;0;0;0
"31/05/2024";"06:04:00";"609";"Com vítima";"218,700";"BR-116/SP";"Crescente";"Colisão lateral em sentido contrário";1;0;1;0;0;0;0;0;0;0;4;1;0;0;0
"31/05/2024";"09:00:00";"249";"Sem vítima";"25,600";"BR-116/SP";"Crescente";"Colisão lateral em sentido contrário";1;0;0;0;0;0;0;0;0;0;2;0;0;0;0
"01/06/2024";"12:36:00";"64";"Com vítima";"216,000";"BR-116/SP";"Decrescente";"Atropelamento de pedestre";1;0;0;0;0;0;0;0;0;0;1;0;1;0;0
"01/06/2024";"01:45:00";"74";"Sem vítima";"322,200";"BR-116/SP";"Decrescente";"Choque";1;0;0;0;0;0;0;0;0;0;0;0;0;0;0
"01/06/2024";"02:25:00";"80";"Sem vítima";"443,000";"BR-101/SP";"Crescente";"Choque";1;0;0;0;0;0;0;0;0;0;2;0;0;0;0
"01/06/2024";"04:36:00";"125";"Com vítima";"474,700";"BR-101/SP";"Crescente";"Colisão lateral em sentido contrário";1;0;0;1;0;0;0;0;0;0;1;0;1;0;0
"01/06/2024";"04:42:00";"136";"Sem vítima";"122,000";"BR-116/SP";"Decrescente";"Colisão lateral em sentido contrário";1;0;1;0;0;0;0;0;0;0;2;0;0;0;0
"01/06/2024";"05:08:00";"142";"Sem vítima";"122,000";"BR-116/SP";"Decrescente";"Colisão traseira";2;0;0;0;0;0;0;0;0;0;5;0;0;0;0
"01/06/2024";"06:22:00";"172";"Com vítima";"215,100";"BR-116/SP";"Decrescente";"Colisão traseira";1;0;0;0;0;0;0;0;0;1;1;1;0;0;0
"01/06/2024";"06:30:00";"176";"Sem vítima";"115,800";"BR-116/SP";"Decrescente";"Colisão traseira";2;0;0;0;0;0;0;0;0;0;5;0;0;0;0
"01/06/2024";"06:53:00";"186";"Sem vítima";"283,000";"BR-116/SP";"Decrescente";"Acidentes de outra natureza";0;0;0;1;0;0;0;0;0;0;1;0;0;0;0
"01/06/2024";"06:54:00";"188";"Com vítima";"218,000";"BR-116/SP";"Decrescente";"Capotamento";1;0;0;0;0;0;0;0;0;0;0;1;0;0;0
"01/06/2024";"08:41:00";"234";"Sem vítima";"476,600";"BR-101/SP";"Crescente";"Choque";1;0;0;0;0;0;0;0;0;0;2;0;0;0;0
"01/06/2024";"09:18:00";"254";"Sem vítima";"405,000";"BR-101/SP";"Crescente";"Colisão traseira";2;0;0;0;0;0;0;0;0;0;6;0;0;0;0
"01/06/2024";"11:03:00";"291";"Com vítima";"227,000";"BR-116/SP";"Crescente";"Acidentes de outra natureza";0;0;0;1;0;0;0;0;0;0;0;1;0;0;0
"01/06/2024";"11:36:00";"315";"Com vítima";"99,000";"BR-116/SP";"Crescente";"Colisão lateral em sentido contrário";1;0;0;1;0;0;0;0;0;0;2;2;0;0;0
"01/06/2024";"12:32:00";"333";"Sem vítima";"209,500";"BR-116/SP";"Decrescente";"Colisão lateral em sentido contrário";2;0;0;0;0;0;0;0;0;0;4;0;0;0;0
"01/06/2024";"12:45:00";"342";"Com vítima";"226,000";"BR-116/SP";"Decrescente";"Engavetamento";2;0;0;0;0;0;0;0;0;0;5;1;0;0;0
"01/06/2024";"01:20:00";"357";"Com vítima";"119,100";"BR-116/SP";"Crescente";"Acidentes de outra natureza";0;0;0;1;0;0;0;0;0;0;0;1;1;0;0
"01/06/2024";"04:11:00";"430";"Com vítima";"447,000";"BR-101/SP";"Crescente";"Atropelamento de pedestre";1;0;0;0;0;0;0;0;0;0;2;0;1;0;0
"01/06/2024";"04:20:00";"434";"Sem vítima";"138,750";"BR-116/SP";"Crescente";"Colisão traseira";2;0;0;0;0;0;0;0;0;0;8;0;0;0;0
"01/06/2024";"04:28:00";"438";"Com vítima";"220,950";"BR-116/SP";"Decrescente";"Atropelamento de pedestre";0;0;1;0;0;0;0;0;0;0;1;0;0;0;1
"01/06/2024";"04:38:00";"440";"Com vítima";"409,200";"BR-101/SP";"Decrescente";"Choque";1;0;0;0;0;0;0;0;0;0;1;1;0;0;0
"01/06/2024";"04:46:00";"444";"Com vítima";"220,000";"BR-116/SP";"Crescente";"Colisão traseira";1;0;0;1;0;0;0;0;0;0;2;1;0;0;0
"01/06/2024";"05:09:00";"455";"Sem vítima";"146,000";"BR-116/SP";"Decrescente";"Choque";1;0;0;0;0;0;0;0;0;0;1;0;0;0;0
"01/06/2024";"05:30:00";"461";"Sem vítima";"230,000";"BR-116/SP";"Decrescente";"Colisão lateral em sentido contrário";1;0;1;0;0;0;0;0;0;0;3;0;0;0;0
"01/06/2024";"05:42:00";"463";"Sem vítima";"146,620";"BR-116/SP";"Decrescente";"Colisão traseira";2;0;0;0;0;0;0;0;0;0;3;0;0;0;0
"01/06/2024";"06:19:00";"472";"Sem vítima";"1,900";"BR-116/SP";"Crescente";"Capotamento";1;0;0;0;0;0;0;0;0;0;1;0;0;0;0
"01/06/2024";"08:21:00";"505";"Sem vítima";"387,000";"BR-101/SP";"Decrescente";"Colisão traseira";2;0;0;0;0;0;0;0;0;0;3;0;0;0;0
"01/06/2024";"11:50:00";"53";"Com vítima";"219,000";"BR-116/SP";"Decrescente";"Colisão lateral em sentido contrário";2;0;0;0;0;0;0;0;0;0;0;3;0;0;0
"01/06/2024";"11:56:00";"54";"Sem vítima";"249,500";"BR-116/SP";"Crescente";"Choque";1;0;0;0;0;0;0;0;0;0;1;0;0;0;0
"02/06/2024";"12:44:00";"61";"Com vítima";"107,800";"BR-116/SP";"Crescente";"Choque";1;0;0;0;0;0;0;0;0;0;0;1;0;0;0
"02/06/2024";"01:04:00";"63";"Sem vítima";"392,900";"BR-101/SP";"Crescente";"Atropelamento de pedestre";1;0;0;0;0;0;0;0;0;0;1;0;0;0;0
"02/06/2024";"02:05:00";"72";"Sem vítima";"126,700";"BR-116/SP";"Crescente";"Colisão traseira";1;0;0;0;0;0;0;0;0;0;1;0;0;0;0
"02/06/2024";"02:26:00";"76";"Com vítima";"207,700";"BR-116/SP";"Decrescente";"Acidentes de outra natureza";1;0;0;1;0;0;0;0;0;0;0;1;1;0;0
"02/06/2024";"02:27:00";"77";"Com vítima";"323,800";"BR-116/SP";"Crescente";"Colisão frontal";3;0;0;0;0;0;0;0;0;0;3;3;1;0;0
"02/06/2024";"04:21:00";"99";"Sem vítima";"95,000";"BR-116/SP";"Decrescente";"Choque";1;0;0;0;0;0;0;0;0;0;1;0;0;0;0
"02/06/2024";"08:43:00";"219";"Sem vítima";"93,000";"BR-116/SP";"Crescente";"Colisão traseira";1;0;0;0;0;0;0;0;0;0;1;0;0;0;0
"02/06/2024";"09:00:00";"240";"Sem vítima";"155,000";"BR-116/SP";"Crescente";"Colisão traseira";1;0;0;0;0;0;0;0;0;0;1;0;0;0;0
"02/06/2024";"10:33:00";"290";"Com vítima";"1,000";"BR-101/SP";"Decrescente";"Acidentes de outra natureza";0;0;0;1;0;0;0;0;0;0;0;1;0;0;0
"02/06/2024";"10:47:00";"296";"Sem vítima";"67,000";"BR-116/SP";"Crescente";"Engavetamento";3;0;0;0;0;0;0;0;0;0;7;0;0;0;0
"02/06/2024";"11:18:00";"310";"Sem vítima";"158,000";"BR-116/SP";"Crescente";"Colisão traseira";1;0;0;0;0;0;0;0;0;0;2;0;0;0;0
"02/06/2024";"11:43:00";"329";"Com vítima";"45,000";"BR-116/SP";"Decrescente";"Colisão traseira";2;0;0;0;0;0;0;0;0;0;5;1;0;0;0
"02/06/2024";"11:45:00";"330";"Sem vítima";"430,000";"BR-101/SP";"Crescente";"Engavetamento";2;0;0;0;0;0;0;0;0;0;6;0;0;0;0
"02/06/2024";"12:04:00";"342";"Com vítima";"102,300";"BR-116/SP";"Crescente";"Colisão traseira";0;0;0;1;0;0;0;0;0;0;0;1;0;0;0
"02/06/2024";"12:13:00";"348";"Sem vítima";"87,300";"BR-116/SP";"Crescente";"Colisão lateral em sentido contrário";1;0;1;0;1;0;0;0;0;0;44;0;0;0;0
"02/06/2024";"12:20:00";"350";"Sem vítima";"160,600";"BR-116/SP";"Crescente";"Colisão traseira";1;0;0;0;0;0;0;0;0;0;1;0;0;0;0
"02/06/2024";"12:37:00";"359";"Sem vítima";"67,000";"BR-116/SP";"Crescente";"Colisão traseira";2;0;0;0;0;0;0;0;0;0;2;0;0;0;0
"02/06/2024";"12:45:00";"362";"Com vítima";"429,000";"BR-101/SP";"Decrescente";"Colisão lateral em sentido contrário";2;0;0;0;0;0;0;0;0;0;5;1;0;0;0
"02/06/2024";"12:47:00";"366";"Com vítima";"331,000";"BR-116/SP";"Decrescente";"Colisão traseira";1;0;0;1;0;0;0;0;0;0;1;1;0;0;0
"02/06/2024";"01:02:00";"373";"Sem vítima";"47,000";"BR-116/SP";"Crescente";"Engavetamento";4;0;0;0;0;0;0;0;0;0;7;0;0;0;0