data;horario;n_da_ocorrencia;tipo_de_ocorrencia;km;trecho;sentido;tipo_de_acidente;automovel;bicicleta;caminhao;moto;onibus;outros;tracao_animal;transporte_de_cargas_especiais;trator_maquinas;utilitarios;ilesos;levemente_feridos;moderadamente_feridos;gravemente_feridos;mortos
"02/06/2024";"01:12:00";"382";"Sem vítima";"97,600";"BR-116/SP";"Crescente";"Colisão traseira";2;0;0;0;0;0;0;0;0;0;2;0;0;0;0
"02/06/2024";"03:05:00";"454";"Com vítima";"67,000";"BR-116/SP";"Crescente";"Engavetamento";3;0;0;0;0;0;0;0;0;0;4;1;0;0;0
"02/06/2024";"03:37:00";"471";"Sem vítima";"236,700";"BR-116/SP";"Crescente";"Choque";1;0;0;0;0;0;0;0;0;0;1;0;0;0;0
"02/06/2024";"04:28:00";"498";"Sem vítima";"147,850";"BR-116/SP";"Crescente";"Colisão traseira";1;0;1;0;0;0;0;0;0;0;5;0;0;0;0
"02/06/2024";"07:04:00";"566";"Com vítima";"579,750";"BR-101/SP";"Crescente";"Acidentes de outra natureza";0;0;0;1;0;0;0;0;0;0;0;0;1;0;0
"02/06/2024";"11:00:00";"40";"Sem vítima";"146,700";"BR-116/SP";"Decrescente";"Acidentes de outra natureza";0;0;0;1;0;0;0;0;0;0;1;0;0;0;0
"03/06/2024";"04:24:00";"128";"Com vítima";"227,700";"BR-116/SP";"Decrescente";"Acidentes de outra natureza";0;0;0;1;0;0;0;0;0;0;0;0;1;0;0
"03/06/2024";"05:25:00";"185";"Sem vítima";"322,000";"BR-116/SP";"Crescente";"Colisão traseira";1;0;1;0;0;0;0;0;0;0;2;0;0;0;0
"03/06/2024";"06:13:00";"228";"Com vítima";"226,300";"BR-116/SP";"Crescente";"Engavetamento";3;0;0;0;0;0;0;0;0;0;6;1;0;0;0
"03/06/2024";"07:08:00";"265";"Sem vítima";"80,000";"BR-116/SP";"Decrescente";"Choque";1;0;1;0;0;0;0;0;0;0;0;0;0;0;0
"03/06/2024";"07:32:00";"279";"Com vítima";"219,000";"BR-116/SP";"Crescente";"Colisão traseira";1;0;0;1;0;0;0;0;0;0;1;1;0;0;0
"03/06/2024";"07:52:00";"291";"Sem vítima";"140,200";"BR-116/SP";"Crescente";"Choque";0;0;0;0;0;0;0;0;0;1;1;0;0;0;0
"03/06/2024";"08:27:00";"312";"Sem vítima";"114,500";"BR-116/SP";"Decrescente";"Colisão traseira";2;0;0;0;0;0;0;0;0;0;2;0;0;0;0
"03/06/2024";"08:50:00";"325";"Sem vítima";"202,500";"BR-116/SP";"Decrescente";"Colisão lateral em sentido contrário";1;0;0;0;0;0;0;1;0;0;2;0;0;0;0
"03/06/2024";"09:31:00";"343";"Com vítima";"227,500";"BR-116/SP";"Crescente";"Colisão traseira";1;0;0;0;0;0;0;0;0;0;0;1;0;0;0
"03/06/2024";"10:03:00";"362";"Sem vítima";"228,100";"BR-116/SP";"Decrescente";"Choque";0;0;1;0;0;0;0;0;0;0;1;0;0;0;0
"03/06/2024";"10:41:00";"386";"Sem vítima";"46,000";"BR-116/SP";"Crescente";"Choque";1;0;0;0;0;0;0;0;0;0;1;0;0;0;0
"03/06/2024";"10:54:00";"391";"Sem vítima";"46,000";"BR-116/SP";"Crescente";"Choque";1;0;0;0;0;0;0;0;0;0;1;0;0;0;0
"03/06/2024";"10:56:00";"392";"Sem vítima";"46,000";"BR-116/SP";"Crescente";"Choque";1;0;0;0;0;0;0;0;0;0;1;0;0;0;0
"03/06/2024";"11:11:00";"398";"Com vítima";"165,200";"BR-116/SP";"Crescente";"Colisão traseira";1;0;0;1;0;0;0;0;0;0;1;0;1;0;0
"03/06/2024";"11:15:00";"401";"Sem vítima";"50,500";"BR-101/SP";"Decrescente";"Colisão lateral em sentido contrário";1;0;0;1;0;0;0;0;0;0;1;0;0;0;0
"03/06/2024";"12:00:00";"428";"Sem vítima";"122,450";"BR-116/SP";"Decrescente";"Choque";1;0;0;0;0;0;0;0;0;0;2;0;0;0;0
"03/06/2024";"12:23:00";"435";"Com vítima";"399,000";"BR-101/SP";"Crescente";"Colisão lateral em sentido contrário";0;0;0;2;0;0;0;0;0;0;1;1;0;0;0
"03/06/2024";"02:41:00";"515";"Com vítima";"208,000";"BR-116/SP";"Decrescente";"Colisão lateral em sentido contrário";1;0;0;1;0;0;0;0;0;0;1;1;0;0;0
"03/06/2024";"03:20:00";"530";"Com vítima";"99,900";"BR-116/SP";"Crescente";"Colisão traseira";0;0;1;0;0;0;0;0;0;0;0;0;2;0;0
"03/06/2024";"04:02:00";"548";"Com vítima";"168,600";"BR-116/SP";"Decrescente";"Atropelamento de pedestre";0;0;0;0;0;0;0;1;0;0;1;0;0;0;1
"03/06/2024";"04:56:00";"572";"Com vítima";"122,800";"BR-116/SP";"Crescente";"Atropelamento de pedestre";0;0;0;0;0;0;0;0;0;0;0;0;1;0;0
"03/06/2024";"09:00:00";"363";"Sem vítima";"296,000";"BR-116/SP";"Decrescente";"Colisão lateral em sentido contrário";1;0;0;0;0;0;0;0;0;0;1;0;0;0;0
"04/06/2024";"12:32:00";"60";"Com vítima";"178,000";"BR-116/SP";"Decrescente";"Colisão traseira";0;0;3;0;0;0;0;0;0;0;2;0;1;0;0
"04/06/2024";"12:49:00";"64";"Sem vítima";"564,700";"BR-101/SP";"Decrescente";"Atropelamento de pedestre";1;0;0;0;0;0;0;0;0;0;2;0;0;0;0
"04/06/2024";"02:33:00";"81";"Sem vítima";"92,000";"BR-116/SP";"Decrescente";"Colisão traseira";0;0;1;0;0;0;0;0;0;0;1;0;0;0;0
"04/06/2024";"03:34:00";"114";"Com vítima";"208,500";"BR-116/SP";"Crescente";"Engavetamento";1;0;1;0;1;0;0;0;0;0;4;1;0;0;0
"04/06/2024";"04:06:00";"150";"Sem vítima";"225,000";"BR-116/SP";"Crescente";"Colisão traseira";2;0;0;0;0;0;0;0;0;0;2;0;0;0;0
"04/06/2024";"04:47:00";"187";"Com vítima";"223,000";"BR-116/SP";"Crescente";"Colisão traseira";0;0;0;1;0;0;0;0;0;1;1;1;0;0;0
"04/06/2024";"05:53:00";"256";"Com vítima";"225,000";"BR-116/SP";"Decrescente";"Acidentes de outra natureza";0;0;0;1;0;0;0;0;0;0;0;2;0;0;0
"04/06/2024";"05:54:00";"258";"Com vítima";"151,400";"BR-116/SP";"Decrescente";"Colisão lateral em sentido contrário";2;0;0;0;0;0;0;0;0;0;2;1;0;0;0
"04/06/2024";"05:57:00";"263";"Com vítima";"227,000";"BR-116/SP";"Crescente";"Acidentes de outra natureza";0;0;0;1;0;0;0;0;0;0;0;0;1;0;0
"04/06/2024";"07:52:00";"347";"Sem vítima";"302,400";"BR-116/SP";"Decrescente";"Colisão traseira";1;0;0;0;0;0;0;0;0;0;1;0;0;0;0
"04/06/2024";"08:11:00";"359";"Sem vítima";"230,900";"BR-116/SP";"Decrescente";"Colisão traseira";2;0;0;0;0;0;0;0;0;0;2;0;0;0;0
"04/06/2024";"08:12:00";"360";"Com vítima";"257,000";"BR-116/SP";"Decrescente";"Colisão lateral em sentido contrário";1;0;0;0;0;0;0;0;0;0;0;2;0;0;0
"04/06/2024";"10:18:00";"419";"Sem vítima";"161,900";"BR-116/SP";"Crescente";"Engavetamento";1;0;1;0;0;0;0;0;0;0;3;0;0;0;0
"04/06/2024";"10:31:00";"426";"Sem vítima";"58,100";"BR-116/SP";"Decrescente";"Colisão traseira";1;0;0;0;0;0;0;1;0;0;3;0;0;0;0
"04/06/2024";"10:58:00";"439";"Com vítima";"109,500";"BR-116/SP";"Crescente";"Colisão traseira";2;0;0;0;0;0;0;0;0;0;1;0;1;0;0
"04/06/2024";"11:27:00";"460";"Sem vítima";"222,000";"BR-116/SP";"Decrescente";"Colisão traseira";1;0;1;0;0;0;0;0;0;0;2;0;0;0;0
"04/06/2024";"11:54:00";"474";"Sem vítima";"440,000";"BR-101/SP";"Crescente";"Choque";1;0;0;0;0;0;0;0;0;0;2;0;0;0;0
"04/06/2024";"01:06:00";"516";"Com vítima";"222,000";"BR-116/SP";"Decrescente";"Acidentes de outra natureza";0;0;0;1;0;0;0;0;0;0;0;1;0;0;0
"04/06/2024";"01:19:00";"520";"Sem vítima";"558,000";"BR-101/SP";"Crescente";"Colisão lateral em sentido contrário";1;0;0;0;1;0;0;0;0;0;3;0;0;0;0
"04/06/2024";"01:29:00";"530";"Sem vítima";"272,000";"BR-116/SP";"Crescente";"Choque";1;0;0;0;0;0;0;0;0;0;2;0;0;0;0
"04/06/2024";"03:10:00";"585";"Com vítima";"228,000";"BR-116/SP";"Decrescente";"Colisão traseira";2;0;0;0;0;0;0;0;0;0;3;1;0;0;0
"04/06/2024";"03:18:00";"589";"Sem vítima";"203,000";"BR-116/SP";"Decrescente";"Acidentes de outra natureza";1;0;0;0;0;0;0;0;0;0;0;0;0;0;0
"04/06/2024";"04:05:00";"615";"Com vítima";"228,000";"BR-116/SP";"Crescente";"Engavetamento";2;0;1;0;0;0;0;0;0;0;3;1;0;0;0
"04/06/2024";"04:06:00";"616";"Com vítima";"381,000";"BR-101/SP";"Decrescente";"Colisão traseira";1;0;1;0;0;0;0;0;0;0;0;1;0;0;0
"04/06/2024";"04:20:00";"624";"Sem vítima";"276,000";"BR-116/SP";"Crescente";"Colisão lateral em sentido contrário";1;0;1;0;0;0;0;0;0;0;2;0;0;0;0
"04/06/2024";"06:50:00";"683";"Sem vítima";"211,650";"BR-116/SP";"Crescente";"Choque";1;0;0;0;0;0;0;0;0;0;1;0;0;0;0
"04/06/2024";"06:57:00";"684";"Com vítima";"408,000";"BR-101/SP";"Decrescente";"Colisão traseira";1;0;0;0;0;0;0;0;0;0;0;1;0;0;0
"04/06/2024";"09:00:00";"164";"Sem vítima";"247,500";"BR-116/SP";"Crescente";"Colisão lateral em sentido contrário";1;0;0;0;0;0;0;0;0;0;2;0;0;0;0
"04/06/2024";"09:33:00";"40";"Sem vítima";"116,000";"BR-116/SP";"Crescente";"Choque";0;0;1;0;0;0;0;0;0;0;0;0;0;0;0
"05/06/2024";"12:20:00";"64";"Sem vítima";"324,100";"BR-116/SP";"Decrescente";"Choque";1;0;0;0;0;0;0;0;0;0;0;0;0;0;0
"05/06/2024";"03:01:00";"100";"Com vítima";"220,000";"BR-116/SP";"Crescente";"Acidentes de outra natureza";0;0;0;1;0;0;0;0;0;0;0;1;0;0;0
"05/06/2024";"03:32:00";"118";"Com vítima";"217,000";"BR-116/SP";"Decrescente";"Atropelamento de pedestre";0;0;0;0;0;0;0;0;0;0;0;0;0;1;0
"05/06/2024";"04:40:00";"171";"Com vítima";"89,000";"BR-116/SP";"Decrescente";"Atropelamento de pedestre";0;1;0;1;0;0;0;0;0;0;1;1;0;0;0
"05/06/2024";"05:28:00";"222";"Sem vítima";"305,000";"BR-116/SP";"Decrescente";"Colisão lateral em sentido contrário";1;0;0;0;0;0;0;1;0;0;2;0;0;0;0
"05/06/2024";"06:00:00";"243";"Sem vítima";"324,700";"BR-116/SP";"Crescente";"Engavetamento";1;0;0;0;0;0;0;0;0;0;1;0;0;0;0
"05/06/2024";"06:20:00";"257";"Com vítima";"385,000";"BR-101/SP";"Crescente";"Colisão traseira";2;0;0;0;0;0;0;0;0;0;1;1;0;0;0
"05/06/2024";"06:46:00";"275";"Sem vítima";"43,500";"BR-101/SP";"Decrescente";"Choque";1;0;0;0;0;0;0;0;0;0;1;0;0;0;0
"05/06/2024";"07:00:00";"282";"Sem vítima";"182,300";"BR-116/SP";"Decrescente";"Colisão traseira";0;0;2;0;0;0;0;0;0;0;2;0;0;0;0
"05/06/2024";"07:50:00";"320";"Com vítima";"307,500";"BR-116/SP";"Crescente";"Choque";1;0;0;0;0;0;0;0;0;0;0;0;1;0;0
"05/06/2024";"08:32:00";"350";"Sem vítima";"284,000";"BR-116/SP";"Decrescente";"Acidentes de outra natureza";1;0;0;0;0;0;0;0;0;0;0;0;0;0;0
"05/06/2024";"08:34:00";"351";"Com vítima";"306,000";"BR-116/SP";"Crescente";"Colisão traseira";1;0;0;1;0;0;0;0;0;0;1;1;0;0;0
"05/06/2024";"09:05:00";"368";"Com vítima";"227,000";"BR-116/SP";"Crescente";"Colisão traseira";1;0;0;1;0;0;0;0;0;0;1;1;0;0;0
"05/06/2024";"09:06:00";"370";"Sem vítima";"204,500";"BR-116/SP";"Decrescente";"Colisão traseira";1;0;1;0;0;0;0;0;0;0;3;0;0;0;0
"05/06/2024";"10:34:00";"410";"Com vítima";"222,000";"BR-116/SP";"Decrescente";"Colisão traseira";1;0;0;1;0;0;0;0;0;0;1;1;0;0;0
"05/06/2024";"12:53:00";"488";"Sem vítima";"289,000";"BR-116/SP";"Crescente";"Colisão traseira";1;0;0;0;0;0;0;0;0;0;1;0;0;0;0
"05/06/2024";"01:15:00";"504";"Sem vítima";"221,000";"BR-116/SP";"Crescente";"Colisão lateral em sentido contrário";1;0;1;0;0;0;0;0;0;0;2;0;0;0;0
"05/06/2024";"02:41:00";"535";"Sem vítima";"486,000";"BR-101/SP";"Crescente";"Engavetamento";3;0;0;0;0;0;0;0;0;0;5;0;0;0;0
"05/06/2024";"02:41:00";"536";"Sem vítima";"58,400";"BR-116/SP";"Decrescente";"Engavetamento";2;0;2;0;0;0;0;0;0;0;0;0;0;0;0
"05/06/2024";"02:57:00";"544";"Com vítima";"58,700";"BR-116/SP";"Decrescente";"Colisão traseira";1;0;0;0;0;0;0;0;0;1;0;2;1;0;0
"05/06/2024";"03:18:00";"560";"Sem vítima";"113,000";"BR-116/SP";"Crescente";"Colisão lateral em sentido contrário";2;0;1;0;0;0;0;0;0;0;0;0;0;0;0
"05/06/2024";"03:26:00";"566";"Sem vítima";"112,100";"BR-116/SP";"Crescente";"Colisão traseira";1;0;0;0;0;0;0;0;0;2;0;0;0;0;0
"05/06/2024";"03:42:00";"573";"Com vítima";"406,000";"BR-101/SP";"Decrescente";"Colisão traseira";2;0;0;0;0;0;0;0;0;0;0;1;0;0;0
"05/06/2024";"04:24:00";"562";"Sem vítima";"406,000";"BR-101/SP";"Decrescente";"Colisão traseira";1;0;0;0;0;0;0;0;0;0;0;0;0;0;0
"05/06/2024";"06:22:00";"658";"Com vítima";"277,500";"BR-116/SP";"Crescente";"Colisão frontal";1;0;0;1;0;0;0;0;0;0;1;1;0;0;0
"05/06/2024";"07:16:00";"674";"Com vítima";"230,000";"BR-116/SP";"Decrescente";"Colisão traseira";0;0;0;1;0;0;0;0;0;1;1;0;1;0;0
"05/06/2024";"07:45:00";"679";"Com vítima";"309,000";"BR-116/SP";"Decrescente";"Atropelamento de pedestre";0;1;0;0;0;0;0;0;0;0;0;0;0;0;0
"05/06/2024";"08:14:00";"684";"Com vítima";"51,500";"BR-101/SP";"Crescente";"Colisão traseira";0;0;0;1;0;0;0;0;0;0;0;1;0;0;0
"06/06/2024";"03:37:00";"128";"Sem vítima";"169,200";"BR-116/SP";"Decrescente";"Choque";1;0;0;0;0;0;0;0;0;0;1;0;0;0;0
"06/06/2024";"04:34:00";"188";"Sem vítima";"206,000";"BR-116/SP";"Crescente";"Colisão lateral em sentido contrário";0;0;0;0;0;0;0;1;0;1;2;0;0;0;0
"06/06/2024";"06:26:00";"292";"Com vítima";"221,000";"BR-116/SP";"Crescente";"Colisão lateral em sentido contrário";0;0;1;2;0;0;0;0;0;0;3;2;1;0;0
"06/06/2024";"09:02:00";"374";"Com vítima";"229,000";"BR-116/SP";"Crescente";"Colisão lateral em sentido contrário";1;0;0;1;0;0;0;0;0;0;1;1;0;0;0
"06/06/2024";"09:27:00";"389";"Com vítima";"181,800";"BR-116/SP";"Crescente";"Atropelamento de pedestre";0;0;0;0;0;0;0;0;0;0;0;0;0;1;0
"06/06/2024";"12:58:00";"501";"Com vítima";"169,000";"BR-116/SP";"Decrescente";"Acidentes de outra natureza";0;0;0;1;0;0;0;0;0;0;0;2;0;0;0
"06/06/2024";"01:17:00";"506";"Sem vítima";"219,000";"BR-116/SP";"Decrescente";"Acidentes de outra natureza";1;0;0;0;0;0;0;0;0;0;0;0;0;0;0
"06/06/2024";"01:40:00";"520";"Sem vítima";"224,900";"BR-116/SP";"Decrescente";"Colisão lateral em sentido contrário";1;0;0;0;0;0;0;0;0;0;1;0;0;0;0
"06/06/2024";"02:44:00";"557";"Sem vítima";"291,700";"BR-116/SP";"Crescente";"Engavetamento";3;0;0;0;0;0;0;0;0;0;3;0;0;0;0
"06/06/2024";"04:21:00";"606";"Sem vítima";"51,000";"BR-116/SP";"Crescente";"Colisão traseira";1;0;1;0;0;0;0;0;0;0;1;0;0;0;0
"06/06/2024";"04:32:00";"611";"Com vítima";"213,000";"BR-116/SP";"Crescente";"Acidentes de outra natureza";0;0;0;1;0;0;0;0;0;0;0;1;0;0;0
"06/06/2024";"05:12:00";"633";"Com vítima";"211,200";"BR-116/SP";"Crescente";"Choque";0;0;0;1;0;0;0;0;0;0;0;1;0;0;0
"06/06/2024";"05:18:00";"637";"Com vítima";"215,000";"BR-116/SP";"Decrescente";"Acidentes de outra natureza";0;0;0;1;0;0;0;0;0;0;0;1;0;0;0
"06/06/2024";"05:49:00";"646";"Sem vítima";"195,000";"BR-116/SP";"Decrescente";"Engavetamento";3;0;0;0;0;0;0;0;0;0;4;0;0;0;0
"06/06/2024";"07:11:00";"670";"Sem vítima";"193,100";"BR-116/SP";"Decrescente";"Colisão traseira";1;0;0;0;0;0;0;1;0;0;3;0;0;0;0
"06/06/2024";"07:18:00";"672";"Com vítima";"195,600";"BR-116/SP";"Decrescente";"Colisão traseira";1;0;0;1;0;0;0;0;0;0;1;1;0;0;0
"06/06/2024";"07:50:00";"683";"Sem vítima";"49,000";"BR-116/SP";"Crescente";"Colisão traseira";0;0;0;0;0;0;0;2;0;0;2;0;0;0;0
"06/06/2024";"07:59:00";"685";"Com vítima";"151,000";"BR-116/SP";"Crescente";"Acidentes de outra natureza";0;0;0;1;0;0;0;0;0;0;0;2;0;0;0
"06/06/2024";"08:43:00";"697";"Com vítima";"213,900";"BR-116/SP";"Crescente";"Acidentes de outra natureza";0;0;0;1;0;0;0;0;0;0;0;2;0;0;0
"06/06/2024";"09:30:00";"38";"Sem vítima";"193,500";"BR-116/SP";"Decrescente";"Choque";0;0;1;0;0;0;0;0;0;0;1;0;0;0;0
"07/06/2024";"12:08:00";"35";"Com vítima";"490,800";"BR-101/SP";"Decrescente";"Colisão frontal";1;0;0;0;0;0;0;0;0;0;1;1;0;0;0
"07/06/2024";"12:54:00";"71";"Com vítima";"23,800";"BR-116/SP";"Decrescente";"Tombamento";0;0;1;0;0;0;0;0;0;0;0;0;2;0;0
"07/06/2024";"02:37:00";"87";"Com vítima";"221,000";"BR-116/SP";"Decrescente";"Choque";0;0;0;1;0;0;0;0;0;0;0;1;0;0;0
"07/06/2024";"03:00:00";"93";"Sem vítima";"37,100";"BR-116/SP";"Crescente";"Choque";1;0;0;0;0;0;0;0;0;0;1;0;0;0;0
"07/06/2024";"03:48:00";"129";"Com vítima";"222,000";"BR-116/SP";"Decrescente";"Colisão traseira";1;0;0;0;0;0;0;0;0;1;1;1;0;0;0
"07/06/2024";"04:01:00";"138";"Sem vítima";"176,600";"BR-116/SP";"Decrescente";"Choque";0;0;1;1;0;0;0;0;0;0;2;0;0;0;0
"07/06/2024";"04:37:00";"191";"Sem vítima";"100,900";"BR-116/SP";"Crescente";"Choque";0;0;1;0;0;0;0;0;0;0;1;0;0;0;0
"07/06/2024";"05:08:00";"217";"Sem vítima";"165,200";"BR-116/SP";"Decrescente";"Colisão traseira";0;0;2;0;0;0;0;0;0;0;2;0;0;0;0
"07/06/2024";"05:12:00";"222";"Com vítima";"223,000";"BR-116/SP";"Crescente";"Acidentes de outra natureza";0;0;0;1;0;0;0;0;0;0;1;0;1;0;0
"07/06/2024";"06:06:00";"266";"Sem vítima";"228,000";"BR-116/SP";"Crescente";"Colisão traseira";1;0;0;0;0;0;0;0;0;0;1;0;0;0;0
"07/06/2024";"06:19:00";"276";"Com vítima";"145,000";"BR-116/SP";"Crescente";"Colisão lateral em sentido contrário";1;0;0;1;0;0;0;0;0;0;1;0;2;0;0
"07/06/2024";"06:34:00";"283";"Com vítima";"314,000";"BR-116/SP";"Decrescente";"Choque";0;0;0;1;0;0;0;0;0;0;0;1;0;0;0
"07/06/2024";"06:55:00";"296";"Sem vítima";"313,000";"BR-116/SP";"Decrescente";"Choque";1;0;0;0;0;0;0;0;0;0;0;0;0;0;0
"07/06/2024";"07:08:00";"302";"Sem vítima";"314,000";"BR-116/SP";"Decrescente";"Choque";1;0;0;0;0;0;0;0;0;0;1;0;0;0;0
"07/06/2024";"07:11:00";"307";"Sem vítima";"186,000";"BR-116/SP";"Decrescente";"Colisão lateral em sentido contrário";1;0;0;0;0;0;0;1;0;0;2;0;0;0;0
"07/06/2024";"08:14:00";"346";"Sem vítima";"321,000";"BR-116/SP";"Crescente";"Engavetamento";2;0;1;0;0;0;0;0;0;0;3;0;0;0;0
"07/06/2024";"08:25:00";"349";"Sem vítima";"320,000";"BR-116/SP";"Crescente";"Colisão traseira";2;0;0;0;0;0;0;0;0;0;3;0;0;0;0
"07/06/2024";"08:37:00";"304";"Sem vítima";"223,000";"BR-116/SP";"Crescente";"Colisão lateral em sentido contrário";0;0;1;0;1;0;0;0;0;0;2;0;0;0;0
"07/06/2024";"10:39:00";"409";"Com vítima";"490,000";"BR-101/SP";"Decrescente";"Colisão lateral em sentido contrário";1;0;0;1;0;0;0;0;0;0;1;1;0;0;0
"07/06/2024";"11:15:00";"420";"Sem vítima";"230,000";"BR-116/SP";"Crescente";"Colisão traseira";1;0;0;0;0;0;0;0;0;0;0;0;0;0;0
"07/06/2024";"12:18:00";"451";"Sem vítima";"154,900";"BR-116/SP";"Crescente";"Engavetamento";1;0;2;0;0;0;0;0;0;0;3;0;0;0;0
"07/06/2024";"03:04:00";"537";"Com vítima";"446,000";"BR-101/SP";"Crescente";"Atropelamento de pedestre";0;0;0;1;0;0;0;0;0;0;0;0;1;1;0
"07/06/2024";"03:30:00";"556";"Sem vítima";"214,100";"BR-116/SP";"Crescente";"Colisão traseira";2;0;0;0;0;0;0;0;0;0;4;0;0;0;0
"07/06/2024";"03:48:00";"561";"Sem vítima";"255,000";"BR-116/SP";"Crescente";"Colisão traseira";1;0;0;0;0;0;0;0;0;0;1;0;0;0;0
"07/06/2024";"04:02:00";"575";"Com vítima";"212,000";"BR-116/SP";"Decrescente";"Atropelamento de pedestre";0;0;0;1;0;0;0;0;0;0;0;2;0;0;0
"07/06/2024";"04:04:00";"577";"Com vítima";"272,400";"BR-116/SP";"Decrescente";"Colisão traseira";1;0;1;0;0;0;0;0;0;0;2;2;0;0;0
"07/06/2024";"04:35:00";"591";"Sem vítima";"146,000";"BR-116/SP";"Crescente";"Colisão lateral em sentido contrário";1;0;1;0;0;0;0;0;0;0;4;0;0;0;0
"07/06/2024";"05:09:00";"603";"Com vítima";"219,000";"BR-116/SP";"Crescente";"Colisão traseira";1;0;0;1;0;0;0;0;0;0;1;2;0;0;0
"07/06/2024";"05:21:00";"612";"Sem vítima";"108,100";"BR-116/SP";"Crescente";"Colisão traseira";2;0;0;0;0;0;0;0;0;0;5;0;0;0;0
"07/06/2024";"06:17:00";"643";"Com vítima";"220,000";"BR-116/SP";"Decrescente";"Colisão traseira";1;0;0;1;0;0;0;0;0;0;3;0;1;0;0
"07/06/2024";"06:28:00";"648";"Com vítima";"307,400";"BR-116/SP";"Decrescente";"Colisão lateral em sentido contrário";1;0;0;0;0;0;0;0;0;0;0;0;1;0;0
"07/06/2024";"07:59:00";"677";"Sem vítima";"219,300";"BR-116/SP";"Decrescente";"Colisão traseira";2;0;0;0;0;0;0;0;0;0;5;0;0;0;0
"07/06/2024";"08:30:00";"683";"Sem vítima";"115,300";"BR-116/SP";"Crescente";"Choque";1;0;0;0;0;0;0;0;0;0;1;0;0;0;0
"07/06/2024";"11:22:00";"48";"Sem vítima";"218,000";"BR-116/SP";"Decrescente";"Colisão lateral em sentido contrário";1;0;1;0;0;0;0;0;0;0;2;0;0;0;0
"08/06/2024";"12:26:00";"57";"Com vítima";"485,000";"BR-101/SP";"Crescente";"Acidentes de outra natureza";0;0;0;1;0;0;0;0;0;0;0;0;0;1;0
"08/06/2024";"02:11:00";"75";"Sem vítima";"528,000";"BR-101/SP";"Crescente";"Choque";1;0;0;0;0;0;0;0;0;0;1;0;0;0;0
"08/06/2024";"03:19:00";"86";"Com vítima";"104,000";"BR-116/SP";"Decrescente";"Colisão traseira";1;0;0;0;1;0;0;0;0;0;48;2;0;0;0
"08/06/2024";"03:22:00";"88";"Com vítima";"228,000";"BR-116/SP";"Decrescente";"Colisão traseira";1;0;1;0;0;0;0;0;0;0;1;0;1;0;0
"08/06/2024";"04:11:00";"119";"Sem vítima";"55,000";"BR-116/SP";"Crescente";"Acidentes de outra natureza";0;0;0;1;0;0;0;0;0;0;1;0;0;0;0
"08/06/2024";"05:27:00";"171";"Com vítima";"225,500";"BR-116/SP";"Crescente";"Engavetamento";2;0;0;0;0;0;0;0;0;1;10;1;0;0;0
"08/06/2024";"08:31:00";"263";"Sem vítima";"227,000";"BR-116/SP";"Decrescente";"Colisão lateral em sentido contrário";2;0;0;0;0;0;0;0;0;0;2;0;0;0;0
"08/06/2024";"11:40:00";"340";"Sem vítima";"204,500";"BR-116/SP";"Crescente";"Colisão lateral em sentido contrário";2;0;0;0;0;0;0;0;0;0;10;0;0;0;0
"08/06/2024";"12:06:00";"354";"Sem vítima";"225,600";"BR-116/SP";"Decrescente";"Colisão traseira";1;0;1;0;0;0;0;0;0;0;3;0;0;0;0
"08/06/2024";"12:59:00";"387";"Com vítima";"296,000";"BR-116/SP";"Decrescente";"Engavetamento";2;0;0;0;0;0;0;1;0;0;3;1;0;0;0
"08/06/2024";"01:25:00";"408";"Sem vítima";"204,500";"BR-116/SP";"Decrescente";"Colisão traseira";1;0;1;0;0;0;0;0;0;0;3;0;0;0;0
"08/06/2024";"01:30:00";"413";"Com vítima";"383,000";"BR-101/SP";"Crescente";"Colisão traseira";1;0;0;1;0;0;0;0;0;0;0;1;1;0;1
"08/06/2024";"02:10:00";"424";"Sem vítima";"118,000";"BR-116/SP";"Decrescente";"Capotamento";1;0;0;0;0;0;0;0;0;0;0;0;0;0;0
"08/06/2024";"03:01:00";"450";"Sem vítima";"121,600";"BR-116/SP";"Decrescente";"Engavetamento";3;0;0;0;0;0;0;0;0;0;0;0;0;0;0
"08/06/2024";"03:10:00";"460";"Com vítima";"23,500";"BR-101/SP";"Decrescente";"Colisão lateral em sentido contrário";1;0;0;1;0;0;0;0;0;0;1;1;0;1;0
"08/06/2024";"03:16:00";"463";"Sem vítima";"121,400";"BR-116/SP";"Decrescente";"Engavetamento";3;0;0;0;0;0;0;0;0;0;2;0;0;0;0
"08/06/2024";"03:33:00";"472";"Com vítima";"155,000";"BR-116/SP";"Crescente";"Colisão traseira";1;0;0;1;0;0;0;0;0;0;1;1;0;0;0