data;horario;n_da_ocorrencia;tipo_de_ocorrencia;km;trecho;sentido;tipo_de_acidente;automovel;bicicleta;caminhao;moto;onibus;outros;tracao_animal;transporte_de_cargas_especiais;trator_maquinas;utilitarios;ilesos;levemente_feridos;moderadamente_feridos;gravemente_feridos;mortos
"08/06/2024";"05:18:00";"510";"Com vítima";"219,000";"BR-116/SP";"Crescente";"Colisão lateral em sentido contrário";3;0;0;1;0;0;0;0;0;0;7;1;0;0;0
"08/06/2024";"06:16:00";"507";"Com vítima";"486,000";"BR-101/SP";"Decrescente";"Colisão traseira";1;0;0;1;0;0;0;0;0;0;2;1;0;0;0
"08/06/2024";"07:39:00";"566";"Com vítima";"226,000";"BR-116/SP";"Decrescente";"Colisão traseira";0;0;0;1;0;0;0;0;0;0;0;1;0;0;0
"08/06/2024";"11:48:00";"52";"Sem vítima";"140,200";"BR-116/SP";"Crescente";"Capotamento";1;0;0;0;0;0;0;0;0;0;1;0;0;0;0
"09/06/2024";"01:25:00";"67";"Com vítima";"40,000";"BR-116/SP";"Decrescente";"Acidentes de outra natureza";0;0;0;1;0;0;0;0;0;0;1;1;0;0;0
"09/06/2024";"02:28:00";"78";"Com vítima";"129,600";"BR-116/SP";"Decrescente";"Choque";1;0;0;0;0;0;0;0;0;0;1;1;0;0;0
"09/06/2024";"04:09:00";"111";"Com vítima";"223,000";"BR-116/SP";"Decrescente";"Acidentes de outra natureza";0;0;0;1;0;0;0;0;0;0;0;1;1;0;0
"09/06/2024";"05:43:00";"146";"Sem vítima";"465,000";"BR-101/SP";"Crescente";"Choque";1;0;0;0;0;0;0;0;0;0;0;0;0;0;0
"09/06/2024";"07:17:00";"169";"Sem vítima";"104,700";"BR-116/SP";"Decrescente";"Colisão traseira";2;0;0;0;0;0;0;0;0;0;5;0;0;0;0
"09/06/2024";"08:30:00";"190";"Sem vítima";"264,450";"BR-116/SP";"Crescente";"Capotamento";1;0;0;0;0;0;0;0;0;0;0;0;0;0;0
"09/06/2024";"10:57:00";"251";"Sem vítima";"91,300";"BR-116/SP";"Crescente";"Engavetamento";2;0;0;0;0;0;0;0;0;0;5;0;0;0;0
"09/06/2024";"11:16:00";"256";"Sem vítima";"72,300";"BR-116/SP";"Crescente";"Colisão traseira";1;0;0;0;1;0;0;0;0;0;47;0;0;0;0
"09/06/2024";"12:27:00";"288";"Sem vítima";"76,400";"BR-116/SP";"Crescente";"Colisão traseira";2;0;0;0;0;0;0;0;0;0;4;0;0;0;0
"09/06/2024";"12:39:00";"298";"Com vítima";"38,700";"BR-101/SP";"Crescente";"Colisão traseira";1;0;0;1;0;0;0;0;0;0;4;2;0;0;0
"09/06/2024";"01:08:00";"314";"Com vítima";"247,000";"BR-116/SP";"Decrescente";"Engavetamento";3;0;0;0;0;0;0;0;0;0;13;1;0;0;0
"09/06/2024";"01:21:00";"318";"Sem vítima";"65,000";"BR-116/SP";"Crescente";"Acidentes de outra natureza";0;0;0;1;0;0;0;0;0;0;0;0;0;0;0
"09/06/2024";"01:35:00";"325";"Com vítima";"116,000";"BR-116/SP";"Decrescente";"Colisão traseira";1;0;0;1;0;0;0;0;0;0;4;0;1;0;0
"09/06/2024";"02:57:00";"363";"Com vítima";"415,900";"BR-101/SP";"Decrescente";"Engavetamento";3;0;0;0;0;0;0;0;0;0;5;1;0;0;0
"09/06/2024";"02:59:00";"366";"Com vítima";"103,600";"BR-116/SP";"Crescente";"Colisão lateral em sentido contrário";2;0;0;1;0;0;0;0;0;0;6;2;0;0;0
"09/06/2024";"03:40:00";"383";"Com vítima";"306,500";"BR-116/SP";"Crescente";"Acidentes de outra natureza";0;0;0;1;0;0;0;0;0;0;0;0;2;0;0
"09/06/2024";"04:03:00";"394";"Sem vítima";"220,000";"BR-116/SP";"Decrescente";"Engavetamento";2;0;0;0;0;0;0;0;0;0;8;0;0;0;0
"09/06/2024";"04:23:00";"400";"Sem vítima";"113,000";"BR-116/SP";"Crescente";"Colisão lateral em sentido contrário";2;0;0;0;0;0;0;0;0;0;0;0;0;0;0
"09/06/2024";"04:50:00";"408";"Com vítima";"227,500";"BR-116/SP";"Decrescente";"Atropelamento de pedestre";1;0;0;0;0;0;0;0;0;0;1;0;0;0;1
"09/06/2024";"05:30:00";"423";"Com vítima";"232,200";"BR-116/SP";"Crescente";"Colisão traseira";0;0;2;0;0;0;0;0;0;0;1;0;1;0;0
"09/06/2024";"10:22:00";"52";"Sem vítima";"264,800";"BR-116/SP";"Crescente";"Choque";1;0;0;0;0;0;0;0;0;0;1;0;0;0;0
"10/06/2024";"04:18:00";"175";"Sem vítima";"463,000";"BR-101/SP";"Crescente";"Choque";1;0;0;0;0;0;0;0;0;0;1;0;0;0;0
"10/06/2024";"04:32:00";"193";"Com vítima";"148,000";"BR-116/SP";"Decrescente";"Colisão lateral em sentido contrário";1;0;0;1;0;0;0;0;0;0;1;1;0;0;0
"10/06/2024";"04:43:00";"201";"Com vítima";"215,600";"BR-116/SP";"Crescente";"Colisão lateral em sentido contrário";1;0;0;1;0;0;0;0;0;0;3;1;0;0;0
"10/06/2024";"04:45:00";"203";"Com vítima";"225,000";"BR-116/SP";"Decrescente";"Engavetamento";2;0;1;0;0;0;0;0;0;0;4;1;0;0;0
"10/06/2024";"04:47:00";"205";"Sem vítima";"157,900";"BR-116/SP";"Decrescente";"Colisão lateral em sentido contrário";1;0;0;0;0;0;0;0;0;0;1;0;0;0;0
"10/06/2024";"04:50:00";"207";"Com vítima";"214,000";"BR-116/SP";"Crescente";"Colisão lateral em sentido contrário";1;0;0;1;0;0;0;0;0;0;2;1;0;0;0
"10/06/2024";"04:52:00";"209";"Sem vítima";"222,000";"BR-116/SP";"Decrescente";"Colisão lateral em sentido contrário";2;0;0;0;0;0;0;0;0;0;3;0;0;0;0
"10/06/2024";"05:04:00";"218";"Sem vítima";"148,000";"BR-116/SP";"Decrescente";"Engavetamento";3;0;0;0;0;0;0;0;0;0;3;0;0;0;0
"10/06/2024";"06:35:00";"290";"Sem vítima";"222,000";"BR-116/SP";"Decrescente";"Colisão lateral em sentido contrário";2;0;0;0;0;0;0;0;0;0;2;0;0;0;0
"10/06/2024";"08:07:00";"361";"Sem vítima";"231,000";"BR-116/SP";"Crescente";"Colisão traseira";1;0;0;0;0;0;0;0;0;0;1;0;0;0;0
"10/06/2024";"08:42:00";"381";"Com vítima";"125,000";"BR-116/SP";"Decrescente";"Colisão traseira";0;0;1;1;0;0;0;0;0;0;2;1;0;0;0
"10/06/2024";"08:50:00";"385";"Sem vítima";"304,500";"BR-116/SP";"Crescente";"Colisão traseira";1;0;0;0;0;0;0;1;0;0;1;0;0;0;0
"10/06/2024";"12:12:00";"469";"Sem vítima";"41,000";"BR-116/SP";"Crescente";"Colisão traseira";0;0;1;0;0;0;0;0;0;0;1;0;0;0;0
"10/06/2024";"01:30:00";"515";"Com vítima";"227,000";"BR-116/SP";"Decrescente";"Engavetamento";1;0;1;0;1;0;0;0;0;1;4;1;0;0;0
"10/06/2024";"01:37:00";"520";"Com vítima";"484,700";"BR-101/SP";"Crescente";"Colisão lateral em sentido contrário";1;0;0;1;0;0;0;0;0;0;3;1;0;0;0
"10/06/2024";"02:14:00";"531";"Sem vítima";"205,000";"BR-116/SP";"Crescente";"Colisão lateral em sentido contrário";0;0;0;0;0;0;0;0;0;1;2;0;0;0;0
"10/06/2024";"02:15:00";"532";"Com vítima";"470,000";"BR-101/SP";"Crescente";"Colisão traseira";1;0;0;0;0;0;0;0;0;1;2;1;0;0;0
"10/06/2024";"02:35:00";"539";"Com vítima";"298,000";"BR-116/SP";"Decrescente";"Colisão lateral em sentido contrário";1;0;1;0;0;1;0;0;0;0;0;0;1;0;0
"10/06/2024";"03:24:00";"561";"Com vítima";"296,000";"BR-116/SP";"Crescente";"Engavetamento";0;0;3;0;0;0;0;0;0;0;2;0;1;0;0
"10/06/2024";"03:40:00";"568";"Com vítima";"218,000";"BR-116/SP";"Decrescente";"Colisão lateral em sentido contrário";0;0;0;1;0;0;0;0;0;1;1;1;0;0;0
"10/06/2024";"03:58:00";"581";"Sem vítima";"250,350";"BR-116/SP";"Crescente";"Colisão lateral em sentido contrário";1;0;0;0;0;0;0;0;0;0;1;0;0;0;0
"10/06/2024";"04:12:00";"588";"Sem vítima";"215,500";"BR-116/SP";"Decrescente";"Engavetamento";3;0;0;0;0;0;0;0;0;0;7;0;0;0;0
"10/06/2024";"04:46:00";"599";"Com vítima";"496,000";"BR-101/SP";"Decrescente";"Choque";1;0;0;0;0;0;0;0;0;0;3;1;0;0;0
"10/06/2024";"05:05:00";"606";"Sem vítima";"105,000";"BR-116/SP";"Decrescente";"Colisão traseira";1;0;1;0;0;0;0;0;0;0;0;0;0;0;0
"10/06/2024";"07:01:00";"645";"Sem vítima";"40,500";"BR-116/SP";"Decrescente";"Colisão traseira";1;0;1;0;0;0;0;0;0;0;0;0;0;0;0
"10/06/2024";"07:18:00";"652";"Com vítima";"323,900";"BR-116/SP";"Crescente";"Choque";1;0;0;0;0;0;0;0;0;0;0;1;0;0;0
"10/06/2024";"09:56:00";"35";"Sem vítima";"231,500";"BR-116/SP";"Decrescente";"Tombamento";0;0;1;0;0;0;0;0;0;0;1;0;0;0;0
"10/06/2024";"10:23:00";"37";"Sem vítima";"34,000";"BR-116/SP";"Decrescente";"Colisão traseira";0;0;1;0;0;0;0;0;0;0;0;0;0;0;0
"11/06/2024";"03:33:00";"103";"Sem vítima";"197,500";"BR-116/SP";"Crescente";"Choque";0;0;1;0;0;0;0;0;0;0;1;0;0;0;0
"11/06/2024";"03:50:00";"113";"Com vítima";"206,000";"BR-116/SP";"Crescente";"Colisão lateral em sentido contrário";0;0;0;1;0;0;0;0;0;0;0;1;0;0;0
"11/06/2024";"03:56:00";"122";"Sem vítima";"138,100";"BR-116/SP";"Crescente";"Colisão traseira";1;0;1;0;0;0;0;0;0;0;3;0;0;0;0
"11/06/2024";"05:29:00";"196";"Sem vítima";"129,400";"BR-116/SP";"Decrescente";"Capotamento";1;0;0;0;0;0;0;0;0;0;2;0;0;0;0
"11/06/2024";"05:33:00";"198";"Com vítima";"182,400";"BR-116/SP";"Decrescente";"Acidentes de outra natureza";0;0;0;1;0;0;0;0;0;0;0;1;0;0;0
"11/06/2024";"06:20:00";"226";"Com vítima";"122,100";"BR-116/SP";"Decrescente";"Atropelamento de pedestre";0;0;0;1;0;0;0;0;0;0;0;2;0;0;0
"11/06/2024";"06:47:00";"247";"Com vítima";"417,500";"BR-101/SP";"Decrescente";"Acidentes de outra natureza";0;0;0;1;0;0;0;0;0;0;1;1;0;0;0
"11/06/2024";"06:58:00";"260";"Com vítima";"559,000";"BR-101/SP";"Crescente";"Colisão lateral em sentido contrário";0;0;2;0;0;0;0;0;0;0;2;1;0;0;0
"11/06/2024";"07:08:00";"265";"Com vítima";"58,300";"BR-116/SP";"Decrescente";"Colisão traseira";1;0;1;0;0;0;0;0;0;0;1;3;0;0;0
"11/06/2024";"08:38:00";"303";"Sem vítima";"245,400";"BR-116/SP";"Decrescente";"Choque";1;0;0;0;0;0;0;0;0;0;1;0;0;0;0
"11/06/2024";"01:06:00";"434";"Com vítima";"428,000";"BR-101/SP";"Decrescente";"Acidentes de outra natureza";0;0;0;1;0;0;0;0;0;0;0;1;0;0;0
"11/06/2024";"01:30:00";"454";"Sem vítima";"233,000";"BR-116/SP";"Decrescente";"Choque";1;0;0;0;0;0;0;0;0;0;1;0;0;0;0
"11/06/2024";"03:04:00";"493";"Com vítima";"217,000";"BR-116/SP";"Decrescente";"Choque";0;0;0;1;0;0;0;0;0;0;0;1;0;0;0
"11/06/2024";"03:47:00";"512";"Com vítima";"185,000";"BR-116/SP";"Decrescente";"Acidentes de outra natureza";0;0;0;1;0;0;0;0;0;0;0;2;0;0;0
"11/06/2024";"04:25:00";"531";"Sem vítima";"86,700";"BR-116/SP";"Crescente";"Atropelamento de pedestre";1;0;0;0;0;0;0;0;0;0;1;0;0;0;0
"11/06/2024";"06:14:00";"563";"Com vítima";"338,700";"BR-116/SP";"Crescente";"Engavetamento";0;0;3;0;0;0;0;0;0;1;4;1;0;0;0
"11/06/2024";"06:43:00";"577";"Com vítima";"109,550";"BR-116/SP";"Decrescente";"Colisão lateral em sentido contrário";3;0;0;0;0;0;0;0;0;0;3;0;1;0;0
"11/06/2024";"09:00:00";"621";"Com vítima";"279,300";"BR-116/SP";"Decrescente";"Atropelamento de pedestre";1;0;0;0;0;0;0;0;0;0;0;1;0;0;0
"11/06/2024";"09:11:00";"33";"Sem vítima";"256,600";"BR-116/SP";"Decrescente";"Tombamento";0;0;1;0;0;0;0;0;0;0;1;0;0;0;0
"12/06/2024";"01:27:00";"69";"Com vítima";"228,000";"BR-116/SP";"Decrescente";"Colisão traseira";1;0;0;0;0;0;0;0;0;0;0;1;0;0;0
"12/06/2024";"03:27:00";"110";"Sem vítima";"165,000";"BR-116/SP";"Crescente";"Acidentes de outra natureza";0;0;0;1;0;0;0;0;0;0;0;0;0;0;0
"12/06/2024";"05:41:00";"254";"Sem vítima";"221,000";"BR-116/SP";"Decrescente";"Colisão lateral em sentido contrário";1;0;1;0;0;0;0;0;0;0;2;0;0;0;0
"12/06/2024";"06:27:00";"299";"Com vítima";"139,000";"BR-116/SP";"Crescente";"Colisão traseira";1;0;0;2;0;0;0;0;0;0;4;2;0;0;0
"12/06/2024";"07:02:00";"323";"Sem vítima";"139,600";"BR-116/SP";"Crescente";"Colisão lateral em sentido contrário";1;0;1;0;0;0;0;0;0;0;2;0;0;0;0
"12/06/2024";"08:25:00";"364";"Sem vítima";"107,300";"BR-116/SP";"Decrescente";"Colisão frontal";1;0;0;0;0;0;0;0;0;0;1;0;0;0;0
"12/06/2024";"10:13:00";"396";"Sem vítima";"417,500";"BR-101/SP";"Crescente";"Choque";1;0;0;0;0;0;0;0;0;0;5;0;0;0;0
"12/06/2024";"10:29:00";"426";"Sem vítima";"442,000";"BR-101/SP";"Crescente";"Capotamento";1;0;0;0;0;0;0;0;0;0;1;0;0;0;0
"12/06/2024";"11:26:00";"451";"Com vítima";"271,800";"BR-116/SP";"Crescente";"Acidentes de outra natureza";1;0;0;0;0;0;0;0;0;0;0;1;0;0;0
"12/06/2024";"12:01:00";"473";"Sem vítima";"165,300";"BR-116/SP";"Crescente";"Colisão lateral em sentido contrário";1;0;1;0;0;0;0;0;0;0;3;0;0;0;0
"12/06/2024";"01:01:00";"507";"Sem vítima";"299,000";"BR-116/SP";"Decrescente";"Colisão traseira";2;0;0;0;0;0;0;0;0;0;3;0;0;0;0
"12/06/2024";"01:29:00";"523";"Com vítima";"576,000";"BR-101/SP";"Decrescente";"Colisão lateral em sentido contrário";1;0;0;1;0;0;0;0;0;0;2;1;0;0;0
"12/06/2024";"02:32:00";"561";"Com vítima";"221,000";"BR-116/SP";"Decrescente";"Acidentes de outra natureza";0;0;0;1;0;0;0;0;0;0;0;1;0;0;0
"12/06/2024";"04:56:00";"636";"Sem vítima";"279,300";"BR-116/SP";"Decrescente";"Choque";1;0;0;0;0;0;0;0;0;0;1;0;0;0;0
"12/06/2024";"06:51:00";"667";"Sem vítima";"142,950";"BR-116/SP";"Decrescente";"Colisão traseira";2;0;0;0;0;0;0;0;0;0;6;0;0;0;0
"12/06/2024";"06:54:00";"668";"Com vítima";"221,000";"BR-116/SP";"Decrescente";"Engavetamento";2;0;0;1;0;0;0;0;0;0;3;1;0;0;0
"12/06/2024";"09:00:00";"279";"Sem vítima";"103,900";"BR-116/SP";"Decrescente";"Colisão traseira";2;0;0;0;0;0;0;0;0;0;0;0;0;0;0
"13/06/2024";"01:29:00";"72";"Sem vítima";"173,500";"BR-116/SP";"Crescente";"Colisão traseira";0;0;2;0;0;0;0;0;0;0;2;0;0;0;0
"13/06/2024";"02:32:00";"86";"Com vítima";"222,000";"BR-116/SP";"Crescente";"Colisão traseira";0;0;0;1;0;0;0;0;0;1;1;1;0;0;0
"13/06/2024";"03:30:00";"125";"Sem vítima";"211,700";"BR-116/SP";"Crescente";"Engavetamento";4;0;0;0;0;0;0;0;0;0;6;0;0;0;0
"13/06/2024";"03:39:00";"136";"Sem vítima";"298,000";"BR-116/SP";"Decrescente";"Choque";1;0;0;0;0;0;0;0;0;0;1;0;0;0;0
"13/06/2024";"04:00:00";"168";"Sem vítima";"158,000";"BR-116/SP";"Decrescente";"Engavetamento";1;0;0;0;2;0;0;0;0;0;64;0;0;0;0
"13/06/2024";"04:46:00";"183";"Sem vítima";"246,900";"BR-116/SP";"Decrescente";"Colisão traseira";1;0;0;0;0;0;0;0;0;0;1;0;0;0;0
"13/06/2024";"04:51:00";"213";"Com vítima";"148,000";"BR-116/SP";"Decrescente";"Colisão traseira";1;0;0;1;0;0;0;0;0;0;1;1;0;0;0
"13/06/2024";"05:28:00";"263";"Sem vítima";"227,000";"BR-116/SP";"Crescente";"Engavetamento";3;0;0;0;0;0;0;0;0;0;6;0;0;0;0
"13/06/2024";"05:29:00";"265";"Com vítima";"138,500";"BR-116/SP";"Crescente";"Colisão traseira";0;0;0;1;0;0;0;0;0;0;0;1;0;0;0
"13/06/2024";"05:32:00";"268";"Com vítima";"228,000";"BR-116/SP";"Crescente";"Engavetamento";7;0;0;0;0;0;0;0;0;0;9;4;0;0;0
"13/06/2024";"07:12:00";"332";"Sem vítima";"53,800";"BR-116/SP";"Crescente";"Colisão traseira";0;0;0;0;0;0;0;2;0;0;2;0;0;0;0
"13/06/2024";"08:12:00";"385";"Sem vítima";"125,000";"BR-116/SP";"Crescente";"Choque";1;0;0;0;0;0;0;0;0;0;2;0;0;0;0
"13/06/2024";"11:14:00";"479";"Com vítima";"227,000";"BR-116/SP";"Decrescente";"Colisão traseira";2;0;0;0;0;0;0;0;0;0;2;1;0;0;0
"13/06/2024";"11:21:00";"484";"Com vítima";"159,900";"BR-116/SP";"Decrescente";"Colisão lateral em sentido contrário";1;0;0;0;0;0;0;0;0;1;1;1;0;0;0
"13/06/2024";"11:33:00";"492";"Sem vítima";"469,000";"BR-101/SP";"Decrescente";"Choque";0;0;0;1;0;0;0;0;0;0;1;0;0;0;0
"13/06/2024";"01:49:00";"552";"Sem vítima";"139,000";"BR-116/SP";"Decrescente";"Colisão traseira";1;0;0;0;0;0;0;0;0;0;3;0;0;0;0
"13/06/2024";"02:57:00";"586";"Com vítima";"407,400";"BR-101/SP";"Crescente";"Atropelamento de pedestre";0;0;0;0;0;0;0;0;0;0;0;0;0;0;1
"13/06/2024";"02:59:00";"590";"Com vítima";"578,500";"BR-101/SP";"Decrescente";"Acidentes de outra natureza";0;0;0;1;0;0;0;0;0;0;1;0;1;0;0
"13/06/2024";"03:15:00";"603";"Sem vítima";"408,000";"BR-101/SP";"Crescente";"Colisão traseira";2;0;0;0;0;0;0;0;0;0;2;0;0;0;0
"13/06/2024";"06:33:00";"690";"Com vítima";"21,900";"BR-116/SP";"Decrescente";"Tombamento";0;0;1;0;0;0;0;0;0;0;0;0;1;0;0
"13/06/2024";"07:38:00";"716";"Sem vítima";"223,100";"BR-116/SP";"Decrescente";"Acidentes de outra natureza";0;0;0;1;0;0;0;0;0;0;1;0;0;0;0
"13/06/2024";"08:42:00";"726";"Com vítima";"208,800";"BR-116/SP";"Crescente";"Choque";0;0;0;0;0;0;0;0;0;1;0;1;0;0;0
"13/06/2024";"10:05:00";"41";"Sem vítima";"34,000";"BR-116/SP";"Crescente";"Capotamento";1;0;0;0;0;0;0;0;0;0;0;0;0;0;0
"13/06/2024";"11:19:00";"55";"Sem vítima";"15,000";"BR-116/SP";"Decrescente";"Atropelamento de pedestre";0;0;0;0;0;0;0;0;0;1;0;0;0;0;0
"14/06/2024";"04:09:00";"167";"Sem vítima";"215,000";"BR-116/SP";"Crescente";"Colisão traseira";2;0;0;0;0;0;0;0;0;0;4;0;0;0;0
"14/06/2024";"04:20:00";"184";"Com vítima";"223,000";"BR-116/SP";"Decrescente";"Colisão lateral em sentido contrário";0;0;0;1;0;0;0;0;0;0;0;1;0;0;0
"14/06/2024";"04:26:00";"195";"Com vítima";"132,800";"BR-116/SP";"Decrescente";"Engavetamento";1;0;0;1;0;0;0;0;0;0;3;1;0;0;0
"14/06/2024";"04:34:00";"205";"Sem vítima";"130,000";"BR-116/SP";"Decrescente";"Colisão traseira";2;0;0;0;0;0;0;0;0;0;2;0;0;0;0
"14/06/2024";"04:37:00";"212";"Com vítima";"390,000";"BR-101/SP";"Decrescente";"Choque";0;0;0;1;0;0;0;0;0;0;1;0;1;0;0
"14/06/2024";"04:43:00";"217";"Sem vítima";"147,000";"BR-116/SP";"Decrescente";"Colisão lateral em sentido contrário";1;0;0;1;0;0;0;0;0;0;3;0;0;0;0
"14/06/2024";"05:02:00";"236";"Sem vítima";"147,000";"BR-116/SP";"Decrescente";"Colisão frontal";0;0;0;1;0;0;0;0;0;0;1;0;0;0;0
"14/06/2024";"05:02:00";"237";"Sem vítima";"147,000";"BR-116/SP";"Decrescente";"Acidentes de outra natureza";0;0;0;1;0;0;0;0;0;0;1;0;0;0;0
"14/06/2024";"06:29:00";"300";"Com vítima";"49,500";"BR-116/SP";"Crescente";"Colisão traseira";0;0;0;0;0;0;0;1;0;1;1;0;0;1;0
"14/06/2024";"07:44:00";"339";"Sem vítima";"428,000";"BR-101/SP";"Decrescente";"Acidentes de outra natureza";0;0;0;1;0;0;0;0;0;0;0;0;0;0;0
"14/06/2024";"07:59:00";"369";"Sem vítima";"49,000";"BR-116/SP";"Decrescente";"Colisão traseira";0;0;0;1;0;0;0;0;0;0;0;0;0;0;0
"14/06/2024";"08:16:00";"382";"Sem vítima";"182,200";"BR-116/SP";"Crescente";"Colisão lateral em sentido contrário";1;0;1;0;0;0;0;0;0;0;2;0;0;0;0
"14/06/2024";"10:19:00";"446";"Com vítima";"113,200";"BR-116/SP";"Decrescente";"Colisão lateral em sentido contrário";1;0;0;1;0;0;0;0;0;0;4;1;0;0;0
"14/06/2024";"10:28:00";"454";"Sem vítima";"238,200";"BR-116/SP";"Crescente";"Choque";0;0;1;0;0;0;0;0;0;0;1;0;0;0;0
"14/06/2024";"10:45:00";"460";"Com vítima";"216,000";"BR-116/SP";"Crescente";"Atropelamento de pedestre";0;0;1;0;0;0;0;0;0;0;1;0;0;1;0
"14/06/2024";"10:45:00";"462";"Com vítima";"442,000";"BR-101/SP";"Decrescente";"Colisão lateral em sentido contrário";2;0;1;0;0;0;0;0;0;0;3;1;0;0;0
"14/06/2024";"12:11:00";"504";"Sem vítima";"140,800";"BR-116/SP";"Crescente";"Colisão lateral em sentido contrário";1;0;0;0;0;0;0;1;0;0;2;0;0;0;0
"14/06/2024";"01:12:00";"525";"Com vítima";"484,000";"BR-101/SP";"Crescente";"Colisão frontal";0;0;0;1;1;0;0;0;0;0;1;0;0;1;1
"14/06/2024";"01:34:00";"541";"Sem vítima";"140,400";"BR-116/SP";"Crescente";"Colisão traseira";2;0;0;0;0;0;0;0;0;0;2;0;0;0;0
"14/06/2024";"01:39:00";"498";"Com vítima";"382,000";"BR-101/SP";"Decrescente";"Atropelamento de pedestre";1;1;0;0;0;0;0;0;0;0;1;0;0;0;0
"14/06/2024";"02:24:00";"559";"Sem vítima";"168,900";"BR-116/SP";"Crescente";"Colisão traseira";2;0;0;0;0;0;0;0;0;0;4;0;0;0;0
"14/06/2024";"03:31:00";"585";"Com vítima";"386,000";"BR-101/SP";"Decrescente";"Colisão lateral em sentido contrário";1;0;0;1;0;0;0;0;0;0;1;1;0;1;0
"14/06/2024";"03:41:00";"593";"Sem vítima";"106,500";"BR-116/SP";"Crescente";"Colisão traseira";2;0;0;0;0;0;0;0;0;0;0;0;0;0;0
"14/06/2024";"03:47:00";"596";"Sem vítima";"223,000";"BR-116/SP";"Decrescente";"Colisão traseira";2;0;0;0;0;0;0;0;0;0;3;0;0;0;0
"14/06/2024";"04:03:00";"609";"Sem vítima";"29,900";"BR-116/SP";"Crescente";"Colisão traseira";0;0;0;0;0;0;0;0;0;1;1;0;0;0;0
"14/06/2024";"04:03:00";"610";"Com vítima";"216,000";"BR-116/SP";"Crescente";"Colisão lateral em sentido contrário";0;0;0;1;0;0;0;0;0;0;0;1;1;0;0
"14/06/2024";"05:36:00";"651";"Com vítima";"417,800";"BR-101/SP";"Crescente";"Colisão frontal";1;0;0;0;0;0;0;0;0;1;0;2;0;0;0
"14/06/2024";"07:20:00";"685";"Com vítima";"155,800";"BR-116/SP";"Decrescente";"Atropelamento de pedestre";1;0;0;1;0;0;0;0;0;0;4;2;0;0;0
"14/06/2024";"09:00:00";"469";"Sem vítima";"390,200";"BR-101/SP";"Decrescente";"Choque";1;0;0;0;0;0;0;0;0;0;1;0;0;0;0
"14/06/2024";"09:25:00";"38";"Com vítima";"43,000";"BR-101/SP";"Decrescente";"Colisão frontal";2;0;0;0;0;0;0;0;0;0;4;0;2;0;0
"14/06/2024";"09:31:00";"40";"Com vítima";"386,000";"BR-101/SP";"Decrescente";"Colisão lateral em sentido contrário";0;0;0;1;1;0;0;0;0;0;11;0;1;0;0
"14/06/2024";"09:47:00";"41";"Sem vítima";"107,000";"BR-116/SP";"Decrescente";"Choque";1;0;0;0;0;0;0;0;0;0;1;0;0;0;0
"15/06/2024";"01:59:00";"72";"Com vítima";"173,000";"BR-116/SP";"Decrescente";"Tombamento";0;0;1;0;0;0;0;0;0;0;0;1;0;0;0
"15/06/2024";"02:15:00";"73";"Sem vítima";"219,000";"BR-116/SP";"Crescente";"Colisão lateral em sentido contrário";1;0;0;0;0;0;0;0;0;0;1;0;0;0;0
"15/06/2024";"04:37:00";"141";"Com vítima";"168,000";"BR-116/SP";"Decrescente";"Colisão traseira";1;0;1;0;0;0;0;0;0;0;1;2;0;0;0
"15/06/2024";"04:42:00";"143";"Sem vítima";"106,250";"BR-116/SP";"Decrescente";"Colisão traseira";2;0;0;0;0;0;0;0;0;0;4;0;0;0;0
"15/06/2024";"04:57:00";"159";"Com vítima";"109,500";"BR-116/SP";"Decrescente";"Engavetamento";3;0;0;0;0;0;0;0;0;0;9;0;1;0;0
"15/06/2024";"04:59:00";"163";"Com vítima";"109,300";"BR-116/SP";"Decrescente";"Engavetamento";4;0;0;0;0;0;0;0;0;0;11;1;0;0;0
"15/06/2024";"05:34:00";"178";"Sem vítima";"227,000";"BR-116/SP";"Crescente";"Colisão traseira";2;0;0;0;0;0;0;0;0;0;5;0;0;0;0
"15/06/2024";"05:51:00";"191";"Com vítima";"482,000";"BR-101/SP";"Decrescente";"Colisão lateral em sentido contrário";2;0;0;0;0;0;0;0;0;0;4;2;1;0;0
"15/06/2024";"06:14:00";"201";"Com vítima";"225,300";"BR-116/SP";"Crescente";"Engavetamento";2;0;0;0;0;0;0;0;0;0;2;1;0;0;0
"15/06/2024";"07:04:00";"227";"Com vítima";"574,000";"BR-101/SP";"Decrescente";"Colisão lateral em sentido contrário";1;0;0;1;0;0;0;0;0;0;1;1;0;0;0