data;horario;n_da_ocorrencia;tipo_de_ocorrencia;km;trecho;sentido;tipo_de_acidente;automovel;bicicleta;caminhao;moto;onibus;outros;tracao_animal;transporte_de_cargas_especiais;trator_maquinas;utilitarios;ilesos;levemente_feridos;moderadamente_feridos;gravemente_feridos;mortos
"15/06/2024";"07:06:00";"229";"Sem vítima";"228,000";"BR-116/SP";"Crescente";"Colisão traseira";2;0;0;0;0;0;0;0;0;0;2;0;0;0;0
"15/06/2024";"07:26:00";"239";"Com vítima";"82,000";"BR-116/SP";"Decrescente";"Colisão lateral em sentido contrário";1;0;1;0;0;0;0;0;0;0;4;1;0;0;0
"15/06/2024";"10:26:00";"319";"Sem vítima";"566,000";"BR-101/SP";"Decrescente";"Colisão lateral em sentido contrário";1;0;0;1;0;0;0;0;0;0;3;0;0;0;0
"15/06/2024";"11:36:00";"343";"Com vítima";"425,600";"BR-101/SP";"Decrescente";"Colisão lateral em sentido contrário";2;0;0;0;0;0;0;0;0;0;2;1;0;0;0
"15/06/2024";"01:13:00";"395";"Com vítima";"479,000";"BR-101/SP";"Crescente";"Colisão lateral em sentido contrário";1;0;0;1;0;0;0;0;0;0;1;0;1;0;0
"15/06/2024";"01:22:00";"399";"Com vítima";"278,500";"BR-116/SP";"Crescente";"Colisão lateral em sentido contrário";1;0;0;1;0;0;0;0;0;0;1;0;0;1;0
"15/06/2024";"01:39:00";"408";"Sem vítima";"572,000";"BR-101/SP";"Crescente";"Acidentes de outra natureza";0;1;0;0;0;0;0;0;0;0;0;0;0;0;0
"15/06/2024";"01:44:00";"410";"Com vítima";"221,000";"BR-116/SP";"Crescente";"Colisão traseira";1;0;0;1;0;0;0;0;0;0;3;1;0;0;0
"15/06/2024";"02:41:00";"442";"Sem vítima";"157,000";"BR-116/SP";"Crescente";"Colisão lateral em sentido contrário";1;0;1;0;0;0;0;0;0;0;0;0;0;0;0
"15/06/2024";"02:48:00";"447";"Com vítima";"410,000";"BR-101/SP";"Decrescente";"Colisão lateral em sentido contrário";1;0;0;1;0;0;0;0;0;0;1;1;1;0;0
"15/06/2024";"03:42:00";"472";"Sem vítima";"215,000";"BR-116/SP";"Crescente";"Choque";1;0;0;0;0;0;0;0;0;0;2;0;0;0;0
"15/06/2024";"04:41:00";"495";"Com vítima";"144,000";"BR-116/SP";"Decrescente";"Acidentes de outra natureza";1;0;0;0;0;0;0;0;0;0;0;2;0;0;0
"15/06/2024";"04:45:00";"496";"Com vítima";"392,000";"BR-101/SP";"Decrescente";"Engavetamento";2;0;0;0;0;0;0;0;0;0;4;1;0;0;0
"15/06/2024";"04:50:00";"499";"Com vítima";"392,100";"BR-101/SP";"Decrescente";"Colisão traseira";1;0;0;1;0;0;0;0;0;0;2;0;1;0;0
"15/06/2024";"04:55:00";"500";"Com vítima";"112,150";"BR-116/SP";"Crescente";"Atropelamento de pedestre";3;0;0;0;0;0;0;0;0;0;9;0;0;0;1
"15/06/2024";"05:46:00";"510";"Com vítima";"387,900";"BR-101/SP";"Crescente";"Colisão traseira";2;0;0;0;0;0;0;0;0;0;1;1;0;0;0
"15/06/2024";"05:56:00";"514";"Sem vítima";"537,000";"BR-101/SP";"Decrescente";"Choque";1;0;0;0;0;0;0;0;0;0;0;0;0;0;0
"15/06/2024";"08:11:00";"542";"Sem vítima";"537,000";"BR-101/SP";"Decrescente";"Atropelamento de pedestre";1;0;0;0;0;0;0;0;0;0;4;0;0;0;0
"15/06/2024";"09:13:00";"33";"Com vítima";"167,000";"BR-116/SP";"Decrescente";"Acidentes de outra natureza";0;0;0;1;0;0;0;0;0;0;0;1;0;0;0
"15/06/2024";"09:15:00";"34";"Com vítima";"313,500";"BR-116/SP";"Crescente";"Choque";1;0;0;0;0;0;0;0;0;0;0;1;0;0;0
"15/06/2024";"11:57:00";"55";"Sem vítima";"123,500";"BR-116/SP";"Decrescente";"Atropelamento de pedestre";1;0;0;0;0;0;0;0;0;0;0;0;0;0;0
"16/06/2024";"12:26:00";"60";"Sem vítima";"102,200";"BR-116/SP";"Decrescente";"Choque";1;0;0;0;0;0;0;0;0;0;1;0;0;0;0
"16/06/2024";"01:00:00";"63";"Sem vítima";"542,000";"BR-101/SP";"Decrescente";"Choque";1;0;0;0;0;0;0;0;0;0;1;0;0;0;0
"16/06/2024";"03:13:00";"81";"Sem vítima";"386,000";"BR-101/SP";"Crescente";"Acidentes de outra natureza";1;0;0;0;0;0;0;0;0;0;0;0;0;0;0
"16/06/2024";"08:03:00";"188";"Com vítima";"336,000";"BR-116/SP";"Decrescente";"Colisão lateral em sentido contrário";1;0;0;0;0;0;0;1;0;0;2;1;0;0;0
"16/06/2024";"08:37:00";"199";"Com vítima";"282,100";"BR-116/SP";"Crescente";"Choque";1;0;0;0;0;0;0;0;0;0;0;0;2;0;0
"16/06/2024";"08:59:00";"205";"Sem vítima";"264,050";"BR-116/SP";"Decrescente";"Capotamento";1;0;0;0;0;0;0;0;0;0;2;0;0;0;0
"16/06/2024";"10:13:00";"232";"Sem vítima";"140,800";"BR-116/SP";"Crescente";"Colisão lateral em sentido contrário";2;0;0;0;0;0;0;0;0;0;7;0;0;0;0
"16/06/2024";"10:51:00";"251";"Sem vítima";"140,800";"BR-116/SP";"Crescente";"Colisão traseira";1;0;0;0;0;0;0;0;0;0;1;0;0;0;0
"16/06/2024";"11:13:00";"261";"Com vítima";"219,000";"BR-116/SP";"Decrescente";"Colisão lateral em sentido contrário";2;0;0;1;0;0;0;0;0;0;2;1;1;0;0
"16/06/2024";"11:52:00";"276";"Sem vítima";"269,400";"BR-116/SP";"Decrescente";"Tombamento";0;0;1;0;0;0;0;0;0;0;1;0;0;0;0
"16/06/2024";"12:12:00";"286";"Sem vítima";"269,400";"BR-116/SP";"Crescente";"Choque";1;0;0;0;0;0;0;0;0;0;1;0;0;0;0
"16/06/2024";"01:31:00";"334";"Com vítima";"96,700";"BR-116/SP";"Crescente";"Colisão lateral em sentido contrário";0;0;0;1;0;0;0;0;0;0;1;1;0;0;0
"16/06/2024";"01:36:00";"336";"Com vítima";"291,500";"BR-116/SP";"Decrescente";"Engavetamento";5;0;0;0;0;0;0;0;0;0;14;1;1;0;0
"16/06/2024";"01:45:00";"341";"Sem vítima";"206,600";"BR-116/SP";"Crescente";"Colisão lateral em sentido contrário";1;0;1;0;0;0;0;0;0;0;0;0;0;0;0
"16/06/2024";"02:02:00";"354";"Com vítima";"269,000";"BR-116/SP";"Decrescente";"Colisão lateral em sentido contrário";0;0;0;1;0;0;0;0;0;0;0;0;1;0;0
"16/06/2024";"02:11:00";"360";"Com vítima";"296,200";"BR-116/SP";"Decrescente";"Engavetamento";1;0;0;0;1;0;0;0;0;0;37;4;0;0;0
"16/06/2024";"03:11:00";"384";"Com vítima";"267,000";"BR-116/SP";"Crescente";"Colisão traseira";0;0;0;1;0;0;0;0;0;0;0;1;0;0;0
"16/06/2024";"03:44:00";"397";"Com vítima";"244,000";"BR-116/SP";"Crescente";"Capotamento";1;0;0;0;0;0;0;0;0;0;0;0;0;1;0
"16/06/2024";"04:34:00";"424";"Com vítima";"49,500";"BR-101/SP";"Crescente";"Colisão lateral em sentido contrário";1;0;0;1;0;0;0;0;0;0;1;2;0;0;0
"16/06/2024";"04:56:00";"433";"Com vítima";"258,000";"BR-116/SP";"Decrescente";"Acidentes de outra natureza";0;0;0;1;0;0;0;0;0;0;0;0;2;0;0
"16/06/2024";"07:10:00";"471";"Com vítima";"148,000";"BR-116/SP";"Crescente";"Choque";1;0;0;0;0;0;0;0;0;0;0;1;0;0;0
"16/06/2024";"07:52:00";"485";"Com vítima";"225,000";"BR-116/SP";"Decrescente";"Acidentes de outra natureza";1;0;0;0;0;0;0;0;0;0;0;1;0;0;0
"17/06/2024";"12:35:00";"64";"Sem vítima";"16,900";"BR-116/SP";"Crescente";"Choque";1;0;0;0;0;0;0;0;0;0;1;0;0;0;0
"17/06/2024";"12:43:00";"68";"Sem vítima";"115,800";"BR-116/SP";"Crescente";"Colisão traseira";1;0;0;0;1;0;0;0;0;0;36;0;0;0;0
"17/06/2024";"02:39:00";"87";"Com vítima";"223,000";"BR-116/SP";"Decrescente";"Colisão traseira";1;0;0;1;0;0;0;0;0;0;0;1;0;0;0
"17/06/2024";"03:20:00";"116";"Com vítima";"204,900";"BR-116/SP";"Crescente";"Colisão traseira";1;0;0;2;0;0;0;0;0;0;1;2;0;0;0
"17/06/2024";"03:22:00";"119";"Com vítima";"183,000";"BR-116/SP";"Crescente";"Acidentes de outra natureza";0;0;0;1;0;0;0;0;0;0;0;1;0;0;0
"17/06/2024";"04:09:00";"176";"Com vítima";"216,000";"BR-116/SP";"Crescente";"Colisão lateral em sentido contrário";1;0;0;1;0;0;0;0;0;0;0;1;0;0;0
"17/06/2024";"04:38:00";"205";"Com vítima";"386,000";"BR-101/SP";"Crescente";"Tombamento";0;0;1;0;0;0;0;0;0;0;0;1;0;0;0
"17/06/2024";"06:05:00";"271";"Com vítima";"144,000";"BR-116/SP";"Crescente";"Colisão traseira";2;0;0;0;0;0;0;0;0;0;2;2;0;0;0
"17/06/2024";"06:09:00";"231";"Com vítima";"217,000";"BR-116/SP";"Crescente";"Colisão lateral em sentido contrário";1;0;0;1;0;0;0;0;0;0;1;0;1;0;0
"17/06/2024";"06:32:00";"295";"Com vítima";"143,400";"BR-116/SP";"Crescente";"Engavetamento";1;0;1;0;0;0;0;0;0;0;1;1;0;0;0
"17/06/2024";"06:49:00";"306";"Com vítima";"420,000";"BR-101/SP";"Decrescente";"Colisão lateral em sentido contrário";1;0;1;0;0;0;0;0;0;0;4;1;0;0;0
"17/06/2024";"08:02:00";"352";"Sem vítima";"140,000";"BR-116/SP";"Crescente";"Colisão lateral em sentido contrário";1;0;0;0;0;0;0;1;0;0;1;0;0;0;0
"17/06/2024";"10:23:00";"422";"Sem vítima";"231,000";"BR-116/SP";"Decrescente";"Colisão lateral em sentido contrário";1;0;0;0;0;0;0;1;0;0;3;0;0;0;0
"17/06/2024";"10:26:00";"425";"Sem vítima";"273,000";"BR-116/SP";"Decrescente";"Engavetamento";3;0;0;0;0;0;0;0;0;0;6;0;0;0;0
"17/06/2024";"11:05:00";"263";"Com vítima";"211,000";"BR-116/SP";"Crescente";"Colisão traseira";1;0;0;0;0;0;0;0;0;0;0;1;0;0;0
"17/06/2024";"01:11:00";"509";"Sem vítima";"275,100";"BR-116/SP";"Decrescente";"Engavetamento";1;0;2;0;0;0;0;0;0;0;5;0;0;0;0
"17/06/2024";"02:10:00";"549";"Sem vítima";"284,000";"BR-116/SP";"Decrescente";"Choque";1;0;0;0;0;0;0;0;0;0;1;0;0;0;0
"17/06/2024";"03:17:00";"574";"Sem vítima";"106,700";"BR-116/SP";"Decrescente";"Colisão traseira";2;0;0;0;0;0;0;0;0;0;2;0;0;0;0
"17/06/2024";"03:50:00";"596";"Com vítima";"487,800";"BR-101/SP";"Decrescente";"Atropelamento de pedestre";1;0;0;0;0;0;0;0;0;0;3;0;1;0;0
"17/06/2024";"08:32:00";"683";"Sem vítima";"195,100";"BR-116/SP";"Decrescente";"Choque";1;0;0;0;0;0;0;0;0;0;1;0;0;0;0
"18/06/2024";"04:09:00";"146";"Com vítima";"146,000";"BR-116/SP";"Decrescente";"Colisão traseira";0;0;0;1;0;0;0;0;0;0;0;0;1;0;0
"18/06/2024";"04:29:00";"168";"Com vítima";"225,000";"BR-116/SP";"Crescente";"Colisão lateral em sentido contrário";1;0;0;1;0;0;0;0;0;0;2;1;0;0;0
"18/06/2024";"04:43:00";"187";"Sem vítima";"224,800";"BR-116/SP";"Decrescente";"Colisão lateral em sentido contrário";0;0;1;0;0;0;0;0;0;1;20;0;0;0;0
"18/06/2024";"04:50:00";"198";"Sem vítima";"109,100";"BR-116/SP";"Crescente";"Colisão traseira";2;0;0;0;0;0;0;0;0;0;4;0;0;0;0
"18/06/2024";"05:03:00";"211";"Com vítima";"485,000";"BR-101/SP";"Crescente";"Atropelamento de pedestre";0;0;0;1;0;0;0;0;0;0;0;2;0;0;0
"18/06/2024";"05:18:00";"230";"Sem vítima";"145,000";"BR-116/SP";"Crescente";"Engavetamento";3;0;0;0;0;0;0;0;0;0;3;0;0;0;0
"18/06/2024";"05:36:00";"249";"Sem vítima";"159,700";"BR-116/SP";"Decrescente";"Colisão traseira";1;0;0;0;0;0;0;1;0;0;3;0;0;0;0
"18/06/2024";"05:47:00";"259";"Sem vítima";"116,000";"BR-116/SP";"Crescente";"Acidentes de outra natureza";1;0;0;0;0;0;0;0;0;0;0;0;0;0;0
"18/06/2024";"07:36:00";"360";"Sem vítima";"34,000";"BR-116/SP";"Crescente";"Choque";1;0;0;0;0;0;0;0;0;0;1;0;0;0;0
"18/06/2024";"08:17:00";"382";"Sem vítima";"230,000";"BR-116/SP";"Crescente";"Engavetamento";1;0;0;0;0;0;0;0;0;0;1;0;0;0;0
"18/06/2024";"11:40:00";"509";"Sem vítima";"273,500";"BR-116/SP";"Decrescente";"Colisão traseira";2;0;0;0;0;0;0;0;0;0;4;0;0;0;0
"18/06/2024";"12:52:00";"550";"Com vítima";"471,500";"BR-101/SP";"Crescente";"Choque";1;0;0;0;0;0;0;0;0;0;1;2;0;0;0
"18/06/2024";"02:25:00";"591";"Com vítima";"29,000";"BR-116/SP";"Decrescente";"Colisão traseira";1;0;0;0;0;0;0;0;0;0;0;1;0;0;0
"18/06/2024";"04:10:00";"644";"Com vítima";"99,500";"BR-116/SP";"Decrescente";"Acidentes de outra natureza";0;0;0;1;0;0;0;0;0;0;0;1;0;0;0
"18/06/2024";"10:11:00";"42";"Com vítima";"295,000";"BR-116/SP";"Decrescente";"Tombamento";0;0;0;0;0;0;0;1;0;0;0;0;1;0;0
"19/06/2024";"01:07:00";"65";"Com vítima";"275,300";"BR-116/SP";"Crescente";"Tombamento";0;0;0;0;0;0;0;1;0;0;0;0;1;0;0
"19/06/2024";"02:36:00";"86";"Com vítima";"161,000";"BR-116/SP";"Crescente";"Acidentes de outra natureza";0;0;0;1;0;0;0;0;0;0;0;1;0;0;0
"19/06/2024";"02:41:00";"87";"Com vítima";"476,000";"BR-101/SP";"Crescente";"Choque";1;0;0;0;0;0;0;0;0;0;0;1;0;0;0
"19/06/2024";"03:38:00";"106";"Sem vítima";"143,000";"BR-116/SP";"Decrescente";"Engavetamento";2;0;0;0;0;0;0;0;0;0;2;0;0;0;0
"19/06/2024";"03:55:00";"125";"Com vítima";"476,000";"BR-101/SP";"Decrescente";"Colisão traseira";1;0;0;1;0;0;0;0;0;0;2;1;0;0;0
"19/06/2024";"03:59:00";"132";"Com vítima";"188,100";"BR-116/SP";"Crescente";"Colisão traseira";1;0;1;0;0;0;0;0;0;0;1;1;0;0;0
"19/06/2024";"04:21:00";"159";"Sem vítima";"225,500";"BR-116/SP";"Crescente";"Engavetamento";4;0;0;0;0;0;0;0;0;0;4;0;0;0;0
"19/06/2024";"04:54:00";"195";"Sem vítima";"156,800";"BR-116/SP";"Decrescente";"Colisão traseira";1;0;0;0;0;0;0;0;0;0;1;0;0;0;0
"19/06/2024";"04:55:00";"197";"Sem vítima";"456,000";"BR-101/SP";"Crescente";"Colisão frontal";2;0;0;0;0;0;0;0;0;0;2;0;0;0;0
"19/06/2024";"05:04:00";"202";"Com vítima";"146,000";"BR-116/SP";"Crescente";"Engavetamento";3;0;0;2;0;0;0;0;0;0;5;3;0;0;0
"19/06/2024";"05:34:00";"231";"Sem vítima";"239,000";"BR-116/SP";"Crescente";"Choque";0;0;1;0;0;0;0;0;0;0;1;0;0;0;0
"19/06/2024";"06:27:00";"277";"Sem vítima";"275,900";"BR-116/SP";"Crescente";"Acidentes de outra natureza";1;0;0;0;0;0;0;0;0;0;1;0;0;0;0
"19/06/2024";"06:47:00";"289";"Com vítima";"224,000";"BR-116/SP";"Decrescente";"Colisão lateral em sentido contrário";1;0;0;0;0;0;0;0;0;0;1;1;0;0;0
"19/06/2024";"07:26:00";"318";"Sem vítima";"482,000";"BR-101/SP";"Crescente";"Choque";0;0;1;0;0;0;0;0;0;0;1;0;0;0;0
"19/06/2024";"08:27:00";"346";"Com vítima";"149,000";"BR-116/SP";"Crescente";"Engavetamento";0;0;3;0;0;0;0;0;0;0;2;1;0;0;0
"19/06/2024";"09:24:00";"384";"Com vítima";"8,000";"BR-116/SP";"Decrescente";"Colisão traseira";2;0;0;0;0;0;0;0;0;0;3;3;0;0;0
"19/06/2024";"10:14:00";"414";"Com vítima";"221,000";"BR-116/SP";"Decrescente";"Acidentes de outra natureza";0;0;0;1;0;0;0;0;0;0;0;1;0;0;0
"19/06/2024";"10:20:00";"415";"Com vítima";"487,000";"BR-101/SP";"Crescente";"Colisão frontal";2;0;0;0;0;0;0;0;0;0;1;1;0;0;0
"19/06/2024";"11:07:00";"440";"Com vítima";"219,000";"BR-116/SP";"Crescente";"Colisão lateral em sentido contrário";1;0;0;1;0;0;0;0;0;0;1;1;0;0;0
"19/06/2024";"12:36:00";"481";"Sem vítima";"217,000";"BR-116/SP";"Decrescente";"Colisão traseira";2;0;0;0;0;0;0;0;0;0;2;0;0;0;0
"19/06/2024";"01:06:00";"495";"Sem vítima";"452,000";"BR-101/SP";"Decrescente";"Acidentes de outra natureza";0;0;0;1;0;0;0;0;0;0;1;0;0;0;0
"19/06/2024";"02:22:00";"525";"Com vítima";"161,000";"BR-116/SP";"Decrescente";"Atropelamento de pedestre";1;1;0;0;0;0;0;0;0;0;1;0;0;0;0
"19/06/2024";"02:25:00";"527";"Sem vítima";"154,200";"BR-116/SP";"Crescente";"Colisão traseira";1;0;0;0;0;0;0;0;0;1;2;0;0;0;0
"19/06/2024";"03:13:00";"551";"Com vítima";"230,000";"BR-116/SP";"Crescente";"Colisão lateral em sentido contrário";0;0;0;1;0;0;0;0;0;0;0;1;0;0;0
"19/06/2024";"03:39:00";"571";"Com vítima";"152,600";"BR-116/SP";"Decrescente";"Acidentes de outra natureza";0;0;0;1;0;0;0;0;0;0;1;1;0;0;0
"19/06/2024";"04:31:00";"592";"Com vítima";"485,000";"BR-101/SP";"Decrescente";"Atropelamento de pedestre";0;1;0;1;0;0;0;0;0;0;0;0;1;0;0
"19/06/2024";"05:19:00";"617";"Sem vítima";"542,000";"BR-101/SP";"Crescente";"Atropelamento de pedestre";1;0;0;0;0;0;0;0;0;0;2;0;0;0;0
"19/06/2024";"07:09:00";"663";"Com vítima";"149,900";"BR-116/SP";"Decrescente";"Atropelamento de pedestre";1;1;0;0;0;0;0;0;0;0;1;0;0;0;0
"19/06/2024";"07:11:00";"664";"Com vítima";"49,000";"BR-101/SP";"Crescente";"Atropelamento de pedestre";0;1;0;1;0;0;0;0;0;0;0;1;0;0;0
"19/06/2024";"07:34:00";"670";"Com vítima";"146,200";"BR-116/SP";"Crescente";"Colisão traseira";0;0;0;1;0;0;0;0;0;0;0;1;0;0;0
"19/06/2024";"09:00:00";"207";"Sem vítima";"223,000";"BR-116/SP";"Crescente";"Colisão lateral em sentido contrário";2;0;1;0;0;0;0;0;0;0;3;0;0;0;0
"20/06/2024";"01:38:00";"76";"Com vítima";"217,800";"BR-116/SP";"Decrescente";"Colisão lateral em sentido contrário";0;0;1;0;0;0;0;0;0;1;1;0;1;0;0
"20/06/2024";"02:22:00";"88";"Com vítima";"299,000";"BR-116/SP";"Decrescente";"Colisão traseira";0;0;2;0;0;0;0;0;0;0;1;0;1;0;0
"20/06/2024";"02:50:00";"96";"Sem vítima";"402,400";"BR-101/SP";"Crescente";"Atropelamento de pedestre";1;0;0;0;0;0;0;0;0;0;1;0;0;0;0
"20/06/2024";"03:06:00";"98";"Com vítima";"211,600";"BR-116/SP";"Crescente";"Colisão traseira";0;0;0;1;0;0;0;0;0;0;0;1;0;0;0
"20/06/2024";"03:39:00";"114";"Sem vítima";"402,400";"BR-101/SP";"Crescente";"Atropelamento de pedestre";0;0;1;0;0;0;0;0;0;0;1;0;0;0;0
"20/06/2024";"04:17:00";"137";"Com vítima";"158,000";"BR-116/SP";"Decrescente";"Colisão lateral em sentido contrário";2;0;1;0;0;0;0;0;0;0;1;7;0;0;0
"20/06/2024";"04:47:00";"162";"Sem vítima";"222,000";"BR-116/SP";"Crescente";"Colisão traseira";1;0;0;1;0;0;0;0;0;0;2;0;0;0;0
"20/06/2024";"04:55:00";"170";"Sem vítima";"319,000";"BR-116/SP";"Decrescente";"Colisão traseira";1;0;1;0;0;0;0;0;0;0;1;0;0;0;0
"20/06/2024";"07:37:00";"320";"Com vítima";"224,000";"BR-116/SP";"Crescente";"Colisão traseira";0;0;0;1;0;0;0;0;0;0;0;1;0;0;0
"20/06/2024";"07:48:00";"324";"Com vítima";"229,300";"BR-116/SP";"Decrescente";"Choque";0;0;0;0;0;0;0;1;0;0;0;1;0;0;0
"20/06/2024";"11:44:00";"442";"Sem vítima";"102,800";"BR-116/SP";"Decrescente";"Colisão traseira";2;0;0;0;0;0;0;0;0;0;2;0;0;0;0
"20/06/2024";"12:03:00";"452";"Sem vítima";"102,000";"BR-116/SP";"Crescente";"Engavetamento";2;0;1;0;0;0;0;0;0;0;7;0;0;0;0
"20/06/2024";"02:50:00";"522";"Com vítima";"403,000";"BR-101/SP";"Decrescente";"Colisão traseira";2;0;0;0;0;0;0;0;0;0;1;3;0;0;0
"20/06/2024";"04:12:00";"572";"Sem vítima";"154,000";"BR-116/SP";"Crescente";"Colisão lateral em sentido contrário";1;0;1;0;0;0;0;0;0;0;2;0;0;0;0
"20/06/2024";"05:32:00";"608";"Com vítima";"230,000";"BR-116/SP";"Decrescente";"Colisão lateral em sentido contrário";1;0;0;0;0;0;0;0;0;0;0;1;0;0;0
"20/06/2024";"06:05:00";"623";"Com vítima";"386,100";"BR-101/SP";"Decrescente";"Choque";1;0;0;0;0;0;0;0;0;0;0;1;0;0;0
"20/06/2024";"07:14:00";"646";"Sem vítima";"275,800";"BR-116/SP";"Crescente";"Colisão lateral em sentido contrário";1;0;1;0;0;0;0;0;0;0;4;0;0;0;0
"20/06/2024";"08:30:00";"672";"Sem vítima";"247,450";"BR-116/SP";"Decrescente";"Engavetamento";0;0;4;0;0;0;0;0;0;0;4;0;0;0;0
"20/06/2024";"09:00:00";"471";"Com vítima";"580,000";"BR-101/SP";"Decrescente";"Atropelamento de pedestre";0;1;0;1;0;0;0;0;0;0;0;1;1;0;0
"20/06/2024";"09:41:00";"38";"Sem vítima";"245,800";"BR-116/SP";"Decrescente";"Engavetamento";5;0;2;0;0;0;0;0;0;0;3;0;0;0;0
"21/06/2024";"02:10:00";"97";"Com vítima";"237,000";"BR-116/SP";"Decrescente";"Colisão traseira";1;0;1;0;0;0;0;0;0;0;2;1;0;0;0
"21/06/2024";"02:53:00";"114";"Sem vítima";"162,000";"BR-116/SP";"Crescente";"Choque";1;0;0;0;0;0;0;0;0;0;1;0;0;0;0
"21/06/2024";"03:32:00";"139";"Com vítima";"389,000";"BR-101/SP";"Decrescente";"Acidentes de outra natureza";0;0;0;1;0;0;0;0;0;0;0;1;0;0;0
"21/06/2024";"04:25:00";"191";"Sem vítima";"71,000";"BR-116/SP";"Crescente";"Colisão traseira";1;0;0;0;0;0;0;1;0;0;3;0;0;0;0
"21/06/2024";"04:43:00";"205";"Com vítima";"551,000";"BR-101/SP";"Decrescente";"Acidentes de outra natureza";0;0;0;1;0;0;0;0;0;0;0;0;1;0;0
"21/06/2024";"05:38:00";"241";"Com vítima";"222,000";"BR-116/SP";"Crescente";"Colisão traseira";0;0;0;1;0;0;0;0;0;0;0;1;0;0;0
"21/06/2024";"05:54:00";"286";"Sem vítima";"146,900";"BR-116/SP";"Crescente";"Engavetamento";2;0;0;0;0;0;0;0;0;0;3;0;0;0;0
"21/06/2024";"08:10:00";"366";"Sem vítima";"314,500";"BR-116/SP";"Crescente";"Choque";1;0;0;0;0;0;0;0;0;0;1;0;0;0;0
"21/06/2024";"08:32:00";"379";"Sem vítima";"475,000";"BR-101/SP";"Crescente";"Engavetamento";1;0;1;0;0;0;0;0;0;0;2;0;0;0;0
"21/06/2024";"09:07:00";"397";"Com vítima";"57,000";"BR-116/SP";"Decrescente";"Engavetamento";1;0;0;1;0;0;0;0;0;0;2;0;0;1;0
"21/06/2024";"09:45:00";"410";"Com vítima";"142,000";"BR-116/SP";"Decrescente";"Colisão traseira";2;0;0;0;0;0;0;0;0;0;3;1;0;0;0
"21/06/2024";"11:05:00";"445";"Com vítima";"310,700";"BR-116/SP";"Crescente";"Atropelamento de pedestre";0;0;1;0;0;0;0;0;0;0;1;0;0;0;1
"21/06/2024";"01:15:00";"502";"Sem vítima";"297,000";"BR-116/SP";"Crescente";"Colisão traseira";2;0;0;0;0;0;0;0;0;0;3;0;0;0;0
"21/06/2024";"01:43:00";"509";"Com vítima";"155,200";"BR-116/SP";"Decrescente";"Colisão traseira";1;0;0;1;0;0;0;0;0;0;0;1;0;0;0
"21/06/2024";"01:44:00";"512";"Sem vítima";"389,000";"BR-101/SP";"Decrescente";"Colisão traseira";1;0;0;0;1;0;0;0;0;0;2;0;0;0;0
"21/06/2024";"01:48:00";"514";"Com vítima";"156,300";"BR-116/SP";"Decrescente";"Colisão traseira";1;0;0;1;0;0;0;0;0;0;1;1;0;0;0
"21/06/2024";"02:10:00";"520";"Com vítima";"216,000";"BR-116/SP";"Decrescente";"Engavetamento";4;0;0;0;0;0;0;0;0;0;3;1;0;0;0
"21/06/2024";"02:36:00";"531";"Sem vítima";"306,500";"BR-116/SP";"Crescente";"Colisão traseira";2;0;0;0;0;0;0;0;0;0;2;0;0;0;0
"21/06/2024";"03:38:00";"559";"Com vítima";"422,000";"BR-101/SP";"Crescente";"Choque";1;0;0;0;0;0;0;0;0;0;0;2;0;0;0
"21/06/2024";"04:06:00";"576";"Com vítima";"481,000";"BR-101/SP";"Crescente";"Engavetamento";3;0;0;0;0;0;0;0;0;0;3;1;0;0;0
"21/06/2024";"04:56:00";"598";"Com vítima";"402,000";"BR-101/SP";"Crescente";"Atropelamento de pedestre";0;1;0;1;0;0;0;0;0;0;1;0;0;0;0
"21/06/2024";"05:06:00";"604";"Sem vítima";"38,200";"BR-101/SP";"Decrescente";"Choque";1;0;0;0;0;0;0;0;0;0;1;0;0;0;0
"21/06/2024";"05:08:00";"605";"Com vítima";"148,000";"BR-116/SP";"Decrescente";"Colisão lateral em sentido contrário";2;0;0;0;0;0;0;0;0;0;3;1;0;0;0
"21/06/2024";"05:40:00";"619";"Com vítima";"230,000";"BR-116/SP";"Decrescente";"Acidentes de outra natureza";0;0;0;1;0;0;0;0;0;0;0;2;0;0;0
"21/06/2024";"06:26:00";"633";"Com vítima";"78,300";"BR-116/SP";"Decrescente";"Colisão traseira";1;0;0;0;0;0;0;1;0;0;1;1;0;0;0
"21/06/2024";"07:26:00";"655";"Sem vítima";"18,250";"BR-101/SP";"Crescente";"Choque";1;0;0;0;0;0;0;0;0;0;0;0;0;0;0