data;horario;n_da_ocorrencia;tipo_de_ocorrencia;km;trecho;sentido;tipo_de_acidente;automovel;bicicleta;caminhao;moto;onibus;outros;tracao_animal;transporte_de_cargas_especiais;trator_maquinas;utilitarios;ilesos;levemente_feridos;moderadamente_feridos;gravemente_feridos;mortos
"21/06/2024";"07:31:00";"656";"Com vítima";"57,050";"BR-116/SP";"Decrescente";"Colisão traseira";1;0;0;1;0;0;0;0;0;0;3;0;1;0;0
"21/06/2024";"09:01:00";"31";"Com vítima";"149,000";"BR-116/SP";"Crescente";"Colisão lateral em sentido contrário";1;0;0;1;0;0;0;0;0;0;3;1;0;0;0
"21/06/2024";"10:17:00";"47";"Com vítima";"139,000";"BR-116/SP";"Decrescente";"Atropelamento de pedestre";1;0;0;1;0;0;0;0;0;0;1;0;1;0;0
"22/06/2024";"02:04:00";"69";"Sem vítima";"280,000";"BR-116/SP";"Crescente";"Capotamento";1;0;0;0;0;0;0;0;0;0;0;0;0;0;0
"22/06/2024";"04:04:00";"111";"Com vítima";"85,000";"BR-116/SP";"Crescente";"Colisão lateral em sentido contrário";1;0;0;1;0;0;0;0;0;0;5;1;0;0;0
"22/06/2024";"04:16:00";"123";"Sem vítima";"232,500";"BR-116/SP";"Crescente";"Colisão lateral em sentido contrário";2;0;0;0;0;0;0;0;0;0;3;0;0;0;0
"22/06/2024";"05:20:00";"172";"Sem vítima";"428,000";"BR-101/SP";"Crescente";"Choque";1;0;0;0;0;0;0;0;0;0;1;0;0;0;0
"22/06/2024";"05:30:00";"180";"Com vítima";"135,300";"BR-116/SP";"Decrescente";"Engavetamento";3;0;0;0;0;0;0;0;0;0;9;0;1;0;0
"22/06/2024";"06:23:00";"202";"Com vítima";"201,300";"BR-116/SP";"Decrescente";"Colisão lateral em sentido contrário";1;0;0;0;0;0;0;1;0;0;3;1;0;0;0
"22/06/2024";"06:39:00";"206";"Sem vítima";"172,800";"BR-116/SP";"Crescente";"Capotamento";1;0;0;0;0;0;0;0;0;0;1;0;0;0;0
"22/06/2024";"08:01:00";"245";"Sem vítima";"467,000";"BR-101/SP";"Crescente";"Choque";1;0;0;0;0;0;0;0;0;0;1;0;0;0;0
"22/06/2024";"08:08:00";"247";"Com vítima";"194,600";"BR-116/SP";"Decrescente";"Choque";1;0;0;0;0;0;0;0;0;0;0;1;0;0;0
"22/06/2024";"09:41:00";"276";"Sem vítima";"145,500";"BR-116/SP";"Decrescente";"Choque";1;0;0;0;0;0;0;0;0;0;0;0;0;0;0
"22/06/2024";"11:42:00";"325";"Com vítima";"381,000";"BR-101/SP";"Decrescente";"Colisão traseira";1;0;0;1;0;0;0;0;0;0;1;1;0;0;0
"22/06/2024";"12:27:00";"341";"Com vítima";"161,400";"BR-116/SP";"Decrescente";"Choque";1;0;0;0;0;0;0;0;0;0;0;2;0;0;0
"22/06/2024";"01:45:00";"376";"Com vítima";"49,000";"BR-101/SP";"Crescente";"Colisão traseira";2;0;0;2;0;0;0;0;0;0;2;2;0;0;0
"22/06/2024";"02:22:00";"393";"Sem vítima";"173,000";"BR-116/SP";"Crescente";"Colisão lateral em sentido contrário";2;0;0;0;0;0;0;0;0;0;3;0;0;0;0
"22/06/2024";"03:37:00";"418";"Sem vítima";"165,200";"BR-116/SP";"Crescente";"Colisão lateral em sentido contrário";1;0;0;0;1;0;0;0;0;0;46;0;0;0;0
"22/06/2024";"03:47:00";"428";"Com vítima";"111,500";"BR-116/SP";"Crescente";"Colisão lateral em sentido contrário";1;0;1;0;0;0;0;0;0;0;0;1;0;0;0
"22/06/2024";"03:49:00";"429";"Sem vítima";"154,000";"BR-116/SP";"Crescente";"Colisão traseira";2;0;0;0;0;0;0;0;0;0;3;0;0;0;0
"22/06/2024";"03:51:00";"430";"Sem vítima";"145,700";"BR-116/SP";"Crescente";"Engavetamento";5;0;0;0;0;0;0;0;0;0;10;0;0;0;0
"23/06/2024";"12:38:00";"56";"Com vítima";"56,200";"BR-116/SP";"Decrescente";"Engavetamento";2;0;0;0;1;0;0;0;0;0;3;0;0;1;0
"23/06/2024";"01:37:00";"64";"Sem vítima";"300,000";"BR-116/SP";"Crescente";"Atropelamento de pedestre";0;0;0;0;1;0;0;0;0;0;36;0;0;0;0
"23/06/2024";"02:02:00";"73";"Com vítima";"229,000";"BR-116/SP";"Decrescente";"Choque";1;0;0;0;0;0;0;0;0;0;0;4;0;0;0
"23/06/2024";"02:13:00";"74";"Com vítima";"214,100";"BR-116/SP";"Decrescente";"Choque";1;0;0;0;0;0;0;0;0;0;0;5;0;0;0
"23/06/2024";"04:12:00";"99";"Com vítima";"509,000";"BR-101/SP";"Crescente";"Choque";1;0;0;0;0;0;0;0;0;0;0;1;0;0;0
"23/06/2024";"04:29:00";"108";"Com vítima";"208,500";"BR-116/SP";"Decrescente";"Acidentes de outra natureza";0;0;0;1;0;0;0;0;0;0;0;1;1;0;0
"23/06/2024";"06:29:00";"164";"Sem vítima";"308,000";"BR-116/SP";"Decrescente";"Colisão lateral em sentido contrário";2;0;0;0;0;1;0;0;0;0;2;0;0;0;0
"23/06/2024";"10:04:00";"256";"Com vítima";"227,000";"BR-116/SP";"Decrescente";"Colisão lateral em sentido contrário";1;0;0;0;0;0;0;1;0;0;3;3;0;0;0
"23/06/2024";"10:34:00";"271";"Com vítima";"231,000";"BR-116/SP";"Crescente";"Colisão lateral em sentido contrário";0;0;0;1;0;0;0;0;0;0;0;1;0;0;0
"23/06/2024";"11:23:00";"290";"Com vítima";"216,000";"BR-116/SP";"Crescente";"Choque";1;0;0;0;0;0;0;0;0;0;0;5;0;0;0
"23/06/2024";"02:21:00";"383";"Sem vítima";"194,000";"BR-116/SP";"Decrescente";"Capotamento";1;0;0;0;0;0;0;0;0;0;1;0;0;0;0
"23/06/2024";"03:10:00";"411";"Com vítima";"57,900";"BR-116/SP";"Crescente";"Atropelamento de pedestre";0;1;0;1;0;0;0;0;0;0;0;0;0;0;0
"23/06/2024";"03:35:00";"420";"Com vítima";"433,000";"BR-101/SP";"Decrescente";"Colisão lateral em sentido contrário";2;0;0;0;0;0;0;0;0;0;2;1;0;0;0
"23/06/2024";"03:38:00";"422";"Sem vítima";"402,000";"BR-101/SP";"Crescente";"Choque";1;0;0;0;0;0;0;0;0;0;2;0;0;0;0
"23/06/2024";"03:45:00";"424";"Sem vítima";"322,000";"BR-116/SP";"Decrescente";"Choque";1;0;0;0;0;0;0;0;0;0;0;0;0;0;0
"23/06/2024";"06:01:00";"484";"Com vítima";"147,300";"BR-116/SP";"Crescente";"Colisão traseira";1;0;0;1;0;0;0;0;0;0;1;1;0;0;0
"23/06/2024";"08:35:00";"529";"Com vítima";"403,840";"BR-101/SP";"Decrescente";"Colisão traseira";1;0;0;1;0;0;0;0;0;0;1;0;0;1;1
"23/06/2024";"08:48:00";"534";"Sem vítima";"284,500";"BR-116/SP";"Crescente";"Choque";2;0;0;0;0;0;0;0;0;0;0;0;0;0;0
"23/06/2024";"09:00:00";"378";"Sem vítima";"123,000";"BR-116/SP";"Decrescente";"Colisão traseira";2;0;0;0;0;0;0;0;0;0;3;0;0;0;0
"23/06/2024";"11:09:00";"50";"Sem vítima";"221,000";"BR-116/SP";"Decrescente";"Colisão traseira";2;0;0;0;0;0;0;0;0;0;2;0;0;0;0
"23/06/2024";"11:16:00";"51";"Sem vítima";"517,000";"BR-101/SP";"Crescente";"Choque";1;0;0;0;0;0;0;0;0;0;3;0;0;0;0
"24/06/2024";"02:44:00";"79";"Com vítima";"230,000";"BR-116/SP";"Crescente";"Choque";1;0;0;0;0;0;0;0;0;0;0;1;0;0;0
"24/06/2024";"04:22:00";"171";"Com vítima";"219,000";"BR-116/SP";"Crescente";"Colisão lateral em sentido contrário";1;0;0;1;0;0;0;0;0;0;1;0;1;0;0
"24/06/2024";"04:53:00";"202";"Com vítima";"96,700";"BR-116/SP";"Crescente";"Acidentes de outra natureza";0;0;0;1;0;0;0;0;0;0;0;2;0;0;0
"24/06/2024";"05:05:00";"212";"Sem vítima";"211,400";"BR-116/SP";"Crescente";"Engavetamento";2;0;0;0;0;0;0;0;0;0;2;0;0;0;0
"24/06/2024";"05:12:00";"222";"Com vítima";"108,500";"BR-116/SP";"Crescente";"Colisão lateral em sentido contrário";1;0;0;1;0;0;0;0;0;0;2;1;0;0;0
"24/06/2024";"05:49:00";"274";"Com vítima";"471,000";"BR-101/SP";"Decrescente";"Colisão traseira";0;0;1;1;0;0;0;0;0;0;1;1;0;0;0
"24/06/2024";"05:49:00";"275";"Sem vítima";"216,500";"BR-116/SP";"Crescente";"Engavetamento";2;0;0;0;0;0;0;0;0;1;3;0;0;0;0
"24/06/2024";"06:56:00";"331";"Com vítima";"224,500";"BR-116/SP";"Crescente";"Choque";0;0;1;0;0;0;0;0;0;0;0;1;0;0;0
"24/06/2024";"07:40:00";"361";"Sem vítima";"141,500";"BR-116/SP";"Crescente";"Engavetamento";2;0;0;0;0;0;0;0;0;0;0;0;0;0;0
"24/06/2024";"08:12:00";"383";"Sem vítima";"189,200";"BR-116/SP";"Decrescente";"Capotamento";1;0;0;0;0;0;0;0;0;0;1;0;0;0;0
"24/06/2024";"08:55:00";"415";"Com vítima";"103,900";"BR-116/SP";"Decrescente";"Capotamento";1;0;0;0;0;0;0;0;0;0;3;1;0;0;0
"24/06/2024";"09:26:00";"424";"Sem vítima";"64,200";"BR-116/SP";"Decrescente";"Colisão traseira";2;0;0;0;0;0;0;0;0;0;3;0;0;0;0
"24/06/2024";"11:01:00";"473";"Sem vítima";"228,400";"BR-116/SP";"Crescente";"Engavetamento";0;0;1;0;0;0;0;0;0;1;2;0;0;0;0
"24/06/2024";"01:38:00";"565";"Com vítima";"275,900";"BR-116/SP";"Crescente";"Colisão traseira";0;0;2;0;0;0;0;0;0;0;1;1;0;0;0
"24/06/2024";"03:58:00";"644";"Sem vítima";"288,000";"BR-116/SP";"Crescente";"Atropelamento de pedestre";1;0;0;0;0;0;0;0;0;0;0;0;0;0;0
"24/06/2024";"04:14:00";"655";"Sem vítima";"150,000";"BR-116/SP";"Decrescente";"Colisão traseira";2;0;0;0;0;0;0;0;0;0;2;0;0;0;0
"24/06/2024";"04:56:00";"674";"Com vítima";"444,000";"BR-101/SP";"Crescente";"Acidentes de outra natureza";0;0;0;1;0;0;0;0;0;0;0;0;0;1;0
"24/06/2024";"05:39:00";"702";"Sem vítima";"262,600";"BR-116/SP";"Crescente";"Colisão lateral em sentido contrário";1;0;0;0;0;0;0;0;0;0;0;0;0;0;0
"24/06/2024";"08:11:00";"751";"Sem vítima";"166,300";"BR-116/SP";"Decrescente";"Choque";1;0;1;0;0;0;0;0;0;0;4;0;0;0;0
"24/06/2024";"11:17:00";"57";"Com vítima";"225,750";"BR-116/SP";"Crescente";"Choque";1;0;0;0;0;0;0;0;0;0;1;2;0;0;0
"24/06/2024";"11:40:00";"64";"Sem vítima";"230,000";"BR-116/SP";"Decrescente";"Colisão lateral em sentido contrário";1;0;0;0;0;0;0;1;0;0;3;0;0;0;0
"25/06/2024";"03:12:00";"113";"Sem vítima";"165,400";"BR-116/SP";"Crescente";"Colisão lateral em sentido contrário";1;0;1;0;0;0;0;0;0;0;2;0;0;0;0
"25/06/2024";"03:14:00";"116";"Com vítima";"88,400";"BR-116/SP";"Decrescente";"Colisão traseira";0;0;0;1;0;0;0;0;0;1;1;0;1;0;0
"25/06/2024";"03:52:00";"122";"Com vítima";"229,300";"BR-116/SP";"Decrescente";"Tombamento";0;0;1;0;0;0;0;0;0;0;0;1;0;0;0
"25/06/2024";"04:03:00";"153";"Com vítima";"213,000";"BR-116/SP";"Crescente";"Colisão lateral em sentido contrário";0;0;0;1;0;0;0;0;0;0;0;1;0;0;0
"25/06/2024";"05:53:00";"262";"Sem vítima";"575,000";"BR-101/SP";"Crescente";"Engavetamento";3;0;0;0;0;0;0;0;0;0;2;0;0;0;0
"25/06/2024";"06:07:00";"273";"Com vítima";"114,700";"BR-116/SP";"Decrescente";"Colisão traseira";1;0;0;1;0;0;0;0;0;0;1;0;1;0;0
"25/06/2024";"07:06:00";"322";"Sem vítima";"461,000";"BR-101/SP";"Decrescente";"Choque";0;0;0;0;1;0;0;0;0;0;1;0;0;0;0
"25/06/2024";"09:54:00";"426";"Sem vítima";"269,000";"BR-116/SP";"Decrescente";"Choque";1;0;0;0;0;0;0;0;0;0;2;0;0;0;0
"25/06/2024";"10:22:00";"429";"Sem vítima";"315,000";"BR-116/SP";"Decrescente";"Choque";1;0;0;0;0;0;0;0;0;0;3;0;0;0;0
"25/06/2024";"10:34:00";"433";"Sem vítima";"315,000";"BR-116/SP";"Decrescente";"Choque";1;0;0;0;0;0;0;0;0;0;1;0;0;0;0
"25/06/2024";"02:09:00";"564";"Sem vítima";"308,900";"BR-116/SP";"Decrescente";"Colisão traseira";2;0;0;0;0;0;0;0;0;0;3;0;0;0;0
"25/06/2024";"02:57:00";"588";"Sem vítima";"158,300";"BR-116/SP";"Decrescente";"Engavetamento";5;0;2;0;0;0;0;0;0;0;8;0;0;0;0
"25/06/2024";"03:33:00";"613";"Com vítima";"416,800";"BR-101/SP";"Decrescente";"Acidentes de outra natureza";0;0;0;1;0;0;0;0;0;0;0;1;0;0;0
"25/06/2024";"08:01:00";"707";"Com vítima";"392,100";"BR-101/SP";"Decrescente";"Atropelamento de pedestre";1;0;0;0;0;0;0;0;0;0;2;0;1;0;0
"25/06/2024";"08:44:00";"715";"Com vítima";"29,900";"BR-116/SP";"Crescente";"Choque";1;0;0;0;0;0;0;0;0;0;0;2;2;0;2
"25/06/2024";"09:00:00";"411";"Sem vítima";"282,700";"BR-116/SP";"Decrescente";"Choque";1;0;0;0;0;0;0;0;0;0;1;0;0;0;0
"25/06/2024";"10:55:00";"49";"Com vítima";"247,800";"BR-116/SP";"Decrescente";"Colisão traseira";0;0;1;0;0;0;0;1;0;0;1;1;0;0;0
"26/06/2024";"02:25:00";"75";"Sem vítima";"226,000";"BR-116/SP";"Crescente";"Colisão lateral em sentido contrário";1;0;1;0;0;0;0;0;0;0;3;0;0;0;0
"26/06/2024";"04:03:00";"140";"Com vítima";"227,000";"BR-116/SP";"Crescente";"Colisão traseira";0;0;2;0;0;0;0;0;0;0;3;1;0;0;0
"26/06/2024";"04:37:00";"180";"Com vítima";"138,800";"BR-116/SP";"Crescente";"Colisão traseira";0;0;0;1;0;0;0;0;0;0;0;1;0;0;0
"26/06/2024";"05:50:00";"244";"Com vítima";"225,000";"BR-116/SP";"Decrescente";"Acidentes de outra natureza";0;0;0;1;0;0;0;0;0;0;0;1;0;0;0
"26/06/2024";"06:15:00";"260";"Sem vítima";"134,100";"BR-116/SP";"Decrescente";"Engavetamento";3;0;0;0;0;0;0;0;0;0;5;0;0;0;0
"26/06/2024";"06:25:00";"272";"Sem vítima";"134,000";"BR-116/SP";"Decrescente";"Engavetamento";4;0;0;0;0;0;0;0;0;0;0;0;0;0;0
"26/06/2024";"06:39:00";"284";"Sem vítima";"274,000";"BR-116/SP";"Crescente";"Colisão lateral em sentido contrário";0;0;1;0;0;0;0;0;0;0;1;0;0;0;0
"26/06/2024";"07:33:00";"321";"Com vítima";"137,600";"BR-116/SP";"Decrescente";"Colisão lateral em sentido contrário";1;0;0;1;0;0;0;0;0;0;1;0;1;0;0
"26/06/2024";"08:17:00";"339";"Com vítima";"169,000";"BR-116/SP";"Decrescente";"Choque";1;0;0;0;0;0;0;0;0;0;0;1;0;0;0
"26/06/2024";"08:45:00";"357";"Sem vítima";"124,200";"BR-116/SP";"Crescente";"Colisão traseira";2;0;0;0;0;0;0;0;0;0;2;0;0;0;0
"26/06/2024";"10:11:00";"409";"Com vítima";"47,600";"BR-101/SP";"Crescente";"Colisão lateral em sentido contrário";0;0;1;1;0;0;0;0;0;0;1;1;0;0;0
"26/06/2024";"01:10:00";"506";"Sem vítima";"155,000";"BR-116/SP";"Decrescente";"Colisão lateral em sentido contrário";1;0;0;0;0;0;0;1;0;0;1;0;0;0;0
"26/06/2024";"01:56:00";"529";"Sem vítima";"155,000";"BR-116/SP";"Crescente";"Colisão traseira";1;0;0;0;0;0;0;1;0;0;2;0;0;0;0
"26/06/2024";"02:46:00";"553";"Sem vítima";"475,500";"BR-101/SP";"Decrescente";"Colisão lateral em sentido contrário";2;0;0;0;0;0;0;0;0;0;3;0;0;0;0
"26/06/2024";"09:00:00";"712";"Sem vítima";"426,900";"BR-101/SP";"Decrescente";"Capotamento";1;0;0;0;0;0;0;0;0;0;1;0;0;0;0
"27/06/2024";"12:51:00";"59";"Sem vítima";"151,000";"BR-116/SP";"Decrescente";"Choque";0;0;1;0;0;0;0;0;0;0;1;0;0;0;0
"27/06/2024";"01:10:00";"63";"Com vítima";"193,000";"BR-116/SP";"Decrescente";"Choque";0;0;0;1;0;0;0;0;0;0;0;1;0;0;0
"27/06/2024";"03:53:00";"145";"Com vítima";"140,300";"BR-116/SP";"Crescente";"Colisão lateral em sentido contrário";1;0;0;1;0;0;0;0;0;0;1;1;0;0;0
"27/06/2024";"03:54:00";"146";"Com vítima";"19,400";"BR-116/SP";"Decrescente";"Colisão lateral em sentido contrário";1;0;0;1;0;0;0;0;0;0;2;1;0;0;0
"27/06/2024";"04:04:00";"157";"Sem vítima";"168,600";"BR-116/SP";"Crescente";"Engavetamento";4;0;0;0;0;0;0;0;0;0;10;0;0;0;0
"27/06/2024";"04:13:00";"169";"Com vítima";"222,000";"BR-116/SP";"Crescente";"Colisão lateral em sentido contrário";0;0;0;1;0;0;0;0;0;0;0;0;1;0;0
"27/06/2024";"04:23:00";"185";"Com vítima";"231,800";"BR-116/SP";"Decrescente";"Tombamento";0;0;0;0;0;0;0;1;0;0;0;1;0;0;0
"27/06/2024";"04:34:00";"196";"Com vítima";"520,000";"BR-101/SP";"Crescente";"Acidentes de outra natureza";0;0;0;1;0;0;0;0;0;0;0;0;2;0;0
"27/06/2024";"04:41:00";"206";"Com vítima";"143,000";"BR-116/SP";"Decrescente";"Colisão traseira";1;0;0;1;0;0;0;0;0;0;2;1;0;0;0
"27/06/2024";"05:15:00";"238";"Com vítima";"218,200";"BR-116/SP";"Decrescente";"Colisão lateral em sentido contrário";0;0;0;1;0;0;0;0;0;0;0;1;0;0;0
"27/06/2024";"06:15:00";"282";"Sem vítima";"165,200";"BR-116/SP";"Crescente";"Colisão lateral em sentido contrário";1;0;1;0;0;0;0;0;0;0;4;0;0;0;0
"27/06/2024";"06:40:00";"307";"Com vítima";"495,000";"BR-101/SP";"Decrescente";"Choque";1;0;0;0;0;0;0;0;0;0;3;1;0;0;0
"27/06/2024";"07:06:00";"336";"Sem vítima";"513,000";"BR-101/SP";"Decrescente";"Choque";1;0;0;0;0;0;0;0;0;0;1;0;0;0;0
"27/06/2024";"07:07:00";"338";"Com vítima";"487,000";"BR-101/SP";"Decrescente";"Colisão lateral em sentido contrário";2;0;0;0;0;0;0;0;0;0;0;2;0;0;0
"27/06/2024";"08:56:00";"404";"Com vítima";"225,500";"BR-116/SP";"Decrescente";"Colisão lateral em sentido contrário";1;0;1;1;0;0;0;0;0;0;2;1;0;0;0
"27/06/2024";"10:24:00";"451";"Sem vítima";"151,000";"BR-116/SP";"Decrescente";"Colisão lateral em sentido contrário";1;0;0;0;0;0;0;0;0;0;1;0;0;0;0
"27/06/2024";"11:56:00";"515";"Com vítima";"522,000";"BR-101/SP";"Crescente";"Colisão frontal";1;0;1;0;0;0;0;0;0;0;0;0;2;1;0
"27/06/2024";"12:19:00";"537";"Com vítima";"432,000";"BR-101/SP";"Crescente";"Choque";1;0;0;0;0;0;0;0;0;0;0;2;0;0;0
"27/06/2024";"12:20:00";"538";"Com vítima";"161,000";"BR-116/SP";"Crescente";"Acidentes de outra natureza";0;0;0;1;0;0;0;0;0;0;0;1;0;0;0
"27/06/2024";"12:34:00";"545";"Com vítima";"393,000";"BR-101/SP";"Decrescente";"Choque";1;0;0;0;0;0;0;0;0;0;0;1;0;0;0
"27/06/2024";"12:49:00";"554";"Com vítima";"223,700";"BR-116/SP";"Crescente";"Colisão lateral em sentido contrário";1;0;0;1;0;0;0;0;0;0;1;1;0;0;0
"27/06/2024";"01:07:00";"564";"Sem vítima";"55,000";"BR-116/SP";"Crescente";"Engavetamento";0;0;2;0;0;0;0;0;0;0;2;0;0;0;0
"27/06/2024";"01:48:00";"589";"Sem vítima";"231,000";"BR-116/SP";"Crescente";"Colisão lateral em sentido contrário";1;0;0;0;0;0;0;0;0;0;2;0;0;0;0
"27/06/2024";"02:35:00";"613";"Com vítima";"486,000";"BR-101/SP";"Crescente";"Colisão traseira";2;0;0;0;0;0;0;0;0;0;2;1;0;0;0
"27/06/2024";"03:00:00";"624";"Com vítima";"47,500";"BR-116/SP";"Crescente";"Atropelamento de pedestre";2;0;1;1;0;0;0;0;0;0;0;0;1;0;0
"27/06/2024";"03:28:00";"636";"Sem vítima";"47,000";"BR-116/SP";"Crescente";"Colisão traseira";2;0;0;0;0;0;0;0;0;0;0;0;0;0;0
"27/06/2024";"03:44:00";"651";"Sem vítima";"209,000";"BR-116/SP";"Decrescente";"Choque";1;0;0;0;0;0;0;0;0;0;1;0;0;0;0
"27/06/2024";"03:54:00";"660";"Sem vítima";"303,300";"BR-116/SP";"Crescente";"Colisão traseira";0;0;0;0;0;0;0;1;0;0;0;0;0;0;0
"27/06/2024";"03:56:00";"662";"Sem vítima";"250,000";"BR-116/SP";"Crescente";"Engavetamento";3;0;0;0;0;0;0;0;0;0;5;0;0;0;0
"27/06/2024";"03:58:00";"663";"Com vítima";"45,800";"BR-101/SP";"Crescente";"Colisão lateral em sentido contrário";1;0;0;1;0;0;0;0;0;0;1;2;0;0;0
"27/06/2024";"04:03:00";"665";"Com vítima";"146,000";"BR-116/SP";"Crescente";"Engavetamento";2;0;0;0;0;0;0;0;0;0;5;2;0;1;0
"27/06/2024";"04:55:00";"689";"Sem vítima";"183,000";"BR-116/SP";"Crescente";"Choque";0;0;0;0;0;0;0;0;0;1;1;0;0;0;0
"27/06/2024";"04:55:00";"690";"Com vítima";"5,400";"BR-116/SP";"Crescente";"Choque";1;0;0;0;0;0;0;0;0;0;0;3;0;0;0
"27/06/2024";"08:37:00";"763";"Sem vítima";"500,000";"BR-101/SP";"Crescente";"Capotamento";1;0;0;0;0;0;0;0;0;0;3;0;0;0;0
"27/06/2024";"09:11:00";"32";"Com vítima";"230,000";"BR-116/SP";"Decrescente";"Tombamento";0;0;1;0;0;0;0;0;0;0;0;2;0;0;0
"27/06/2024";"09:26:00";"38";"Com vítima";"54,000";"BR-116/SP";"Crescente";"Choque";1;0;0;0;0;0;0;0;0;0;0;1;0;0;0
"27/06/2024";"09:52:00";"47";"Com vítima";"255,000";"BR-116/SP";"Decrescente";"Acidentes de outra natureza";1;0;0;0;0;0;0;0;0;0;0;0;1;0;0
"27/06/2024";"11:07:00";"65";"Com vítima";"96,000";"BR-116/SP";"Crescente";"Acidentes de outra natureza";0;0;0;0;0;0;0;1;0;0;0;1;0;0;0
"28/06/2024";"01:00:00";"75";"Com vítima";"125,000";"BR-116/SP";"Decrescente";"Atropelamento de pedestre";0;0;0;0;0;0;0;1;0;0;1;0;0;0;1
"28/06/2024";"01:40:00";"89";"Com vítima";"222,000";"BR-116/SP";"Crescente";"Colisão traseira";1;0;1;0;0;0;0;0;0;0;1;1;0;0;0
"28/06/2024";"03:54:00";"159";"Com vítima";"211,000";"BR-116/SP";"Crescente";"Colisão lateral em sentido contrário";2;0;0;1;0;0;0;0;0;0;0;0;1;1;0
"28/06/2024";"04:01:00";"170";"Com vítima";"218,000";"BR-116/SP";"Crescente";"Colisão traseira";2;0;0;0;0;0;0;0;0;0;1;1;0;0;0
"28/06/2024";"04:17:00";"187";"Com vítima";"205,000";"BR-116/SP";"Crescente";"Colisão traseira";0;0;1;0;0;0;0;1;0;0;2;2;0;0;0
"28/06/2024";"06:26:00";"312";"Com vítima";"208,000";"BR-116/SP";"Decrescente";"Colisão lateral em sentido contrário";1;0;0;1;0;0;0;0;0;0;1;1;0;0;0
"28/06/2024";"08:46:00";"403";"Sem vítima";"280,000";"BR-116/SP";"Decrescente";"Colisão lateral em sentido contrário";1;0;0;0;0;0;0;0;0;0;2;0;0;0;0
"28/06/2024";"09:41:00";"438";"Sem vítima";"391,000";"BR-101/SP";"Crescente";"Colisão traseira";1;0;0;0;0;0;0;0;0;0;6;0;0;0;0
"28/06/2024";"09:50:00";"442";"Sem vítima";"147,600";"BR-116/SP";"Decrescente";"Colisão traseira";0;0;1;1;0;0;0;0;0;0;2;0;0;0;0
"28/06/2024";"11:12:00";"422";"Com vítima";"60,000";"BR-116/SP";"Crescente";"Capotamento";1;0;0;0;0;0;0;0;0;0;0;1;1;0;0
"28/06/2024";"01:12:00";"545";"Sem vítima";"398,000";"BR-101/SP";"Crescente";"Choque";0;0;1;0;0;0;0;0;0;0;3;0;0;0;0
"28/06/2024";"01:56:00";"580";"Com vítima";"228,000";"BR-116/SP";"Decrescente";"Colisão traseira";1;0;0;1;0;0;0;0;0;0;1;1;0;0;0
"28/06/2024";"03:45:00";"639";"Sem vítima";"209,000";"BR-116/SP";"Decrescente";"Colisão traseira";1;0;0;0;0;0;0;0;0;1;8;0;0;0;0
"28/06/2024";"03:55:00";"648";"Com vítima";"104,000";"BR-116/SP";"Crescente";"Engavetamento";1;0;0;1;0;0;0;0;0;1;0;2;0;0;0
"28/06/2024";"05:15:00";"687";"Com vítima";"26,000";"BR-116/SP";"Crescente";"Choque";0;0;0;1;0;0;0;0;0;0;0;2;0;0;0
"28/06/2024";"05:18:00";"689";"Com vítima";"388,000";"BR-101/SP";"Crescente";"Colisão lateral em sentido contrário";1;0;0;0;0;0;0;0;0;1;1;0;1;0;0
"28/06/2024";"05:41:00";"698";"Sem vítima";"26,000";"BR-116/SP";"Crescente";"Choque";1;0;0;0;0;0;0;0;0;0;0;0;0;0;0
"28/06/2024";"05:53:00";"695";"Sem vítima";"68,000";"BR-116/SP";"Crescente";"Colisão lateral em sentido contrário";1;0;1;0;0;0;0;0;0;0;0;0;0;0;0
"28/06/2024";"06:34:00";"720";"Sem vítima";"388,000";"BR-101/SP";"Crescente";"Colisão lateral em sentido contrário";1;0;1;0;0;0;0;0;0;0;2;0;0;0;0
"28/06/2024";"06:44:00";"726";"Sem vítima";"214,000";"BR-116/SP";"Decrescente";"Colisão lateral em sentido contrário";1;0;0;0;0;0;0;0;0;0;1;0;0;0;0
"28/06/2024";"08:35:00";"758";"Com vítima";"70,000";"BR-116/SP";"Decrescente";"Atropelamento de pedestre";0;0;0;0;0;0;0;0;0;0;0;0;0;1;0
"28/06/2024";"08:51:00";"763";"Com vítima";"159,000";"BR-116/SP";"Decrescente";"Colisão transversal";0;0;1;0;0;0;0;0;0;1;11;2;0;0;0
"28/06/2024";"09:00:00";"82";"Sem vítima";"390,000";"BR-101/SP";"Crescente";"Tombamento";1;0;0;0;0;0;0;0;0;0;1;0;0;0;0