data;horario;n_da_ocorrencia;tipo_de_ocorrencia;km;trecho;sentido;tipo_de_acidente;automovel;bicicleta;caminhao;moto;onibus;outros;tracao_animal;transporte_de_cargas_especiais;trator_maquinas;utilitarios;ilesos;levemente_feridos;moderadamente_feridos;gravemente_feridos;mortos
"28/06/2024";"10:35:00";"53";"Sem vítima";"145,000";"BR-116/SP";"Crescente";"Colisão traseira";2;0;0;0;0;0;0;0;0;0;4;0;0;0;0
"28/06/2024";"11:23:00";"61";"Sem vítima";"72,000";"BR-116/SP";"Decrescente";"Choque";1;0;0;0;0;0;0;0;0;0;0;0;0;0;0
"28/06/2024";"11:56:00";"70";"Sem vítima";"312,000";"BR-116/SP";"Decrescente";"Choque";1;0;0;0;0;0;0;0;0;0;0;0;0;0;0
"29/06/2024";"01:25:00";"87";"Sem vítima";"563,000";"BR-101/SP";"Decrescente";"Choque";1;0;0;0;0;0;0;0;0;0;1;0;0;0;0
"29/06/2024";"01:53:00";"91";"Sem vítima";"65,000";"BR-116/SP";"Crescente";"Capotamento";1;0;0;0;0;0;0;0;0;0;1;0;0;0;0
"29/06/2024";"02:35:00";"102";"Com vítima";"263,000";"BR-116/SP";"Crescente";"Capotamento";1;0;0;0;0;0;0;0;0;0;0;1;0;0;0
"29/06/2024";"03:38:00";"421";"Sem vítima";"74,000";"BR-116/SP";"Decrescente";"Tombamento";0;0;0;0;0;0;0;1;0;0;1;0;0;0;0
"29/06/2024";"04:12:00";"143";"Sem vítima";"120,000";"BR-116/SP";"Decrescente";"Colisão lateral em sentido contrário";1;0;0;0;0;0;0;0;0;0;1;0;0;0;0
"29/06/2024";"04:27:00";"156";"Com vítima";"201,000";"BR-116/SP";"Decrescente";"Colisão traseira";1;0;1;0;0;0;0;0;0;0;3;1;0;0;0
"29/06/2024";"09:40:00";"306";"Com vítima";"89,000";"BR-116/SP";"Crescente";"Acidentes de outra natureza";0;0;0;1;0;0;0;0;0;0;0;0;1;0;0
"29/06/2024";"10:13:00";"321";"Com vítima";"220,000";"BR-116/SP";"Decrescente";"Colisão traseira";1;0;0;1;0;0;0;0;0;0;0;2;0;0;0
"29/06/2024";"10:14:00";"323";"Sem vítima";"202,000";"BR-116/SP";"Decrescente";"Colisão traseira";1;0;0;0;0;0;0;1;0;0;2;0;0;0;0
"29/06/2024";"12:46:00";"395";"Com vítima";"95,000";"BR-116/SP";"Crescente";"Colisão traseira";1;0;0;1;0;0;0;0;0;0;1;1;0;0;0
"29/06/2024";"02:01:00";"432";"Sem vítima";"385,000";"BR-101/SP";"Decrescente";"Engavetamento";4;0;0;0;0;0;0;0;0;0;4;0;0;0;0
"29/06/2024";"03:02:00";"456";"Sem vítima";"383,000";"BR-101/SP";"Crescente";"Colisão traseira";1;0;0;0;0;0;0;0;0;0;7;1;0;0;0
"29/06/2024";"03:24:00";"467";"Com vítima";"143,000";"BR-116/SP";"Decrescente";"Choque";0;0;0;0;0;0;0;0;0;1;0;1;0;0;0
"29/06/2024";"03:34:00";"471";"Com vítima";"248,000";"BR-116/SP";"Crescente";"Atropelamento de pedestre";0;0;0;0;0;0;0;0;0;0;0;0;0;0;1
"29/06/2024";"03:45:00";"477";"Com vítima";"226,000";"BR-116/SP";"Decrescente";"Choque";0;0;0;1;0;0;0;0;0;0;0;1;0;0;0
"29/06/2024";"04:09:00";"490";"Com vítima";"223,000";"BR-116/SP";"Decrescente";"Engavetamento";3;0;0;0;0;0;0;0;0;0;6;1;0;0;0
"29/06/2024";"04:46:00";"503";"Sem vítima";"514,000";"BR-101/SP";"Crescente";"Choque";1;0;0;0;0;0;0;0;0;0;1;0;0;0;0
"29/06/2024";"04:53:00";"506";"Com vítima";"205,000";"BR-116/SP";"Crescente";"Colisão traseira";2;0;0;0;0;0;0;0;0;0;3;2;0;0;0
"29/06/2024";"05:48:00";"521";"Com vítima";"400,000";"BR-101/SP";"Crescente";"Atropelamento de pedestre";0;0;0;0;0;0;0;0;0;0;0;0;1;0;0
"29/06/2024";"06:20:00";"532";"Sem vítima";"388,000";"BR-101/SP";"Decrescente";"Colisão traseira";2;0;0;0;0;0;0;0;0;0;4;0;0;0;0
"29/06/2024";"07:39:00";"553";"Com vítima";"161,000";"BR-116/SP";"Crescente";"Colisão frontal";1;0;0;1;0;0;0;0;0;0;1;1;0;0;0
"29/06/2024";"09:00:00";"179";"Sem vítima";"443,000";"BR-101/SP";"Decrescente";"Choque";1;0;0;0;0;0;0;0;0;0;4;0;0;0;0
"29/06/2024";"09:00:00";"301";"Sem vítima";"104,000";"BR-116/SP";"Crescente";"Colisão traseira";1;0;0;0;0;0;0;0;0;0;1;0;0;0;0
"29/06/2024";"09:39:00";"39";"Sem vítima";"477,000";"BR-101/SP";"Crescente";"Choque";1;0;0;0;0;0;0;0;0;0;3;0;0;0;0
"30/06/2024";"03:27:00";"84";"Com vítima";"84,650";"BR-116/SP";"Decrescente";"Atropelamento de pedestre";1;1;0;0;0;0;0;0;0;0;1;0;0;0;0
"30/06/2024";"04:52:00";"111";"Sem vítima";"232,000";"BR-116/SP";"Decrescente";"Choque";1;0;0;0;0;0;0;0;0;0;5;0;0;0;0
"30/06/2024";"06:22:00";"151";"Sem vítima";"234,000";"BR-116/SP";"Decrescente";"Colisão traseira";2;0;0;0;0;0;0;0;0;0;9;0;0;0;0
"30/06/2024";"06:42:00";"160";"Com vítima";"86,000";"BR-116/SP";"Crescente";"Colisão lateral em sentido contrário";1;0;0;1;0;0;0;0;0;0;1;0;1;0;0
"30/06/2024";"07:36:00";"184";"Sem vítima";"248,000";"BR-116/SP";"Crescente";"Choque";1;0;0;0;0;0;0;0;0;0;1;0;0;0;0
"30/06/2024";"08:27:00";"200";"Sem vítima";"232,000";"BR-116/SP";"Decrescente";"Choque";0;0;1;0;0;0;0;0;0;0;1;0;0;0;0
"30/06/2024";"08:29:00";"201";"Sem vítima";"234,000";"BR-116/SP";"Decrescente";"Choque";1;0;0;0;0;0;0;0;0;0;2;0;0;0;0
"30/06/2024";"08:39:00";"203";"Sem vítima";"294,000";"BR-116/SP";"Crescente";"Choque";1;0;0;0;0;0;0;0;0;0;1;0;0;0;0
"30/06/2024";"09:00:00";"213";"Sem vítima";"498,000";"BR-101/SP";"Decrescente";"Acidentes de outra natureza";0;0;0;1;0;0;0;0;0;0;2;0;0;0;0
"30/06/2024";"09:03:00";"215";"Com vítima";"245,000";"BR-116/SP";"Decrescente";"Choque";1;0;0;0;0;0;0;0;0;0;4;1;0;0;0
"30/06/2024";"09:06:00";"217";"Com vítima";"26,000";"BR-116/SP";"Crescente";"Choque";1;0;0;0;0;0;0;0;0;0;2;1;0;0;0
"30/06/2024";"09:48:00";"233";"Com vítima";"235,000";"BR-116/SP";"Decrescente";"Colisão traseira";2;0;0;0;0;0;0;0;0;0;7;1;2;0;0
"30/06/2024";"10:25:00";"242";"Sem vítima";"22,000";"BR-116/SP";"Crescente";"Choque";1;0;0;0;0;0;0;0;0;0;0;0;0;0;0
"30/06/2024";"10:35:00";"243";"Com vítima";"469,000";"BR-101/SP";"Decrescente";"Acidentes de outra natureza";0;0;0;1;0;0;0;0;0;0;0;1;0;0;0
"30/06/2024";"11:11:00";"255";"Sem vítima";"22,000";"BR-116/SP";"Crescente";"Choque";1;0;0;0;0;0;0;0;0;0;2;0;0;0;0
"30/06/2024";"11:54:00";"270";"Com vítima";"177,000";"BR-116/SP";"Decrescente";"Choque";1;0;0;0;0;0;0;0;0;0;0;1;0;0;0
"30/06/2024";"12:42:00";"289";"Sem vítima";"234,000";"BR-116/SP";"Crescente";"Choque";1;0;0;0;0;0;0;0;0;0;1;0;0;0;0
"30/06/2024";"12:44:00";"292";"Sem vítima";"278,000";"BR-116/SP";"Decrescente";"Colisão lateral em sentido contrário";1;0;1;0;0;0;0;0;0;0;4;0;0;0;0
"30/06/2024";"02:03:00";"321";"Sem vítima";"443,000";"BR-101/SP";"Crescente";"Capotamento";1;0;0;0;0;0;0;0;0;0;1;0;0;0;0
"30/06/2024";"03:03:00";"324";"Com vítima";"307,000";"BR-116/SP";"Decrescente";"Acidentes de outra natureza";0;0;0;1;0;0;0;0;0;0;0;1;1;0;0
"30/06/2024";"04:25:00";"367";"Sem vítima";"235,000";"BR-116/SP";"Decrescente";"Choque";1;0;0;0;0;0;0;0;0;0;1;0;0;0;0
"30/06/2024";"04:42:00";"373";"Com vítima";"146,000";"BR-116/SP";"Decrescente";"Acidentes de outra natureza";0;0;0;1;0;0;0;0;0;0;0;0;1;0;0
"30/06/2024";"06:23:00";"406";"Sem vítima";"304,000";"BR-116/SP";"Decrescente";"Choque";1;0;0;0;0;0;0;0;0;0;2;0;0;0;0
"30/06/2024";"06:26:00";"407";"Sem vítima";"275,000";"BR-116/SP";"Decrescente";"Colisão lateral em sentido contrário";2;0;0;0;0;0;0;0;0;0;3;0;0;0;0
"30/06/2024";"06:41:00";"412";"Sem vítima";"18,000";"BR-116/SP";"Decrescente";"Choque";1;0;0;0;0;0;0;0;0;0;1;0;0;0;0
"30/06/2024";"08:01:00";"434";"Sem vítima";"231,000";"BR-116/SP";"Decrescente";"Capotamento";1;0;0;0;0;0;0;0;0;0;1;0;0;0;0
"30/06/2024";"08:17:00";"437";"Com vítima";"149,000";"BR-116/SP";"Decrescente";"Atropelamento de pedestre";1;0;0;0;0;0;0;0;0;0;2;0;2;0;0
"30/06/2024";"08:45:00";"445";"Sem vítima";"447,000";"BR-101/SP";"Decrescente";"Choque";1;0;0;0;0;0;0;0;0;0;6;0;0;0;0
"30/06/2024";"09:16:00";"34";"Com vítima";"229,000";"BR-116/SP";"Decrescente";"Colisão traseira";0;0;1;0;0;0;0;1;0;0;1;0;1;0;0
"30/06/2024";"09:19:00";"35";"Com vítima";"383,000";"BR-101/SP";"Decrescente";"Atropelamento de pedestre";0;0;0;0;1;0;0;0;0;0;1;1;0;0;0
"01/07/2024";"12:00:00";"59";"Com vítima";"113,000";"BR-116/SP";"Decrescente";"Colisão traseira";1;0;0;0;0;0;0;0;0;0;0;1;0;0;0
"01/07/2024";"01:59:00";"76";"Com vítima";"231,000";"BR-116/SP";"Decrescente";"Colisão lateral em sentido contrário";1;0;0;0;0;0;0;0;0;0;8;4;0;0;0
"01/07/2024";"03:59:00";"129";"Com vítima";"210,500";"BR-116/SP";"Decrescente";"Atropelamento de pedestre";0;0;0;0;0;0;0;0;0;0;0;0;0;0;0
"01/07/2024";"04:34:00";"173";"Com vítima";"219,000";"BR-116/SP";"Decrescente";"Colisão lateral em sentido contrário";1;0;0;1;0;0;0;0;0;0;2;2;0;0;0
"01/07/2024";"04:56:00";"196";"Com vítima";"223,000";"BR-116/SP";"Decrescente";"Colisão traseira";1;0;0;0;0;0;0;0;0;0;1;1;0;0;0
"01/07/2024";"05:11:00";"153";"Com vítima";"210,000";"BR-116/SP";"Crescente";"Colisão traseira";1;0;0;1;0;0;0;0;0;0;1;1;0;0;0
"01/07/2024";"05:22:00";"217";"Com vítima";"211,000";"BR-116/SP";"Crescente";"Colisão traseira";1;0;0;1;0;0;0;0;0;0;1;2;0;0;0
"01/07/2024";"05:32:00";"236";"Sem vítima";"234,000";"BR-116/SP";"Decrescente";"Colisão traseira";2;0;0;0;0;0;0;0;0;0;4;0;0;0;0
"01/07/2024";"05:45:00";"249";"Sem vítima";"449,000";"BR-101/SP";"Decrescente";"Choque";1;0;0;0;0;0;0;0;0;0;2;0;0;0;0
"01/07/2024";"08:01:00";"365";"Sem vítima";"228,000";"BR-116/SP";"Decrescente";"Colisão traseira";1;0;1;0;0;0;0;0;0;0;3;0;0;0;0
"01/07/2024";"08:07:00";"369";"Com vítima";"146,000";"BR-116/SP";"Crescente";"Colisão lateral em sentido contrário";0;0;1;1;0;0;0;0;0;0;1;1;0;0;0
"01/07/2024";"09:04:00";"392";"Sem vítima";"247,000";"BR-116/SP";"Decrescente";"Colisão lateral em sentido contrário";1;0;0;0;0;0;0;0;0;0;4;0;0;0;0
"01/07/2024";"09:33:00";"402";"Com vítima";"22,000";"BR-116/SP";"Crescente";"Choque";1;0;0;0;0;0;0;0;0;0;3;2;0;0;0
"01/07/2024";"09:51:00";"408";"Com vítima";"231,000";"BR-116/SP";"Decrescente";"Choque";1;0;1;0;0;0;0;0;0;0;3;3;0;0;0
"01/07/2024";"10:03:00";"412";"Com vítima";"334,000";"BR-116/SP";"Crescente";"Capotamento";2;0;0;0;0;0;0;0;0;0;3;1;0;0;0
"01/07/2024";"10:09:00";"417";"Sem vítima";"231,000";"BR-116/SP";"Decrescente";"Colisão lateral em sentido contrário";1;0;0;0;0;0;0;1;0;0;8;0;0;0;0
"01/07/2024";"10:28:00";"432";"Sem vítima";"231,000";"BR-116/SP";"Decrescente";"Choque";1;0;0;0;0;0;0;0;0;0;0;0;0;0;0
"01/07/2024";"10:48:00";"438";"Com vítima";"185,000";"BR-116/SP";"Decrescente";"Colisão traseira";1;0;1;0;0;0;0;0;0;0;2;1;0;0;0
"01/07/2024";"11:11:00";"451";"Com vítima";"224,000";"BR-116/SP";"Crescente";"Acidentes de outra natureza";1;0;0;0;0;0;0;0;0;0;0;1;1;0;0
"01/07/2024";"11:24:00";"455";"Sem vítima";"441,000";"BR-101/SP";"Decrescente";"Choque";1;0;0;0;0;0;0;0;0;0;2;0;0;0;0
"01/07/2024";"11:42:00";"464";"Com vítima";"409,000";"BR-101/SP";"Decrescente";"Acidentes de outra natureza";1;0;0;0;0;0;0;0;0;0;2;6;0;0;0
"01/07/2024";"11:46:00";"466";"Com vítima";"210,000";"BR-116/SP";"Decrescente";"Choque";0;0;0;1;0;0;0;0;0;0;0;1;0;0;0
"01/07/2024";"11:59:00";"472";"Sem vítima";"226,000";"BR-116/SP";"Decrescente";"Choque";1;0;0;0;0;0;0;0;0;0;1;0;0;0;0
"01/07/2024";"12:04:00";"474";"Com vítima";"433,000";"BR-101/SP";"Decrescente";"Capotamento";1;0;0;0;0;0;0;0;0;0;0;1;0;0;0
"01/07/2024";"12:53:00";"490";"Sem vítima";"145,000";"BR-116/SP";"Crescente";"Colisão traseira";1;0;0;0;0;0;0;1;0;0;4;0;0;0;0
"01/07/2024";"01:33:00";"503";"Com vítima";"427,000";"BR-101/SP";"Decrescente";"Choque";1;0;0;0;0;0;0;0;0;0;0;1;0;0;0
"01/07/2024";"02:04:00";"516";"Sem vítima";"233,000";"BR-116/SP";"Decrescente";"Choque";1;0;0;0;0;0;0;0;0;0;1;0;0;0;0
"01/07/2024";"02:10:00";"523";"Com vítima";"472,000";"BR-101/SP";"Decrescente";"Colisão traseira";1;0;0;1;0;0;0;0;0;0;0;0;1;0;0
"01/07/2024";"08:26:00";"667";"Sem vítima";"452,000";"BR-101/SP";"Crescente";"Choque";1;0;0;0;0;0;0;0;0;0;6;0;0;0;0
"01/07/2024";"08:48:00";"672";"Com vítima";"111,000";"BR-116/SP";"Crescente";"Acidentes de outra natureza";0;0;0;1;0;0;0;0;0;0;0;0;1;0;0
"02/07/2024";"01:36:00";"57";"Sem vítima";"221,000";"BR-116/SP";"Decrescente";"Choque";1;0;0;0;0;0;0;0;0;0;3;0;0;0;0
"02/07/2024";"03:21:00";"86";"Com vítima";"218,000";"BR-116/SP";"Crescente";"Colisão lateral em sentido contrário";1;0;0;1;0;0;0;0;0;0;2;2;0;0;0
"02/07/2024";"03:22:00";"87";"Com vítima";"210,000";"BR-116/SP";"Crescente";"Engavetamento";2;0;0;0;0;0;0;0;0;0;2;1;0;0;0
"02/07/2024";"06:10:00";"260";"Sem vítima";"231,000";"BR-116/SP";"Crescente";"Engavetamento";2;0;1;0;0;0;0;0;0;0;6;0;0;0;0
"02/07/2024";"07:48:00";"351";"Com vítima";"383,000";"BR-101/SP";"Crescente";"Colisão traseira";2;0;0;0;0;0;0;0;0;0;2;6;0;0;0
"02/07/2024";"08:39:00";"398";"Com vítima";"229,000";"BR-116/SP";"Crescente";"Colisão lateral em sentido contrário";1;0;0;1;0;0;0;0;0;0;4;2;0;0;0
"02/07/2024";"09:05:00";"417";"Com vítima";"245,000";"BR-116/SP";"Decrescente";"Tombamento";0;0;1;0;0;0;0;0;0;0;0;1;0;0;0
"02/07/2024";"10:26:00";"458";"Com vítima";"519,000";"BR-101/SP";"Decrescente";"Colisão frontal";3;0;0;0;0;0;0;0;0;0;5;0;1;0;0
"02/07/2024";"11:37:00";"488";"Sem vítima";"227,000";"BR-116/SP";"Decrescente";"Colisão lateral em sentido contrário";1;0;1;0;0;0;0;0;0;0;9;0;0;0;0
"02/07/2024";"11:58:00";"495";"Com vítima";"116,000";"BR-116/SP";"Crescente";"Colisão lateral em sentido contrário";0;0;0;1;0;0;0;1;0;0;1;0;1;0;0
"02/07/2024";"12:19:00";"506";"Com vítima";"156,000";"BR-116/SP";"Decrescente";"Acidentes de outra natureza";0;0;0;1;0;0;0;0;0;0;1;1;0;0;0
"02/07/2024";"01:05:00";"522";"Sem vítima";"224,000";"BR-116/SP";"Decrescente";"Colisão lateral em sentido contrário";0;0;0;1;0;0;0;0;0;0;1;0;0;0;0
"02/07/2024";"02:50:00";"567";"Sem vítima";"155,000";"BR-116/SP";"Crescente";"Engavetamento";4;0;0;0;0;0;0;0;0;0;9;0;0;0;0
"02/07/2024";"09:03:00";"35";"Com vítima";"39,000";"BR-116/SP";"Decrescente";"Colisão traseira";1;0;1;0;0;0;0;0;0;0;1;1;0;0;0
"02/07/2024";"09:55:00";"46";"Sem vítima";"320,000";"BR-116/SP";"Decrescente";"Choque";1;0;0;0;0;1;0;0;0;0;2;0;0;0;0
"03/07/2024";"02:20:00";"83";"Sem vítima";"125,000";"BR-116/SP";"Decrescente";"Colisão lateral em sentido contrário";0;0;1;0;0;0;0;0;0;0;1;0;0;0;0
"03/07/2024";"03:23:00";"114";"Com vítima";"216,000";"BR-116/SP";"Crescente";"Engavetamento";3;0;0;0;0;0;0;0;0;0;6;2;0;0;0
"03/07/2024";"03:30:00";"125";"Sem vítima";"334,000";"BR-116/SP";"Decrescente";"Choque";0;0;1;0;0;0;0;0;0;0;1;0;0;0;0
"03/07/2024";"03:37:00";"130";"Sem vítima";"108,000";"BR-116/SP";"Decrescente";"Colisão lateral em sentido contrário";0;0;1;0;0;0;0;1;0;0;1;0;0;0;0
"03/07/2024";"03:57:00";"157";"Com vítima";"232,000";"BR-116/SP";"Decrescente";"Tombamento";0;0;1;0;0;0;0;0;0;0;0;0;1;0;0
"03/07/2024";"06:06:00";"271";"Com vítima";"483,000";"BR-101/SP";"Decrescente";"Colisão frontal";0;0;0;2;0;0;0;0;0;0;0;2;0;0;0
"03/07/2024";"07:55:00";"353";"Sem vítima";"49,000";"BR-101/SP";"Decrescente";"Acidentes de outra natureza";1;0;0;0;0;1;0;0;0;0;4;0;0;0;0
"03/07/2024";"09:06:00";"383";"Com vítima";"404,000";"BR-101/SP";"Decrescente";"Capotamento";1;0;0;0;0;0;0;0;0;0;1;1;1;0;0
"03/07/2024";"09:12:00";"386";"Com vítima";"219,000";"BR-116/SP";"Crescente";"Colisão lateral em sentido contrário";1;0;0;1;0;0;0;0;0;0;2;0;1;0;0
"03/07/2024";"09:19:00";"388";"Com vítima";"218,000";"BR-116/SP";"Crescente";"Colisão lateral em sentido contrário";1;0;0;1;0;0;0;0;0;0;2;1;0;0;0
"03/07/2024";"10:30:00";"412";"Com vítima";"218,000";"BR-116/SP";"Crescente";"Colisão lateral em sentido contrário";0;0;0;1;0;0;0;0;0;0;0;2;0;0;0
"03/07/2024";"11:31:00";"445";"Com vítima";"222,000";"BR-116/SP";"Decrescente";"Colisão traseira";0;0;0;1;0;0;0;0;0;1;1;0;1;0;0
"03/07/2024";"12:20:00";"474";"Sem vítima";"108,000";"BR-116/SP";"Crescente";"Colisão traseira";2;0;0;0;0;0;0;0;0;0;2;0;0;0;0
"03/07/2024";"02:15:00";"527";"Sem vítima";"152,000";"BR-116/SP";"Decrescente";"Colisão traseira";1;0;0;0;0;0;0;0;0;0;2;0;0;0;0
"03/07/2024";"02:19:00";"529";"Sem vítima";"237,000";"BR-116/SP";"Decrescente";"Choque";1;0;0;0;0;0;0;0;0;0;1;0;0;0;0
"03/07/2024";"03:03:00";"547";"Com vítima";"153,000";"BR-116/SP";"Crescente";"Colisão traseira";0;0;0;1;0;0;0;1;0;0;1;1;0;0;0
"03/07/2024";"08:08:00";"665";"Sem vítima";"231,000";"BR-116/SP";"Decrescente";"Choque";2;0;1;0;0;0;0;0;0;0;4;0;0;0;0
"04/07/2024";"02:48:00";"84";"Sem vítima";"117,000";"BR-116/SP";"Decrescente";"Choque";1;0;0;0;0;0;0;0;0;0;3;0;0;0;0
"04/07/2024";"03:38:00";"122";"Sem vítima";"205,000";"BR-116/SP";"Crescente";"Colisão lateral em sentido contrário";1;0;0;0;0;0;0;1;0;0;2;0;0;0;0
"04/07/2024";"04:08:00";"134";"Sem vítima";"48,000";"BR-116/SP";"Decrescente";"Choque";1;0;0;0;0;0;0;0;0;0;2;0;0;0;0
"04/07/2024";"05:52:00";"261";"Com vítima";"225,000";"BR-116/SP";"Crescente";"Colisão lateral em sentido contrário";1;0;0;1;0;0;0;0;0;0;4;2;0;0;0
"04/07/2024";"06:27:00";"288";"Com vítima";"226,000";"BR-116/SP";"Decrescente";"Acidentes de outra natureza";0;0;0;1;0;0;0;0;0;0;0;1;0;0;0
"04/07/2024";"06:51:00";"306";"Sem vítima";"48,000";"BR-101/SP";"Crescente";"Colisão traseira";2;0;0;0;0;0;0;0;0;0;6;0;0;0;0
"04/07/2024";"07:23:00";"323";"Sem vítima";"260,000";"BR-116/SP";"Decrescente";"Choque";1;0;0;0;0;0;0;0;0;0;2;0;0;0;0
"04/07/2024";"08:10:00";"351";"Com vítima";"222,000";"BR-116/SP";"Decrescente";"Colisão traseira";1;0;0;0;0;0;0;0;0;0;0;2;0;0;0
"04/07/2024";"09:50:00";"398";"Sem vítima";"146,000";"BR-116/SP";"Crescente";"Choque";1;0;0;0;0;0;0;0;0;0;1;0;0;0;0
"04/07/2024";"10:39:00";"427";"Com vítima";"219,000";"BR-116/SP";"Crescente";"Colisão lateral em sentido contrário";0;0;1;1;0;0;0;0;0;0;2;4;0;0;0
"04/07/2024";"12:57:00";"499";"Sem vítima";"289,000";"BR-116/SP";"Decrescente";"Colisão lateral em sentido contrário";1;0;0;0;1;0;0;0;0;1;30;0;0;0;0
"04/07/2024";"02:15:00";"531";"Com vítima";"47,700";"BR-101/SP";"Crescente";"Atropelamento de pedestre";0;1;0;1;0;0;0;0;0;0;0;0;0;0;0
"04/07/2024";"02:25:00";"536";"Sem vítima";"203,000";"BR-116/SP";"Crescente";"Colisão traseira";1;0;0;0;0;0;0;0;0;1;4;0;0;0;0
"04/07/2024";"03:03:00";"558";"Com vítima";"147,000";"BR-116/SP";"Crescente";"Colisão traseira";1;0;0;1;0;0;0;0;0;0;2;0;1;0;0
"04/07/2024";"03:44:00";"579";"Sem vítima";"157,000";"BR-116/SP";"Crescente";"Colisão traseira";2;0;0;0;0;0;0;0;0;0;3;0;0;0;0
"04/07/2024";"04:14:00";"600";"Com vítima";"147,000";"BR-116/SP";"Decrescente";"Colisão traseira";0;0;0;1;0;0;0;0;0;0;0;0;1;0;0
"04/07/2024";"05:40:00";"643";"Sem vítima";"105,000";"BR-116/SP";"Decrescente";"Colisão lateral em sentido contrário";0;0;0;0;0;0;0;2;0;0;2;0;0;0;0
"04/07/2024";"07:39:00";"676";"Com vítima";"398,000";"BR-101/SP";"Crescente";"Colisão lateral em sentido contrário";2;0;0;0;0;0;0;0;0;0;8;2;0;0;0
"04/07/2024";"09:00:00";"325";"Sem vítima";"141,000";"BR-116/SP";"Decrescente";"Colisão traseira";2;0;0;0;0;0;0;0;0;0;2;0;0;0;0
"04/07/2024";"09:22:00";"37";"Sem vítima";"140,000";"BR-116/SP";"Crescente";"Choque";0;0;1;0;0;0;0;0;0;0;1;0;0;0;0
"04/07/2024";"09:30:00";"39";"Com vítima";"140,000";"BR-116/SP";"Decrescente";"Choque";0;0;1;0;0;0;0;0;0;0;0;1;0;0;0
"05/07/2024";"12:20:00";"68";"Sem vítima";"91,200";"BR-116/SP";"Crescente";"Atropelamento de pedestre";0;0;1;0;1;0;0;0;0;0;28;0;0;0;0
"05/07/2024";"04:01:00";"162";"Sem vítima";"140,000";"BR-116/SP";"Crescente";"Engavetamento";3;0;0;0;0;0;0;0;0;0;4;0;0;0;0
"05/07/2024";"04:15:00";"178";"Sem vítima";"143,000";"BR-116/SP";"Decrescente";"Engavetamento";2;0;0;0;0;0;0;0;0;0;2;0;0;0;0
"05/07/2024";"04:52:00";"210";"Sem vítima";"227,000";"BR-116/SP";"Decrescente";"Colisão traseira";0;0;2;0;0;0;0;0;0;0;2;0;0;0;0
"05/07/2024";"05:09:00";"225";"Com vítima";"159,000";"BR-116/SP";"Decrescente";"Colisão lateral em sentido contrário";1;0;0;1;0;0;0;0;0;0;1;1;0;0;0
"05/07/2024";"05:37:00";"253";"Com vítima";"157,000";"BR-116/SP";"Decrescente";"Colisão lateral em sentido contrário";0;0;1;1;0;0;0;0;0;0;0;2;0;0;0
"05/07/2024";"06:18:00";"286";"Com vítima";"135,000";"BR-116/SP";"Crescente";"Engavetamento";4;0;0;0;0;0;0;1;0;0;6;1;0;0;0
"05/07/2024";"08:17:00";"360";"Sem vítima";"61,000";"BR-116/SP";"Crescente";"Engavetamento";3;0;0;0;0;0;0;0;0;0;10;0;0;0;0
"05/07/2024";"08:35:00";"343";"Com vítima";"574,000";"BR-101/SP";"Decrescente";"Colisão traseira";2;0;0;0;0;0;0;0;0;0;4;0;2;0;0
"05/07/2024";"08:40:00";"373";"Sem vítima";"298,000";"BR-116/SP";"Crescente";"Colisão traseira";1;0;1;0;0;0;0;0;0;0;2;0;0;0;0
"05/07/2024";"09:17:00";"389";"Sem vítima";"148,000";"BR-116/SP";"Decrescente";"Tombamento";0;0;0;0;0;0;0;1;0;0;1;0;0;0;0
"05/07/2024";"09:25:00";"394";"Sem vítima";"274,000";"BR-116/SP";"Decrescente";"Capotamento";1;0;0;0;0;0;0;0;0;0;1;0;0;0;0
"05/07/2024";"11:48:00";"471";"Com vítima";"112,000";"BR-116/SP";"Decrescente";"Colisão traseira";0;0;2;0;0;0;0;0;0;0;1;1;0;0;0
"05/07/2024";"11:49:00";"472";"Com vítima";"216,000";"BR-116/SP";"Crescente";"Colisão lateral em sentido contrário";1;0;0;1;0;0;0;0;0;0;2;0;4;0;0
"05/07/2024";"11:51:00";"475";"Sem vítima";"504,000";"BR-101/SP";"Crescente";"Colisão lateral em sentido contrário";1;0;0;1;0;0;0;0;0;0;2;0;0;0;0
"05/07/2024";"01:31:00";"528";"Com vítima";"42,000";"BR-101/SP";"Crescente";"Engavetamento";2;0;0;1;0;0;0;0;0;0;4;2;0;0;0
"05/07/2024";"02:10:00";"548";"Sem vítima";"283,000";"BR-116/SP";"Decrescente";"Choque";1;0;0;0;0;0;0;0;0;0;0;0;0;0;0
"05/07/2024";"02:36:00";"561";"Sem vítima";"222,000";"BR-116/SP";"Decrescente";"Colisão traseira";1;0;0;0;0;0;0;0;0;0;1;0;0;0;0