data;horario;n_da_ocorrencia;tipo_de_ocorrencia;km;trecho;sentido;tipo_de_acidente;automovel;bicicleta;caminhao;moto;onibus;outros;tracao_animal;transporte_de_cargas_especiais;trator_maquinas;utilitarios;ilesos;levemente_feridos;moderadamente_feridos;gravemente_feridos;mortos
"05/07/2024";"03:10:00";"580";"Com vítima";"138,000";"BR-116/SP";"Crescente";"Colisão lateral em sentido contrário";1;0;0;1;0;0;0;0;0;0;1;1;0;0;0
"05/07/2024";"03:39:00";"599";"Com vítima";"205,000";"BR-116/SP";"Crescente";"Engavetamento";3;0;0;0;0;0;0;0;0;0;1;2;0;0;0
"05/07/2024";"03:59:00";"611";"Sem vítima";"400,000";"BR-101/SP";"Crescente";"Colisão traseira";1;0;0;0;0;0;0;0;0;0;2;0;0;0;0
"05/07/2024";"04:00:00";"612";"Com vítima";"149,000";"BR-116/SP";"Crescente";"Colisão lateral em sentido contrário";1;0;0;1;0;0;0;0;0;0;1;0;1;0;0
"05/07/2024";"04:12:00";"620";"Sem vítima";"428,000";"BR-101/SP";"Decrescente";"Acidentes de outra natureza";1;0;0;0;0;0;0;0;0;0;4;0;0;0;0
"05/07/2024";"04:29:00";"629";"Com vítima";"409,000";"BR-101/SP";"Crescente";"Atropelamento de pedestre";0;0;0;0;0;0;0;0;0;0;0;0;0;1;0
"05/07/2024";"06:53:00";"688";"Sem vítima";"150,000";"BR-116/SP";"Decrescente";"Colisão traseira";0;0;1;0;0;0;0;1;0;0;2;0;0;0;0
"05/07/2024";"07:14:00";"686";"Sem vítima";"273,000";"BR-116/SP";"Crescente";"Tombamento";0;0;1;0;0;0;0;0;0;0;1;0;0;0;0
"05/07/2024";"07:26:00";"700";"Sem vítima";"148,000";"BR-116/SP";"Decrescente";"Engavetamento";3;0;1;0;0;0;0;0;0;0;0;0;0;0;0
"05/07/2024";"07:33:00";"702";"Sem vítima";"230,000";"BR-116/SP";"Crescente";"Engavetamento";3;0;0;0;0;0;0;0;0;0;4;0;0;0;0
"05/07/2024";"08:13:00";"709";"Com vítima";"138,000";"BR-116/SP";"Decrescente";"Choque";0;0;0;1;0;0;0;0;0;0;0;1;0;0;0
"05/07/2024";"09:00:00";"314";"Com vítima";"110,000";"BR-116/SP";"Decrescente";"Colisão lateral em sentido contrário";0;0;0;1;0;0;0;0;0;0;0;1;0;0;0
"05/07/2024";"09:44:00";"44";"Sem vítima";"284,000";"BR-116/SP";"Decrescente";"Choque";1;0;0;0;0;0;0;0;0;0;1;0;0;0;0
"06/07/2024";"02:47:00";"99";"Sem vítima";"129,000";"BR-116/SP";"Decrescente";"Choque";1;0;0;0;0;0;0;0;0;0;1;0;0;0;0
"06/07/2024";"03:13:00";"113";"Com vítima";"559,000";"BR-101/SP";"Crescente";"Colisão frontal";0;0;0;1;0;0;0;0;0;0;0;0;0;0;2
"06/07/2024";"03:17:00";"114";"Com vítima";"51,000";"BR-116/SP";"Crescente";"Acidentes de outra natureza";0;0;0;1;0;0;0;0;0;0;0;1;0;0;0
"06/07/2024";"04:37:00";"169";"Com vítima";"103,000";"BR-116/SP";"Decrescente";"Engavetamento";4;0;0;0;0;0;0;0;0;0;10;3;2;0;0
"06/07/2024";"04:43:00";"174";"Sem vítima";"219,000";"BR-116/SP";"Decrescente";"Choque";1;0;0;0;0;0;0;0;0;0;1;0;0;0;0
"06/07/2024";"04:55:00";"182";"Sem vítima";"115,000";"BR-116/SP";"Decrescente";"Engavetamento";3;0;0;0;0;0;0;0;0;0;8;0;0;0;0
"06/07/2024";"04:56:00";"183";"Com vítima";"219,000";"BR-116/SP";"Crescente";"Engavetamento";2;0;0;1;0;0;0;0;0;0;4;2;0;0;0
"06/07/2024";"05:51:00";"204";"Com vítima";"226,000";"BR-116/SP";"Crescente";"Engavetamento";1;0;0;0;0;0;0;1;0;1;2;1;0;0;0
"06/07/2024";"08:25:00";"285";"Com vítima";"111,000";"BR-116/SP";"Decrescente";"Colisão traseira";1;0;0;1;0;0;0;0;0;0;4;0;1;0;0
"06/07/2024";"09:42:00";"325";"Sem vítima";"152,000";"BR-116/SP";"Decrescente";"Colisão traseira";1;0;0;0;0;0;0;0;0;0;1;0;0;0;0
"06/07/2024";"10:23:00";"339";"Com vítima";"228,000";"BR-116/SP";"Crescente";"Colisão traseira";2;0;0;0;0;0;0;0;0;0;2;2;0;0;0
"06/07/2024";"12:32:00";"135";"Com vítima";"252,000";"BR-116/SP";"Decrescente";"Tombamento";0;0;1;0;0;0;0;0;0;0;1;1;0;0;0
"06/07/2024";"01:56:00";"436";"Sem vítima";"18,000";"BR-116/SP";"Decrescente";"Colisão lateral em sentido contrário";1;0;0;0;0;0;0;0;0;0;3;0;0;0;0
"06/07/2024";"02:38:00";"459";"Com vítima";"306,000";"BR-116/SP";"Crescente";"Colisão traseira";0;0;0;1;0;0;0;1;0;0;1;0;1;0;0
"06/07/2024";"02:50:00";"462";"Sem vítima";"306,000";"BR-116/SP";"Crescente";"Colisão traseira";2;0;0;0;0;0;0;0;0;0;3;0;0;0;0
"06/07/2024";"03:35:00";"479";"Sem vítima";"136,000";"BR-116/SP";"Crescente";"Engavetamento";3;0;0;0;0;0;0;0;0;0;7;0;0;0;0
"06/07/2024";"03:38:00";"482";"Com vítima";"306,000";"BR-116/SP";"Decrescente";"Colisão traseira";2;0;0;0;0;0;0;0;0;0;1;1;0;0;0
"06/07/2024";"05:29:00";"533";"Com vítima";"291,000";"BR-116/SP";"Decrescente";"Choque";1;0;0;0;0;0;0;0;0;0;0;0;1;0;0
"06/07/2024";"06:21:00";"553";"Sem vítima";"227,000";"BR-116/SP";"Decrescente";"Colisão lateral em sentido contrário";0;0;0;2;0;0;0;0;0;0;4;0;0;0;0
"06/07/2024";"06:46:00";"558";"Sem vítima";"304,000";"BR-116/SP";"Crescente";"Choque";1;0;0;0;0;0;0;0;0;0;1;0;0;0;0
"06/07/2024";"07:17:00";"564";"Com vítima";"27,000";"BR-116/SP";"Crescente";"Capotamento";1;0;0;0;0;0;0;0;0;0;0;0;1;0;0
"06/07/2024";"09:00:00";"330";"Com vítima";"329,000";"BR-116/SP";"Decrescente";"Engavetamento";5;0;0;0;0;0;0;0;0;0;5;2;0;0;0
"06/07/2024";"09:10:00";"36";"Com vítima";"16,000";"BR-101/SP";"Crescente";"Colisão lateral em sentido contrário";1;0;0;1;0;0;0;0;0;0;2;2;0;0;0
"06/07/2024";"10:04:00";"43";"Sem vítima";"185,000";"BR-116/SP";"Decrescente";"Choque";1;0;0;0;0;0;0;0;0;0;1;0;0;0;0
"06/07/2024";"11:07:00";"51";"Com vítima";"495,000";"BR-101/SP";"Decrescente";"Acidentes de outra natureza";0;0;0;1;0;0;0;0;0;0;2;0;0;2;0
"07/07/2024";"03:12:00";"88";"Sem vítima";"535,000";"BR-101/SP";"Crescente";"Choque";1;0;0;0;0;0;0;0;0;0;6;0;0;0;0
"07/07/2024";"04:38:00";"119";"Sem vítima";"558,000";"BR-101/SP";"Crescente";"Choque";1;0;0;0;0;0;0;0;0;0;5;0;0;0;0
"07/07/2024";"04:45:00";"121";"Sem vítima";"95,000";"BR-116/SP";"Decrescente";"Colisão traseira";2;0;0;0;0;0;0;0;0;0;7;0;0;0;0
"07/07/2024";"05:15:00";"134";"Com vítima";"152,000";"BR-116/SP";"Decrescente";"Engavetamento";3;0;0;0;0;0;0;0;0;0;10;4;0;0;0
"07/07/2024";"06:14:00";"170";"Com vítima";"143,000";"BR-116/SP";"Decrescente";"Acidentes de outra natureza";0;0;0;1;0;0;0;0;0;0;0;0;0;2;0
"07/07/2024";"07:41:00";"201";"Sem vítima";"158,000";"BR-116/SP";"Decrescente";"Engavetamento";4;0;0;0;0;0;0;0;0;0;9;0;0;0;0
"07/07/2024";"09:58:00";"246";"Com vítima";"92,000";"BR-116/SP";"Decrescente";"Colisão traseira";2;0;0;0;0;0;0;0;0;0;2;1;0;0;0
"07/07/2024";"12:18:00";"311";"Com vítima";"22,000";"BR-116/SP";"Decrescente";"Engavetamento";2;0;0;0;1;0;0;0;0;0;40;1;0;0;0
"07/07/2024";"12:38:00";"287";"Sem vítima";"49,000";"BR-116/SP";"Decrescente";"Colisão traseira";2;0;0;0;0;0;0;0;0;0;7;0;0;0;0
"07/07/2024";"01:35:00";"349";"Sem vítima";"44,000";"BR-101/SP";"Crescente";"Colisão traseira";2;0;0;0;0;0;0;0;0;0;6;0;0;0;0
"07/07/2024";"01:37:00";"350";"Com vítima";"70,000";"BR-116/SP";"Decrescente";"Choque";1;0;0;0;0;0;0;0;0;0;3;2;0;0;0
"07/07/2024";"02:26:00";"370";"Sem vítima";"444,000";"BR-101/SP";"Crescente";"Choque";1;0;0;0;0;0;0;0;0;0;2;0;0;0;0
"07/07/2024";"03:00:00";"384";"Com vítima";"476,000";"BR-101/SP";"Decrescente";"Colisão lateral em sentido contrário";2;0;0;0;0;0;0;0;0;0;2;4;4;0;0
"07/07/2024";"03:25:00";"402";"Com vítima";"409,000";"BR-101/SP";"Decrescente";"Atropelamento de pedestre";0;0;0;0;0;0;0;0;0;0;0;1;0;0;0
"07/07/2024";"04:27:00";"430";"Sem vítima";"275,000";"BR-116/SP";"Decrescente";"Choque";1;0;0;0;0;0;0;0;0;0;2;0;0;0;0
"07/07/2024";"04:43:00";"438";"Com vítima";"311,000";"BR-116/SP";"Crescente";"Colisão transversal";2;0;0;0;0;0;0;0;0;0;1;1;0;0;0
"07/07/2024";"04:56:00";"441";"Sem vítima";"221,000";"BR-116/SP";"Decrescente";"Colisão traseira";1;0;0;0;0;0;0;0;0;0;4;0;0;0;0
"07/07/2024";"05:11:00";"447";"Com vítima";"205,000";"BR-116/SP";"Decrescente";"Colisão traseira";2;0;0;0;0;0;0;0;0;0;2;1;0;0;0
"07/07/2024";"05:35:00";"455";"Sem vítima";"219,000";"BR-116/SP";"Crescente";"Colisão traseira";1;0;0;0;0;0;0;0;0;0;2;0;0;0;0
"07/07/2024";"06:06:00";"477";"Com vítima";"498,000";"BR-101/SP";"Crescente";"Colisão traseira";2;0;0;0;0;0;0;0;0;0;6;4;0;0;0
"07/07/2024";"06:27:00";"480";"Sem vítima";"382,000";"BR-101/SP";"Decrescente";"Acidentes de outra natureza";1;0;0;0;0;0;0;0;0;0;2;0;0;0;0
"07/07/2024";"08:55:00";"502";"Sem vítima";"574,000";"BR-101/SP";"Crescente";"Atropelamento de pedestre";1;0;0;0;0;0;0;0;0;0;1;0;0;0;0
"07/07/2024";"10:59:00";"53";"Sem vítima";"149,000";"BR-116/SP";"Crescente";"Colisão lateral em sentido contrário";0;0;0;0;0;0;0;2;0;0;2;0;0;0;0
"07/07/2024";"11:01:00";"54";"Com vítima";"149,000";"BR-116/SP";"Decrescente";"Colisão lateral em sentido contrário";0;0;0;0;0;0;0;1;0;1;1;2;0;0;0
"07/07/2024";"11:05:00";"55";"Sem vítima";"542,000";"BR-101/SP";"Decrescente";"Choque";1;0;0;0;0;0;0;0;0;0;2;0;0;0;0
"08/07/2024";"12:44:00";"62";"Com vítima";"389,000";"BR-101/SP";"Decrescente";"Atropelamento de pedestre";0;1;0;1;0;0;0;0;0;0;0;0;1;0;0
"08/07/2024";"02:03:00";"76";"Com vítima";"332,000";"BR-116/SP";"Decrescente";"Colisão traseira";0;0;1;0;0;0;0;0;0;0;0;0;1;0;0
"08/07/2024";"04:17:00";"148";"Com vítima";"425,000";"BR-101/SP";"Crescente";"Colisão frontal";2;0;1;0;0;0;0;0;0;0;2;2;2;0;2
"08/07/2024";"06:32:00";"252";"Sem vítima";"93,000";"BR-116/SP";"Decrescente";"Colisão traseira";1;0;0;0;0;0;0;0;0;0;1;0;0;0;0
"08/07/2024";"08:11:00";"317";"Sem vítima";"106,000";"BR-116/SP";"Decrescente";"Colisão lateral em sentido contrário";2;0;0;0;0;0;0;0;0;0;7;0;0;0;0
"08/07/2024";"08:22:00";"323";"Sem vítima";"107,000";"BR-116/SP";"Decrescente";"Engavetamento";3;0;0;0;0;0;0;0;0;0;5;0;0;0;0
"08/07/2024";"09:26:00";"355";"Sem vítima";"478,000";"BR-101/SP";"Decrescente";"Choque";1;0;0;0;0;0;0;0;0;0;2;0;0;0;0
"08/07/2024";"10:09:00";"387";"Com vítima";"78,000";"BR-116/SP";"Crescente";"Colisão traseira";0;0;0;1;0;0;0;0;0;0;0;1;0;0;0
"08/07/2024";"11:33:00";"429";"Com vítima";"110,000";"BR-116/SP";"Decrescente";"Colisão lateral em sentido contrário";0;0;1;1;0;0;0;0;0;0;1;1;0;0;0
"08/07/2024";"11:35:00";"430";"Com vítima";"220,000";"BR-116/SP";"Decrescente";"Acidentes de outra natureza";0;0;0;1;0;0;0;0;0;0;0;1;0;0;0
"08/07/2024";"03:14:00";"506";"Com vítima";"223,000";"BR-116/SP";"Decrescente";"Acidentes de outra natureza";0;0;0;1;0;0;0;0;0;0;0;2;0;0;0
"08/07/2024";"03:25:00";"509";"Com vítima";"189,000";"BR-116/SP";"Decrescente";"Colisão traseira";1;0;0;1;0;0;0;0;0;0;1;1;0;0;0
"08/07/2024";"03:49:00";"515";"Com vítima";"188,000";"BR-116/SP";"Decrescente";"Engavetamento";1;0;0;2;0;0;0;0;0;0;1;2;0;0;0
"08/07/2024";"03:58:00";"520";"Sem vítima";"208,000";"BR-116/SP";"Decrescente";"Colisão traseira";1;0;0;0;0;0;0;0;0;0;4;0;0;0;0
"08/07/2024";"04:50:00";"533";"Com vítima";"321,000";"BR-116/SP";"Crescente";"Colisão lateral em sentido contrário";2;0;0;0;0;0;0;0;0;0;3;1;0;0;0
"08/07/2024";"05:03:00";"539";"Com vítima";"199,000";"BR-116/SP";"Decrescente";"Colisão lateral em sentido contrário";3;0;1;0;0;0;0;0;0;0;3;0;0;1;0
"08/07/2024";"05:23:00";"524";"Com vítima";"472,000";"BR-101/SP";"Crescente";"Colisão frontal";1;0;0;1;0;0;0;0;0;0;2;1;0;0;0
"08/07/2024";"08:23:00";"577";"Com vítima";"115,000";"BR-116/SP";"Decrescente";"Colisão traseira";1;0;0;1;0;0;0;0;0;0;2;1;0;0;0
"08/07/2024";"08:45:00";"581";"Com vítima";"3,000";"BR-116/SP";"Decrescente";"Colisão traseira";0;0;2;0;0;0;0;0;0;0;1;2;1;0;0
"09/07/2024";"12:02:00";"59";"Sem vítima";"59,000";"BR-116/SP";"Decrescente";"Colisão traseira";0;0;1;0;0;0;0;0;0;0;1;0;0;0;0
"09/07/2024";"12:22:00";"63";"Sem vítima";"156,000";"BR-116/SP";"Decrescente";"Capotamento";1;0;0;0;0;0;0;0;0;0;1;0;0;0;0
"09/07/2024";"12:57:00";"69";"Com vítima";"142,000";"BR-116/SP";"Decrescente";"Colisão traseira";1;0;0;0;0;0;0;1;0;0;1;3;1;0;0
"09/07/2024";"03:10:00";"98";"Sem vítima";"217,000";"BR-116/SP";"Crescente";"Choque";0;0;1;0;0;0;0;0;0;0;1;0;0;0;0
"09/07/2024";"03:26:00";"106";"Com vítima";"66,000";"BR-116/SP";"Decrescente";"Acidentes de outra natureza";0;0;0;1;0;0;0;0;0;0;0;0;1;0;0
"09/07/2024";"04:11:00";"134";"Com vítima";"217,000";"BR-116/SP";"Decrescente";"Choque";1;0;0;0;0;0;0;0;0;0;0;1;0;0;0
"09/07/2024";"04:50:00";"163";"Sem vítima";"186,000";"BR-116/SP";"Crescente";"Choque";1;0;0;0;0;0;0;0;0;0;1;0;0;0;0
"09/07/2024";"05:09:00";"174";"Com vítima";"229,000";"BR-116/SP";"Decrescente";"Acidentes de outra natureza";0;0;0;1;0;0;0;0;0;0;0;1;0;0;0
"09/07/2024";"05:55:00";"198";"Com vítima";"234,000";"BR-116/SP";"Decrescente";"Capotamento";1;0;0;0;0;0;0;0;0;0;0;1;0;0;0
"09/07/2024";"06:59:00";"229";"Sem vítima";"130,000";"BR-116/SP";"Crescente";"Choque";1;0;0;0;0;0;0;0;0;0;2;0;0;0;0
"09/07/2024";"07:00:00";"230";"Com vítima";"486,000";"BR-101/SP";"Decrescente";"Engavetamento";3;0;0;0;0;0;0;0;0;0;3;1;0;0;0
"09/07/2024";"07:39:00";"252";"Sem vítima";"147,000";"BR-116/SP";"Crescente";"Choque";1;0;0;0;0;0;0;0;0;0;1;0;0;0;0
"09/07/2024";"09:24:00";"304";"Sem vítima";"200,000";"BR-116/SP";"Crescente";"Colisão traseira";2;0;0;0;0;0;0;0;0;0;2;0;0;0;0
"09/07/2024";"11:14:00";"347";"Com vítima";"93,000";"BR-116/SP";"Crescente";"Colisão traseira";2;0;0;0;0;0;0;0;0;0;0;5;0;0;0
"09/07/2024";"12:39:00";"375";"Sem vítima";"211,000";"BR-116/SP";"Decrescente";"Colisão traseira";1;0;0;0;0;0;0;0;0;0;1;0;0;0;0
"09/07/2024";"01:51:00";"411";"Com vítima";"229,000";"BR-116/SP";"Decrescente";"Acidentes de outra natureza";0;0;0;1;0;0;0;0;0;0;0;1;0;0;0
"09/07/2024";"01:55:00";"413";"Sem vítima";"230,000";"BR-116/SP";"Decrescente";"Acidentes de outra natureza";0;0;0;1;0;0;0;0;0;0;0;0;0;0;0
"09/07/2024";"02:06:00";"435";"Sem vítima";"68,000";"BR-116/SP";"Crescente";"Colisão lateral em sentido contrário";1;0;1;0;0;0;0;0;0;0;2;0;0;0;0
"09/07/2024";"02:09:00";"422";"Com vítima";"504,000";"BR-101/SP";"Crescente";"Colisão lateral em sentido contrário";1;0;0;1;0;0;0;0;0;0;2;0;2;0;0
"09/07/2024";"02:31:00";"434";"Sem vítima";"197,000";"BR-116/SP";"Decrescente";"Choque";0;0;0;0;0;0;0;1;0;0;1;0;0;0;0
"09/07/2024";"02:45:00";"439";"Sem vítima";"197,000";"BR-116/SP";"Crescente";"Choque";1;0;0;0;0;0;0;0;0;0;2;0;0;0;0
"09/07/2024";"03:18:00";"455";"Sem vítima";"299,000";"BR-116/SP";"Crescente";"Colisão traseira";0;0;0;0;0;0;0;0;0;1;1;0;0;0;0
"09/07/2024";"03:43:00";"465";"Sem vítima";"69,000";"BR-116/SP";"Crescente";"Engavetamento";3;0;0;0;0;0;0;0;0;0;7;0;0;0;0
"09/07/2024";"04:04:00";"479";"Sem vítima";"83,000";"BR-116/SP";"Decrescente";"Acidentes de outra natureza";1;0;0;0;0;0;0;0;0;0;1;0;0;0;0
"09/07/2024";"05:23:00";"502";"Sem vítima";"253,000";"BR-116/SP";"Decrescente";"Colisão lateral em sentido contrário";1;0;2;0;0;0;0;0;0;0;5;0;0;0;0
"09/07/2024";"07:30:00";"525";"Com vítima";"219,000";"BR-116/SP";"Crescente";"Engavetamento";4;0;0;0;0;0;0;0;0;0;4;1;0;0;0
"09/07/2024";"08:30:00";"536";"Com vítima";"206,000";"BR-116/SP";"Decrescente";"Atropelamento de pedestre";0;0;0;0;0;0;0;0;0;1;2;0;0;0;1
"09/07/2024";"09:00:00";"231";"Com vítima";"117,000";"BR-116/SP";"Decrescente";"Choque";1;0;0;0;0;0;0;0;0;0;0;1;0;0;0
"09/07/2024";"09:07:00";"34";"Com vítima";"17,000";"BR-116/SP";"Crescente";"Choque";1;0;0;0;0;0;0;0;0;0;2;2;0;0;0
"09/07/2024";"10:31:00";"52";"Com vítima";"228,000";"BR-116/SP";"Decrescente";"Choque";0;0;1;0;0;0;0;0;0;0;0;0;1;0;0
"10/07/2024";"03:45:00";"121";"Sem vítima";"580,000";"BR-101/SP";"Crescente";"Choque";1;0;0;0;0;0;0;0;0;0;2;0;0;0;0
"10/07/2024";"04:44:00";"169";"Com vítima";"223,000";"BR-116/SP";"Decrescente";"Colisão traseira";0;0;1;1;0;0;0;0;0;0;2;2;0;0;0
"10/07/2024";"05:00:00";"184";"Com vítima";"146,000";"BR-116/SP";"Crescente";"Acidentes de outra natureza";0;0;0;1;0;0;0;0;0;0;0;1;0;0;0
"10/07/2024";"05:19:00";"93";"Sem vítima";"217,000";"BR-116/SP";"Crescente";"Choque";1;0;0;0;0;0;0;0;0;0;1;0;0;0;0
"10/07/2024";"05:27:00";"204";"Com vítima";"219,000";"BR-116/SP";"Crescente";"Acidentes de outra natureza";0;0;0;1;0;0;0;0;0;0;0;2;0;0;0
"10/07/2024";"06:01:00";"243";"Com vítima";"309,000";"BR-116/SP";"Crescente";"Colisão lateral em sentido contrário";2;0;0;0;0;0;0;0;0;0;2;1;0;0;0
"10/07/2024";"06:29:00";"262";"Sem vítima";"211,000";"BR-116/SP";"Crescente";"Colisão traseira";1;0;0;0;0;0;0;0;0;0;1;0;0;0;0
"10/07/2024";"06:51:00";"272";"Sem vítima";"153,000";"BR-116/SP";"Crescente";"Colisão traseira";2;0;0;0;0;0;0;0;0;0;1;1;0;0;0
"10/07/2024";"06:56:00";"279";"Com vítima";"49,000";"BR-116/SP";"Crescente";"Colisão lateral em sentido contrário";2;0;0;0;0;0;0;0;0;0;8;1;0;0;0
"10/07/2024";"07:29:00";"294";"Sem vítima";"106,000";"BR-116/SP";"Decrescente";"Choque";1;0;0;0;0;0;0;0;0;0;1;0;0;0;0
"10/07/2024";"07:50:00";"309";"Sem vítima";"252,000";"BR-116/SP";"Decrescente";"Choque";1;0;0;0;0;0;0;0;0;0;1;0;0;0;0
"10/07/2024";"08:28:00";"327";"Com vítima";"228,000";"BR-116/SP";"Crescente";"Colisão traseira";1;0;0;0;0;0;0;0;0;0;0;1;0;0;0
"10/07/2024";"08:40:00";"332";"Com vítima";"219,000";"BR-116/SP";"Decrescente";"Colisão traseira";0;0;1;1;0;0;0;0;0;0;1;1;0;0;0
"10/07/2024";"08:48:00";"333";"Sem vítima";"137,000";"BR-116/SP";"Decrescente";"Colisão traseira";1;0;0;0;0;0;0;0;0;0;4;0;0;0;0
"10/07/2024";"08:50:00";"334";"Sem vítima";"530,000";"BR-101/SP";"Crescente";"Colisão traseira";1;0;1;0;0;0;0;0;0;0;7;0;0;0;0
"10/07/2024";"10:18:00";"364";"Com vítima";"380,900";"BR-101/SP";"Crescente";"Colisão traseira";2;0;0;0;0;0;0;0;0;0;4;1;0;0;0
"10/07/2024";"10:35:00";"368";"Sem vítima";"226,000";"BR-116/SP";"Crescente";"Colisão lateral em sentido contrário";1;0;1;0;0;0;0;0;0;0;3;0;0;0;0
"10/07/2024";"02:55:00";"484";"Com vítima";"474,000";"BR-101/SP";"Crescente";"Colisão lateral em sentido contrário";1;0;0;1;0;0;0;0;0;0;1;0;1;0;0
"10/07/2024";"03:04:00";"492";"Com vítima";"126,000";"BR-116/SP";"Decrescente";"Colisão traseira";1;0;0;1;0;0;0;0;0;0;4;0;2;0;0
"10/07/2024";"03:51:00";"516";"Sem vítima";"148,000";"BR-116/SP";"Decrescente";"Colisão traseira";2;0;0;0;0;0;0;0;0;0;4;0;0;0;0
"10/07/2024";"04:12:00";"526";"Com vítima";"334,000";"BR-116/SP";"Crescente";"Capotamento";1;0;0;0;0;0;0;0;0;0;0;0;1;0;0
"10/07/2024";"06:36:00";"587";"Com vítima";"401,000";"BR-101/SP";"Crescente";"Atropelamento de pedestre";1;1;0;0;0;0;0;0;0;0;0;1;0;0;0
"10/07/2024";"07:07:00";"598";"Com vítima";"149,000";"BR-116/SP";"Decrescente";"Atropelamento de pedestre";0;0;0;0;0;0;0;0;0;0;0;0;0;2;0
"10/07/2024";"07:13:00";"600";"Sem vítima";"80,000";"BR-116/SP";"Decrescente";"Capotamento";1;0;0;0;0;0;0;0;0;0;4;0;0;0;0
"10/07/2024";"07:22:00";"606";"Com vítima";"99,000";"BR-116/SP";"Crescente";"Colisão traseira";1;0;0;0;0;0;0;0;0;0;0;1;0;0;0
"10/07/2024";"08:03:00";"613";"Com vítima";"219,000";"BR-116/SP";"Decrescente";"Colisão traseira";0;0;0;1;0;0;0;0;0;0;0;1;0;0;0
"10/07/2024";"09:04:00";"36";"Com vítima";"234,000";"BR-116/SP";"Crescente";"Tombamento";0;0;0;0;0;0;0;1;0;0;0;0;1;0;0
"10/07/2024";"11:18:00";"60";"Sem vítima";"299,000";"BR-116/SP";"Decrescente";"Choque";1;0;0;0;0;0;0;0;0;0;1;0;0;0;0
"11/07/2024";"02:29:00";"82";"Com vítima";"51,000";"BR-116/SP";"Decrescente";"Colisão frontal";1;0;0;0;0;0;0;1;0;0;3;3;0;0;0
"11/07/2024";"02:39:00";"88";"Sem vítima";"271,000";"BR-116/SP";"Crescente";"Choque";1;0;0;0;0;0;0;0;0;0;1;0;0;0;0
"11/07/2024";"03:18:00";"107";"Sem vítima";"264,000";"BR-116/SP";"Decrescente";"Choque";1;0;0;0;0;0;0;0;0;0;1;0;0;0;0
"11/07/2024";"03:42:00";"127";"Com vítima";"282,000";"BR-116/SP";"Decrescente";"Colisão lateral em sentido contrário";2;0;0;0;0;0;0;0;0;0;0;6;0;0;0
"11/07/2024";"04:32:00";"192";"Com vítima";"144,000";"BR-116/SP";"Decrescente";"Engavetamento";3;0;0;0;0;0;0;0;0;0;3;1;0;0;0
"11/07/2024";"05:52:00";"270";"Com vítima";"143,000";"BR-116/SP";"Crescente";"Colisão traseira";1;0;0;1;0;0;0;0;0;0;2;2;0;0;0
"11/07/2024";"07:27:00";"365";"Com vítima";"218,000";"BR-116/SP";"Crescente";"Colisão traseira";0;0;0;1;0;0;0;0;0;0;0;0;2;0;0
"11/07/2024";"09:41:00";"465";"Sem vítima";"420,000";"BR-101/SP";"Decrescente";"Colisão traseira";3;0;0;0;0;0;0;0;0;0;3;0;0;0;0
"11/07/2024";"09:59:00";"473";"Sem vítima";"482,000";"BR-101/SP";"Crescente";"Colisão lateral em sentido contrário";2;0;0;0;0;0;0;0;0;0;4;0;0;0;0
"11/07/2024";"11:19:00";"521";"Com vítima";"474,000";"BR-101/SP";"Crescente";"Colisão lateral em sentido contrário";1;0;0;1;0;0;0;0;0;0;4;0;2;0;0
"11/07/2024";"11:59:00";"549";"Sem vítima";"108,000";"BR-116/SP";"Crescente";"Engavetamento";2;0;0;0;0;0;0;0;0;0;10;0;0;0;0
"11/07/2024";"12:57:00";"527";"Sem vítima";"264,000";"BR-116/SP";"Decrescente";"Colisão traseira";1;0;1;0;0;0;0;0;0;0;2;0;0;0;0
"11/07/2024";"02:01:00";"615";"Sem vítima";"96,000";"BR-116/SP";"Decrescente";"Colisão traseira";1;0;1;0;0;0;0;0;0;0;2;0;0;0;0
"11/07/2024";"02:30:00";"619";"Com vítima";"115,000";"BR-116/SP";"Crescente";"Atropelamento de pedestre";0;0;0;1;0;0;0;1;0;0;1;2;0;0;1
"11/07/2024";"02:36:00";"623";"Com vítima";"50,000";"BR-101/SP";"Decrescente";"Colisão lateral em sentido contrário";1;0;0;1;0;0;0;0;0;0;1;1;0;0;0
"11/07/2024";"02:52:00";"629";"Sem vítima";"206,000";"BR-116/SP";"Crescente";"Colisão traseira";1;0;0;0;0;0;0;1;0;0;2;0;0;0;0
"11/07/2024";"04:47:00";"705";"Com vítima";"219,000";"BR-116/SP";"Crescente";"Colisão traseira";1;0;0;1;0;0;0;0;0;0;2;2;0;0;0