data;horario;n_da_ocorrencia;tipo_de_ocorrencia;km;trecho;sentido;tipo_de_acidente;automovel;bicicleta;caminhao;moto;onibus;outros;tracao_animal;transporte_de_cargas_especiais;trator_maquinas;utilitarios;ilesos;levemente_feridos;moderadamente_feridos;gravemente_feridos;mortos
"11/07/2024";"05:48:00";"739";"Com vítima";"201,000";"BR-116/SP";"Decrescente";"Colisão lateral em sentido contrário";1;0;1;0;0;0;0;0;0;0;2;1;0;0;0
"11/07/2024";"05:52:00";"742";"Sem vítima";"229,000";"BR-116/SP";"Crescente";"Colisão traseira";1;0;1;0;0;0;0;0;0;0;4;0;0;0;0
"11/07/2024";"06:11:00";"751";"Com vítima";"327,000";"BR-116/SP";"Crescente";"Atropelamento de pedestre";1;1;0;0;0;0;0;0;0;0;1;0;0;0;0
"11/07/2024";"06:41:00";"758";"Sem vítima";"496,000";"BR-101/SP";"Decrescente";"Choque";1;0;0;0;0;0;0;0;0;0;1;0;0;0;0
"11/07/2024";"06:51:00";"761";"Sem vítima";"117,000";"BR-116/SP";"Decrescente";"Choque";1;0;0;0;0;0;0;0;0;0;0;0;0;0;0
"11/07/2024";"07:11:00";"769";"Sem vítima";"476,000";"BR-101/SP";"Crescente";"Choque";1;0;0;0;0;0;0;0;0;0;1;0;0;0;0
"11/07/2024";"07:27:00";"778";"Com vítima";"171,000";"BR-116/SP";"Decrescente";"Atropelamento de pedestre";0;0;1;0;0;0;0;0;0;0;2;0;0;0;2
"12/07/2024";"01:47:00";"63";"Com vítima";"219,000";"BR-116/SP";"Crescente";"Choque";0;0;0;1;0;0;0;0;0;0;0;2;0;0;0
"12/07/2024";"02:08:00";"67";"Com vítima";"212,000";"BR-116/SP";"Crescente";"Choque";0;0;0;1;0;0;0;0;0;0;0;0;1;0;0
"12/07/2024";"02:29:00";"74";"Com vítima";"38,000";"BR-116/SP";"Decrescente";"Acidentes de outra natureza";0;0;0;1;0;0;0;0;0;0;0;1;0;0;0
"12/07/2024";"03:13:00";"92";"Com vítima";"427,000";"BR-101/SP";"Decrescente";"Colisão traseira";2;0;0;0;0;0;0;0;0;0;0;1;0;0;0
"12/07/2024";"03:17:00";"94";"Com vítima";"226,000";"BR-116/SP";"Crescente";"Engavetamento";4;0;0;0;0;0;0;0;0;0;2;3;0;0;0
"12/07/2024";"03:25:00";"102";"Sem vítima";"186,000";"BR-116/SP";"Decrescente";"Choque";1;0;0;0;0;0;0;0;0;0;2;0;0;0;0
"12/07/2024";"03:34:00";"112";"Com vítima";"231,000";"BR-116/SP";"Decrescente";"Colisão traseira";0;0;0;0;0;0;0;0;0;1;0;1;0;0;0
"12/07/2024";"06:12:00";"275";"Sem vítima";"25,000";"BR-101/SP";"Decrescente";"Choque";1;0;0;0;0;0;0;0;0;0;1;0;0;0;0
"12/07/2024";"06:12:00";"276";"Com vítima";"308,000";"BR-116/SP";"Crescente";"Colisão lateral em sentido contrário";1;0;0;0;0;0;0;0;0;0;1;2;0;0;0
"12/07/2024";"07:32:00";"332";"Com vítima";"215,000";"BR-116/SP";"Crescente";"Capotamento";1;0;0;0;0;0;0;0;0;0;0;0;1;0;0
"12/07/2024";"08:45:00";"377";"Com vítima";"51,000";"BR-116/SP";"Crescente";"Choque";1;0;0;0;0;0;0;0;0;0;2;0;1;0;0
"12/07/2024";"09:25:00";"366";"Sem vítima";"53,000";"BR-116/SP";"Crescente";"Choque";1;0;0;0;0;0;0;0;0;0;2;0;0;0;0
"12/07/2024";"09:40:00";"401";"Sem vítima";"164,000";"BR-116/SP";"Crescente";"Colisão lateral em sentido contrário";1;0;0;0;0;0;0;1;0;0;2;0;0;0;0
"12/07/2024";"10:16:00";"417";"Sem vítima";"27,000";"BR-116/SP";"Crescente";"Tombamento";0;0;0;0;0;0;0;1;0;0;0;0;0;0;0
"12/07/2024";"01:06:00";"507";"Com vítima";"234,000";"BR-116/SP";"Decrescente";"Choque";1;0;0;0;0;0;0;0;0;0;0;1;0;0;0
"12/07/2024";"01:34:00";"526";"Sem vítima";"279,000";"BR-116/SP";"Crescente";"Capotamento";1;0;0;0;0;0;0;0;0;0;1;0;0;0;0
"12/07/2024";"02:01:00";"541";"Sem vítima";"154,000";"BR-116/SP";"Crescente";"Colisão lateral em sentido contrário";0;0;1;0;0;0;0;0;0;0;4;0;0;0;0
"12/07/2024";"02:13:00";"548";"Sem vítima";"161,000";"BR-116/SP";"Crescente";"Acidentes de outra natureza";0;0;0;1;0;0;0;0;0;0;1;0;0;0;0
"12/07/2024";"03:01:00";"574";"Sem vítima";"104,000";"BR-116/SP";"Crescente";"Colisão traseira";1;0;0;0;0;0;0;0;0;0;3;0;0;0;0
"12/07/2024";"03:07:00";"577";"Com vítima";"40,000";"BR-101/SP";"Crescente";"Atropelamento de pedestre";0;0;0;1;0;0;0;0;0;0;2;0;1;0;0
"12/07/2024";"04:13:00";"621";"Com vítima";"48,000";"BR-101/SP";"Crescente";"Colisão lateral em sentido contrário";1;0;0;1;0;0;0;0;0;0;1;1;0;0;0
"12/07/2024";"04:50:00";"637";"Sem vítima";"124,000";"BR-116/SP";"Crescente";"Colisão traseira";1;0;1;0;0;0;0;0;0;0;0;0;0;0;0
"12/07/2024";"04:58:00";"641";"Sem vítima";"51,000";"BR-101/SP";"Decrescente";"Colisão traseira";1;0;0;0;0;0;0;0;0;0;1;0;0;0;0
"12/07/2024";"06:22:00";"671";"Com vítima";"185,000";"BR-116/SP";"Crescente";"Choque";1;0;0;0;0;0;0;1;0;0;4;1;0;0;0
"12/07/2024";"07:22:00";"690";"Com vítima";"194,000";"BR-116/SP";"Crescente";"Colisão traseira";2;0;0;0;0;0;0;0;0;0;0;3;0;0;0
"12/07/2024";"08:37:00";"709";"Com vítima";"217,000";"BR-116/SP";"Crescente";"Atropelamento de pedestre";1;0;0;0;0;0;0;0;0;0;1;1;0;0;0
"12/07/2024";"09:00:00";"284";"Com vítima";"229,000";"BR-116/SP";"Decrescente";"Tombamento";0;0;2;0;0;0;0;0;0;0;2;0;0;1;0
"13/07/2024";"01:43:00";"74";"Com vítima";"219,000";"BR-116/SP";"Crescente";"Choque";1;0;0;0;0;0;0;0;0;0;0;0;2;0;0
"13/07/2024";"01:52:00";"77";"Sem vítima";"499,000";"BR-101/SP";"Crescente";"Choque";1;0;0;0;0;0;0;0;0;0;2;0;0;0;0
"13/07/2024";"02:34:00";"86";"Sem vítima";"324,000";"BR-116/SP";"Crescente";"Choque";1;0;0;0;0;0;0;1;0;0;2;0;0;0;0
"13/07/2024";"03:22:00";"100";"Sem vítima";"235,900";"BR-116/SP";"Crescente";"Colisão lateral em sentido contrário";1;0;1;0;0;0;0;0;0;0;0;0;0;0;0
"13/07/2024";"06:38:00";"213";"Sem vítima";"383,000";"BR-101/SP";"Crescente";"Colisão lateral em sentido contrário";1;0;0;0;0;0;0;0;0;0;1;0;0;0;0
"13/07/2024";"06:44:00";"215";"Com vítima";"287,000";"BR-116/SP";"Decrescente";"Engavetamento";3;0;0;1;0;0;0;0;0;0;10;1;0;0;0
"13/07/2024";"06:46:00";"218";"Com vítima";"238,000";"BR-116/SP";"Decrescente";"Tombamento";0;0;1;0;0;0;0;0;0;0;0;2;0;0;0
"13/07/2024";"07:33:00";"245";"Sem vítima";"159,000";"BR-116/SP";"Decrescente";"Colisão traseira";2;0;0;0;0;0;0;0;0;0;6;0;0;0;0
"13/07/2024";"08:15:00";"263";"Sem vítima";"231,000";"BR-116/SP";"Decrescente";"Choque";0;0;0;0;0;0;0;1;0;0;1;0;0;0;0
"13/07/2024";"09:18:00";"286";"Sem vítima";"124,000";"BR-116/SP";"Decrescente";"Engavetamento";1;0;1;0;0;0;0;0;0;0;2;0;0;0;0
"13/07/2024";"10:40:00";"314";"Com vítima";"238,000";"BR-116/SP";"Decrescente";"Colisão lateral em sentido contrário";0;0;1;1;0;0;0;0;0;0;0;1;1;0;0
"13/07/2024";"10:57:00";"325";"Sem vítima";"245,500";"BR-116/SP";"Decrescente";"Choque";1;0;0;0;0;0;0;0;0;0;2;0;0;0;0
"13/07/2024";"01:19:00";"390";"Sem vítima";"174,200";"BR-116/SP";"Decrescente";"Colisão traseira";2;0;0;0;0;0;0;0;0;0;6;0;0;0;0
"13/07/2024";"01:33:00";"398";"Sem vítima";"145,950";"BR-116/SP";"Decrescente";"Engavetamento";2;0;2;0;0;0;0;0;0;0;5;0;0;0;0
"13/07/2024";"02:16:00";"416";"Sem vítima";"494,000";"BR-101/SP";"Crescente";"Choque";1;0;0;0;0;0;0;0;0;0;2;0;0;0;0
"13/07/2024";"02:27:00";"423";"Com vítima";"231,000";"BR-116/SP";"Decrescente";"Colisão traseira";1;0;0;1;0;0;0;0;0;0;2;1;0;0;0
"13/07/2024";"04:08:00";"466";"Sem vítima";"394,000";"BR-101/SP";"Decrescente";"Atropelamento de pedestre";1;0;0;0;0;0;0;0;0;0;1;0;0;0;0
"13/07/2024";"04:55:00";"484";"Com vítima";"307,400";"BR-116/SP";"Crescente";"Colisão traseira";1;0;1;0;0;0;0;0;0;0;1;1;0;0;0
"13/07/2024";"06:03:00";"500";"Sem vítima";"426,000";"BR-101/SP";"Decrescente";"Atropelamento de pedestre";1;0;0;0;0;0;0;0;0;0;1;0;0;0;0
"13/07/2024";"06:29:00";"508";"Com vítima";"235,700";"BR-116/SP";"Decrescente";"Acidentes de outra natureza";1;0;0;0;0;0;0;0;0;0;0;1;0;0;0
"13/07/2024";"07:40:00";"532";"Com vítima";"81,000";"BR-116/SP";"Crescente";"Atropelamento de pedestre";0;0;0;1;0;0;0;0;0;0;0;1;1;0;0
"13/07/2024";"09:59:00";"53";"Com vítima";"223,500";"BR-116/SP";"Decrescente";"Colisão traseira";1;0;0;1;0;0;0;0;0;0;2;0;1;0;0
"13/07/2024";"10:27:00";"58";"Sem vítima";"60,000";"BR-116/SP";"Crescente";"Colisão traseira";2;0;0;0;0;0;0;0;0;0;2;0;0;0;0
"13/07/2024";"10:33:00";"59";"Com vítima";"216,700";"BR-116/SP";"Decrescente";"Choque";1;0;0;0;0;0;0;0;0;0;0;1;0;0;0
"14/07/2024";"12:21:00";"77";"Com vítima";"485,500";"BR-101/SP";"Crescente";"Acidentes de outra natureza";0;0;0;1;0;0;0;0;0;0;0;2;0;0;0
"14/07/2024";"01:27:00";"83";"Sem vítima";"112,300";"BR-116/SP";"Decrescente";"Choque";1;0;0;0;0;0;0;0;0;0;1;0;0;0;0
"14/07/2024";"01:34:00";"84";"Com vítima";"45,000";"BR-116/SP";"Crescente";"Engavetamento";3;0;0;0;0;0;0;0;0;0;2;2;0;0;0
"14/07/2024";"04:30:00";"121";"Com vítima";"23,000";"BR-101/SP";"Decrescente";"Atropelamento de pedestre";1;1;0;0;0;0;0;0;0;0;1;0;0;0;0
"14/07/2024";"05:18:00";"144";"Com vítima";"122,000";"BR-116/SP";"Decrescente";"Colisão lateral em sentido contrário";1;0;0;1;0;0;0;0;0;0;5;0;1;0;0
"14/07/2024";"05:32:00";"146";"Com vítima";"201,000";"BR-116/SP";"Crescente";"Capotamento";1;0;0;0;0;0;0;0;0;0;0;1;0;0;0
"14/07/2024";"06:21:00";"158";"Sem vítima";"230,000";"BR-116/SP";"Crescente";"Choque";0;0;1;0;0;0;0;0;0;0;2;0;0;0;0
"14/07/2024";"10:58:00";"274";"Sem vítima";"264,000";"BR-116/SP";"Decrescente";"Colisão traseira";2;0;0;0;0;0;0;0;0;0;3;0;0;0;0
"14/07/2024";"11:06:00";"279";"Com vítima";"320,000";"BR-116/SP";"Decrescente";"Acidentes de outra natureza";0;0;0;1;0;0;0;0;0;0;0;2;0;0;0
"14/07/2024";"11:20:00";"284";"Sem vítima";"155,000";"BR-116/SP";"Crescente";"Colisão traseira";1;0;0;0;0;0;0;0;0;0;3;0;0;0;0
"14/07/2024";"12:40:00";"293";"Com vítima";"213,000";"BR-116/SP";"Decrescente";"Colisão lateral em sentido contrário";3;0;0;0;0;0;0;0;0;0;4;4;0;0;0
"14/07/2024";"01:43:00";"339";"Sem vítima";"69,000";"BR-116/SP";"Crescente";"Colisão traseira";2;0;0;0;0;0;0;0;0;0;4;0;0;0;0
"14/07/2024";"01:45:00";"340";"Com vítima";"227,000";"BR-116/SP";"Crescente";"Choque";0;0;0;1;0;0;0;0;0;0;0;1;0;0;0
"14/07/2024";"01:53:00";"347";"Sem vítima";"88,000";"BR-116/SP";"Decrescente";"Colisão traseira";2;0;0;0;0;0;0;0;0;0;4;0;0;0;0
"14/07/2024";"03:07:00";"387";"Com vítima";"142,800";"BR-116/SP";"Decrescente";"Choque";0;0;0;1;0;0;0;0;0;0;0;1;0;0;0
"14/07/2024";"04:32:00";"420";"Sem vítima";"113,000";"BR-116/SP";"Crescente";"Engavetamento";2;0;0;0;0;0;0;0;0;0;0;0;0;0;0
"14/07/2024";"04:41:00";"427";"Com vítima";"213,500";"BR-116/SP";"Crescente";"Colisão lateral em sentido contrário";2;0;0;0;0;0;0;0;0;0;5;2;0;0;0
"14/07/2024";"04:49:00";"433";"Sem vítima";"125,000";"BR-116/SP";"Crescente";"Choque";1;0;0;0;0;0;0;0;0;0;1;0;0;0;0
"14/07/2024";"06:39:00";"477";"Com vítima";"216,300";"BR-116/SP";"Decrescente";"Atropelamento de pedestre";0;0;0;0;0;0;0;0;0;0;0;0;0;0;1
"14/07/2024";"06:56:00";"487";"Com vítima";"282,100";"BR-116/SP";"Decrescente";"Colisão frontal";2;0;0;0;0;0;0;0;0;0;1;1;0;0;0
"14/07/2024";"07:22:00";"495";"Sem vítima";"500,800";"BR-101/SP";"Decrescente";"Choque";1;0;0;0;0;0;0;0;0;0;4;0;0;0;0
"14/07/2024";"08:02:00";"503";"Sem vítima";"179,400";"BR-116/SP";"Crescente";"Choque";1;0;0;0;0;0;0;0;0;0;1;0;0;0;0
"14/07/2024";"08:07:00";"506";"Com vítima";"216,400";"BR-116/SP";"Decrescente";"Colisão traseira";1;0;0;0;0;0;0;0;0;1;5;4;0;0;0
"14/07/2024";"08:24:00";"514";"Sem vítima";"208,000";"BR-116/SP";"Decrescente";"Choque";1;0;0;0;0;0;0;0;0;0;1;0;0;0;0
"14/07/2024";"09:00:00";"143";"Sem vítima";"139,000";"BR-116/SP";"Crescente";"Engavetamento";3;0;0;0;0;0;0;0;0;0;3;0;0;0;0
"14/07/2024";"09:25:00";"34";"Sem vítima";"208,000";"BR-116/SP";"Decrescente";"Choque";2;0;0;0;0;0;0;0;0;0;3;0;0;0;0
"14/07/2024";"09:25:00";"35";"Sem vítima";"208,850";"BR-116/SP";"Decrescente";"Choque";1;0;0;0;0;0;0;0;0;0;2;0;0;0;0
"14/07/2024";"11:51:00";"48";"Sem vítima";"525,500";"BR-101/SP";"Decrescente";"Choque";1;0;0;0;0;0;0;0;0;0;1;0;0;0;0
"15/07/2024";"12:46:00";"55";"Sem vítima";"322,000";"BR-116/SP";"Crescente";"Colisão traseira";1;0;1;0;0;0;0;0;0;0;6;0;0;0;0
"15/07/2024";"03:11:00";"86";"Sem vítima";"90,000";"BR-116/SP";"Decrescente";"Tombamento";0;0;1;0;0;0;0;0;0;0;1;0;0;0;0
"15/07/2024";"06:24:00";"250";"Com vítima";"157,000";"BR-116/SP";"Decrescente";"Engavetamento";3;0;0;0;0;0;0;0;0;0;2;2;0;0;0
"15/07/2024";"07:10:00";"275";"Com vítima";"500,000";"BR-101/SP";"Crescente";"Colisão lateral em sentido contrário";1;0;0;1;0;0;0;0;0;0;2;2;2;0;0
"15/07/2024";"12:23:00";"424";"Sem vítima";"51,000";"BR-116/SP";"Decrescente";"Choque";0;0;0;0;0;0;0;1;0;0;1;0;0;0;0
"15/07/2024";"12:46:00";"440";"Com vítima";"51,000";"BR-116/SP";"Decrescente";"Acidentes de outra natureza";0;0;0;1;0;0;0;0;0;0;0;1;0;0;0
"15/07/2024";"12:46:00";"444";"Sem vítima";"51,000";"BR-116/SP";"Decrescente";"Acidentes de outra natureza";0;0;0;0;0;0;0;0;0;0;0;0;0;0;0
"15/07/2024";"02:39:00";"485";"Com vítima";"557,000";"BR-101/SP";"Decrescente";"Colisão frontal";2;0;0;0;0;0;0;0;0;0;0;1;0;2;0
"15/07/2024";"03:15:00";"505";"Com vítima";"145,000";"BR-116/SP";"Decrescente";"Acidentes de outra natureza";0;0;0;1;0;0;0;0;0;0;0;1;0;0;0
"15/07/2024";"04:28:00";"539";"Sem vítima";"156,000";"BR-116/SP";"Decrescente";"Colisão traseira";1;0;1;0;0;0;0;0;0;0;3;0;0;0;0
"15/07/2024";"05:57:00";"577";"Com vítima";"155,000";"BR-116/SP";"Crescente";"Colisão traseira";0;0;1;0;0;0;0;1;0;0;0;2;0;0;0
"15/07/2024";"08:12:00";"622";"Com vítima";"221,800";"BR-116/SP";"Decrescente";"Choque";1;0;0;0;0;0;0;0;0;0;0;1;0;0;0
"15/07/2024";"11:11:00";"50";"Com vítima";"189,000";"BR-116/SP";"Crescente";"Colisão traseira";1;0;1;0;0;0;0;0;0;0;1;1;0;0;0
"16/07/2024";"04:09:00";"171";"Sem vítima";"157,000";"BR-116/SP";"Decrescente";"Colisão lateral em sentido contrário";1;0;0;0;0;0;0;1;0;0;2;0;0;0;0
"16/07/2024";"04:18:00";"182";"Sem vítima";"214,000";"BR-116/SP";"Decrescente";"Choque";1;0;0;0;0;0;0;0;0;0;1;0;0;0;0
"16/07/2024";"05:56:00";"272";"Sem vítima";"161,000";"BR-116/SP";"Decrescente";"Choque";0;0;0;0;0;0;0;1;0;0;1;0;0;0;0
"16/07/2024";"06:09:00";"280";"Com vítima";"158,750";"BR-116/SP";"Decrescente";"Engavetamento";0;0;0;1;1;0;0;0;0;0;1;1;0;0;0
"16/07/2024";"07:10:00";"316";"Sem vítima";"279,000";"BR-116/SP";"Crescente";"Colisão traseira";0;0;1;0;1;0;0;0;0;0;27;0;0;0;0
"16/07/2024";"01:51:00";"532";"Com vítima";"41,700";"BR-116/SP";"Decrescente";"Engavetamento";3;0;0;0;0;0;0;0;0;0;4;2;0;0;0
"16/07/2024";"04:30:00";"609";"Com vítima";"152,700";"BR-116/SP";"Crescente";"Colisão traseira";0;0;0;1;0;0;0;1;0;0;1;0;1;0;0
"16/07/2024";"05:51:00";"642";"Com vítima";"231,000";"BR-116/SP";"Decrescente";"Atropelamento de pedestre";0;0;0;0;0;0;0;0;0;1;2;0;0;2;0
"16/07/2024";"09:43:00";"39";"Com vítima";"261,000";"BR-116/SP";"Decrescente";"Choque";1;0;0;0;0;0;0;0;0;0;0;0;1;0;0
"17/07/2024";"02:52:00";"82";"Com vítima";"96,000";"BR-116/SP";"Crescente";"Tombamento";0;0;1;0;0;0;0;0;0;0;0;1;0;0;0
"17/07/2024";"03:42:00";"119";"Com vítima";"223,000";"BR-116/SP";"Crescente";"Acidentes de outra natureza";0;0;0;2;0;0;0;0;0;0;1;2;0;0;0
"17/07/2024";"04:46:00";"164";"Com vítima";"211,800";"BR-116/SP";"Crescente";"Colisão lateral em sentido contrário";0;0;0;2;0;0;0;0;0;0;1;0;1;0;0
"17/07/2024";"04:56:00";"177";"Sem vítima";"226,000";"BR-116/SP";"Decrescente";"Tombamento";0;0;0;0;0;0;0;1;0;0;1;0;0;0;0
"17/07/2024";"06:23:00";"255";"Sem vítima";"332,800";"BR-116/SP";"Crescente";"Choque";0;0;0;0;0;0;0;0;0;1;1;0;0;0;0
"17/07/2024";"07:46:00";"335";"Sem vítima";"222,000";"BR-116/SP";"Crescente";"Colisão traseira";1;0;1;0;0;0;0;0;0;0;2;0;0;0;0
"17/07/2024";"11:41:00";"450";"Com vítima";"219,000";"BR-116/SP";"Crescente";"Colisão lateral em sentido contrário";1;0;0;1;0;0;0;0;0;0;1;1;0;0;0
"17/07/2024";"12:13:00";"468";"Com vítima";"214,500";"BR-116/SP";"Crescente";"Choque";1;0;0;0;0;0;0;0;0;0;0;1;0;0;0
"17/07/2024";"01:01:00";"493";"Com vítima";"402,000";"BR-101/SP";"Decrescente";"Choque";1;0;0;0;0;0;0;0;0;0;0;2;0;0;0
"17/07/2024";"01:05:00";"495";"Sem vítima";"281,000";"BR-116/SP";"Decrescente";"Choque";1;0;0;0;0;0;0;0;0;0;1;0;0;0;0
"17/07/2024";"01:17:00";"498";"Sem vítima";"258,400";"BR-116/SP";"Crescente";"Engavetamento";1;0;1;0;1;0;0;0;0;0;2;0;0;0;0
"17/07/2024";"02:32:00";"541";"Com vítima";"209,700";"BR-116/SP";"Decrescente";"Engavetamento";0;0;1;3;0;0;0;0;0;0;1;2;1;0;0
"17/07/2024";"04:11:00";"584";"Sem vítima";"147,000";"BR-116/SP";"Decrescente";"Colisão lateral em sentido contrário";0;0;0;2;0;0;0;0;0;0;2;0;0;0;0
"17/07/2024";"05:18:00";"612";"Com vítima";"179,000";"BR-116/SP";"Decrescente";"Acidentes de outra natureza";0;0;0;1;0;0;0;0;0;0;0;1;0;0;0
"17/07/2024";"05:44:00";"623";"Com vítima";"272,000";"BR-116/SP";"Crescente";"Tombamento";0;0;0;0;0;0;0;1;0;0;0;0;0;1;0
"17/07/2024";"06:24:00";"636";"Sem vítima";"155,700";"BR-116/SP";"Decrescente";"Colisão traseira";1;0;0;1;0;0;0;0;0;0;2;0;0;0;0
"17/07/2024";"08:35:00";"663";"Com vítima";"48,450";"BR-101/SP";"Crescente";"Colisão lateral em sentido contrário";1;1;0;1;0;0;0;0;0;0;1;1;0;0;0
"17/07/2024";"08:43:00";"665";"Sem vítima";"233,000";"BR-116/SP";"Crescente";"Choque";0;0;1;0;0;0;0;0;0;0;1;0;0;0;0
"17/07/2024";"11:55:00";"61";"Com vítima";"312,000";"BR-116/SP";"Decrescente";"Choque";1;0;0;0;0;0;0;0;0;0;0;1;0;0;0
"18/07/2024";"03:12:00";"109";"Sem vítima";"255,000";"BR-116/SP";"Crescente";"Choque";1;0;0;0;0;0;0;0;0;0;1;0;0;0;0
"18/07/2024";"03:37:00";"137";"Sem vítima";"255,800";"BR-116/SP";"Crescente";"Choque";1;0;0;0;0;0;0;0;0;0;1;0;0;0;0
"18/07/2024";"04:22:00";"197";"Sem vítima";"86,000";"BR-116/SP";"Decrescente";"Colisão lateral em sentido contrário";1;0;0;0;0;0;0;1;0;0;5;0;0;0;0
"18/07/2024";"04:24:00";"237";"Com vítima";"161,000";"BR-116/SP";"Decrescente";"Colisão traseira";1;0;0;1;0;0;0;0;0;0;1;1;0;0;0
"18/07/2024";"05:06:00";"235";"Com vítima";"282,000";"BR-116/SP";"Decrescente";"Choque";0;0;0;0;0;0;0;0;0;1;0;1;0;0;0
"18/07/2024";"05:54:00";"274";"Sem vítima";"211,900";"BR-116/SP";"Crescente";"Engavetamento";1;0;0;0;1;0;0;0;0;0;50;0;0;0;0
"18/07/2024";"07:11:00";"320";"Com vítima";"63,000";"BR-116/SP";"Crescente";"Colisão traseira";0;0;2;0;0;0;0;0;0;0;2;6;0;0;0
"18/07/2024";"09:27:00";"389";"Com vítima";"287,000";"BR-116/SP";"Decrescente";"Colisão traseira";1;0;1;0;0;0;0;0;0;0;1;1;1;0;0
"18/07/2024";"10:41:00";"425";"Sem vítima";"287,000";"BR-116/SP";"Decrescente";"Colisão traseira";1;0;1;0;0;0;0;0;0;0;0;0;0;0;0
"18/07/2024";"11:24:00";"454";"Sem vítima";"291,000";"BR-116/SP";"Decrescente";"Engavetamento";1;0;2;0;0;0;0;0;0;0;2;0;0;0;0
"18/07/2024";"12:37:00";"495";"Sem vítima";"76,000";"BR-116/SP";"Crescente";"Colisão traseira";2;0;0;0;0;0;0;0;0;0;2;0;0;0;0
"18/07/2024";"12:48:00";"498";"Com vítima";"142,000";"BR-116/SP";"Decrescente";"Colisão traseira";0;0;0;1;0;0;0;0;0;0;0;1;0;0;0
"18/07/2024";"02:43:00";"552";"Com vítima";"147,000";"BR-116/SP";"Decrescente";"Acidentes de outra natureza";0;0;0;1;0;0;0;0;0;0;1;1;0;0;0
"18/07/2024";"03:56:00";"583";"Sem vítima";"563,500";"BR-101/SP";"Decrescente";"Choque";1;0;0;0;0;0;0;0;0;0;2;0;0;0;0
"18/07/2024";"04:21:00";"596";"Com vítima";"480,700";"BR-101/SP";"Decrescente";"Colisão lateral em sentido contrário";0;0;0;1;0;0;0;0;0;0;0;1;0;0;0
"18/07/2024";"05:16:00";"622";"Sem vítima";"158,000";"BR-116/SP";"Crescente";"Colisão traseira";1;0;0;0;0;0;0;0;0;0;2;0;0;0;0
"18/07/2024";"05:43:00";"638";"Com vítima";"212,000";"BR-116/SP";"Crescente";"Choque";1;0;0;0;0;0;0;0;0;0;0;1;0;0;0
"18/07/2024";"09:41:00";"42";"Com vítima";"213,000";"BR-116/SP";"Crescente";"Choque";1;0;0;0;0;0;0;0;0;0;3;1;0;0;0
"18/07/2024";"10:04:00";"44";"Com vítima";"113,500";"BR-116/SP";"Decrescente";"Colisão traseira";1;0;1;0;0;0;0;0;0;0;1;1;1;0;0
"19/07/2024";"02:57:00";"110";"Com vítima";"445,000";"BR-101/SP";"Decrescente";"Colisão frontal";1;0;0;0;1;0;0;0;0;0;1;0;2;0;2
"19/07/2024";"02:57:00";"112";"Sem vítima";"126,000";"BR-116/SP";"Decrescente";"Choque";1;0;0;0;0;0;0;0;0;0;1;0;0;0;0
"19/07/2024";"03:10:00";"121";"Sem vítima";"8,000";"BR-116/SP";"Decrescente";"Colisão traseira";0;0;2;0;0;0;0;0;0;0;2;0;0;0;0
"19/07/2024";"03:15:00";"129";"Sem vítima";"63,400";"BR-116/SP";"Crescente";"Choque";0;0;1;0;0;0;0;0;0;0;1;0;0;0;0
"19/07/2024";"04:33:00";"186";"Sem vítima";"101,000";"BR-116/SP";"Crescente";"Colisão traseira";1;0;0;0;0;0;0;0;0;0;0;0;0;0;0
"19/07/2024";"05:00:00";"216";"Com vítima";"225,000";"BR-116/SP";"Crescente";"Colisão lateral em sentido contrário";1;0;0;1;0;0;0;0;0;0;8;4;0;0;0
"19/07/2024";"05:44:00";"279";"Com vítima";"225,500";"BR-116/SP";"Crescente";"Colisão traseira";0;0;0;2;0;0;0;0;0;0;2;1;0;0;0
"19/07/2024";"06:24:00";"307";"Sem vítima";"155,000";"BR-116/SP";"Crescente";"Colisão traseira";1;0;0;0;0;0;0;1;0;0;2;0;0;0;0
"19/07/2024";"07:46:00";"366";"Com vítima";"247,000";"BR-116/SP";"Decrescente";"Engavetamento";2;0;1;0;0;0;0;0;0;0;6;3;0;0;0
"19/07/2024";"08:24:00";"383";"Sem vítima";"140,300";"BR-116/SP";"Crescente";"Engavetamento";1;0;0;0;0;0;0;0;0;0;5;0;0;0;0
"19/07/2024";"08:25:00";"384";"Com vítima";"219,000";"BR-116/SP";"Decrescente";"Colisão lateral em sentido contrário";0;0;0;1;0;0;0;0;0;1;1;1;0;0;0
"19/07/2024";"08:27:00";"386";"Sem vítima";"224,000";"BR-116/SP";"Decrescente";"Colisão lateral em sentido contrário";0;0;2;0;0;0;0;0;0;0;1;0;0;0;0
"19/07/2024";"10:56:00";"461";"Sem vítima";"206,000";"BR-116/SP";"Crescente";"Engavetamento";2;0;0;0;0;0;0;0;0;0;6;0;0;0;0
"19/07/2024";"01:11:00";"533";"Com vítima";"102,000";"BR-116/SP";"Crescente";"Colisão traseira";2;0;0;0;0;0;0;0;0;0;4;2;0;0;0