data;horario;n_da_ocorrencia;tipo_de_ocorrencia;km;trecho;sentido;tipo_de_acidente;automovel;bicicleta;caminhao;moto;onibus;outros;tracao_animal;transporte_de_cargas_especiais;trator_maquinas;utilitarios;ilesos;levemente_feridos;moderadamente_feridos;gravemente_feridos;mortos
"19/07/2024";"01:11:00";"534";"Sem vítima";"275,700";"BR-116/SP";"Decrescente";"Colisão lateral em sentido contrário";1;0;1;0;0;0;0;0;0;0;2;0;0;0;0
"19/07/2024";"01:13:00";"537";"Sem vítima";"219,000";"BR-116/SP";"Decrescente";"Engavetamento";1;0;0;0;0;0;0;0;0;0;1;0;0;0;0
"19/07/2024";"01:19:00";"542";"Sem vítima";"112,000";"BR-116/SP";"Decrescente";"Colisão traseira";2;0;0;0;0;0;0;0;0;0;2;0;0;0;0
"19/07/2024";"03:24:00";"609";"Com vítima";"118,000";"BR-116/SP";"Crescente";"Engavetamento";3;0;0;0;0;0;0;0;0;1;7;1;0;0;0
"19/07/2024";"03:33:00";"611";"Com vítima";"98,950";"BR-116/SP";"Decrescente";"Acidentes de outra natureza";0;0;0;1;0;0;0;0;0;0;0;1;0;0;0
"19/07/2024";"03:42:00";"617";"Com vítima";"217,900";"BR-116/SP";"Crescente";"Colisão traseira";1;0;0;1;0;0;0;0;0;0;4;1;0;0;0
"19/07/2024";"04:08:00";"632";"Sem vítima";"105,000";"BR-116/SP";"Crescente";"Engavetamento";1;0;2;0;0;0;0;0;0;0;4;0;0;0;0
"19/07/2024";"06:22:00";"687";"Com vítima";"133,000";"BR-116/SP";"Crescente";"Colisão traseira";0;0;0;1;0;0;0;0;0;0;0;0;1;0;0
"19/07/2024";"06:42:00";"693";"Sem vítima";"88,200";"BR-116/SP";"Crescente";"Acidentes de outra natureza";1;0;0;0;0;1;0;0;0;0;0;0;0;0;0
"19/07/2024";"08:28:00";"719";"Sem vítima";"275,000";"BR-116/SP";"Decrescente";"Colisão lateral em sentido contrário";1;0;1;0;0;0;0;0;0;0;2;0;0;0;0
"19/07/2024";"09:00:00";"116";"Com vítima";"55,500";"BR-116/SP";"Crescente";"Choque";1;0;0;0;0;0;0;0;0;0;1;1;0;0;0
"19/07/2024";"09:00:00";"337";"Com vítima";"65,000";"BR-116/SP";"Crescente";"Acidentes de outra natureza";0;0;0;1;0;0;0;0;0;0;0;1;0;0;0
"20/07/2024";"02:11:00";"86";"Sem vítima";"147,000";"BR-116/SP";"Decrescente";"Colisão lateral em sentido contrário";2;0;0;0;0;0;0;0;0;0;3;0;0;0;0
"20/07/2024";"02:13:00";"87";"Sem vítima";"174,000";"BR-116/SP";"Decrescente";"Colisão traseira";0;0;2;0;0;0;0;0;0;0;4;0;0;0;0
"20/07/2024";"03:14:00";"102";"Com vítima";"212,000";"BR-116/SP";"Crescente";"Engavetamento";2;0;1;0;1;0;0;0;0;1;14;2;0;0;0
"20/07/2024";"03:35:00";"111";"Sem vítima";"212,000";"BR-116/SP";"Crescente";"Colisão traseira";1;0;0;0;0;0;0;0;0;0;1;0;0;0;0
"20/07/2024";"03:38:00";"115";"Sem vítima";"130,000";"BR-116/SP";"Decrescente";"Choque";2;0;0;0;0;0;0;0;0;0;0;0;0;0;0
"20/07/2024";"04:22:00";"145";"Sem vítima";"169,100";"BR-116/SP";"Decrescente";"Colisão traseira";1;0;0;0;0;0;0;0;0;0;1;0;0;0;0
"20/07/2024";"04:45:00";"169";"Sem vítima";"130,000";"BR-116/SP";"Decrescente";"Colisão traseira";2;0;0;0;0;0;0;0;0;0;0;0;0;0;0
"20/07/2024";"05:34:00";"197";"Com vítima";"472,000";"BR-101/SP";"Crescente";"Colisão lateral em sentido contrário";2;0;0;0;0;0;0;0;0;0;1;1;0;0;0
"20/07/2024";"05:45:00";"204";"Com vítima";"213,000";"BR-116/SP";"Decrescente";"Capotamento";1;0;0;0;0;0;0;0;0;0;0;2;0;0;0
"20/07/2024";"06:17:00";"225";"Sem vítima";"145,000";"BR-116/SP";"Decrescente";"Engavetamento";3;0;0;1;1;0;0;0;0;0;37;0;0;0;0
"20/07/2024";"06:39:00";"236";"Com vítima";"218,000";"BR-116/SP";"Decrescente";"Colisão traseira";2;0;0;0;0;0;0;0;0;0;3;1;0;0;0
"20/07/2024";"07:17:00";"257";"Sem vítima";"186,000";"BR-116/SP";"Crescente";"Choque";0;0;0;0;0;0;0;2;0;0;3;0;0;0;0
"20/07/2024";"09:05:00";"313";"Sem vítima";"222,500";"BR-116/SP";"Decrescente";"Colisão traseira";1;0;0;0;0;0;0;0;0;0;1;0;0;0;0
"20/07/2024";"10:30:00";"351";"Sem vítima";"143,000";"BR-116/SP";"Decrescente";"Colisão traseira";1;0;0;0;0;0;0;0;0;0;2;0;0;0;0
"20/07/2024";"12:19:00";"388";"Com vítima";"287,000";"BR-116/SP";"Decrescente";"Colisão traseira";1;0;0;0;0;0;0;0;0;0;2;0;1;0;0
"20/07/2024";"12:39:00";"399";"Com vítima";"252,000";"BR-116/SP";"Crescente";"Engavetamento";2;0;1;0;0;0;0;0;0;0;15;3;0;0;0
"20/07/2024";"01:00:00";"413";"Sem vítima";"287,000";"BR-116/SP";"Decrescente";"Colisão lateral em sentido contrário";1;0;0;0;0;0;0;1;0;0;4;0;0;0;0
"20/07/2024";"01:40:00";"430";"Com vítima";"288,000";"BR-116/SP";"Decrescente";"Engavetamento";4;0;0;0;1;0;0;0;0;1;48;26;0;0;0
"20/07/2024";"02:09:00";"440";"Sem vítima";"406,000";"BR-101/SP";"Decrescente";"Choque";1;0;0;0;0;0;0;0;0;0;1;0;0;0;0
"20/07/2024";"04:01:00";"468";"Com vítima";"406,500";"BR-101/SP";"Crescente";"Colisão traseira";2;0;0;0;0;0;0;0;0;0;1;3;1;0;0
"20/07/2024";"05:10:00";"504";"Sem vítima";"220,000";"BR-116/SP";"Decrescente";"Engavetamento";2;0;0;0;0;0;0;0;0;0;2;0;0;0;0
"20/07/2024";"06:47:00";"529";"Sem vítima";"542,000";"BR-101/SP";"Crescente";"Choque";1;0;0;0;0;0;0;0;0;0;1;0;0;0;0
"20/07/2024";"08:59:00";"561";"Sem vítima";"101,000";"BR-116/SP";"Decrescente";"Choque";1;0;0;0;0;0;0;0;0;0;3;0;0;0;0
"20/07/2024";"09:00:00";"394";"Sem vítima";"121,400";"BR-116/SP";"Decrescente";"Colisão lateral em sentido contrário";1;0;0;0;0;0;0;1;0;0;2;0;0;0;0
"20/07/2024";"11:13:00";"57";"Com vítima";"315,000";"BR-116/SP";"Decrescente";"Colisão traseira";2;0;0;0;0;0;0;0;0;0;0;1;0;0;0
"21/07/2024";"03:07:00";"99";"Com vítima";"180,800";"BR-116/SP";"Crescente";"Colisão traseira";1;0;0;0;0;0;0;0;0;0;2;1;0;0;0
"21/07/2024";"03:36:00";"105";"Com vítima";"230,000";"BR-116/SP";"Decrescente";"Atropelamento de pedestre";1;0;0;0;0;0;0;0;0;0;1;0;0;1;0
"21/07/2024";"04:10:00";"114";"Com vítima";"230,000";"BR-116/SP";"Decrescente";"Colisão lateral em sentido contrário";1;0;0;1;0;0;0;0;0;0;6;0;3;0;0
"21/07/2024";"04:30:00";"122";"Com vítima";"214,000";"BR-116/SP";"Decrescente";"Choque";1;0;0;0;0;0;0;0;0;0;1;1;0;0;0
"21/07/2024";"04:55:00";"136";"Sem vítima";"180,000";"BR-116/SP";"Decrescente";"Choque";1;0;0;0;0;0;0;0;0;0;10;0;0;0;0
"21/07/2024";"04:59:00";"143";"Com vítima";"215,000";"BR-116/SP";"Decrescente";"Colisão lateral em sentido contrário";1;0;0;1;0;0;0;0;0;0;3;3;0;0;0
"21/07/2024";"06:50:00";"199";"Com vítima";"392,000";"BR-101/SP";"Decrescente";"Colisão traseira";2;0;0;0;0;0;0;0;0;0;0;6;0;0;0
"21/07/2024";"07:47:00";"221";"Com vítima";"86,000";"BR-116/SP";"Crescente";"Colisão traseira";0;0;0;1;0;0;0;0;0;0;0;3;3;0;0
"21/07/2024";"10:12:00";"293";"Sem vítima";"324,000";"BR-116/SP";"Decrescente";"Engavetamento";2;0;0;0;0;0;0;1;0;0;7;0;0;0;0
"21/07/2024";"10:53:00";"307";"Sem vítima";"327,000";"BR-116/SP";"Decrescente";"Colisão lateral em sentido contrário";2;0;0;0;0;0;0;0;0;0;10;0;0;0;0
"21/07/2024";"11:41:00";"328";"Sem vítima";"76,500";"BR-116/SP";"Crescente";"Colisão traseira";1;0;0;0;0;0;0;0;0;0;2;0;0;0;0
"21/07/2024";"12:00:00";"333";"Sem vítima";"86,000";"BR-116/SP";"Decrescente";"Colisão traseira";2;0;0;0;0;0;0;0;0;0;6;0;0;0;0
"21/07/2024";"01:01:00";"365";"Com vítima";"121,600";"BR-116/SP";"Decrescente";"Engavetamento";8;0;0;0;0;0;0;0;0;0;16;2;0;0;0
"21/07/2024";"01:09:00";"371";"Sem vítima";"70,000";"BR-116/SP";"Crescente";"Engavetamento";8;0;0;0;0;0;0;0;0;0;36;0;0;0;0
"21/07/2024";"01:23:00";"377";"Sem vítima";"47,000";"BR-116/SP";"Decrescente";"Engavetamento";3;0;0;0;0;0;0;0;0;0;9;0;0;0;0
"21/07/2024";"01:24:00";"379";"Sem vítima";"154,700";"BR-116/SP";"Crescente";"Colisão lateral em sentido contrário";1;0;1;0;0;0;0;0;0;0;3;0;0;0;0
"21/07/2024";"02:17:00";"404";"Sem vítima";"302,000";"BR-116/SP";"Decrescente";"Colisão traseira";1;0;0;0;0;0;0;0;0;0;3;0;0;0;0
"21/07/2024";"02:26:00";"409";"Sem vítima";"119,000";"BR-116/SP";"Crescente";"Colisão traseira";2;0;0;0;0;0;0;0;0;0;8;0;0;0;0
"21/07/2024";"02:45:00";"419";"Com vítima";"399,000";"BR-101/SP";"Crescente";"Acidentes de outra natureza";0;0;0;1;0;0;0;0;0;0;0;0;2;0;0
"21/07/2024";"03:25:00";"438";"Sem vítima";"44,000";"BR-101/SP";"Crescente";"Engavetamento";3;0;0;0;0;0;0;0;0;1;6;0;0;0;0
"21/07/2024";"06:32:00";"525";"Sem vítima";"154,800";"BR-116/SP";"Crescente";"Colisão lateral em sentido contrário";1;0;0;0;0;0;0;1;0;0;3;0;0;0;0
"21/07/2024";"08:02:00";"550";"Com vítima";"282,000";"BR-116/SP";"Crescente";"Capotamento";1;0;0;0;0;0;0;0;0;0;0;1;0;0;0
"21/07/2024";"08:12:00";"552";"Sem vítima";"38,000";"BR-101/SP";"Decrescente";"Choque";1;0;0;0;0;0;0;0;0;0;1;0;0;0;0
"21/07/2024";"09:43:00";"39";"Sem vítima";"300,000";"BR-116/SP";"Crescente";"Atropelamento de pedestre";2;0;1;0;0;0;0;0;0;0;4;0;0;0;0
"21/07/2024";"10:16:00";"45";"Sem vítima";"451,000";"BR-101/SP";"Crescente";"Capotamento";1;0;0;0;0;0;0;0;0;0;0;0;0;0;0
"22/07/2024";"04:55:00";"203";"Com vítima";"488,000";"BR-101/SP";"Crescente";"Colisão lateral em sentido contrário";1;0;0;1;0;0;0;0;0;0;2;2;0;0;0
"22/07/2024";"06:47:00";"298";"Sem vítima";"165,000";"BR-116/SP";"Crescente";"Colisão traseira";1;0;0;0;0;0;0;0;0;0;1;0;0;0;0
"22/07/2024";"07:13:00";"320";"Com vítima";"60,000";"BR-116/SP";"Crescente";"Colisão lateral em sentido contrário";2;0;0;1;0;0;0;0;0;0;2;0;0;1;0
"22/07/2024";"07:16:00";"324";"Com vítima";"112,300";"BR-116/SP";"Decrescente";"Colisão lateral em sentido contrário";1;0;0;1;0;0;0;0;0;0;3;0;1;0;0
"22/07/2024";"07:57:00";"355";"Sem vítima";"225,500";"BR-116/SP";"Crescente";"Colisão lateral em sentido contrário";1;0;0;0;0;0;0;1;0;0;2;0;0;0;0
"22/07/2024";"11:21:00";"461";"Sem vítima";"171,000";"BR-116/SP";"Crescente";"Choque";1;0;2;0;0;0;0;0;0;0;10;0;0;0;0
"22/07/2024";"12:42:00";"496";"Com vítima";"286,000";"BR-116/SP";"Decrescente";"Colisão lateral em sentido contrário";1;0;0;1;0;0;0;0;0;0;1;0;1;0;0
"22/07/2024";"12:43:00";"497";"Sem vítima";"170,000";"BR-116/SP";"Crescente";"Choque";0;0;0;0;0;0;0;2;0;0;2;0;0;0;0
"22/07/2024";"01:42:00";"520";"Sem vítima";"152,800";"BR-116/SP";"Decrescente";"Colisão lateral em sentido contrário";1;0;0;0;0;0;0;1;0;0;2;0;0;0;0
"22/07/2024";"02:16:00";"528";"Sem vítima";"170,000";"BR-116/SP";"Crescente";"Colisão traseira";1;0;0;1;0;0;0;0;0;0;2;0;0;0;0
"22/07/2024";"02:36:00";"539";"Sem vítima";"558,000";"BR-101/SP";"Decrescente";"Colisão frontal";2;0;0;0;0;0;0;0;0;0;8;0;0;0;0
"22/07/2024";"02:37:00";"541";"Sem vítima";"101,300";"BR-116/SP";"Crescente";"Colisão traseira";2;0;0;0;0;0;0;0;0;0;3;0;0;0;0
"22/07/2024";"02:48:00";"547";"Com vítima";"218,000";"BR-116/SP";"Decrescente";"Colisão lateral em sentido contrário";1;0;0;1;0;0;0;0;0;0;2;1;0;0;0
"22/07/2024";"03:51:00";"581";"Com vítima";"223,000";"BR-116/SP";"Decrescente";"Colisão lateral em sentido contrário";1;0;0;1;0;0;0;0;0;0;2;1;0;0;0
"22/07/2024";"05:53:00";"638";"Com vítima";"381,000";"BR-101/SP";"Decrescente";"Atropelamento de pedestre";1;0;0;0;0;0;0;0;0;0;0;1;0;0;0
"22/07/2024";"11:20:00";"55";"Sem vítima";"282,000";"BR-116/SP";"Crescente";"Choque";1;0;0;0;0;0;0;0;0;0;4;0;0;0;0
"23/07/2024";"04:02:00";"167";"Com vítima";"434,000";"BR-101/SP";"Crescente";"Colisão lateral em sentido contrário";1;0;0;1;0;0;0;0;0;0;1;1;1;0;0
"23/07/2024";"04:29:00";"186";"Sem vítima";"157,000";"BR-116/SP";"Decrescente";"Engavetamento";0;0;3;0;0;0;0;0;0;0;6;0;0;0;0
"23/07/2024";"06:32:00";"283";"Sem vítima";"265,000";"BR-116/SP";"Decrescente";"Choque";0;0;1;0;0;0;0;0;0;0;1;0;0;0;0
"23/07/2024";"06:47:00";"294";"Sem vítima";"265,700";"BR-116/SP";"Decrescente";"Choque";1;0;0;0;0;0;0;0;0;0;1;0;0;0;0
"23/07/2024";"06:47:00";"295";"Sem vítima";"284,000";"BR-116/SP";"Crescente";"Choque";1;0;0;0;0;0;0;0;0;0;1;0;0;0;0
"23/07/2024";"07:16:00";"310";"Sem vítima";"219,000";"BR-116/SP";"Crescente";"Colisão traseira";1;0;0;0;0;0;0;0;0;0;1;0;0;0;0
"23/07/2024";"08:57:00";"363";"Sem vítima";"86,950";"BR-116/SP";"Crescente";"Colisão traseira";1;0;1;0;0;0;0;0;0;0;4;0;0;0;0
"23/07/2024";"10:54:00";"428";"Sem vítima";"218,000";"BR-116/SP";"Decrescente";"Colisão traseira";2;0;0;0;0;0;0;0;0;0;4;0;0;0;0
"23/07/2024";"12:19:00";"474";"Com vítima";"332,000";"BR-116/SP";"Decrescente";"Choque";1;0;0;0;0;0;0;0;0;0;0;1;0;0;0
"23/07/2024";"12:28:00";"480";"Sem vítima";"272,000";"BR-116/SP";"Decrescente";"Choque";1;0;0;0;0;0;0;0;0;0;6;0;0;0;0
"23/07/2024";"01:06:00";"472";"Com vítima";"182,000";"BR-116/SP";"Decrescente";"Colisão traseira";0;0;0;0;1;0;0;1;0;0;23;2;0;0;0
"23/07/2024";"03:39:00";"569";"Com vítima";"451,000";"BR-101/SP";"Decrescente";"Choque";1;0;0;0;0;0;0;0;0;0;0;2;0;0;0
"23/07/2024";"04:15:00";"592";"Sem vítima";"382,000";"BR-101/SP";"Crescente";"Atropelamento de pedestre";1;0;0;0;0;0;0;0;0;0;1;0;0;0;0
"23/07/2024";"06:12:00";"631";"Com vítima";"556,000";"BR-101/SP";"Decrescente";"Colisão lateral em sentido contrário";1;0;0;1;0;0;0;0;0;0;1;0;0;1;0
"24/07/2024";"12:02:00";"57";"Com vítima";"419,000";"BR-101/SP";"Crescente";"Choque";1;0;0;0;0;0;0;0;0;0;1;1;0;0;0
"24/07/2024";"12:02:00";"57";"Com vítima";"419,400";"BR-101/SP";"Crescente";"Choque";1;0;0;0;0;0;0;0;0;0;1;1;0;0;0
"24/07/2024";"12:38:00";"60";"Sem vítima";"86,000";"BR-116/SP";"Crescente";"Colisão traseira";0;0;2;0;0;0;0;0;0;0;4;0;0;0;0
"24/07/2024";"05:10:00";"216";"Com vítima";"225,000";"BR-116/SP";"Crescente";"Engavetamento";5;0;0;0;0;0;0;0;0;1;5;1;0;0;0
"24/07/2024";"05:34:00";"231";"Com vítima";"225,000";"BR-116/SP";"Crescente";"Engavetamento";3;0;0;0;0;0;0;0;0;0;3;1;0;0;0
"24/07/2024";"07:25:00";"308";"Sem vítima";"119,550";"BR-116/SP";"Decrescente";"Colisão traseira";0;0;1;0;0;0;0;0;0;0;1;0;0;0;0
"24/07/2024";"07:25:00";"309";"Com vítima";"428,000";"BR-101/SP";"Decrescente";"Colisão traseira";2;0;0;0;0;0;0;0;0;0;0;3;0;0;0
"24/07/2024";"07:41:00";"316";"Com vítima";"500,000";"BR-101/SP";"Decrescente";"Colisão frontal";1;0;0;0;1;0;0;0;0;0;5;0;1;4;0
"24/07/2024";"10:39:00";"383";"Com vítima";"463,000";"BR-101/SP";"Crescente";"Capotamento";1;0;0;0;0;0;0;0;0;0;0;0;1;0;0
"24/07/2024";"10:44:00";"385";"Com vítima";"227,000";"BR-116/SP";"Crescente";"Colisão traseira";1;0;0;1;0;0;0;0;0;0;1;0;1;0;0
"24/07/2024";"11:03:00";"397";"Sem vítima";"116,000";"BR-116/SP";"Decrescente";"Choque";1;0;0;0;0;1;0;0;0;0;2;0;0;0;0
"24/07/2024";"12:01:00";"420";"Com vítima";"194,000";"BR-116/SP";"Crescente";"Acidentes de outra natureza";0;0;0;1;0;0;0;0;0;0;0;4;0;0;0
"24/07/2024";"12:32:00";"434";"Sem vítima";"146,000";"BR-116/SP";"Crescente";"Colisão traseira";2;0;0;0;0;0;0;0;0;0;3;0;0;0;0
"24/07/2024";"01:08:00";"448";"Sem vítima";"212,000";"BR-116/SP";"Crescente";"Choque";0;0;0;0;0;0;0;1;0;0;1;0;0;0;0
"24/07/2024";"02:18:00";"478";"Sem vítima";"48,000";"BR-101/SP";"Crescente";"Engavetamento";4;0;0;0;0;0;0;0;0;0;12;0;0;0;0
"24/07/2024";"02:28:00";"487";"Sem vítima";"140,700";"BR-116/SP";"Crescente";"Colisão traseira";0;0;2;0;0;0;0;0;0;0;2;0;0;0;0
"24/07/2024";"03:58:00";"531";"Com vítima";"264,500";"BR-116/SP";"Crescente";"Acidentes de outra natureza";0;0;0;1;0;0;0;0;0;0;0;1;0;0;0
"24/07/2024";"06:28:00";"597";"Sem vítima";"226,000";"BR-116/SP";"Decrescente";"Colisão traseira";1;0;1;0;0;0;0;0;0;0;2;0;0;0;0
"24/07/2024";"06:58:00";"604";"Sem vítima";"390,000";"BR-101/SP";"Crescente";"Colisão lateral em sentido contrário";1;0;0;1;0;0;0;0;0;0;2;0;0;0;0
"24/07/2024";"07:51:00";"623";"Com vítima";"390,000";"BR-101/SP";"Crescente";"Choque";1;0;0;0;0;0;0;0;0;0;0;1;0;0;0
"24/07/2024";"09:00:00";"642";"Sem vítima";"76,000";"BR-116/SP";"Crescente";"Colisão lateral em sentido contrário";1;0;0;0;0;0;0;1;0;0;2;0;0;0;0
"25/07/2024";"02:28:00";"91";"Com vítima";"225,000";"BR-116/SP";"Decrescente";"Colisão traseira";1;0;0;0;0;0;0;0;0;0;0;1;0;0;0
"25/07/2024";"04:14:00";"172";"Com vítima";"130,000";"BR-116/SP";"Decrescente";"Colisão traseira";1;0;0;0;0;1;0;0;0;1;1;1;0;0;0
"25/07/2024";"04:28:00";"188";"Sem vítima";"130,000";"BR-116/SP";"Decrescente";"Engavetamento";4;0;0;0;0;0;0;0;0;0;10;0;0;0;0
"25/07/2024";"04:43:00";"205";"Sem vítima";"223,000";"BR-116/SP";"Decrescente";"Choque";1;0;0;0;0;0;0;0;0;0;1;0;0;0;0
"25/07/2024";"04:58:00";"219";"Com vítima";"63,000";"BR-116/SP";"Crescente";"Colisão traseira";1;0;0;1;0;0;0;0;0;0;1;0;1;0;0
"25/07/2024";"05:05:00";"222";"Com vítima";"62,000";"BR-116/SP";"Crescente";"Colisão traseira";1;0;0;1;0;0;0;0;0;0;1;0;1;0;0
"25/07/2024";"06:56:00";"317";"Com vítima";"67,000";"BR-116/SP";"Crescente";"Engavetamento";0;0;1;0;0;0;0;2;0;0;1;2;0;0;0
"25/07/2024";"07:58:00";"370";"Sem vítima";"61,300";"BR-116/SP";"Crescente";"Colisão traseira";2;0;0;0;0;0;0;0;0;0;3;0;0;0;0
"25/07/2024";"09:23:00";"417";"Sem vítima";"168,000";"BR-116/SP";"Crescente";"Colisão traseira";2;0;0;0;0;0;0;0;0;0;4;0;0;0;0
"25/07/2024";"10:26:00";"456";"Com vítima";"182,300";"BR-116/SP";"Decrescente";"Choque";0;0;0;1;0;0;0;0;0;0;0;1;0;0;0
"25/07/2024";"01:24:00";"571";"Com vítima";"226,000";"BR-116/SP";"Crescente";"Engavetamento";3;0;0;0;0;0;0;0;0;0;2;1;0;0;0
"25/07/2024";"01:54:00";"592";"Com vítima";"399,000";"BR-101/SP";"Crescente";"Colisão lateral em sentido contrário";0;0;0;1;0;0;0;0;0;0;0;1;1;0;0
"25/07/2024";"03:51:00";"669";"Sem vítima";"145,400";"BR-116/SP";"Crescente";"Colisão lateral em sentido contrário";1;0;0;0;0;0;0;1;0;0;2;0;0;0;0
"25/07/2024";"03:56:00";"672";"Sem vítima";"295,000";"BR-116/SP";"Decrescente";"Choque";1;0;1;0;1;0;0;0;0;0;6;0;0;0;0
"25/07/2024";"05:07:00";"704";"Sem vítima";"147,300";"BR-116/SP";"Crescente";"Colisão lateral em sentido contrário";1;0;0;0;0;0;0;1;0;0;2;0;0;0;0
"25/07/2024";"05:49:00";"730";"Sem vítima";"428,000";"BR-101/SP";"Decrescente";"Choque";1;0;0;0;0;0;0;0;0;0;1;0;0;0;0
"25/07/2024";"06:06:00";"742";"Com vítima";"261,000";"BR-116/SP";"Decrescente";"Choque";1;0;0;0;0;0;0;0;0;0;3;1;0;0;0
"25/07/2024";"07:22:00";"763";"Com vítima";"490,000";"BR-101/SP";"Decrescente";"Choque";1;0;0;0;0;0;0;0;0;0;0;1;0;0;0
"25/07/2024";"09:01:00";"34";"Sem vítima";"230,000";"BR-116/SP";"Decrescente";"Colisão lateral em sentido contrário";1;0;0;0;0;0;0;1;0;0;2;0;0;0;0
"26/07/2024";"02:44:00";"95";"Sem vítima";"245,000";"BR-116/SP";"Decrescente";"Tombamento";0;0;3;0;0;0;0;0;0;0;3;0;0;0;0
"26/07/2024";"04:28:00";"195";"Sem vítima";"112,300";"BR-116/SP";"Decrescente";"Colisão traseira";0;0;0;1;0;0;0;0;0;0;1;0;0;0;0
"26/07/2024";"04:30:00";"199";"Com vítima";"202,300";"BR-116/SP";"Crescente";"Colisão lateral em sentido contrário";0;0;1;1;0;0;0;0;0;0;1;0;1;0;0
"26/07/2024";"04:49:00";"219";"Com vítima";"46,000";"BR-116/SP";"Decrescente";"Colisão lateral em sentido contrário";1;0;0;0;0;0;0;0;0;0;0;1;0;0;0
"26/07/2024";"05:06:00";"234";"Sem vítima";"115,000";"BR-116/SP";"Decrescente";"Colisão traseira";2;0;0;0;0;0;0;0;0;0;4;0;0;0;0
"26/07/2024";"05:52:00";"276";"Sem vítima";"140,100";"BR-116/SP";"Crescente";"Colisão traseira";2;0;0;0;0;0;0;0;0;0;5;0;0;0;0
"26/07/2024";"07:32:00";"373";"Sem vítima";"291,700";"BR-116/SP";"Crescente";"Choque";1;0;0;0;0;0;0;0;0;0;2;0;0;0;0
"26/07/2024";"08:27:00";"412";"Com vítima";"213,000";"BR-116/SP";"Crescente";"Acidentes de outra natureza";0;0;0;1;0;0;0;0;0;0;0;1;0;0;0
"26/07/2024";"10:51:00";"492";"Com vítima";"301,000";"BR-116/SP";"Crescente";"Engavetamento";3;0;0;0;0;0;0;0;0;0;5;1;0;0;0
"26/07/2024";"11:00:00";"498";"Com vítima";"219,000";"BR-116/SP";"Crescente";"Colisão traseira";0;0;0;2;0;0;0;0;0;0;0;3;0;0;0
"26/07/2024";"11:28:00";"516";"Com vítima";"211,000";"BR-116/SP";"Crescente";"Colisão traseira";1;0;1;0;0;0;0;0;0;0;3;1;0;0;0
"26/07/2024";"11:28:00";"518";"Com vítima";"36,000";"BR-116/SP";"Crescente";"Colisão traseira";1;0;0;1;0;0;0;0;0;0;1;1;0;0;0
"26/07/2024";"12:51:00";"568";"Com vítima";"100,000";"BR-116/SP";"Crescente";"Colisão traseira";0;0;1;1;0;0;0;0;0;0;1;0;1;0;0
"26/07/2024";"01:18:00";"586";"Sem vítima";"203,000";"BR-116/SP";"Decrescente";"Engavetamento";2;0;0;0;0;0;0;0;0;0;18;0;0;0;0
"26/07/2024";"01:24:00";"590";"Com vítima";"202,500";"BR-116/SP";"Decrescente";"Colisão lateral em sentido contrário";2;0;0;1;0;0;0;0;0;0;2;1;0;0;0
"26/07/2024";"01:38:00";"597";"Sem vítima";"53,000";"BR-116/SP";"Crescente";"Colisão traseira";1;0;0;0;2;0;0;0;0;0;77;0;0;0;0
"26/07/2024";"01:41:00";"601";"Com vítima";"217,000";"BR-116/SP";"Decrescente";"Colisão lateral em sentido contrário";1;0;0;1;0;0;0;0;0;0;1;1;0;0;0
"26/07/2024";"01:47:00";"606";"Sem vítima";"116,000";"BR-116/SP";"Decrescente";"Colisão traseira";2;0;0;0;0;0;0;0;0;0;3;0;0;0;0
"26/07/2024";"02:34:00";"633";"Com vítima";"570,000";"BR-101/SP";"Decrescente";"Engavetamento";3;0;0;0;0;0;0;0;0;0;2;3;0;0;0
"26/07/2024";"02:36:00";"634";"Com vítima";"466,000";"BR-101/SP";"Decrescente";"Choque";1;0;0;0;0;0;0;0;0;0;0;0;1;0;0
"26/07/2024";"02:46:00";"640";"Sem vítima";"481,000";"BR-101/SP";"Crescente";"Colisão traseira";2;0;0;0;0;0;0;0;0;0;4;0;0;0;0
"26/07/2024";"03:16:00";"653";"Sem vítima";"90,000";"BR-116/SP";"Crescente";"Colisão traseira";1;0;1;0;0;0;0;0;0;0;12;0;0;0;0
"26/07/2024";"03:50:00";"671";"Sem vítima";"148,000";"BR-116/SP";"Decrescente";"Engavetamento";3;0;0;0;0;0;0;0;0;0;7;0;0;0;0
"26/07/2024";"04:02:00";"676";"Sem vítima";"155,000";"BR-116/SP";"Decrescente";"Colisão lateral em sentido contrário";1;0;1;0;0;0;0;0;0;0;2;0;0;0;0
"26/07/2024";"04:06:00";"678";"Com vítima";"131,000";"BR-116/SP";"Crescente";"Engavetamento";4;0;0;0;0;0;0;0;0;0;6;4;1;0;0