data;horario;n_da_ocorrencia;tipo_de_ocorrencia;km;trecho;sentido;tipo_de_acidente;automovel;bicicleta;caminhao;moto;onibus;outros;tracao_animal;transporte_de_cargas_especiais;trator_maquinas;utilitarios;ilesos;levemente_feridos;moderadamente_feridos;gravemente_feridos;mortos
"26/07/2024";"04:22:00";"684";"Sem vítima";"62,000";"BR-116/SP";"Decrescente";"Colisão traseira";2;0;0;0;0;0;0;0;0;0;4;0;0;0;0
"26/07/2024";"05:29:00";"706";"Sem vítima";"96,400";"BR-116/SP";"Crescente";"Acidentes de outra natureza";1;0;0;0;0;0;0;0;0;0;5;0;0;0;0
"26/07/2024";"07:02:00";"742";"Sem vítima";"220,000";"BR-116/SP";"Decrescente";"Choque";1;0;0;0;0;0;0;0;0;0;0;0;0;0;0
"26/07/2024";"07:08:00";"745";"Com vítima";"112,000";"BR-116/SP";"Decrescente";"Colisão lateral em sentido contrário";1;0;0;1;0;0;0;0;0;0;2;0;1;0;0
"26/07/2024";"08:09:00";"765";"Sem vítima";"133,000";"BR-116/SP";"Crescente";"Capotamento";1;0;0;0;0;0;0;0;0;0;1;0;0;0;0
"26/07/2024";"09:35:00";"45";"Sem vítima";"213,000";"BR-116/SP";"Crescente";"Choque";1;0;0;0;0;0;0;0;0;0;1;0;0;0;0
"26/07/2024";"09:38:00";"46";"Com vítima";"504,000";"BR-101/SP";"Decrescente";"Atropelamento de pedestre";1;0;0;0;0;0;0;0;0;0;1;0;1;0;0
"27/07/2024";"12:27:00";"73";"Sem vítima";"65,200";"BR-116/SP";"Crescente";"Colisão traseira";0;0;2;0;0;0;0;0;0;0;2;0;0;0;0
"27/07/2024";"01:19:00";"78";"Sem vítima";"150,000";"BR-116/SP";"Decrescente";"Choque";1;0;0;0;0;0;0;0;0;0;2;0;0;0;0
"27/07/2024";"03:07:00";"107";"Com vítima";"112,000";"BR-116/SP";"Decrescente";"Colisão lateral em sentido contrário";1;0;0;1;0;0;0;0;0;0;1;0;1;0;0
"27/07/2024";"04:44:00";"151";"Sem vítima";"215,400";"BR-116/SP";"Decrescente";"Colisão lateral em sentido contrário";1;0;0;0;0;0;0;0;0;0;1;0;0;0;0
"27/07/2024";"05:06:00";"168";"Com vítima";"35,000";"BR-101/SP";"Crescente";"Atropelamento de pedestre";1;1;0;0;0;0;0;0;0;0;3;0;0;0;0
"27/07/2024";"06:02:00";"206";"Sem vítima";"118,000";"BR-116/SP";"Decrescente";"Colisão traseira";0;0;2;0;0;0;0;0;0;0;4;0;0;0;0
"27/07/2024";"06:03:00";"209";"Sem vítima";"119,000";"BR-116/SP";"Decrescente";"Colisão traseira";3;0;1;0;0;0;0;0;0;0;7;0;0;0;0
"27/07/2024";"06:53:00";"232";"Sem vítima";"455,000";"BR-101/SP";"Crescente";"Colisão traseira";1;0;1;0;0;0;0;0;0;0;2;0;0;0;0
"27/07/2024";"10:19:00";"317";"Sem vítima";"217,000";"BR-116/SP";"Decrescente";"Colisão lateral em sentido contrário";2;0;0;0;0;0;0;0;0;0;4;0;0;0;0
"27/07/2024";"11:20:00";"345";"Sem vítima";"80,000";"BR-116/SP";"Crescente";"Colisão traseira";2;0;0;0;0;0;0;0;0;0;2;0;0;0;0
"27/07/2024";"02:15:00";"435";"Com vítima";"396,000";"BR-101/SP";"Decrescente";"Acidentes de outra natureza";0;0;0;1;0;0;0;0;0;0;0;2;0;0;0
"27/07/2024";"02:21:00";"442";"Com vítima";"385,000";"BR-101/SP";"Decrescente";"Colisão traseira";2;0;0;0;0;0;0;0;0;0;1;2;0;0;0
"27/07/2024";"03:12:00";"461";"Sem vítima";"47,000";"BR-101/SP";"Crescente";"Capotamento";1;0;0;0;0;0;0;0;0;0;2;0;0;0;0
"27/07/2024";"03:16:00";"462";"Sem vítima";"488,000";"BR-101/SP";"Decrescente";"Choque";1;0;0;0;0;0;0;0;0;0;2;0;0;0;0
"27/07/2024";"03:39:00";"473";"Com vítima";"202,000";"BR-116/SP";"Decrescente";"Colisão traseira";1;0;0;1;0;0;0;0;0;0;0;1;0;0;0
"27/07/2024";"03:41:00";"474";"Sem vítima";"154,000";"BR-116/SP";"Crescente";"Colisão traseira";2;0;0;0;0;0;0;0;0;0;4;0;0;0;0
"27/07/2024";"06:10:00";"528";"Com vítima";"187,000";"BR-116/SP";"Decrescente";"Engavetamento";3;0;0;0;0;0;0;0;0;0;4;1;0;0;0
"27/07/2024";"08:55:00";"577";"Com vítima";"382,000";"BR-101/SP";"Crescente";"Engavetamento";2;0;0;0;1;0;0;0;0;0;6;0;10;0;0
"27/07/2024";"09:00:00";"346";"Sem vítima";"429,500";"BR-101/SP";"Decrescente";"Choque";1;0;0;0;0;0;0;0;0;0;2;0;0;0;0
"27/07/2024";"10:54:00";"57";"Com vítima";"218,000";"BR-116/SP";"Crescente";"Colisão traseira";0;0;0;1;0;0;0;0;0;0;0;1;0;0;0
"28/07/2024";"12:36:00";"73";"Sem vítima";"482,000";"BR-101/SP";"Crescente";"Colisão traseira";1;0;0;0;0;0;0;0;0;0;1;0;0;0;0
"28/07/2024";"02:00:00";"88";"Com vítima";"222,000";"BR-116/SP";"Decrescente";"Colisão lateral em sentido contrário";1;0;0;1;0;0;0;0;0;0;0;1;2;0;0
"28/07/2024";"02:20:00";"89";"Com vítima";"234,000";"BR-116/SP";"Crescente";"Acidentes de outra natureza";0;0;0;1;0;0;0;0;0;0;0;1;0;0;0
"28/07/2024";"05:55:00";"162";"Sem vítima";"135,000";"BR-116/SP";"Decrescente";"Choque";1;0;0;0;0;0;0;0;0;0;3;0;0;0;0
"28/07/2024";"07:00:00";"187";"Sem vítima";"72,000";"BR-116/SP";"Decrescente";"Colisão traseira";1;0;0;0;0;0;0;0;0;0;3;0;0;0;0
"28/07/2024";"09:07:00";"245";"Sem vítima";"149,000";"BR-116/SP";"Decrescente";"Colisão lateral em sentido contrário";0;0;2;0;0;0;0;0;0;0;2;0;0;0;0
"28/07/2024";"09:48:00";"259";"Sem vítima";"155,000";"BR-116/SP";"Crescente";"Colisão traseira";2;0;0;0;0;0;0;0;0;0;6;0;0;0;0
"28/07/2024";"10:10:00";"267";"Com vítima";"143,000";"BR-116/SP";"Decrescente";"Colisão traseira";1;0;0;1;0;0;0;0;0;0;2;4;0;0;0
"28/07/2024";"10:15:00";"270";"Sem vítima";"282,000";"BR-116/SP";"Crescente";"Colisão traseira";1;0;0;0;0;0;0;0;0;0;2;0;0;0;0
"28/07/2024";"11:28:00";"314";"Sem vítima";"138,000";"BR-116/SP";"Crescente";"Acidentes de outra natureza";1;0;0;1;0;0;0;0;0;0;4;0;0;0;0
"28/07/2024";"11:40:00";"319";"Sem vítima";"138,900";"BR-116/SP";"Crescente";"Colisão traseira";1;0;0;0;0;0;0;0;0;0;3;0;0;0;0
"28/07/2024";"11:42:00";"322";"Sem vítima";"252,000";"BR-116/SP";"Decrescente";"Engavetamento";1;0;0;0;0;0;0;0;0;0;2;0;0;0;0
"28/07/2024";"12:23:00";"335";"Com vítima";"104,000";"BR-116/SP";"Crescente";"Engavetamento";1;0;1;2;0;0;0;0;0;0;14;0;4;0;0
"28/07/2024";"12:28:00";"338";"Sem vítima";"104,000";"BR-116/SP";"Decrescente";"Engavetamento";2;0;0;0;0;0;0;0;0;0;4;0;0;0;0
"28/07/2024";"02:09:00";"391";"Sem vítima";"44,000";"BR-116/SP";"Decrescente";"Choque";1;0;0;0;0;0;0;0;0;0;1;0;0;0;0
"28/07/2024";"02:18:00";"396";"Com vítima";"305,000";"BR-116/SP";"Decrescente";"Engavetamento";3;0;0;0;0;0;0;0;0;0;3;1;0;0;0
"28/07/2024";"03:25:00";"439";"Com vítima";"204,500";"BR-116/SP";"Crescente";"Colisão traseira";2;0;0;0;0;0;0;0;0;0;7;1;0;0;0
"28/07/2024";"03:43:00";"450";"Com vítima";"386,900";"BR-101/SP";"Decrescente";"Atropelamento de pedestre";0;0;0;0;0;0;0;0;0;0;0;0;1;0;0
"28/07/2024";"03:55:00";"458";"Sem vítima";"66,000";"BR-116/SP";"Decrescente";"Colisão traseira";1;0;0;0;0;0;0;0;0;0;1;0;0;0;0
"28/07/2024";"04:00:00";"464";"Com vítima";"386,000";"BR-101/SP";"Decrescente";"Colisão traseira";2;0;0;0;0;0;0;0;0;0;0;0;4;0;0
"28/07/2024";"04:05:00";"468";"Sem vítima";"284,000";"BR-116/SP";"Decrescente";"Engavetamento";3;0;0;0;0;0;0;0;0;0;8;0;0;0;0
"28/07/2024";"04:33:00";"486";"Sem vítima";"230,000";"BR-116/SP";"Decrescente";"Colisão traseira";1;0;0;0;0;0;0;0;0;1;22;0;0;0;0
"28/07/2024";"04:46:00";"492";"Com vítima";"224,000";"BR-116/SP";"Decrescente";"Choque";0;0;0;1;0;0;0;0;0;0;0;1;0;0;0
"28/07/2024";"05:09:00";"497";"Sem vítima";"101,500";"BR-116/SP";"Crescente";"Colisão traseira";2;0;0;0;0;0;0;0;0;0;3;0;0;0;0
"28/07/2024";"05:42:00";"516";"Sem vítima";"448,500";"BR-101/SP";"Decrescente";"Choque";1;0;0;0;0;0;0;0;0;0;1;0;0;0;0
"28/07/2024";"06:10:00";"530";"Com vítima";"144,000";"BR-116/SP";"Decrescente";"Colisão traseira";2;0;0;0;0;0;0;0;0;0;0;3;0;0;0
"28/07/2024";"06:31:00";"542";"Sem vítima";"175,700";"BR-116/SP";"Decrescente";"Colisão traseira";1;0;0;0;0;0;0;0;0;0;3;0;0;0;0
"28/07/2024";"06:52:00";"549";"Com vítima";"242,000";"BR-116/SP";"Crescente";"Atropelamento de pedestre";0;0;0;0;0;0;0;0;0;0;0;2;0;0;0
"28/07/2024";"07:44:00";"552";"Sem vítima";"391,000";"BR-101/SP";"Crescente";"Colisão traseira";1;0;0;0;0;0;0;0;0;0;1;0;0;0;0
"28/07/2024";"09:00:00";"168";"Sem vítima";"235,000";"BR-116/SP";"Decrescente";"Tombamento";0;0;0;0;0;0;0;1;0;0;1;0;0;0;0
"28/07/2024";"09:00:00";"405";"Sem vítima";"228,000";"BR-116/SP";"Decrescente";"Tombamento";0;0;1;0;0;0;0;0;0;0;1;0;0;0;0
"28/07/2024";"09:00:00";"465";"Sem vítima";"276,000";"BR-116/SP";"Crescente";"Engavetamento";2;0;0;0;1;0;0;0;0;0;4;0;0;0;0
"29/07/2024";"01:05:00";"77";"Sem vítima";"17,000";"BR-116/SP";"Crescente";"Choque";0;0;0;0;0;0;0;2;0;0;0;2;0;0;0
"29/07/2024";"01:37:00";"84";"Sem vítima";"182,000";"BR-116/SP";"Decrescente";"Colisão traseira";0;0;2;0;0;0;0;0;0;0;2;0;0;0;0
"29/07/2024";"03:40:00";"131";"Com vítima";"219,000";"BR-116/SP";"Decrescente";"Engavetamento";1;0;1;0;0;0;0;1;0;0;3;1;0;0;0
"29/07/2024";"04:02:00";"147";"Com vítima";"98,000";"BR-116/SP";"Decrescente";"Colisão lateral em sentido contrário";0;0;1;1;0;0;0;0;0;0;3;1;0;0;0
"29/07/2024";"04:42:00";"180";"Com vítima";"216,000";"BR-116/SP";"Decrescente";"Colisão traseira";1;0;0;1;0;0;0;0;0;0;1;1;0;0;0
"29/07/2024";"05:17:00";"205";"Com vítima";"404,000";"BR-101/SP";"Crescente";"Engavetamento";2;0;0;0;0;0;0;0;0;0;0;3;0;0;0
"29/07/2024";"06:18:00";"275";"Sem vítima";"228,000";"BR-116/SP";"Crescente";"Acidentes de outra natureza";0;0;0;1;0;0;0;0;0;0;1;0;0;0;0
"29/07/2024";"08:10:00";"368";"Com vítima";"249,000";"BR-116/SP";"Decrescente";"Colisão traseira";0;0;1;1;0;0;0;0;0;0;1;1;0;0;0
"29/07/2024";"08:47:00";"385";"Com vítima";"227,000";"BR-116/SP";"Decrescente";"Colisão traseira";1;0;0;1;0;0;0;0;0;0;1;1;0;0;0
"29/07/2024";"10:31:00";"432";"Com vítima";"242,000";"BR-116/SP";"Crescente";"Choque";1;0;0;0;0;0;0;0;0;0;2;1;0;0;0
"29/07/2024";"12:00:00";"483";"Com vítima";"194,000";"BR-116/SP";"Decrescente";"Colisão traseira";1;0;1;0;0;0;0;0;0;0;2;1;0;0;0
"29/07/2024";"12:20:00";"493";"Com vítima";"230,000";"BR-116/SP";"Crescente";"Choque";1;0;0;0;0;0;0;0;0;0;0;2;0;0;0
"29/07/2024";"02:25:00";"547";"Sem vítima";"227,000";"BR-116/SP";"Decrescente";"Colisão traseira";0;0;1;0;0;0;0;0;0;0;1;0;0;0;0
"29/07/2024";"02:26:00";"549";"Com vítima";"584,000";"BR-101/SP";"Decrescente";"Colisão frontal";0;0;0;2;0;0;0;0;0;0;0;0;2;0;2
"29/07/2024";"02:42:00";"557";"Com vítima";"584,000";"BR-101/SP";"Decrescente";"Capotamento";1;0;0;0;0;0;0;0;0;0;0;1;0;0;0
"29/07/2024";"03:09:00";"574";"Sem vítima";"147,500";"BR-116/SP";"Decrescente";"Engavetamento";4;0;0;0;0;0;0;0;0;0;6;0;0;0;0
"29/07/2024";"03:18:00";"577";"Com vítima";"227,000";"BR-116/SP";"Decrescente";"Engavetamento";2;0;0;0;0;0;0;0;0;0;1;1;0;0;0
"29/07/2024";"03:26:00";"584";"Com vítima";"206,000";"BR-116/SP";"Crescente";"Engavetamento";2;0;0;1;0;0;0;0;0;0;3;2;0;0;0
"29/07/2024";"05:41:00";"645";"Com vítima";"275,000";"BR-116/SP";"Crescente";"Colisão frontal";2;0;0;0;0;0;0;0;0;0;1;1;2;0;0
"29/07/2024";"07:05:00";"680";"Com vítima";"41,500";"BR-116/SP";"Crescente";"Choque";1;0;0;0;0;0;0;0;0;0;0;3;0;1;0
"29/07/2024";"09:00:00";"530";"Sem vítima";"70,000";"BR-116/SP";"Crescente";"Choque";1;0;0;0;0;0;0;0;0;0;2;0;0;0;0
"30/07/2024";"12:18:00";"63";"Sem vítima";"230,000";"BR-116/SP";"Crescente";"Colisão lateral em sentido contrário";0;0;2;0;0;0;0;0;0;0;4;0;0;0;0
"30/07/2024";"01:22:00";"73";"Com vítima";"265,000";"BR-116/SP";"Decrescente";"Colisão traseira";0;0;2;0;0;0;0;0;0;0;1;0;1;0;0
"30/07/2024";"02:21:00";"87";"Sem vítima";"232,000";"BR-116/SP";"Decrescente";"Choque";0;0;0;0;0;0;0;1;0;0;3;0;0;0;0
"30/07/2024";"03:08:00";"112";"Sem vítima";"219,000";"BR-116/SP";"Decrescente";"Acidentes de outra natureza";0;0;0;0;0;0;0;0;0;0;0;0;0;0;0
"30/07/2024";"03:39:00";"141";"Sem vítima";"224,000";"BR-116/SP";"Crescente";"Engavetamento";3;0;0;0;0;0;0;0;0;0;3;0;0;0;0
"30/07/2024";"03:43:00";"145";"Sem vítima";"227,500";"BR-116/SP";"Crescente";"Choque";1;0;0;0;0;0;0;0;0;0;3;0;0;0;0
"30/07/2024";"03:47:00";"149";"Sem vítima";"313,000";"BR-116/SP";"Decrescente";"Choque";0;0;1;0;0;0;0;0;0;0;1;0;0;0;0
"30/07/2024";"04:50:00";"230";"Sem vítima";"281,000";"BR-116/SP";"Crescente";"Choque";0;0;0;0;0;0;0;1;0;0;1;0;0;0;0
"30/07/2024";"08:59:00";"398";"Sem vítima";"227,000";"BR-116/SP";"Decrescente";"Colisão lateral em sentido contrário";1;0;0;0;0;0;0;0;0;0;1;0;0;0;0
"30/07/2024";"09:09:00";"401";"Com vítima";"413,000";"BR-101/SP";"Decrescente";"Capotamento";1;0;0;0;0;0;0;0;0;0;0;0;2;0;0
"30/07/2024";"10:52:00";"444";"Com vítima";"444,000";"BR-101/SP";"Decrescente";"Choque";1;0;0;0;0;0;0;0;0;0;2;2;0;0;0
"30/07/2024";"12:12:00";"482";"Com vítima";"106,000";"BR-116/SP";"Crescente";"Colisão traseira";2;0;0;0;0;0;0;0;0;0;1;1;0;0;0
"30/07/2024";"12:34:00";"497";"Com vítima";"233,000";"BR-116/SP";"Decrescente";"Choque";1;0;0;0;0;0;0;0;0;0;0;1;0;0;0
"30/07/2024";"01:28:00";"520";"Sem vítima";"239,000";"BR-116/SP";"Decrescente";"Choque";1;0;0;0;0;0;0;0;0;0;2;0;0;0;0
"30/07/2024";"02:09:00";"538";"Com vítima";"466,000";"BR-101/SP";"Decrescente";"Colisão frontal";2;0;0;0;0;0;0;0;0;0;0;0;1;0;0
"30/07/2024";"03:31:00";"581";"Com vítima";"214,000";"BR-116/SP";"Decrescente";"Colisão lateral em sentido contrário";1;0;0;1;0;0;0;0;0;0;2;1;0;0;0
"30/07/2024";"03:53:00";"590";"Sem vítima";"157,500";"BR-116/SP";"Crescente";"Colisão traseira";2;0;0;0;0;0;0;0;0;0;2;0;0;0;0
"30/07/2024";"06:27:00";"653";"Com vítima";"211,300";"BR-116/SP";"Decrescente";"Colisão traseira";1;0;0;1;0;0;0;0;0;0;1;1;0;0;0
"30/07/2024";"08:00:00";"672";"Sem vítima";"42,000";"BR-101/SP";"Decrescente";"Choque";1;0;0;0;0;0;0;0;0;0;1;0;0;0;0
"30/07/2024";"09:52:00";"47";"Com vítima";"67,000";"BR-116/SP";"Decrescente";"Choque";1;0;0;0;0;0;0;0;0;0;0;0;1;0;0
"30/07/2024";"09:55:00";"48";"Sem vítima";"475,300";"BR-101/SP";"Crescente";"Choque";1;0;0;0;0;0;0;0;0;0;1;0;0;0;0
"31/07/2024";"12:47:00";"69";"Com vítima";"232,600";"BR-116/SP";"Decrescente";"Tombamento";0;0;0;0;0;0;0;1;0;0;0;0;1;0;0
"31/07/2024";"04:50:00";"234";"Com vítima";"224,200";"BR-116/SP";"Crescente";"Colisão traseira";1;0;0;1;0;0;0;0;0;0;1;1;0;0;0
"31/07/2024";"05:51:00";"296";"Com vítima";"43,000";"BR-101/SP";"Crescente";"Atropelamento de pedestre";0;1;0;0;0;0;0;0;0;1;1;0;0;0;0
"31/07/2024";"09:59:00";"458";"Com vítima";"480,000";"BR-101/SP";"Decrescente";"Acidentes de outra natureza";0;0;0;1;0;0;0;0;0;0;0;1;0;0;0
"31/07/2024";"10:17:00";"474";"Com vítima";"231,000";"BR-116/SP";"Crescente";"Colisão traseira";1;0;0;1;0;0;0;0;0;0;3;0;3;0;0
"31/07/2024";"12:17:00";"540";"Sem vítima";"147,800";"BR-116/SP";"Decrescente";"Engavetamento";1;0;0;0;0;0;0;0;0;0;2;0;0;0;0
"31/07/2024";"12:57:00";"554";"Sem vítima";"278,000";"BR-116/SP";"Crescente";"Choque";1;0;0;0;0;0;0;0;0;0;0;0;0;0;0
"31/07/2024";"01:10:00";"563";"Com vítima";"218,000";"BR-116/SP";"Decrescente";"Engavetamento";3;0;1;0;0;0;0;0;0;1;5;3;1;0;0
"31/07/2024";"02:25:00";"608";"Com vítima";"146,800";"BR-116/SP";"Decrescente";"Colisão lateral em sentido contrário";1;0;1;0;0;0;0;0;0;0;2;1;0;0;0
"31/07/2024";"07:05:00";"732";"Sem vítima";"40,000";"BR-101/SP";"Crescente";"Choque";1;0;0;0;0;0;0;0;0;0;2;0;0;0;0
"31/07/2024";"07:39:00";"739";"Com vítima";"228,000";"BR-116/SP";"Decrescente";"Atropelamento de pedestre";1;0;0;0;0;0;0;0;0;0;1;0;0;2;0
"31/07/2024";"09:00:00";"100";"Sem vítima";"276,000";"BR-116/SP";"Crescente";"Engavetamento";1;0;0;0;0;0;0;0;0;0;0;0;0;0;0
"31/07/2024";"09:02:00";"34";"Com vítima";"86,000";"BR-116/SP";"Crescente";"Colisão lateral em sentido contrário";1;0;1;0;0;0;0;0;0;0;0;2;0;0;0
"01/08/2024";"12:08:00";"78";"Sem vítima";"445,000";"BR-101/SP";"Decrescente";"Choque";0;0;1;0;0;0;0;0;0;0;0;0;0;0;0
"01/08/2024";"02:27:00";"94";"Com vítima";"149,700";"BR-116/SP";"Crescente";"Choque";1;0;0;0;0;1;0;0;0;0;0;4;0;0;0
"01/08/2024";"04:35:00";"199";"Sem vítima";"155,000";"BR-116/SP";"Crescente";"Engavetamento";4;0;0;0;0;0;0;0;0;0;4;0;0;0;0
"01/08/2024";"04:56:00";"214";"Com vítima";"139,350";"BR-116/SP";"Crescente";"Colisão traseira";0;0;0;1;0;0;0;0;0;0;0;1;1;0;0
"01/08/2024";"05:12:00";"223";"Sem vítima";"138,000";"BR-116/SP";"Crescente";"Colisão lateral em sentido contrário";1;0;0;0;0;0;0;1;0;0;4;0;0;0;0
"01/08/2024";"05:56:00";"255";"Com vítima";"212,000";"BR-116/SP";"Crescente";"Acidentes de outra natureza";0;0;0;1;0;0;0;0;0;0;0;4;0;0;0
"01/08/2024";"06:23:00";"278";"Sem vítima";"129,000";"BR-116/SP";"Crescente";"Colisão traseira";0;0;0;0;0;0;0;2;0;0;2;0;0;0;0
"01/08/2024";"06:56:00";"298";"Com vítima";"142,800";"BR-116/SP";"Crescente";"Colisão traseira";2;0;0;0;0;0;0;0;0;0;5;1;0;0;0
"01/08/2024";"08:18:00";"340";"Sem vítima";"86,000";"BR-116/SP";"Decrescente";"Colisão traseira";1;0;0;0;0;0;0;1;0;0;3;0;0;0;0
"01/08/2024";"10:53:00";"404";"Sem vítima";"191,000";"BR-116/SP";"Decrescente";"Colisão traseira";1;0;0;0;0;0;0;0;0;0;2;0;0;0;0
"01/08/2024";"11:40:00";"429";"Sem vítima";"232,000";"BR-116/SP";"Crescente";"Colisão traseira";1;0;0;0;0;0;0;1;0;0;4;0;0;0;0
"01/08/2024";"02:01:00";"496";"Sem vítima";"116,000";"BR-116/SP";"Decrescente";"Engavetamento";3;0;0;0;0;0;0;0;0;0;4;0;0;0;0
"01/08/2024";"02:09:00";"498";"Sem vítima";"117,000";"BR-116/SP";"Decrescente";"Colisão traseira";1;0;0;0;0;0;0;0;0;0;10;0;0;0;0
"01/08/2024";"02:34:00";"510";"Sem vítima";"297,000";"BR-116/SP";"Decrescente";"Choque";1;0;0;0;0;0;0;0;0;0;1;0;0;0;0
"01/08/2024";"06:15:00";"619";"Com vítima";"232,000";"BR-116/SP";"Decrescente";"Colisão traseira";0;0;1;0;0;0;0;0;0;0;0;1;0;0;0
"01/08/2024";"08:34:00";"649";"Com vítima";"270,000";"BR-116/SP";"Decrescente";"Colisão traseira";0;0;2;0;0;0;0;0;0;0;1;0;1;0;0
"01/08/2024";"10:28:00";"49";"Com vítima";"241,600";"BR-116/SP";"Decrescente";"Colisão traseira";0;0;2;0;0;0;0;0;0;0;1;1;0;0;0
"01/08/2024";"10:37:00";"52";"Com vítima";"49,000";"BR-116/SP";"Decrescente";"Atropelamento de pedestre";0;0;0;0;0;0;0;0;0;1;0;2;0;0;0
"02/08/2024";"04:37:00";"193";"Sem vítima";"114,700";"BR-116/SP";"Decrescente";"Colisão traseira";2;0;0;0;0;0;0;0;0;0;2;0;0;0;0
"02/08/2024";"04:51:00";"203";"Com vítima";"210,000";"BR-116/SP";"Decrescente";"Choque";0;0;0;1;0;0;0;0;0;1;20;0;1;0;0
"02/08/2024";"05:45:00";"259";"Sem vítima";"102,700";"BR-116/SP";"Decrescente";"Colisão traseira";1;0;0;0;0;0;0;0;0;0;1;0;0;0;0
"02/08/2024";"06:04:00";"272";"Com vítima";"575,000";"BR-101/SP";"Decrescente";"Atropelamento de pedestre";0;1;0;1;0;0;0;0;0;0;0;0;1;0;0
"02/08/2024";"06:06:00";"274";"Sem vítima";"306,000";"BR-116/SP";"Crescente";"Colisão lateral em sentido contrário";2;0;0;0;0;0;0;0;0;0;6;0;0;0;0
"02/08/2024";"06:07:00";"275";"Com vítima";"162,000";"BR-116/SP";"Decrescente";"Engavetamento";0;0;2;0;0;0;0;1;0;0;0;1;0;0;0
"02/08/2024";"06:23:00";"289";"Sem vítima";"268,000";"BR-116/SP";"Crescente";"Colisão traseira";1;0;1;0;0;0;0;0;0;0;5;0;0;0;0
"02/08/2024";"08:11:00";"348";"Sem vítima";"153,800";"BR-116/SP";"Decrescente";"Choque";1;0;0;0;0;0;0;0;0;0;1;0;0;0;0
"02/08/2024";"08:23:00";"351";"Sem vítima";"146,000";"BR-116/SP";"Crescente";"Capotamento";1;0;0;0;0;0;0;0;0;0;0;0;0;0;0
"02/08/2024";"11:50:00";"433";"Com vítima";"102,000";"BR-116/SP";"Decrescente";"Colisão lateral em sentido contrário";0;0;0;1;0;0;0;0;0;0;0;0;1;0;0
"02/08/2024";"12:25:00";"445";"Sem vítima";"68,000";"BR-116/SP";"Crescente";"Colisão lateral em sentido contrário";1;0;1;0;0;0;0;0;0;0;2;0;0;0;0
"02/08/2024";"12:47:00";"457";"Com vítima";"217,400";"BR-116/SP";"Crescente";"Acidentes de outra natureza";0;0;0;1;0;0;0;0;0;0;0;2;0;0;0
"02/08/2024";"01:39:00";"482";"Com vítima";"148,000";"BR-116/SP";"Decrescente";"Colisão traseira";1;0;1;1;0;0;0;0;0;0;3;1;1;0;0
"02/08/2024";"02:19:00";"502";"Sem vítima";"149,000";"BR-116/SP";"Crescente";"Colisão traseira";0;0;0;0;0;0;0;1;0;0;1;0;0;0;0
"02/08/2024";"02:41:00";"515";"Sem vítima";"112,000";"BR-116/SP";"Decrescente";"Colisão traseira";2;0;0;0;0;0;0;0;0;0;6;0;0;0;0
"02/08/2024";"03:00:00";"525";"Com vítima";"97,000";"BR-116/SP";"Crescente";"Colisão traseira";1;0;0;2;0;0;0;0;0;0;4;1;0;0;0
"02/08/2024";"05:47:00";"597";"Com vítima";"218,100";"BR-116/SP";"Decrescente";"Engavetamento";1;0;0;2;0;0;0;0;0;0;2;2;0;0;0
"02/08/2024";"05:48:00";"599";"Com vítima";"329,500";"BR-116/SP";"Decrescente";"Colisão traseira";1;0;0;0;0;0;0;0;0;0;0;2;0;0;0
"02/08/2024";"09:14:00";"35";"Sem vítima";"230,000";"BR-116/SP";"Crescente";"Colisão traseira";1;0;1;0;0;0;0;0;0;0;2;0;0;0;0
"02/08/2024";"11:25:00";"66";"Sem vítima";"217,000";"BR-116/SP";"Decrescente";"Colisão traseira";1;0;0;0;0;0;0;0;0;0;0;0;0;0;0
"03/08/2024";"01:58:00";"87";"Sem vítima";"408,000";"BR-101/SP";"Decrescente";"Atropelamento de pedestre";1;0;0;0;0;0;0;0;0;0;1;0;0;0;0
"03/08/2024";"01:58:00";"87";"Sem vítima";"408,700";"BR-101/SP";"Decrescente";"Atropelamento de pedestre";1;0;0;0;0;0;0;0;0;0;1;0;0;0;0
"03/08/2024";"02:13:00";"89";"Com vítima";"225,000";"BR-116/SP";"Crescente";"Engavetamento";4;0;0;0;0;0;0;0;0;0;6;1;0;0;0
"03/08/2024";"02:13:00";"101";"Sem vítima";"225,000";"BR-116/SP";"Crescente";"Colisão lateral em sentido contrário";2;0;0;0;0;0;0;1;0;0;4;0;0;0;0
"03/08/2024";"03:08:00";"108";"Com vítima";"50,000";"BR-116/SP";"Decrescente";"Atropelamento de pedestre";0;0;0;1;0;0;0;0;0;0;0;1;0;0;0
"03/08/2024";"03:36:00";"122";"Com vítima";"243,000";"BR-116/SP";"Decrescente";"Choque";1;0;0;0;0;0;0;0;0;0;1;1;0;0;0
"03/08/2024";"05:02:00";"195";"Sem vítima";"129,000";"BR-116/SP";"Decrescente";"Colisão traseira";2;0;0;0;0;0;0;0;0;0;12;0;0;0;0