data;horario;n_da_ocorrencia;tipo_de_ocorrencia;km;trecho;sentido;tipo_de_acidente;automovel;bicicleta;caminhao;moto;onibus;outros;tracao_animal;transporte_de_cargas_especiais;trator_maquinas;utilitarios;ilesos;levemente_feridos;moderadamente_feridos;gravemente_feridos;mortos
"03/08/2024";"05:22:00";"215";"Com vítima";"482,000";"BR-101/SP";"Decrescente";"Colisão lateral em sentido contrário";1;0;0;1;0;0;0;0;0;0;1;2;0;0;0
"03/08/2024";"05:43:00";"226";"Sem vítima";"218,000";"BR-116/SP";"Crescente";"Engavetamento";2;0;0;0;0;0;0;0;0;0;3;0;0;0;0
"03/08/2024";"07:04:00";"277";"Com vítima";"235,800";"BR-116/SP";"Crescente";"Acidentes de outra natureza";0;0;0;1;0;0;0;0;0;0;0;1;0;0;0
"03/08/2024";"07:06:00";"280";"Com vítima";"504,000";"BR-101/SP";"Decrescente";"Colisão transversal";1;0;0;1;0;0;0;0;0;0;1;1;0;0;0
"03/08/2024";"07:52:00";"311";"Sem vítima";"95,000";"BR-116/SP";"Decrescente";"Engavetamento";3;0;0;0;0;0;0;0;0;0;7;0;0;0;0
"03/08/2024";"08:15:00";"324";"Sem vítima";"157,200";"BR-116/SP";"Decrescente";"Engavetamento";1;0;0;0;0;0;0;0;0;0;3;0;0;0;0
"03/08/2024";"08:34:00";"339";"Sem vítima";"225,700";"BR-116/SP";"Crescente";"Colisão traseira";0;0;0;0;0;0;0;1;0;0;3;0;0;0;0
"03/08/2024";"08:37:00";"340";"Com vítima";"142,000";"BR-116/SP";"Decrescente";"Engavetamento";3;0;0;0;0;0;0;0;0;0;8;2;0;0;0
"03/08/2024";"09:31:00";"371";"Com vítima";"336,500";"BR-116/SP";"Crescente";"Choque";1;0;0;0;0;0;0;0;0;0;1;2;0;0;0
"03/08/2024";"10:13:00";"391";"Com vítima";"144,000";"BR-116/SP";"Crescente";"Acidentes de outra natureza";0;0;0;1;0;0;0;0;0;0;0;1;0;0;0
"03/08/2024";"10:37:00";"373";"Com vítima";"254,000";"BR-116/SP";"Crescente";"Acidentes de outra natureza";0;0;0;1;0;0;0;0;0;0;0;0;1;0;0
"03/08/2024";"12:08:00";"448";"Sem vítima";"293,000";"BR-116/SP";"Crescente";"Colisão traseira";1;0;0;0;0;0;0;0;0;0;4;0;0;0;0
"03/08/2024";"12:32:00";"459";"Sem vítima";"293,000";"BR-116/SP";"Crescente";"Engavetamento";4;0;0;0;0;0;0;0;0;0;11;0;0;0;0
"03/08/2024";"02:20:00";"519";"Com vítima";"107,000";"BR-116/SP";"Decrescente";"Acidentes de outra natureza";0;0;0;2;0;0;0;0;0;0;0;0;3;0;0
"03/08/2024";"03:11:00";"540";"Sem vítima";"96,000";"BR-116/SP";"Decrescente";"Choque";0;0;2;0;0;0;0;0;0;0;4;0;0;0;0
"03/08/2024";"03:26:00";"549";"Com vítima";"458,000";"BR-101/SP";"Decrescente";"Colisão lateral em sentido contrário";2;0;0;0;0;0;0;0;0;0;4;0;1;0;0
"03/08/2024";"03:47:00";"560";"Com vítima";"385,000";"BR-101/SP";"Crescente";"Engavetamento";3;0;0;0;0;0;0;0;0;0;7;1;0;0;0
"03/08/2024";"04:00:00";"564";"Sem vítima";"384,000";"BR-101/SP";"Crescente";"Engavetamento";3;0;0;0;0;0;0;0;0;0;5;0;0;0;0
"03/08/2024";"04:01:00";"565";"Sem vítima";"231,000";"BR-116/SP";"Crescente";"Engavetamento";3;0;0;0;0;0;0;0;0;0;3;0;0;0;0
"03/08/2024";"04:41:00";"577";"Com vítima";"228,000";"BR-116/SP";"Crescente";"Colisão lateral em sentido contrário";2;0;0;1;0;0;0;0;0;0;2;1;0;0;0
"03/08/2024";"04:46:00";"581";"Sem vítima";"387,000";"BR-101/SP";"Crescente";"Engavetamento";2;0;0;0;0;0;0;0;0;0;2;0;0;0;0
"03/08/2024";"04:52:00";"585";"Com vítima";"227,000";"BR-116/SP";"Decrescente";"Engavetamento";8;0;0;0;0;0;0;0;0;0;15;0;0;3;0
"03/08/2024";"04:59:00";"587";"Com vítima";"503,000";"BR-101/SP";"Decrescente";"Colisão lateral em sentido contrário";0;0;0;1;0;0;0;0;0;0;0;1;0;0;0
"03/08/2024";"07:00:00";"614";"Com vítima";"391,000";"BR-101/SP";"Decrescente";"Colisão traseira";1;0;0;1;0;0;0;0;0;0;1;1;0;0;0
"03/08/2024";"11:06:00";"61";"Com vítima";"428,000";"BR-101/SP";"Crescente";"Colisão lateral em sentido contrário";0;0;2;0;0;0;0;0;0;0;3;0;1;0;0
"04/08/2024";"02:05:00";"84";"Com vítima";"70,000";"BR-116/SP";"Crescente";"Choque";1;0;0;0;0;0;0;0;0;0;1;1;0;0;0
"04/08/2024";"05:49:00";"215";"Sem vítima";"165,000";"BR-116/SP";"Crescente";"Colisão lateral em sentido contrário";1;0;0;0;0;0;0;1;0;0;6;0;0;0;0
"04/08/2024";"06:11:00";"226";"Com vítima";"236,200";"BR-116/SP";"Crescente";"Choque";0;0;0;1;0;0;0;0;0;0;0;0;0;0;1
"04/08/2024";"06:25:00";"229";"Sem vítima";"271,000";"BR-116/SP";"Crescente";"Colisão lateral em sentido contrário";1;0;0;0;0;0;0;0;0;0;2;0;0;0;0
"04/08/2024";"07:02:00";"249";"Sem vítima";"249,550";"BR-116/SP";"Crescente";"Colisão traseira";1;0;0;0;0;0;0;0;0;0;0;0;0;0;0
"04/08/2024";"09:26:00";"307";"Sem vítima";"59,950";"BR-116/SP";"Crescente";"Choque";1;0;0;0;0;0;0;0;0;0;0;0;0;0;0
"04/08/2024";"11:00:00";"354";"Sem vítima";"86,700";"BR-116/SP";"Crescente";"Engavetamento";4;0;0;0;0;0;0;0;0;0;12;0;0;0;0
"04/08/2024";"11:57:00";"377";"Com vítima";"233,000";"BR-116/SP";"Decrescente";"Acidentes de outra natureza";0;0;0;1;0;0;0;0;0;0;1;1;0;0;0
"04/08/2024";"12:12:00";"385";"Sem vítima";"139,400";"BR-116/SP";"Crescente";"Engavetamento";3;0;0;0;0;0;0;0;0;0;8;0;0;0;0
"04/08/2024";"12:29:00";"394";"Sem vítima";"80,000";"BR-116/SP";"Crescente";"Colisão traseira";2;0;0;0;0;0;0;0;0;0;2;0;0;0;0
"04/08/2024";"01:22:00";"423";"Sem vítima";"95,000";"BR-116/SP";"Decrescente";"Colisão lateral em sentido contrário";1;0;1;0;0;0;0;0;0;0;2;0;0;0;0
"04/08/2024";"01:30:00";"425";"Sem vítima";"71,000";"BR-116/SP";"Crescente";"Colisão traseira";2;0;0;0;0;0;0;0;0;0;4;0;0;0;0
"04/08/2024";"01:30:00";"426";"Com vítima";"292,000";"BR-116/SP";"Decrescente";"Engavetamento";3;0;0;1;0;0;0;0;0;1;10;2;2;0;0
"04/08/2024";"03:40:00";"493";"Sem vítima";"292,000";"BR-116/SP";"Decrescente";"Colisão traseira";2;0;0;0;0;0;0;0;0;0;4;0;0;0;0
"04/08/2024";"04:23:00";"521";"Sem vítima";"482,000";"BR-101/SP";"Decrescente";"Colisão traseira";1;0;0;0;1;0;0;0;0;0;8;0;0;0;0
"04/08/2024";"05:42:00";"551";"Sem vítima";"36,500";"BR-101/SP";"Crescente";"Capotamento";1;0;0;0;0;0;0;0;0;0;1;0;0;0;0
"04/08/2024";"06:08:00";"562";"Com vítima";"504,000";"BR-101/SP";"Decrescente";"Acidentes de outra natureza";0;0;0;1;0;0;0;0;0;0;0;1;0;0;0
"04/08/2024";"09:56:00";"43";"Com vítima";"28,000";"BR-101/SP";"Crescente";"Choque";1;0;0;0;0;0;0;0;0;0;0;1;0;0;0
"05/08/2024";"12:18:00";"63";"Com vítima";"110,000";"BR-116/SP";"Decrescente";"Colisão traseira";0;0;1;1;0;0;0;0;0;0;2;0;1;0;0
"05/08/2024";"12:56:00";"69";"Com vítima";"323,800";"BR-116/SP";"Crescente";"Choque";1;0;0;0;1;0;0;0;0;0;51;1;0;0;0
"05/08/2024";"12:59:00";"70";"Sem vítima";"192,000";"BR-116/SP";"Decrescente";"Choque";1;0;0;0;0;0;0;0;0;0;1;0;0;0;0
"05/08/2024";"03:13:00";"114";"Com vítima";"225,000";"BR-116/SP";"Crescente";"Colisão traseira";2;0;0;0;0;0;0;0;0;0;0;2;0;0;0
"05/08/2024";"04:32:00";"187";"Com vítima";"227,000";"BR-116/SP";"Decrescente";"Engavetamento";3;0;0;0;0;0;0;0;0;0;2;1;0;0;0
"05/08/2024";"05:00:00";"219";"Com vítima";"138,700";"BR-116/SP";"Crescente";"Colisão lateral em sentido contrário";1;0;0;1;0;0;0;0;0;0;4;1;0;0;0
"05/08/2024";"05:57:00";"274";"Com vítima";"157,000";"BR-116/SP";"Decrescente";"Acidentes de outra natureza";0;0;0;1;0;0;0;0;0;0;0;1;0;0;0
"05/08/2024";"06:28:00";"299";"Com vítima";"382,000";"BR-101/SP";"Crescente";"Capotamento";1;0;0;0;0;0;0;0;0;0;0;2;0;0;0
"05/08/2024";"07:18:00";"335";"Sem vítima";"224,000";"BR-116/SP";"Crescente";"Colisão traseira";2;0;0;0;0;0;0;0;0;0;3;0;0;0;0
"05/08/2024";"08:48:00";"402";"Com vítima";"229,000";"BR-116/SP";"Decrescente";"Tombamento";0;0;1;0;0;0;0;0;0;0;0;1;0;0;0
"05/08/2024";"10:03:00";"435";"Com vítima";"223,000";"BR-116/SP";"Decrescente";"Colisão traseira";0;0;1;1;0;0;0;0;0;0;4;4;0;0;0
"05/08/2024";"02:23:00";"575";"Com vítima";"56,000";"BR-116/SP";"Decrescente";"Engavetamento";2;0;1;0;0;0;0;1;0;0;1;3;0;0;0
"05/08/2024";"02:38:00";"581";"Com vítima";"56,000";"BR-116/SP";"Decrescente";"Colisão traseira";2;0;0;0;0;0;0;0;0;0;1;1;0;0;0
"05/08/2024";"03:49:00";"619";"Sem vítima";"246,000";"BR-116/SP";"Crescente";"Colisão lateral em sentido contrário";1;0;1;0;0;0;0;0;0;0;0;0;0;0;0
"05/08/2024";"06:01:00";"675";"Sem vítima";"214,000";"BR-116/SP";"Decrescente";"Colisão lateral em sentido contrário";1;0;1;0;0;0;0;0;0;0;3;0;0;0;0
"05/08/2024";"07:01:00";"699";"Sem vítima";"219,000";"BR-116/SP";"Crescente";"Colisão lateral em sentido contrário";1;0;1;0;0;0;0;0;0;0;4;0;0;0;0
"05/08/2024";"09:37:00";"34";"Sem vítima";"29,600";"BR-101/SP";"Crescente";"Choque";1;0;0;0;0;0;0;0;0;0;4;0;0;0;0
"05/08/2024";"10:23:00";"53";"Sem vítima";"38,500";"BR-101/SP";"Decrescente";"Choque";1;0;0;0;0;0;0;0;0;0;2;0;0;0;0
"05/08/2024";"10:52:00";"56";"Sem vítima";"79,300";"BR-116/SP";"Crescente";"Colisão traseira";1;0;0;0;0;0;0;0;0;0;1;0;0;0;0
"06/08/2024";"01:15:00";"74";"Com vítima";"97,000";"BR-116/SP";"Crescente";"Colisão traseira";0;0;2;0;0;0;0;0;0;0;0;6;0;0;0
"06/08/2024";"03:30:00";"138";"Sem vítima";"210,000";"BR-116/SP";"Decrescente";"Colisão lateral em sentido contrário";1;0;0;0;0;0;0;0;0;0;1;0;0;0;0
"06/08/2024";"04:00:00";"171";"Com vítima";"269,000";"BR-116/SP";"Decrescente";"Acidentes de outra natureza";0;0;0;1;0;0;0;0;0;0;0;2;0;0;0
"06/08/2024";"05:01:00";"236";"Sem vítima";"221,000";"BR-116/SP";"Crescente";"Colisão traseira";1;0;0;0;0;0;0;0;0;1;2;0;0;0;0
"06/08/2024";"05:26:00";"259";"Sem vítima";"208,000";"BR-116/SP";"Decrescente";"Colisão traseira";1;0;0;0;0;0;0;0;0;0;1;0;0;0;0
"06/08/2024";"05:51:00";"285";"Com vítima";"130,900";"BR-116/SP";"Crescente";"Colisão traseira";0;0;0;1;0;0;0;0;0;0;0;1;0;0;0
"06/08/2024";"06:04:00";"292";"Sem vítima";"130,000";"BR-116/SP";"Crescente";"Engavetamento";0;0;3;0;0;0;0;0;0;0;3;0;0;0;0
"06/08/2024";"06:19:00";"310";"Sem vítima";"227,900";"BR-116/SP";"Crescente";"Colisão traseira";0;0;0;0;1;0;0;1;0;0;16;0;0;0;0
"06/08/2024";"06:27:00";"315";"Sem vítima";"334,000";"BR-116/SP";"Decrescente";"Choque";1;0;0;0;0;0;0;0;0;0;1;0;0;0;0
"06/08/2024";"06:43:00";"327";"Com vítima";"197,000";"BR-116/SP";"Crescente";"Colisão traseira";0;0;1;0;0;0;0;1;0;0;1;0;3;0;0
"06/08/2024";"08:55:00";"383";"Com vítima";"189,000";"BR-116/SP";"Crescente";"Colisão traseira";0;0;0;1;0;0;0;0;0;0;0;1;0;0;0
"06/08/2024";"09:36:00";"401";"Com vítima";"234,000";"BR-116/SP";"Crescente";"Colisão lateral em sentido contrário";0;0;1;0;0;0;0;0;0;0;1;1;0;0;0
"06/08/2024";"09:41:00";"404";"Sem vítima";"220,000";"BR-116/SP";"Decrescente";"Colisão traseira";1;0;1;0;0;0;0;0;0;0;2;0;0;0;0
"06/08/2024";"10:44:00";"431";"Sem vítima";"219,000";"BR-116/SP";"Crescente";"Engavetamento";2;0;0;0;0;0;0;0;0;0;4;0;0;0;0
"06/08/2024";"12:23:00";"498";"Com vítima";"327,000";"BR-116/SP";"Decrescente";"Capotamento";1;0;0;0;0;0;0;0;0;0;0;4;1;0;0
"06/08/2024";"08:15:00";"692";"Com vítima";"212,000";"BR-116/SP";"Crescente";"Colisão traseira";0;0;1;0;0;0;0;0;0;1;3;1;0;0;0
"06/08/2024";"09:00:00";"593";"Sem vítima";"565,000";"BR-101/SP";"Crescente";"Choque";0;0;1;0;0;0;0;0;0;0;2;0;0;0;0
"06/08/2024";"09:44:00";"725";"Com vítima";"218,000";"BR-116/SP";"Crescente";"Choque";1;0;0;0;0;0;0;0;0;0;0;0;1;0;0
"06/08/2024";"11:27:00";"55";"Com vítima";"86,300";"BR-116/SP";"Decrescente";"Colisão traseira";0;0;1;0;0;0;0;2;0;0;2;0;0;1;0
"07/08/2024";"03:21:00";"108";"Com vítima";"451,000";"BR-101/SP";"Decrescente";"Acidentes de outra natureza";0;0;0;1;0;0;0;0;0;0;0;1;0;0;0
"07/08/2024";"05:27:00";"246";"Com vítima";"160,000";"BR-116/SP";"Crescente";"Colisão traseira";0;0;0;1;0;0;0;0;0;0;0;1;0;0;0
"07/08/2024";"05:34:00";"258";"Sem vítima";"146,000";"BR-116/SP";"Decrescente";"Engavetamento";4;0;0;0;0;0;0;0;0;0;5;0;0;0;0
"07/08/2024";"05:43:00";"267";"Com vítima";"134,700";"BR-116/SP";"Crescente";"Engavetamento";3;0;0;0;0;0;0;0;0;0;7;1;0;0;0
"07/08/2024";"06:05:00";"288";"Sem vítima";"145,500";"BR-116/SP";"Crescente";"Colisão lateral em sentido contrário";1;0;0;0;0;0;0;0;0;0;2;0;0;0;0
"07/08/2024";"06:30:00";"310";"Com vítima";"228,000";"BR-116/SP";"Decrescente";"Colisão lateral em sentido contrário";0;0;0;2;0;0;0;0;0;0;1;1;0;0;0
"07/08/2024";"06:56:00";"330";"Com vítima";"418,000";"BR-101/SP";"Decrescente";"Colisão lateral em sentido contrário";0;0;1;1;0;0;0;0;0;0;1;0;0;1;0
"07/08/2024";"08:43:00";"382";"Com vítima";"164,950";"BR-116/SP";"Decrescente";"Choque";1;0;1;0;0;0;0;0;0;0;1;0;0;1;0
"07/08/2024";"10:10:00";"420";"Sem vítima";"111,000";"BR-116/SP";"Decrescente";"Choque";1;0;0;0;0;0;0;0;0;0;4;0;0;0;0
"07/08/2024";"10:52:00";"445";"Sem vítima";"216,000";"BR-116/SP";"Crescente";"Colisão lateral em sentido contrário";2;0;0;0;0;0;0;0;0;0;4;0;0;0;0
"07/08/2024";"12:36:00";"505";"Sem vítima";"158,900";"BR-116/SP";"Decrescente";"Colisão traseira";2;0;0;0;0;0;0;0;0;0;2;0;0;0;0
"07/08/2024";"12:45:00";"517";"Sem vítima";"170,100";"BR-116/SP";"Decrescente";"Choque";1;0;0;0;0;0;0;0;0;0;0;0;0;0;0
"07/08/2024";"01:37:00";"550";"Sem vítima";"328,700";"BR-116/SP";"Decrescente";"Colisão traseira";0;0;2;0;0;0;0;0;0;0;2;0;0;0;0
"07/08/2024";"01:40:00";"554";"Com vítima";"271,000";"BR-116/SP";"Decrescente";"Capotamento";1;0;0;0;0;0;0;0;0;0;0;1;0;0;0
"07/08/2024";"02:04:00";"566";"Com vítima";"224,000";"BR-116/SP";"Decrescente";"Choque";1;0;0;0;0;0;0;0;0;0;0;1;1;0;0
"07/08/2024";"03:07:00";"604";"Sem vítima";"209,800";"BR-116/SP";"Decrescente";"Colisão lateral em sentido contrário";1;0;1;0;0;0;0;0;0;0;3;0;0;0;0
"07/08/2024";"04:18:00";"647";"Com vítima";"225,000";"BR-116/SP";"Crescente";"Colisão lateral em sentido contrário";1;0;0;1;0;0;0;0;0;0;1;0;1;0;0
"07/08/2024";"06:43:00";"701";"Sem vítima";"3,000";"BR-101/SP";"Crescente";"Choque";1;0;0;0;0;0;0;0;0;0;1;0;0;0;0
"07/08/2024";"08:35:00";"727";"Com vítima";"310,000";"BR-116/SP";"Decrescente";"Colisão lateral em sentido contrário";1;0;0;1;0;0;0;0;0;0;6;2;0;0;0
"07/08/2024";"09:00:00";"60";"Sem vítima";"206,000";"BR-116/SP";"Decrescente";"Capotamento";1;0;0;0;0;0;0;0;0;0;1;0;0;0;0
"07/08/2024";"09:00:00";"764";"Sem vítima";"230,100";"BR-116/SP";"Crescente";"Colisão traseira";1;0;0;0;0;0;0;0;0;0;0;0;0;0;0
"07/08/2024";"09:35:00";"41";"Com vítima";"103,000";"BR-116/SP";"Decrescente";"Atropelamento de pedestre";0;0;1;0;0;0;0;0;0;1;2;2;0;0;1
"08/08/2024";"12:18:00";"59";"Com vítima";"195,000";"BR-116/SP";"Crescente";"Colisão traseira";0;0;2;0;0;0;0;0;0;0;1;1;0;0;0
"08/08/2024";"02:18:00";"73";"Sem vítima";"200,300";"BR-116/SP";"Crescente";"Colisão lateral em sentido contrário";1;0;1;0;0;0;0;1;0;0;3;0;0;0;0
"08/08/2024";"02:47:00";"83";"Sem vítima";"200,000";"BR-116/SP";"Decrescente";"Colisão traseira";2;0;0;0;0;0;0;0;0;0;2;0;0;0;0
"08/08/2024";"03:46:00";"132";"Com vítima";"228,050";"BR-116/SP";"Crescente";"Engavetamento";0;0;0;2;0;0;0;0;0;0;0;1;1;0;0
"08/08/2024";"03:52:00";"143";"Com vítima";"228,000";"BR-116/SP";"Crescente";"Engavetamento";2;0;0;1;0;0;0;0;0;0;2;1;0;0;0
"08/08/2024";"04:42:00";"195";"Com vítima";"137,000";"BR-116/SP";"Crescente";"Choque";1;0;0;0;0;0;0;0;0;0;0;1;0;0;0
"08/08/2024";"08:15:00";"378";"Sem vítima";"229,000";"BR-116/SP";"Crescente";"Engavetamento";0;0;2;0;0;0;0;0;0;1;3;0;0;0;0
"08/08/2024";"08:57:00";"406";"Com vítima";"121,100";"BR-116/SP";"Decrescente";"Acidentes de outra natureza";0;0;0;1;0;0;0;0;0;0;0;1;1;0;0
"08/08/2024";"09:07:00";"409";"Sem vítima";"96,100";"BR-116/SP";"Crescente";"Colisão lateral em sentido contrário";1;0;1;0;0;0;0;0;0;0;3;0;0;0;0
"08/08/2024";"09:32:00";"423";"Com vítima";"213,000";"BR-116/SP";"Decrescente";"Acidentes de outra natureza";0;0;0;1;0;0;0;0;0;0;0;1;0;0;0
"08/08/2024";"10:40:00";"454";"Sem vítima";"182,300";"BR-116/SP";"Decrescente";"Choque";0;0;1;0;0;0;0;0;0;0;1;0;0;0;0
"08/08/2024";"12:57:00";"545";"Com vítima";"462,000";"BR-101/SP";"Decrescente";"Colisão lateral em sentido contrário";0;0;0;1;0;0;0;0;0;1;3;0;1;0;0
"08/08/2024";"03:23:00";"624";"Sem vítima";"116,000";"BR-116/SP";"Decrescente";"Colisão traseira";1;0;1;0;0;0;0;0;0;0;2;0;0;0;0
"08/08/2024";"04:40:00";"669";"Com vítima";"149,000";"BR-116/SP";"Crescente";"Colisão traseira";1;0;0;1;0;0;0;0;0;0;2;1;0;0;0
"08/08/2024";"04:54:00";"678";"Com vítima";"242,500";"BR-116/SP";"Decrescente";"Atropelamento de pedestre";0;0;1;0;0;0;0;0;0;0;0;0;0;0;1
"08/08/2024";"05:08:00";"684";"Com vítima";"202,000";"BR-116/SP";"Crescente";"Atropelamento de pedestre";0;0;0;0;0;0;0;1;0;0;1;0;0;0;1
"08/08/2024";"08:08:00";"753";"Com vítima";"204,000";"BR-116/SP";"Decrescente";"Colisão traseira";1;0;0;1;0;0;0;0;0;0;1;0;0;1;0
"08/08/2024";"09:28:00";"40";"Com vítima";"389,000";"BR-101/SP";"Decrescente";"Colisão traseira";1;0;0;0;1;0;0;0;0;0;0;1;0;0;0
"08/08/2024";"09:59:00";"41";"Sem vítima";"110,000";"BR-116/SP";"Decrescente";"Colisão traseira";2;0;0;0;0;0;0;0;0;0;6;0;0;0;0
"08/08/2024";"11:12:00";"60";"Com vítima";"329,000";"BR-116/SP";"Decrescente";"Atropelamento de pedestre";0;0;0;0;0;0;0;0;0;0;0;0;0;0;2
"09/08/2024";"01:06:00";"85";"Sem vítima";"430,000";"BR-101/SP";"Decrescente";"Choque";0;0;0;0;0;0;0;0;0;1;0;0;0;0;0
"09/08/2024";"01:08:00";"86";"Com vítima";"96,100";"BR-116/SP";"Decrescente";"Atropelamento de pedestre";0;0;0;0;0;0;0;0;0;0;0;0;0;0;1
"09/08/2024";"01:56:00";"99";"Com vítima";"118,000";"BR-116/SP";"Decrescente";"Choque";1;0;0;0;0;0;0;0;0;0;0;2;0;0;0
"09/08/2024";"02:30:00";"110";"Sem vítima";"220,100";"BR-116/SP";"Decrescente";"Colisão lateral em sentido contrário";1;0;1;0;0;0;0;0;0;0;2;0;0;0;0
"09/08/2024";"05:07:00";"259";"Com vítima";"149,000";"BR-116/SP";"Decrescente";"Colisão traseira";0;0;0;1;0;0;0;0;0;0;0;0;1;0;0
"09/08/2024";"07:22:00";"368";"Sem vítima";"124,000";"BR-116/SP";"Decrescente";"Colisão traseira";2;0;0;0;0;0;0;0;0;0;8;0;0;0;0
"09/08/2024";"07:46:00";"390";"Sem vítima";"41,000";"BR-116/SP";"Crescente";"Choque";1;0;0;0;0;0;0;0;0;0;1;0;0;0;0
"09/08/2024";"07:47:00";"392";"Sem vítima";"233,000";"BR-116/SP";"Decrescente";"Colisão lateral em sentido contrário";1;0;1;0;0;0;0;0;0;0;3;0;0;0;0
"09/08/2024";"07:49:00";"394";"Sem vítima";"41,000";"BR-116/SP";"Crescente";"Choque";0;0;1;0;0;0;0;0;0;0;1;0;0;0;0
"09/08/2024";"07:49:00";"395";"Sem vítima";"41,000";"BR-116/SP";"Crescente";"Choque";0;0;0;0;0;0;0;0;0;1;2;0;0;0;0
"09/08/2024";"08:54:00";"421";"Com vítima";"228,000";"BR-116/SP";"Decrescente";"Capotamento";1;0;0;0;0;0;0;0;0;0;0;1;0;0;0
"09/08/2024";"11:08:00";"482";"Com vítima";"272,000";"BR-116/SP";"Crescente";"Colisão lateral em sentido contrário";1;0;0;0;0;0;0;0;0;1;6;2;2;0;0
"09/08/2024";"11:26:00";"495";"Com vítima";"52,000";"BR-101/SP";"Crescente";"Colisão traseira";1;0;0;1;0;0;0;0;0;0;2;2;0;0;0
"09/08/2024";"11:29:00";"497";"Com vítima";"165,200";"BR-116/SP";"Decrescente";"Colisão traseira";0;0;0;2;0;0;0;0;0;0;2;1;0;0;0
"09/08/2024";"11:37:00";"503";"Com vítima";"223,800";"BR-116/SP";"Decrescente";"Colisão traseira";1;0;0;1;0;0;0;0;0;0;1;1;0;0;0
"09/08/2024";"12:31:00";"529";"Com vítima";"485,000";"BR-101/SP";"Crescente";"Colisão lateral em sentido contrário";1;0;0;1;0;0;0;0;0;0;1;0;1;0;0
"09/08/2024";"12:42:00";"535";"Sem vítima";"314,000";"BR-116/SP";"Crescente";"Colisão traseira";1;0;0;0;0;0;0;1;0;0;2;0;0;0;0
"09/08/2024";"03:03:00";"619";"Sem vítima";"143,300";"BR-116/SP";"Decrescente";"Colisão traseira";2;0;0;0;0;0;0;0;0;0;5;0;0;0;0
"09/08/2024";"04:21:00";"657";"Com vítima";"217,000";"BR-116/SP";"Crescente";"Colisão traseira";2;0;0;0;0;0;0;0;0;0;1;0;1;0;0
"09/08/2024";"04:26:00";"658";"Sem vítima";"162,300";"BR-116/SP";"Decrescente";"Colisão traseira";2;0;0;0;0;0;0;0;0;0;2;0;0;0;0
"09/08/2024";"04:33:00";"660";"Com vítima";"384,000";"BR-101/SP";"Decrescente";"Capotamento";1;0;0;0;0;0;0;0;0;0;1;3;0;0;0
"09/08/2024";"06:48:00";"708";"Sem vítima";"221,000";"BR-116/SP";"Decrescente";"Choque";1;0;0;0;0;0;0;0;0;0;1;0;0;0;0
"09/08/2024";"06:54:00";"699";"Sem vítima";"182,300";"BR-116/SP";"Decrescente";"Colisão traseira";1;0;1;0;0;0;0;0;0;0;1;0;0;0;0
"09/08/2024";"07:37:00";"722";"Sem vítima";"527,100";"BR-101/SP";"Crescente";"Choque";1;0;0;0;0;0;0;0;0;0;3;0;0;0;0
"09/08/2024";"07:47:00";"725";"Sem vítima";"385,000";"BR-101/SP";"Crescente";"Acidentes de outra natureza";0;0;0;1;0;0;0;0;0;0;0;0;0;0;0
"09/08/2024";"08:24:00";"741";"Com vítima";"233,000";"BR-116/SP";"Decrescente";"Choque";1;0;0;0;0;0;0;0;0;0;3;1;0;0;0
"09/08/2024";"09:00:00";"67";"Sem vítima";"234,000";"BR-116/SP";"Decrescente";"Capotamento";1;0;0;0;0;0;0;0;0;0;0;0;0;0;0
"09/08/2024";"09:00:00";"513";"Sem vítima";"406,000";"BR-101/SP";"Decrescente";"Choque";0;0;1;0;0;0;0;0;0;0;1;0;0;0;0
"09/08/2024";"09:22:00";"38";"Com vítima";"480,000";"BR-101/SP";"Decrescente";"Acidentes de outra natureza";0;0;0;0;1;0;0;0;0;0;0;3;0;0;0
"09/08/2024";"09:36:00";"521";"Sem vítima";"138,000";"BR-116/SP";"Decrescente";"Choque";1;0;0;0;0;0;0;0;0;0;2;0;0;0;0
"09/08/2024";"09:50:00";"40";"Sem vítima";"243,600";"BR-116/SP";"Crescente";"Choque";1;0;0;0;0;0;0;0;0;0;0;0;0;0;0
"09/08/2024";"10:51:00";"51";"Com vítima";"233,000";"BR-116/SP";"Crescente";"Choque";1;0;0;0;0;0;0;0;0;0;0;5;0;0;0
"09/08/2024";"11:14:00";"55";"Com vítima";"47,000";"BR-116/SP";"Decrescente";"Colisão traseira";1;0;0;0;1;0;0;0;0;0;39;2;0;0;0
"09/08/2024";"11:36:00";"59";"Com vítima";"47,300";"BR-101/SP";"Decrescente";"Capotamento";1;0;0;0;0;0;0;0;0;0;0;2;0;0;0