data;horario;n_da_ocorrencia;tipo_de_ocorrencia;km;trecho;sentido;tipo_de_acidente;automovel;bicicleta;caminhao;moto;onibus;outros;tracao_animal;transporte_de_cargas_especiais;trator_maquinas;utilitarios;ilesos;levemente_feridos;moderadamente_feridos;gravemente_feridos;mortos
"09/08/2024";"11:40:00";"60";"Sem vítima";"217,000";"BR-116/SP";"Decrescente";"Choque";1;0;0;0;0;0;0;0;0;0;2;0;0;0;0
"09/08/2024";"11:56:00";"61";"Com vítima";"465,000";"BR-101/SP";"Decrescente";"Choque";1;0;0;0;0;0;0;0;0;0;0;1;0;0;0
"10/08/2024";"01:03:00";"75";"Com vítima";"60,000";"BR-116/SP";"Crescente";"Choque";1;0;0;0;0;0;0;0;0;0;0;0;0;1;0
"10/08/2024";"01:56:00";"86";"Sem vítima";"101,000";"BR-116/SP";"Crescente";"Choque";0;0;0;0;0;0;0;0;0;1;1;0;0;0;0
"10/08/2024";"02:17:00";"92";"Sem vítima";"102,000";"BR-116/SP";"Crescente";"Colisão traseira";0;0;0;0;1;0;0;0;0;0;2;0;0;0;0
"10/08/2024";"02:25:00";"97";"Sem vítima";"413,000";"BR-101/SP";"Crescente";"Colisão traseira";2;0;0;0;0;0;0;0;0;0;3;0;0;0;0
"10/08/2024";"02:31:00";"98";"Sem vítima";"52,000";"BR-101/SP";"Decrescente";"Choque";1;0;0;0;0;0;0;0;0;0;1;0;0;0;0
"10/08/2024";"03:37:00";"111";"Com vítima";"218,000";"BR-116/SP";"Decrescente";"Acidentes de outra natureza";0;0;0;1;0;0;0;0;0;0;0;1;0;0;0
"10/08/2024";"03:39:00";"113";"Sem vítima";"271,000";"BR-116/SP";"Decrescente";"Choque";1;0;0;0;0;0;0;0;0;0;1;0;0;0;0
"10/08/2024";"04:04:00";"125";"Sem vítima";"297,000";"BR-116/SP";"Crescente";"Colisão traseira";1;0;0;0;0;0;0;0;0;0;3;0;0;0;0
"10/08/2024";"04:04:00";"126";"Com vítima";"423,000";"BR-101/SP";"Crescente";"Colisão lateral em sentido contrário";1;0;0;0;0;0;0;0;0;0;1;2;0;0;0
"10/08/2024";"04:18:00";"133";"Com vítima";"313,000";"BR-116/SP";"Decrescente";"Choque";1;0;0;0;0;0;0;0;0;0;0;0;1;0;0
"10/08/2024";"05:06:00";"157";"Com vítima";"220,700";"BR-116/SP";"Crescente";"Tombamento";0;0;1;0;0;0;0;0;0;0;0;1;0;0;0
"10/08/2024";"05:20:00";"165";"Sem vítima";"444,000";"BR-101/SP";"Crescente";"Choque";1;0;0;0;0;0;0;0;0;0;2;0;0;0;0
"10/08/2024";"05:36:00";"177";"Com vítima";"234,000";"BR-116/SP";"Decrescente";"Capotamento";1;0;0;0;0;0;0;0;0;0;0;2;0;0;0
"10/08/2024";"06:08:00";"193";"Sem vítima";"284,100";"BR-116/SP";"Decrescente";"Choque";1;0;0;0;0;0;0;0;0;0;1;0;0;0;0
"10/08/2024";"07:36:00";"229";"Sem vítima";"227,000";"BR-116/SP";"Crescente";"Choque";1;0;0;0;0;0;0;0;0;0;0;0;0;0;0
"10/08/2024";"07:53:00";"240";"Sem vítima";"227,000";"BR-116/SP";"Crescente";"Choque";1;0;0;0;0;0;0;0;0;0;2;0;0;0;0
"10/08/2024";"07:55:00";"243";"Sem vítima";"166,000";"BR-116/SP";"Crescente";"Colisão traseira";2;0;0;0;0;0;0;0;0;0;4;0;0;0;0
"10/08/2024";"07:58:00";"246";"Sem vítima";"234,000";"BR-116/SP";"Decrescente";"Choque";1;0;0;0;0;0;0;0;0;0;3;0;0;0;0
"10/08/2024";"08:16:00";"256";"Sem vítima";"220,000";"BR-116/SP";"Crescente";"Choque";0;0;1;0;0;0;0;0;0;0;2;0;0;0;0
"10/08/2024";"08:38:00";"264";"Com vítima";"65,000";"BR-116/SP";"Crescente";"Colisão traseira";1;0;0;1;0;0;0;0;0;0;1;1;0;0;0
"10/08/2024";"08:40:00";"266";"Sem vítima";"234,000";"BR-116/SP";"Decrescente";"Choque";1;0;0;0;0;0;0;0;0;0;1;0;0;0;0
"10/08/2024";"09:09:00";"268";"Sem vítima";"217,600";"BR-116/SP";"Decrescente";"Choque";1;0;0;0;0;0;0;0;0;0;1;0;0;0;0
"10/08/2024";"10:01:00";"290";"Com vítima";"273,000";"BR-116/SP";"Crescente";"Capotamento";1;0;0;0;0;0;0;0;0;0;0;2;0;0;0
"10/08/2024";"10:11:00";"295";"Com vítima";"324,000";"BR-116/SP";"Decrescente";"Choque";1;0;0;0;0;0;0;0;0;0;1;1;0;0;0
"10/08/2024";"10:42:00";"309";"Com vítima";"235,000";"BR-116/SP";"Decrescente";"Capotamento";1;0;0;0;0;0;0;0;0;0;0;1;0;0;0
"10/08/2024";"11:02:00";"335";"Sem vítima";"273,000";"BR-116/SP";"Crescente";"Colisão traseira";2;0;0;0;0;0;0;0;0;0;0;0;0;0;0
"10/08/2024";"11:05:00";"321";"Com vítima";"235,000";"BR-116/SP";"Decrescente";"Colisão traseira";1;0;0;0;0;0;0;0;0;1;6;10;0;0;0
"10/08/2024";"02:44:00";"415";"Com vítima";"389,400";"BR-101/SP";"Decrescente";"Colisão lateral em sentido contrário";2;0;0;0;0;0;0;0;0;0;2;0;1;0;0
"10/08/2024";"04:03:00";"434";"Sem vítima";"384,000";"BR-101/SP";"Decrescente";"Colisão traseira";1;0;0;0;0;0;0;0;0;0;1;0;0;0;0
"10/08/2024";"06:06:00";"475";"Sem vítima";"230,300";"BR-116/SP";"Crescente";"Choque";1;0;0;0;0;0;0;0;0;0;1;0;0;0;0
"10/08/2024";"07:03:00";"496";"Com vítima";"492,000";"BR-101/SP";"Decrescente";"Colisão lateral em sentido contrário";1;0;0;1;0;0;0;0;0;0;0;0;1;1;0
"10/08/2024";"09:00:00";"157";"Com vítima";"229,000";"BR-116/SP";"Decrescente";"Colisão lateral em sentido contrário";1;0;1;0;0;0;0;0;0;0;3;3;0;0;0
"10/08/2024";"11:45:00";"56";"Sem vítima";"392,000";"BR-101/SP";"Decrescente";"Choque";1;0;0;0;0;0;0;0;0;0;2;0;0;0;0
"11/08/2024";"12:38:00";"55";"Sem vítima";"57,600";"BR-116/SP";"Crescente";"Colisão traseira";2;0;0;0;0;0;0;0;0;0;2;0;0;0;0
"11/08/2024";"02:42:00";"74";"Sem vítima";"140,700";"BR-116/SP";"Crescente";"Colisão traseira";0;0;2;0;0;0;0;0;0;0;4;0;0;0;0
"11/08/2024";"05:18:00";"119";"Sem vítima";"178,300";"BR-116/SP";"Decrescente";"Colisão lateral em sentido contrário";2;0;0;0;0;0;0;0;0;0;3;0;0;0;0
"11/08/2024";"05:36:00";"124";"Com vítima";"471,000";"BR-101/SP";"Crescente";"Colisão lateral em sentido contrário";2;0;0;0;0;0;0;0;0;0;6;0;0;1;0
"11/08/2024";"06:33:00";"141";"Sem vítima";"230,000";"BR-116/SP";"Crescente";"Choque";1;0;0;0;0;0;0;0;0;0;1;0;0;0;0
"11/08/2024";"08:28:00";"185";"Sem vítima";"130,000";"BR-116/SP";"Decrescente";"Engavetamento";2;0;1;0;0;0;0;0;0;0;14;0;0;0;0
"11/08/2024";"12:02:00";"260";"Sem vítima";"215,000";"BR-116/SP";"Decrescente";"Choque";1;0;0;0;0;0;0;0;0;0;1;0;0;0;0
"11/08/2024";"03:23:00";"341";"Com vítima";"226,000";"BR-116/SP";"Decrescente";"Choque";1;0;0;0;0;0;0;0;0;0;0;1;0;0;0
"11/08/2024";"04:53:00";"376";"Sem vítima";"145,000";"BR-116/SP";"Crescente";"Choque";1;0;0;0;0;0;0;0;0;0;1;0;0;0;0
"11/08/2024";"04:58:00";"379";"Com vítima";"109,000";"BR-116/SP";"Decrescente";"Atropelamento de pedestre";0;1;0;1;0;0;0;0;0;0;0;0;1;0;0
"11/08/2024";"05:11:00";"383";"Sem vítima";"144,950";"BR-116/SP";"Crescente";"Colisão traseira";1;0;0;0;0;0;0;0;0;0;3;0;0;0;0
"11/08/2024";"05:25:00";"389";"Com vítima";"228,000";"BR-116/SP";"Crescente";"Engavetamento";3;0;0;0;0;0;0;0;0;0;2;1;0;0;0
"11/08/2024";"05:53:00";"400";"Sem vítima";"498,700";"BR-101/SP";"Crescente";"Choque";1;0;0;0;0;0;0;0;0;0;0;0;0;0;0
"11/08/2024";"06:14:00";"406";"Com vítima";"474,000";"BR-101/SP";"Crescente";"Atropelamento de pedestre";0;0;0;1;0;0;0;0;0;0;2;0;1;1;0
"11/08/2024";"06:37:00";"413";"Com vítima";"222,000";"BR-116/SP";"Decrescente";"Colisão traseira";0;0;1;1;0;0;0;0;0;0;1;1;0;0;0
"11/08/2024";"06:39:00";"415";"Com vítima";"321,000";"BR-116/SP";"Decrescente";"Colisão lateral em sentido contrário";1;0;0;0;0;0;0;0;0;0;0;1;3;0;0
"11/08/2024";"08:16:00";"446";"Com vítima";"478,900";"BR-101/SP";"Crescente";"Acidentes de outra natureza";0;0;0;1;0;0;0;0;0;0;0;1;0;1;0
"11/08/2024";"09:00:00";"76";"Com vítima";"219,000";"BR-116/SP";"Decrescente";"Choque";0;0;0;1;0;0;0;0;0;0;0;0;0;0;1
"11/08/2024";"09:01:00";"35";"Com vítima";"171,200";"BR-116/SP";"Decrescente";"Acidentes de outra natureza";0;0;0;1;0;0;0;0;0;0;0;1;0;0;0
"11/08/2024";"09:58:00";"42";"Com vítima";"425,000";"BR-101/SP";"Crescente";"Atropelamento de pedestre";0;0;0;1;0;0;0;0;0;0;0;1;0;0;0
"11/08/2024";"10:01:00";"44";"Com vítima";"22,200";"BR-116/SP";"Decrescente";"Choque";0;0;1;0;0;0;0;0;0;0;0;1;0;0;0
"12/08/2024";"12:20:00";"60";"Sem vítima";"118,450";"BR-116/SP";"Crescente";"Choque";1;0;0;0;0;0;0;0;0;0;4;0;0;0;0
"12/08/2024";"03:15:00";"110";"Com vítima";"214,000";"BR-116/SP";"Crescente";"Colisão lateral em sentido contrário";1;0;0;1;0;0;0;0;0;0;2;2;0;0;0
"12/08/2024";"04:12:00";"158";"Com vítima";"157,000";"BR-116/SP";"Decrescente";"Colisão traseira";1;0;0;1;0;0;0;0;0;0;2;0;0;2;0
"12/08/2024";"05:30:00";"219";"Sem vítima";"139,000";"BR-116/SP";"Crescente";"Engavetamento";2;0;1;0;0;0;0;0;0;0;5;0;0;0;0
"12/08/2024";"06:00:00";"244";"Sem vítima";"139,300";"BR-116/SP";"Crescente";"Colisão traseira";1;0;1;0;0;0;0;0;0;0;2;0;0;0;0
"12/08/2024";"10:37:00";"406";"Sem vítima";"247,500";"BR-116/SP";"Decrescente";"Tombamento";0;0;1;0;0;0;0;0;0;0;1;0;0;0;0
"12/08/2024";"11:31:00";"440";"Com vítima";"329,000";"BR-116/SP";"Decrescente";"Colisão traseira";0;0;1;1;0;0;0;0;0;0;1;0;0;0;1
"12/08/2024";"11:56:00";"454";"Sem vítima";"329,000";"BR-116/SP";"Decrescente";"Colisão traseira";2;0;0;0;0;0;0;0;0;0;3;0;0;0;0
"12/08/2024";"01:25:00";"497";"Com vítima";"214,000";"BR-116/SP";"Decrescente";"Colisão lateral em sentido contrário";1;0;0;1;0;0;0;0;0;0;1;1;0;0;0
"12/08/2024";"01:35:00";"502";"Sem vítima";"324,000";"BR-116/SP";"Crescente";"Colisão traseira";0;0;2;0;0;0;0;0;0;0;2;0;0;0;0
"12/08/2024";"03:50:00";"581";"Com vítima";"148,000";"BR-116/SP";"Decrescente";"Colisão traseira";3;0;0;0;0;0;0;0;0;0;4;2;0;0;0
"12/08/2024";"04:10:00";"592";"Com vítima";"216,000";"BR-116/SP";"Decrescente";"Colisão traseira";2;0;0;1;0;0;0;0;0;0;6;0;0;2;0
"12/08/2024";"05:47:00";"637";"Com vítima";"222,000";"BR-116/SP";"Decrescente";"Colisão traseira";0;0;0;1;1;0;0;0;0;0;1;1;0;0;0
"12/08/2024";"09:19:00";"41";"Sem vítima";"286,850";"BR-116/SP";"Decrescente";"Colisão lateral em sentido contrário";0;0;1;0;0;0;0;1;0;0;0;0;0;0;0
"12/08/2024";"09:38:00";"49";"Sem vítima";"229,000";"BR-116/SP";"Crescente";"Choque";1;0;0;0;0;0;0;0;0;0;2;0;0;0;0
"13/08/2024";"03:37:00";"130";"Com vítima";"385,000";"BR-101/SP";"Decrescente";"Colisão traseira";1;0;0;1;0;0;0;0;0;0;2;0;1;0;0
"13/08/2024";"04:20:00";"169";"Sem vítima";"244,000";"BR-116/SP";"Crescente";"Choque";1;0;0;0;0;0;0;0;0;0;1;0;0;0;0
"13/08/2024";"04:39:00";"191";"Sem vítima";"282,000";"BR-116/SP";"Crescente";"Colisão traseira";2;0;0;0;0;0;0;0;0;0;2;0;0;0;0
"13/08/2024";"05:14:00";"227";"Sem vítima";"222,500";"BR-116/SP";"Decrescente";"Engavetamento";2;0;1;0;0;0;0;0;0;0;3;0;0;0;0
"13/08/2024";"05:30:00";"240";"Sem vítima";"140,000";"BR-116/SP";"Crescente";"Colisão traseira";2;0;0;0;0;0;0;0;0;0;2;0;0;0;0
"13/08/2024";"06:02:00";"273";"Sem vítima";"227,800";"BR-116/SP";"Crescente";"Colisão traseira";0;0;0;1;0;0;0;0;0;0;1;0;0;0;0
"13/08/2024";"07:33:00";"354";"Sem vítima";"213,900";"BR-116/SP";"Decrescente";"Atropelamento de pedestre";1;0;0;0;0;0;0;0;0;0;1;0;0;0;0
"13/08/2024";"08:53:00";"420";"Sem vítima";"116,000";"BR-116/SP";"Crescente";"Choque";1;0;0;0;0;0;0;0;0;0;2;0;0;0;0
"13/08/2024";"09:15:00";"430";"Sem vítima";"222,000";"BR-116/SP";"Decrescente";"Colisão traseira";1;0;1;0;0;0;0;0;0;0;6;0;0;0;0
"13/08/2024";"10:10:00";"436";"Com vítima";"229,000";"BR-116/SP";"Decrescente";"Choque";0;0;0;0;1;0;0;0;0;0;0;13;0;0;0
"13/08/2024";"11:01:00";"490";"Com vítima";"442,000";"BR-101/SP";"Crescente";"Choque";1;0;0;0;0;0;0;0;0;0;0;2;0;0;0
"13/08/2024";"11:20:00";"501";"Com vítima";"140,000";"BR-116/SP";"Decrescente";"Acidentes de outra natureza";0;0;0;1;0;0;0;0;0;0;0;2;0;0;0
"13/08/2024";"03:20:00";"637";"Com vítima";"487,000";"BR-101/SP";"Decrescente";"Colisão lateral em sentido contrário";1;0;0;0;1;0;0;0;0;0;1;1;0;0;0
"13/08/2024";"04:15:00";"667";"Com vítima";"574,000";"BR-101/SP";"Crescente";"Engavetamento";5;0;0;0;0;0;0;0;0;0;6;1;0;0;0
"13/08/2024";"05:04:00";"693";"Com vítima";"68,300";"BR-116/SP";"Crescente";"Atropelamento de pedestre";0;0;0;0;0;0;0;0;0;0;0;0;0;1;0
"13/08/2024";"09:30:00";"38";"Sem vítima";"221,200";"BR-116/SP";"Decrescente";"Colisão lateral em sentido contrário";0;0;2;0;0;0;0;0;0;0;2;0;0;0;0
"13/08/2024";"10:16:00";"46";"Sem vítima";"313,700";"BR-116/SP";"Crescente";"Choque";1;0;0;0;0;0;0;0;0;0;1;0;0;0;0
"14/08/2024";"03:25:00";"113";"Sem vítima";"219,000";"BR-116/SP";"Crescente";"Colisão lateral em sentido contrário";1;0;0;1;0;0;0;0;0;0;4;0;0;0;0
"14/08/2024";"03:51:00";"136";"Com vítima";"477,000";"BR-101/SP";"Decrescente";"Acidentes de outra natureza";0;0;0;1;0;0;0;0;0;0;0;0;2;0;0
"14/08/2024";"04:29:00";"177";"Sem vítima";"158,000";"BR-116/SP";"Decrescente";"Colisão traseira";1;0;1;0;0;0;0;0;0;0;2;0;0;0;0
"14/08/2024";"05:20:00";"232";"Sem vítima";"143,000";"BR-116/SP";"Crescente";"Colisão traseira";2;0;0;0;0;0;0;0;0;0;2;0;0;0;0
"14/08/2024";"06:10:00";"287";"Com vítima";"218,000";"BR-116/SP";"Crescente";"Colisão lateral em sentido contrário";1;0;0;1;0;0;0;0;0;0;1;1;0;0;0
"14/08/2024";"06:12:00";"291";"Sem vítima";"157,800";"BR-116/SP";"Decrescente";"Colisão traseira";2;0;0;0;0;0;0;0;0;0;2;0;0;0;0
"14/08/2024";"07:25:00";"345";"Sem vítima";"157,000";"BR-116/SP";"Crescente";"Colisão lateral em sentido contrário";1;0;1;0;0;0;0;0;0;0;6;0;0;0;0
"14/08/2024";"07:50:00";"357";"Sem vítima";"220,000";"BR-116/SP";"Decrescente";"Colisão lateral em sentido contrário";1;0;1;0;0;0;0;0;0;0;2;0;0;0;0
"14/08/2024";"08:12:00";"375";"Sem vítima";"282,000";"BR-116/SP";"Decrescente";"Colisão lateral em sentido contrário";1;0;1;0;0;0;0;0;0;0;6;0;0;0;0
"14/08/2024";"08:38:00";"391";"Com vítima";"143,000";"BR-116/SP";"Decrescente";"Engavetamento";5;0;2;0;0;0;0;0;0;0;6;2;0;0;0
"14/08/2024";"09:47:00";"430";"Com vítima";"297,000";"BR-116/SP";"Crescente";"Atropelamento de pedestre";0;1;1;0;0;0;0;0;0;0;0;0;0;0;0
"14/08/2024";"11:29:00";"480";"Sem vítima";"289,600";"BR-116/SP";"Crescente";"Choque";1;0;0;0;0;0;0;0;0;0;1;0;0;0;0
"14/08/2024";"03:04:00";"585";"Sem vítima";"157,000";"BR-116/SP";"Decrescente";"Colisão lateral em sentido contrário";2;0;0;0;0;0;0;1;0;0;5;0;0;0;0
"14/08/2024";"03:53:00";"615";"Sem vítima";"157,300";"BR-116/SP";"Decrescente";"Colisão lateral em sentido contrário";1;0;0;0;0;0;0;1;0;0;3;0;0;0;0
"14/08/2024";"04:23:00";"627";"Sem vítima";"148,100";"BR-116/SP";"Decrescente";"Colisão traseira";2;0;0;0;0;0;0;0;0;0;2;0;0;0;0
"14/08/2024";"04:47:00";"635";"Sem vítima";"312,000";"BR-116/SP";"Crescente";"Choque";1;0;0;0;0;0;0;0;0;0;2;0;0;0;0
"14/08/2024";"04:53:00";"639";"Sem vítima";"155,000";"BR-116/SP";"Crescente";"Colisão traseira";0;0;0;0;0;0;0;2;0;0;3;0;0;0;0
"14/08/2024";"09:00:00";"172";"Com vítima";"438,000";"BR-101/SP";"Decrescente";"Colisão lateral em sentido contrário";2;0;0;0;0;0;0;0;0;0;1;1;0;0;0
"14/08/2024";"09:12:00";"37";"Com vítima";"58,950";"BR-116/SP";"Crescente";"Colisão traseira";1;0;1;0;0;0;0;0;0;0;1;2;0;0;0
"14/08/2024";"09:18:00";"39";"Sem vítima";"26,000";"BR-116/SP";"Crescente";"Choque";0;0;1;0;0;0;0;0;0;0;1;0;0;0;0
"15/08/2024";"03:38:00";"133";"Sem vítima";"165,900";"BR-116/SP";"Decrescente";"Choque";0;0;1;1;0;0;0;0;0;0;4;0;0;0;0
"15/08/2024";"04:16:00";"168";"Com vítima";"485,000";"BR-101/SP";"Decrescente";"Colisão traseira";1;0;0;1;0;0;0;0;0;0;0;2;0;0;0
"15/08/2024";"04:51:00";"219";"Com vítima";"385,000";"BR-101/SP";"Crescente";"Engavetamento";1;0;1;0;0;0;0;0;0;0;3;1;0;0;0
"15/08/2024";"05:13:00";"247";"Com vítima";"225,000";"BR-116/SP";"Crescente";"Colisão lateral em sentido contrário";1;0;0;1;0;0;0;0;0;0;2;0;0;1;0
"15/08/2024";"05:17:00";"250";"Sem vítima";"156,500";"BR-116/SP";"Decrescente";"Colisão traseira";1;0;1;0;0;0;0;0;0;0;0;0;0;0;0
"15/08/2024";"05:17:00";"251";"Sem vítima";"383,000";"BR-101/SP";"Crescente";"Engavetamento";3;0;0;0;0;0;0;0;0;0;3;0;0;0;0
"15/08/2024";"05:25:00";"258";"Com vítima";"193,000";"BR-116/SP";"Crescente";"Acidentes de outra natureza";0;0;0;1;0;0;0;0;0;0;1;1;0;0;0
"15/08/2024";"05:30:00";"268";"Sem vítima";"142,000";"BR-116/SP";"Decrescente";"Engavetamento";4;0;0;0;0;0;0;0;0;0;6;0;0;0;0
"15/08/2024";"06:27:00";"317";"Com vítima";"228,000";"BR-116/SP";"Decrescente";"Tombamento";0;0;2;0;0;0;0;0;0;0;2;2;0;0;0
"15/08/2024";"06:59:00";"341";"Sem vítima";"296,000";"BR-116/SP";"Crescente";"Engavetamento";1;0;0;0;0;0;0;0;0;0;1;0;0;0;0
"15/08/2024";"08:33:00";"382";"Sem vítima";"538,000";"BR-101/SP";"Decrescente";"Choque";0;0;1;0;0;0;0;0;0;0;1;0;0;0;0
"15/08/2024";"11:40:00";"491";"Sem vítima";"187,000";"BR-116/SP";"Crescente";"Colisão lateral em sentido contrário";1;0;0;0;0;0;0;0;0;0;1;0;0;0;0
"15/08/2024";"12:36:00";"522";"Sem vítima";"12,000";"BR-116/SP";"Crescente";"Choque";0;0;0;0;0;0;0;1;0;0;1;0;0;0;0
"15/08/2024";"12:55:00";"534";"Com vítima";"106,000";"BR-116/SP";"Crescente";"Colisão traseira";0;0;0;1;0;0;0;0;0;0;0;0;1;0;0
"15/08/2024";"01:27:00";"556";"Sem vítima";"139,900";"BR-116/SP";"Crescente";"Choque";0;0;1;0;0;0;0;0;0;0;1;0;0;0;0
"15/08/2024";"01:28:00";"557";"Sem vítima";"477,000";"BR-101/SP";"Crescente";"Choque";0;0;1;0;0;0;0;0;0;0;1;0;0;0;0
"15/08/2024";"01:44:00";"569";"Com vítima";"116,000";"BR-116/SP";"Decrescente";"Colisão traseira";1;0;0;1;0;0;0;0;0;0;1;1;0;0;0
"15/08/2024";"02:39:00";"602";"Com vítima";"559,000";"BR-101/SP";"Decrescente";"Colisão lateral em sentido contrário";0;0;0;1;0;0;0;0;0;0;0;0;1;0;0
"15/08/2024";"03:30:00";"629";"Com vítima";"169,000";"BR-116/SP";"Decrescente";"Atropelamento de pedestre";1;0;0;1;0;0;0;0;0;0;2;0;3;0;0
"15/08/2024";"03:48:00";"643";"Com vítima";"439,000";"BR-101/SP";"Decrescente";"Atropelamento de pedestre";0;0;0;1;0;0;0;0;0;0;0;1;0;0;0
"15/08/2024";"04:51:00";"673";"Sem vítima";"103,000";"BR-116/SP";"Decrescente";"Colisão traseira";2;0;1;0;0;0;0;0;0;0;4;0;0;0;0
"15/08/2024";"05:01:00";"678";"Com vítima";"485,000";"BR-101/SP";"Crescente";"Acidentes de outra natureza";0;0;0;1;0;0;0;0;0;0;0;1;0;0;0
"15/08/2024";"05:40:00";"694";"Com vítima";"231,000";"BR-116/SP";"Crescente";"Atropelamento de pedestre";0;0;0;0;0;0;0;0;0;0;0;0;1;0;0
"15/08/2024";"06:05:00";"705";"Sem vítima";"231,000";"BR-116/SP";"Crescente";"Choque";0;0;0;1;0;0;0;0;0;0;1;0;0;0;0
"15/08/2024";"08:32:00";"747";"Com vítima";"138,300";"BR-116/SP";"Crescente";"Capotamento";1;0;1;0;0;0;0;0;0;0;0;3;0;0;0
"15/08/2024";"09:17:00";"39";"Sem vítima";"71,000";"BR-116/SP";"Crescente";"Colisão lateral em sentido contrário";1;0;1;0;0;0;0;0;0;0;3;0;0;0;0
"15/08/2024";"09:21:00";"40";"Sem vítima";"17,000";"BR-101/SP";"Crescente";"Atropelamento de pedestre";1;0;0;0;0;0;0;0;0;0;1;0;0;0;0
"16/08/2024";"01:22:00";"80";"Sem vítima";"283,000";"BR-116/SP";"Decrescente";"Choque";0;0;1;0;0;0;0;0;0;0;1;0;0;0;0
"16/08/2024";"02:12:00";"97";"Sem vítima";"201,000";"BR-116/SP";"Crescente";"Engavetamento";0;0;2;0;1;0;0;0;0;0;2;0;0;0;0
"16/08/2024";"04:24:00";"203";"Com vítima";"218,000";"BR-116/SP";"Crescente";"Colisão traseira";0;0;0;1;0;0;0;0;0;0;0;1;0;0;0
"16/08/2024";"04:38:00";"215";"Com vítima";"569,000";"BR-101/SP";"Crescente";"Acidentes de outra natureza";1;0;0;0;0;0;0;0;0;0;0;0;0;0;0
"16/08/2024";"04:47:00";"229";"Sem vítima";"109,550";"BR-116/SP";"Decrescente";"Colisão traseira";2;0;0;0;0;0;0;0;0;0;2;0;0;0;0
"16/08/2024";"05:29:00";"267";"Com vítima";"278,000";"BR-116/SP";"Decrescente";"Colisão lateral em sentido contrário";2;0;0;0;0;0;0;0;0;0;1;2;0;0;0
"16/08/2024";"05:32:00";"270";"Sem vítima";"155,300";"BR-116/SP";"Crescente";"Choque";0;0;0;0;0;0;0;1;0;0;0;0;0;0;0
"16/08/2024";"05:42:00";"278";"Sem vítima";"136,000";"BR-116/SP";"Crescente";"Colisão traseira";1;0;0;0;0;0;0;0;0;0;1;0;0;0;0
"16/08/2024";"06:33:00";"316";"Com vítima";"167,000";"BR-116/SP";"Decrescente";"Colisão traseira";1;0;0;0;0;0;0;0;0;0;0;1;0;0;0
"16/08/2024";"08:59:00";"423";"Com vítima";"545,000";"BR-101/SP";"Decrescente";"Colisão traseira";2;0;0;0;0;0;0;0;0;0;1;3;1;0;0
"16/08/2024";"09:12:00";"428";"Sem vítima";"231,000";"BR-116/SP";"Crescente";"Colisão traseira";1;0;1;0;0;0;0;0;0;0;2;0;0;0;0
"16/08/2024";"09:29:00";"434";"Sem vítima";"155,000";"BR-116/SP";"Crescente";"Colisão lateral em sentido contrário";0;0;1;0;0;0;0;0;0;0;1;0;0;0;0
"16/08/2024";"10:11:00";"451";"Com vítima";"286,000";"BR-116/SP";"Crescente";"Engavetamento";1;0;1;0;0;0;0;0;0;1;2;4;0;0;0
"16/08/2024";"10:22:00";"457";"Com vítima";"284,800";"BR-116/SP";"Crescente";"Colisão traseira";2;0;0;0;0;0;0;0;0;0;1;1;0;0;0
"16/08/2024";"11:12:00";"477";"Sem vítima";"220,600";"BR-116/SP";"Decrescente";"Choque";1;0;0;0;0;0;0;0;0;0;1;0;0;0;0
"16/08/2024";"11:38:00";"497";"Sem vítima";"220,000";"BR-116/SP";"Decrescente";"Choque";1;0;0;0;0;0;0;0;0;0;2;0;0;0;0
"16/08/2024";"11:40:00";"500";"Com vítima";"213,000";"BR-116/SP";"Crescente";"Colisão lateral em sentido contrário";0;0;0;1;0;0;0;0;0;0;0;1;0;0;0
"16/08/2024";"12:14:00";"525";"Sem vítima";"220,000";"BR-116/SP";"Decrescente";"Choque";1;0;0;0;0;0;0;0;0;0;1;0;0;0;0
"16/08/2024";"01:25:00";"573";"Com vítima";"294,000";"BR-116/SP";"Crescente";"Atropelamento de pedestre";0;0;0;0;0;0;0;0;0;0;0;0;2;0;0
"16/08/2024";"02:12:00";"599";"Sem vítima";"226,000";"BR-116/SP";"Decrescente";"Colisão traseira";1;0;0;0;0;0;0;0;0;0;1;0;0;0;0
"16/08/2024";"02:38:00";"616";"Sem vítima";"149,800";"BR-116/SP";"Crescente";"Colisão traseira";1;0;0;0;0;0;0;0;0;0;1;0;0;0;0
"16/08/2024";"02:52:00";"626";"Sem vítima";"198,000";"BR-116/SP";"Decrescente";"Choque";0;0;0;0;0;0;0;1;0;0;1;0;0;0;0
"16/08/2024";"03:09:00";"634";"Com vítima";"101,000";"BR-116/SP";"Crescente";"Engavetamento";2;0;2;0;0;0;0;0;0;0;4;1;2;0;0
"16/08/2024";"03:36:00";"655";"Com vítima";"473,000";"BR-101/SP";"Decrescente";"Colisão frontal";2;0;0;0;0;0;0;0;0;0;1;3;1;0;0