data;horario;n_da_ocorrencia;tipo_de_ocorrencia;km;trecho;sentido;tipo_de_acidente;automovel;bicicleta;caminhao;moto;onibus;outros;tracao_animal;transporte_de_cargas_especiais;trator_maquinas;utilitarios;ilesos;levemente_feridos;moderadamente_feridos;gravemente_feridos;mortos
"16/08/2024";"03:54:00";"667";"Com vítima";"255,000";"BR-116/SP";"Decrescente";"Atropelamento de pedestre";1;0;0;0;0;0;0;0;0;0;0;0;1;0;0
"16/08/2024";"05:29:00";"729";"Com vítima";"98,000";"BR-116/SP";"Crescente";"Colisão traseira";2;0;0;0;0;0;0;0;0;0;4;2;0;0;0
"16/08/2024";"05:42:00";"737";"Com vítima";"216,000";"BR-116/SP";"Crescente";"Choque";0;0;0;1;0;0;0;0;0;0;0;1;0;0;0
"16/08/2024";"06:05:00";"750";"Sem vítima";"169,000";"BR-116/SP";"Crescente";"Choque";1;0;0;0;0;0;0;0;0;0;1;0;0;0;0
"16/08/2024";"06:42:00";"768";"Sem vítima";"230,000";"BR-116/SP";"Decrescente";"Choque";0;0;1;0;0;0;0;0;0;0;2;0;0;0;0
"16/08/2024";"07:43:00";"789";"Sem vítima";"225,000";"BR-116/SP";"Crescente";"Choque";1;0;0;0;0;0;0;0;0;0;4;0;0;0;0
"16/08/2024";"10:43:00";"50";"Sem vítima";"115,000";"BR-116/SP";"Decrescente";"Choque";1;0;0;0;0;0;0;0;0;0;2;0;0;0;0
"17/08/2024";"02:50:00";"76";"Com vítima";"388,000";"BR-101/SP";"Crescente";"Capotamento";1;0;0;0;0;0;0;0;0;0;0;0;1;0;0
"17/08/2024";"03:25:00";"98";"Sem vítima";"182,000";"BR-116/SP";"Decrescente";"Colisão traseira";2;0;0;0;0;0;0;0;0;0;18;0;0;0;0
"17/08/2024";"03:25:00";"98";"Sem vítima";"182,300";"BR-116/SP";"Decrescente";"Colisão traseira";2;0;0;0;0;0;0;0;0;0;9;0;0;0;0
"17/08/2024";"04:32:00";"169";"Sem vítima";"120,000";"BR-116/SP";"Decrescente";"Colisão traseira";1;0;0;0;0;0;0;0;0;1;5;0;0;0;0
"17/08/2024";"04:49:00";"188";"Sem vítima";"115,000";"BR-116/SP";"Decrescente";"Engavetamento";2;0;0;0;0;0;0;0;0;0;6;0;0;0;0
"17/08/2024";"05:06:00";"210";"Sem vítima";"116,000";"BR-116/SP";"Decrescente";"Engavetamento";1;0;0;0;0;0;0;0;0;0;2;0;0;0;0
"17/08/2024";"05:33:00";"231";"Sem vítima";"145,000";"BR-116/SP";"Decrescente";"Colisão traseira";1;0;0;0;0;0;0;0;0;0;1;0;0;0;0
"17/08/2024";"05:52:00";"241";"Com vítima";"110,300";"BR-116/SP";"Decrescente";"Choque";1;0;0;0;0;0;0;0;0;0;2;1;0;0;0
"17/08/2024";"06:31:00";"273";"Com vítima";"115,000";"BR-116/SP";"Crescente";"Choque";1;0;0;0;0;0;0;0;0;0;0;1;0;0;0
"17/08/2024";"07:31:00";"307";"Com vítima";"476,000";"BR-101/SP";"Crescente";"Choque";1;0;0;0;0;0;0;0;0;0;0;1;0;0;0
"17/08/2024";"08:24:00";"323";"Com vítima";"536,000";"BR-101/SP";"Decrescente";"Colisão lateral em sentido contrário";1;0;0;1;0;0;0;0;0;0;4;0;2;0;0
"17/08/2024";"08:29:00";"327";"Sem vítima";"227,000";"BR-116/SP";"Decrescente";"Tombamento";0;0;0;0;0;0;0;1;0;0;1;0;0;0;0
"17/08/2024";"08:57:00";"341";"Com vítima";"157,900";"BR-116/SP";"Decrescente";"Engavetamento";2;0;0;0;0;0;0;0;0;0;4;2;0;0;0
"17/08/2024";"09:15:00";"352";"Sem vítima";"223,000";"BR-116/SP";"Decrescente";"Acidentes de outra natureza";0;0;0;1;0;0;0;0;0;0;2;0;0;0;0
"17/08/2024";"09:43:00";"359";"Sem vítima";"109,500";"BR-116/SP";"Crescente";"Engavetamento";2;0;0;0;0;0;0;0;0;0;6;0;0;0;0
"17/08/2024";"10:41:00";"383";"Sem vítima";"118,000";"BR-116/SP";"Decrescente";"Choque";0;0;1;0;0;0;0;0;0;0;4;0;0;0;0
"17/08/2024";"11:16:00";"400";"Com vítima";"220,000";"BR-116/SP";"Decrescente";"Acidentes de outra natureza";0;0;0;1;0;0;0;0;0;0;0;1;1;0;0
"17/08/2024";"11:28:00";"409";"Com vítima";"7,300";"BR-116/SP";"Crescente";"Capotamento";1;0;0;0;0;0;0;0;0;0;0;0;1;0;0
"17/08/2024";"02:54:00";"523";"Sem vítima";"493,500";"BR-101/SP";"Decrescente";"Choque";1;0;0;0;0;0;0;0;0;0;1;0;0;0;0
"17/08/2024";"03:44:00";"545";"Sem vítima";"236,000";"BR-116/SP";"Decrescente";"Colisão lateral em sentido contrário";1;0;0;0;0;0;0;1;0;0;3;0;0;0;0
"17/08/2024";"03:52:00";"549";"Com vítima";"494,000";"BR-101/SP";"Decrescente";"Choque";1;0;0;0;0;0;0;0;0;0;0;1;0;0;0
"17/08/2024";"04:25:00";"566";"Sem vítima";"155,000";"BR-116/SP";"Crescente";"Engavetamento";2;0;0;0;0;0;0;0;0;0;4;0;0;0;0
"17/08/2024";"05:12:00";"590";"Sem vítima";"30,300";"BR-116/SP";"Crescente";"Colisão traseira";1;0;0;0;0;0;0;1;0;0;2;0;0;0;0
"17/08/2024";"06:44:00";"614";"Sem vítima";"119,000";"BR-116/SP";"Crescente";"Choque";2;0;0;0;0;0;0;0;0;0;6;0;0;0;0
"17/08/2024";"07:08:00";"621";"Sem vítima";"229,000";"BR-116/SP";"Decrescente";"Capotamento";1;0;0;0;0;0;0;0;0;0;2;0;0;0;0
"18/08/2024";"12:10:00";"80";"Com vítima";"93,850";"BR-116/SP";"Decrescente";"Colisão traseira";0;0;0;1;0;0;0;0;0;0;0;0;2;0;0
"18/08/2024";"02:58:00";"108";"Com vítima";"480,000";"BR-101/SP";"Decrescente";"Acidentes de outra natureza";1;0;0;0;0;0;0;0;0;0;0;1;0;0;0
"18/08/2024";"05:35:00";"192";"Com vítima";"220,000";"BR-116/SP";"Decrescente";"Colisão lateral em sentido contrário";1;0;0;1;0;0;0;0;0;0;1;1;0;0;0
"18/08/2024";"10:03:00";"307";"Com vítima";"141,900";"BR-116/SP";"Crescente";"Acidentes de outra natureza";0;0;0;1;0;0;0;0;0;0;0;2;0;0;0
"18/08/2024";"12:12:00";"388";"Sem vítima";"75,000";"BR-116/SP";"Crescente";"Engavetamento";7;0;0;0;0;0;0;0;0;0;27;0;0;0;0
"18/08/2024";"12:26:00";"399";"Sem vítima";"229,100";"BR-116/SP";"Decrescente";"Colisão traseira";2;0;0;0;0;0;0;0;0;0;4;0;0;0;0
"18/08/2024";"12:54:00";"413";"Com vítima";"284,000";"BR-116/SP";"Decrescente";"Colisão traseira";1;0;0;0;0;0;0;0;0;0;1;1;0;0;0
"18/08/2024";"12:54:00";"414";"Sem vítima";"155,000";"BR-116/SP";"Crescente";"Engavetamento";3;0;0;0;1;0;0;0;0;0;57;0;0;0;0
"18/08/2024";"01:38:00";"436";"Com vítima";"231,000";"BR-116/SP";"Decrescente";"Colisão lateral em sentido contrário";0;0;0;1;0;0;0;0;0;0;0;2;0;0;0
"18/08/2024";"01:59:00";"444";"Com vítima";"423,000";"BR-101/SP";"Decrescente";"Engavetamento";2;0;0;0;0;0;0;0;0;0;0;0;1;0;0
"18/08/2024";"03:21:00";"491";"Com vítima";"161,600";"BR-116/SP";"Crescente";"Acidentes de outra natureza";0;0;0;1;0;0;0;0;0;0;0;0;1;0;0
"18/08/2024";"03:38:00";"504";"Com vítima";"221,600";"BR-116/SP";"Decrescente";"Engavetamento";3;0;0;0;0;0;0;0;0;0;3;0;1;0;0
"18/08/2024";"03:41:00";"506";"Sem vítima";"428,000";"BR-101/SP";"Decrescente";"Colisão lateral em sentido contrário";2;0;0;0;0;0;0;0;0;0;2;0;0;0;0
"18/08/2024";"04:42:00";"542";"Sem vítima";"186,800";"BR-116/SP";"Crescente";"Colisão traseira";2;0;0;0;0;0;0;0;0;0;6;0;0;0;0
"18/08/2024";"05:07:00";"553";"Sem vítima";"229,000";"BR-116/SP";"Crescente";"Colisão traseira";1;0;0;0;0;0;0;0;0;0;1;0;0;0;0
"18/08/2024";"07:02:00";"588";"Sem vítima";"215,000";"BR-116/SP";"Crescente";"Colisão lateral em sentido contrário";2;0;0;0;0;0;0;0;0;0;2;0;0;0;0
"18/08/2024";"07:14:00";"594";"Sem vítima";"226,700";"BR-116/SP";"Decrescente";"Colisão lateral em sentido contrário";1;0;0;0;0;0;0;0;0;0;1;0;0;0;0
"18/08/2024";"08:34:00";"615";"Sem vítima";"214,400";"BR-116/SP";"Crescente";"Choque";1;0;0;0;0;0;0;0;0;0;0;0;0;0;0
"18/08/2024";"09:00:00";"762";"Sem vítima";"190,000";"BR-116/SP";"Crescente";"Choque";1;0;0;0;0;0;0;0;0;0;1;0;0;0;0
"18/08/2024";"11:09:00";"61";"Com vítima";"494,000";"BR-101/SP";"Decrescente";"Acidentes de outra natureza";0;0;0;1;0;0;0;0;0;0;0;0;2;0;0
"18/08/2024";"11:26:00";"71";"Com vítima";"109,000";"BR-116/SP";"Crescente";"Colisão traseira";2;0;0;0;0;0;0;0;0;0;4;2;0;0;0
"19/08/2024";"12:17:00";"83";"Com vítima";"59,100";"BR-116/SP";"Crescente";"Colisão traseira";1;0;0;0;0;0;0;0;0;0;0;0;2;0;0
"19/08/2024";"04:56:00";"247";"Com vítima";"208,000";"BR-116/SP";"Decrescente";"Colisão lateral em sentido contrário";1;0;0;1;0;0;0;0;0;0;1;1;0;0;0
"19/08/2024";"05:06:00";"264";"Sem vítima";"146,150";"BR-116/SP";"Crescente";"Engavetamento";3;0;0;0;0;0;0;0;0;0;4;0;0;0;0
"19/08/2024";"05:14:00";"269";"Sem vítima";"221,000";"BR-116/SP";"Crescente";"Colisão traseira";2;0;0;0;0;0;0;0;0;0;4;0;0;0;0
"19/08/2024";"05:22:00";"276";"Com vítima";"21,000";"BR-116/SP";"Crescente";"Acidentes de outra natureza";0;0;0;1;0;0;0;0;0;0;0;3;0;0;0
"19/08/2024";"05:22:00";"277";"Sem vítima";"226,000";"BR-116/SP";"Crescente";"Colisão traseira";1;0;0;0;0;0;0;0;0;0;2;0;0;0;0
"19/08/2024";"05:31:00";"288";"Sem vítima";"390,800";"BR-101/SP";"Decrescente";"Colisão traseira";1;0;0;0;1;0;0;0;0;0;2;0;0;0;0
"19/08/2024";"06:15:00";"323";"Sem vítima";"35,000";"BR-116/SP";"Crescente";"Choque";1;0;0;0;0;0;0;0;0;0;1;0;0;0;0
"19/08/2024";"08:42:00";"435";"Sem vítima";"218,000";"BR-116/SP";"Crescente";"Colisão traseira";1;0;1;0;0;0;0;0;0;0;3;0;0;0;0
"19/08/2024";"09:27:00";"454";"Com vítima";"214,000";"BR-116/SP";"Decrescente";"Colisão lateral em sentido contrário";1;0;0;1;0;0;0;0;0;0;2;1;0;0;0
"19/08/2024";"09:39:00";"460";"Sem vítima";"145,000";"BR-116/SP";"Crescente";"Colisão traseira";1;0;0;0;0;0;0;0;0;0;2;0;0;0;0
"19/08/2024";"10:24:00";"490";"Sem vítima";"229,300";"BR-116/SP";"Decrescente";"Choque";0;0;1;0;0;0;0;0;0;0;1;0;0;0;0
"19/08/2024";"10:36:00";"495";"Sem vítima";"22,600";"BR-116/SP";"Crescente";"Choque";1;0;0;0;0;0;0;0;0;0;2;0;0;0;0
"19/08/2024";"10:47:00";"501";"Com vítima";"145,000";"BR-116/SP";"Crescente";"Engavetamento";3;0;0;0;0;0;0;0;0;0;0;2;1;0;0
"19/08/2024";"12:26:00";"561";"Com vítima";"385,000";"BR-101/SP";"Crescente";"Colisão lateral em sentido contrário";1;0;0;1;0;0;0;0;0;0;1;0;0;1;0
"19/08/2024";"01:46:00";"606";"Sem vítima";"141,000";"BR-116/SP";"Decrescente";"Colisão lateral em sentido contrário";1;0;1;0;0;0;0;0;0;0;2;0;0;0;0
"19/08/2024";"02:35:00";"627";"Com vítima";"394,000";"BR-101/SP";"Decrescente";"Colisão traseira";2;0;0;0;0;0;0;0;0;0;0;1;0;0;0
"19/08/2024";"03:30:00";"658";"Com vítima";"117,000";"BR-116/SP";"Decrescente";"Choque";0;0;0;1;0;0;0;0;0;0;0;1;0;0;0
"19/08/2024";"03:35:00";"659";"Com vítima";"261,000";"BR-116/SP";"Decrescente";"Choque";1;0;0;0;0;0;0;0;0;0;0;1;0;0;0
"19/08/2024";"07:37:00";"759";"Sem vítima";"190,000";"BR-116/SP";"Crescente";"Choque";1;0;0;0;0;0;0;0;0;0;1;0;0;0;0
"20/08/2024";"02:17:00";"95";"Com vítima";"43,700";"BR-116/SP";"Decrescente";"Acidentes de outra natureza";0;0;0;1;0;0;0;0;0;0;1;0;1;0;0
"20/08/2024";"04:43:00";"199";"Sem vítima";"155,000";"BR-116/SP";"Crescente";"Colisão traseira";2;0;0;0;0;0;0;0;0;0;2;0;0;0;0
"20/08/2024";"06:28:00";"278";"Sem vítima";"145,500";"BR-116/SP";"Crescente";"Colisão traseira";1;0;1;0;0;0;0;0;0;0;2;0;0;0;0
"20/08/2024";"06:39:00";"285";"Com vítima";"382,000";"BR-101/SP";"Crescente";"Colisão traseira";1;0;0;0;1;0;0;0;0;0;1;1;0;0;0
"20/08/2024";"06:58:00";"301";"Sem vítima";"147,000";"BR-116/SP";"Crescente";"Colisão traseira";2;0;0;0;0;0;0;0;0;0;2;0;0;0;0
"20/08/2024";"07:11:00";"311";"Sem vítima";"147,000";"BR-116/SP";"Crescente";"Colisão traseira";1;0;0;0;0;0;0;0;0;0;1;0;0;0;0
"20/08/2024";"07:15:00";"316";"Com vítima";"231,000";"BR-116/SP";"Crescente";"Colisão lateral em sentido contrário";0;0;1;1;0;0;0;0;0;0;1;1;0;0;0
"20/08/2024";"09:11:00";"374";"Com vítima";"219,000";"BR-116/SP";"Crescente";"Colisão traseira";1;0;0;0;0;0;0;0;0;0;0;1;0;0;0
"20/08/2024";"09:18:00";"377";"Com vítima";"169,000";"BR-116/SP";"Decrescente";"Capotamento";1;0;0;0;0;0;0;0;0;0;0;0;1;0;0
"20/08/2024";"11:44:00";"455";"Sem vítima";"451,000";"BR-101/SP";"Crescente";"Colisão traseira";1;0;0;0;0;0;0;0;0;0;4;0;0;0;0
"20/08/2024";"11:53:00";"459";"Sem vítima";"217,800";"BR-116/SP";"Crescente";"Colisão traseira";1;0;0;1;0;0;0;0;0;0;0;0;0;0;0
"20/08/2024";"01:28:00";"512";"Sem vítima";"107,200";"BR-116/SP";"Decrescente";"Colisão traseira";2;0;0;0;0;0;0;0;0;0;3;0;0;0;0
"20/08/2024";"02:02:00";"524";"Sem vítima";"286,000";"BR-116/SP";"Decrescente";"Colisão traseira";2;0;0;0;0;0;0;0;0;0;4;0;0;0;0
"20/08/2024";"02:52:00";"542";"Com vítima";"231,000";"BR-116/SP";"Decrescente";"Acidentes de outra natureza";0;0;0;1;0;0;0;0;0;0;0;0;1;0;0
"20/08/2024";"03:32:00";"564";"Com vítima";"51,200";"BR-101/SP";"Crescente";"Colisão frontal";1;0;0;2;0;0;0;0;0;0;12;12;0;0;0
"20/08/2024";"03:32:00";"565";"Com vítima";"225,200";"BR-116/SP";"Decrescente";"Engavetamento";1;0;0;1;0;0;0;0;0;1;5;0;1;0;0
"20/08/2024";"04:43:00";"599";"Sem vítima";"223,100";"BR-116/SP";"Decrescente";"Colisão lateral em sentido contrário";1;0;1;0;0;0;0;0;0;0;4;0;0;0;0
"20/08/2024";"08:49:00";"662";"Sem vítima";"307,400";"BR-116/SP";"Crescente";"Colisão traseira";0;0;0;0;0;0;0;1;0;0;1;0;0;0;0
"21/08/2024";"02:37:00";"79";"Sem vítima";"146,000";"BR-116/SP";"Decrescente";"Colisão lateral em sentido contrário";1;0;0;0;0;0;0;1;0;0;4;0;0;0;0
"21/08/2024";"04:54:00";"178";"Com vítima";"138,000";"BR-116/SP";"Crescente";"Colisão lateral em sentido contrário";2;0;0;1;0;0;0;0;0;0;8;2;0;0;0
"21/08/2024";"07:16:00";"323";"Com vítima";"316,800";"BR-116/SP";"Crescente";"Colisão traseira";1;0;0;1;0;0;0;0;0;0;12;3;0;0;0
"21/08/2024";"09:00:00";"371";"Com vítima";"50,000";"BR-101/SP";"Decrescente";"Colisão lateral em sentido contrário";2;0;0;0;0;0;0;0;0;0;0;2;0;0;0
"21/08/2024";"09:03:00";"373";"Com vítima";"89,800";"BR-116/SP";"Crescente";"Colisão traseira";1;0;1;0;0;1;0;0;0;0;21;0;6;0;0
"21/08/2024";"09:06:00";"375";"Com vítima";"559,000";"BR-101/SP";"Decrescente";"Colisão frontal";2;0;0;0;0;0;0;0;0;0;0;3;0;3;0
"21/08/2024";"10:22:00";"405";"Com vítima";"218,900";"BR-116/SP";"Decrescente";"Colisão lateral em sentido contrário";1;0;1;0;0;0;0;0;0;0;1;1;0;0;0
"21/08/2024";"11:54:00";"460";"Sem vítima";"152,000";"BR-116/SP";"Decrescente";"Colisão lateral em sentido contrário";1;0;0;0;0;0;0;0;0;0;1;0;0;0;0
"21/08/2024";"12:22:00";"479";"Sem vítima";"142,000";"BR-116/SP";"Decrescente";"Colisão traseira";1;0;1;0;0;0;0;0;0;0;4;0;0;0;0
"21/08/2024";"01:18:00";"509";"Com vítima";"224,100";"BR-116/SP";"Decrescente";"Tombamento";0;0;0;0;0;0;0;1;0;0;0;0;7;0;0
"21/08/2024";"02:18:00";"542";"Sem vítima";"153,700";"BR-116/SP";"Crescente";"Tombamento";0;0;0;0;0;0;0;1;0;0;1;0;0;0;0
"21/08/2024";"02:57:00";"558";"Com vítima";"230,100";"BR-116/SP";"Decrescente";"Colisão traseira";1;0;0;1;0;0;0;0;0;0;2;2;0;0;0
"21/08/2024";"03:11:00";"561";"Com vítima";"415,800";"BR-101/SP";"Decrescente";"Colisão lateral em sentido contrário";2;0;0;0;0;0;0;0;0;0;0;2;2;0;0
"21/08/2024";"03:31:00";"576";"Com vítima";"111,000";"BR-116/SP";"Decrescente";"Colisão traseira";1;0;1;0;0;0;0;0;0;0;1;0;1;0;0
"21/08/2024";"04:13:00";"599";"Sem vítima";"94,400";"BR-116/SP";"Crescente";"Acidentes de outra natureza";0;0;0;1;0;0;0;0;0;0;1;0;0;0;0
"21/08/2024";"08:05:00";"688";"Com vítima";"31,800";"BR-101/SP";"Crescente";"Capotamento";1;0;0;0;0;0;0;0;0;0;0;5;0;0;0
"21/08/2024";"09:00:00";"82";"Sem vítima";"216,200";"BR-116/SP";"Crescente";"Colisão traseira";1;0;0;0;0;0;0;0;0;0;2;0;0;0;0
"21/08/2024";"09:00:00";"744";"Com vítima";"206,000";"BR-116/SP";"Decrescente";"Colisão traseira";1;0;0;0;0;0;0;0;0;0;1;1;0;0;0
"22/08/2024";"03:31:00";"126";"Sem vítima";"226,200";"BR-116/SP";"Crescente";"Colisão traseira";2;0;1;0;0;0;0;0;0;0;3;0;0;0;0
"22/08/2024";"04:43:00";"205";"Sem vítima";"219,500";"BR-116/SP";"Decrescente";"Colisão lateral em sentido contrário";1;0;1;0;0;0;0;0;0;0;1;0;0;0;0
"22/08/2024";"04:53:00";"219";"Com vítima";"57,300";"BR-116/SP";"Crescente";"Capotamento";1;0;0;0;0;0;0;0;0;0;0;4;0;0;0
"22/08/2024";"05:03:00";"231";"Com vítima";"220,200";"BR-116/SP";"Crescente";"Acidentes de outra natureza";0;0;0;1;0;0;0;0;0;0;0;3;0;0;0
"22/08/2024";"05:21:00";"244";"Sem vítima";"393,000";"BR-101/SP";"Crescente";"Colisão traseira";1;0;0;0;0;0;0;0;0;0;2;0;0;0;0
"22/08/2024";"05:43:00";"276";"Com vítima";"466,000";"BR-101/SP";"Crescente";"Acidentes de outra natureza";1;0;0;1;0;0;0;0;0;0;3;0;3;0;0
"22/08/2024";"05:54:00";"291";"Com vítima";"227,500";"BR-116/SP";"Crescente";"Colisão traseira";1;0;0;1;0;0;0;0;0;0;3;3;0;0;0
"22/08/2024";"07:39:00";"388";"Sem vítima";"224,600";"BR-116/SP";"Decrescente";"Colisão lateral em sentido contrário";0;0;1;0;0;0;0;0;0;0;1;0;0;0;0
"22/08/2024";"10:21:00";"479";"Sem vítima";"165,700";"BR-116/SP";"Crescente";"Colisão lateral em sentido contrário";1;0;1;0;0;0;0;0;0;0;4;0;0;0;0
"22/08/2024";"10:52:00";"494";"Com vítima";"218,600";"BR-116/SP";"Crescente";"Colisão traseira";1;0;0;1;0;0;0;0;0;0;8;2;0;0;0
"22/08/2024";"11:17:00";"511";"Sem vítima";"223,000";"BR-116/SP";"Decrescente";"Colisão traseira";1;0;0;1;0;0;0;0;0;0;6;0;0;0;0
"22/08/2024";"03:02:00";"625";"Com vítima";"504,000";"BR-101/SP";"Crescente";"Atropelamento de pedestre";0;0;0;0;0;0;0;0;0;0;0;0;1;0;0
"22/08/2024";"03:19:00";"636";"Sem vítima";"29,200";"BR-116/SP";"Crescente";"Colisão traseira";1;0;0;0;0;0;0;0;0;0;1;0;0;0;0
"22/08/2024";"03:23:00";"639";"Com vítima";"229,000";"BR-116/SP";"Crescente";"Engavetamento";2;0;0;1;0;0;0;0;0;0;2;0;1;0;0
"22/08/2024";"03:44:00";"653";"Com vítima";"165,700";"BR-116/SP";"Decrescente";"Engavetamento";3;0;0;0;0;0;0;0;0;0;5;1;0;0;0
"22/08/2024";"05:40:00";"710";"Sem vítima";"275,700";"BR-116/SP";"Crescente";"Colisão traseira";1;0;0;0;0;0;0;2;0;0;5;0;0;0;0
"22/08/2024";"06:28:00";"727";"Sem vítima";"3,600";"BR-116/SP";"Decrescente";"Colisão lateral em sentido contrário";1;0;1;0;0;0;0;0;0;0;3;0;0;0;0
"22/08/2024";"07:04:00";"742";"Com vítima";"96,000";"BR-116/SP";"Decrescente";"Colisão traseira";0;0;0;0;0;0;0;1;0;0;0;2;0;0;0
"22/08/2024";"07:37:00";"747";"Com vítima";"227,650";"BR-116/SP";"Decrescente";"Colisão traseira";0;0;0;1;0;0;0;0;0;0;0;0;1;0;0
"22/08/2024";"08:28:00";"762";"Sem vítima";"98,400";"BR-116/SP";"Decrescente";"Colisão traseira";0;0;2;0;0;0;0;0;0;0;2;0;0;0;0
"22/08/2024";"08:45:00";"767";"Com vítima";"40,300";"BR-116/SP";"Crescente";"Colisão traseira";1;0;0;0;0;0;0;1;0;0;3;3;0;0;0
"22/08/2024";"09:04:00";"38";"Com vítima";"148,500";"BR-116/SP";"Decrescente";"Colisão traseira";2;0;0;0;0;0;0;0;0;0;8;4;0;0;0
"23/08/2024";"12:36:00";"75";"Com vítima";"406,900";"BR-101/SP";"Decrescente";"Atropelamento de pedestre";1;1;0;0;0;0;0;0;0;0;1;0;0;0;0
"23/08/2024";"01:25:00";"84";"Com vítima";"190,400";"BR-116/SP";"Decrescente";"Tombamento";0;0;0;0;0;0;0;1;0;0;0;1;0;0;0
"23/08/2024";"02:55:00";"111";"Sem vítima";"398,000";"BR-101/SP";"Crescente";"Choque";1;0;0;0;0;0;0;0;0;0;1;0;0;0;0
"23/08/2024";"03:01:00";"113";"Com vítima";"216,200";"BR-116/SP";"Crescente";"Engavetamento";1;0;1;1;0;0;0;0;0;0;2;0;1;0;0
"23/08/2024";"03:09:00";"119";"Sem vítima";"147,300";"BR-116/SP";"Crescente";"Colisão traseira";1;0;0;0;0;0;0;0;0;0;1;0;0;0;0
"23/08/2024";"04:32:00";"206";"Com vítima";"223,200";"BR-116/SP";"Decrescente";"Atropelamento de pedestre";1;1;0;0;0;0;0;0;0;0;3;0;0;0;0
"23/08/2024";"05:02:00";"233";"Com vítima";"218,800";"BR-116/SP";"Decrescente";"Colisão lateral em sentido contrário";0;0;0;1;0;0;0;0;0;1;0;1;0;0;0
"23/08/2024";"05:10:00";"242";"Sem vítima";"212,900";"BR-116/SP";"Decrescente";"Engavetamento";2;0;0;0;0;0;0;0;0;0;2;0;0;0;0
"23/08/2024";"05:20:00";"252";"Sem vítima";"212,900";"BR-116/SP";"Decrescente";"Colisão traseira";1;0;0;0;0;0;0;0;0;1;8;0;0;0;0
"23/08/2024";"05:28:00";"259";"Com vítima";"138,300";"BR-116/SP";"Crescente";"Engavetamento";1;0;0;1;0;0;0;0;0;1;2;0;1;0;0
"23/08/2024";"08:32:00";"399";"Sem vítima";"283,700";"BR-116/SP";"Crescente";"Colisão lateral em sentido contrário";1;0;0;0;0;0;0;0;0;0;1;0;0;0;0
"23/08/2024";"09:26:00";"429";"Sem vítima";"165,300";"BR-116/SP";"Crescente";"Colisão traseira";2;0;0;0;0;0;0;0;0;0;3;0;0;0;0
"23/08/2024";"10:12:00";"454";"Sem vítima";"139,600";"BR-116/SP";"Crescente";"Engavetamento";4;0;0;0;0;0;0;0;0;0;8;0;0;0;0
"23/08/2024";"11:08:00";"487";"Sem vítima";"156,500";"BR-116/SP";"Decrescente";"Engavetamento";3;0;0;0;0;0;0;0;0;0;4;0;0;0;0
"23/08/2024";"11:19:00";"491";"Sem vítima";"283,000";"BR-116/SP";"Crescente";"Engavetamento";2;0;0;0;0;0;0;0;0;0;0;0;0;0;0
"23/08/2024";"11:24:00";"495";"Com vítima";"229,000";"BR-116/SP";"Decrescente";"Colisão lateral em sentido contrário";0;0;0;2;0;0;0;0;0;0;0;1;1;0;0
"23/08/2024";"12:55:00";"564";"Com vítima";"221,500";"BR-116/SP";"Decrescente";"Colisão lateral em sentido contrário";1;0;0;1;0;0;0;0;0;0;1;0;1;0;0
"23/08/2024";"01:05:00";"570";"Com vítima";"116,400";"BR-116/SP";"Decrescente";"Acidentes de outra natureza";0;0;0;1;0;0;0;0;0;0;1;0;1;0;0
"23/08/2024";"01:47:00";"593";"Com vítima";"51,600";"BR-101/SP";"Crescente";"Colisão lateral em sentido contrário";1;0;0;1;0;0;0;0;0;0;1;1;0;0;0
"23/08/2024";"02:03:00";"601";"Com vítima";"157,000";"BR-116/SP";"Decrescente";"Colisão traseira";1;0;0;1;0;0;0;0;0;0;1;0;1;0;0
"23/08/2024";"02:53:00";"622";"Com vítima";"105,200";"BR-116/SP";"Crescente";"Colisão lateral em sentido contrário";0;0;0;1;0;0;0;1;0;0;1;0;1;0;0
"23/08/2024";"03:14:00";"641";"Com vítima";"407,000";"BR-101/SP";"Decrescente";"Engavetamento";3;0;0;1;0;0;0;0;0;0;3;3;2;0;0
"23/08/2024";"04:58:00";"689";"Com vítima";"390,000";"BR-101/SP";"Decrescente";"Colisão lateral em sentido contrário";0;0;1;1;1;0;0;0;0;0;2;0;1;0;0
"23/08/2024";"06:19:00";"735";"Sem vítima";"205,700";"BR-116/SP";"Crescente";"Choque";1;0;0;0;0;0;0;0;0;0;1;0;0;0;0
"23/08/2024";"08:36:00";"777";"Sem vítima";"201,400";"BR-116/SP";"Decrescente";"Colisão traseira";1;0;0;0;0;0;0;0;0;0;2;0;0;0;0