data;horario;n_da_ocorrencia;tipo_de_ocorrencia;km;trecho;sentido;tipo_de_acidente;automovel;bicicleta;caminhao;moto;onibus;outros;tracao_animal;transporte_de_cargas_especiais;trator_maquinas;utilitarios;ilesos;levemente_feridos;moderadamente_feridos;gravemente_feridos;mortos
"23/08/2024";"11:35:00";"77";"Sem vítima";"381,000";"BR-101/SP";"Decrescente";"Choque";0;0;0;0;0;0;0;0;0;0;0;0;0;0;0
"24/08/2024";"12:45:00";"91";"Sem vítima";"80,100";"BR-116/SP";"Crescente";"Colisão lateral em sentido contrário";2;0;0;0;0;0;0;0;0;0;2;0;0;0;0
"24/08/2024";"01:26:00";"96";"Sem vítima";"58,900";"BR-116/SP";"Decrescente";"Capotamento";1;0;0;0;0;0;0;0;0;0;2;0;0;0;0
"24/08/2024";"02:39:00";"113";"Com vítima";"190,300";"BR-116/SP";"Crescente";"Colisão lateral em sentido contrário";1;0;0;1;0;0;0;0;0;0;1;1;0;0;0
"24/08/2024";"02:41:00";"115";"Com vítima";"68,700";"BR-116/SP";"Crescente";"Colisão traseira";1;0;0;1;0;0;0;0;0;0;0;0;1;0;0
"24/08/2024";"05:29:00";"205";"Com vítima";"270,300";"BR-116/SP";"Crescente";"Colisão lateral em sentido contrário";1;0;0;1;0;0;0;0;0;0;0;0;2;0;0
"24/08/2024";"06:27:00";"246";"Com vítima";"100,400";"BR-116/SP";"Crescente";"Colisão traseira";2;0;0;0;0;0;0;0;0;0;2;2;0;0;0
"24/08/2024";"07:45:00";"274";"Sem vítima";"100,600";"BR-116/SP";"Crescente";"Colisão traseira";1;0;0;0;0;0;0;1;0;0;2;0;0;0;0
"24/08/2024";"08:15:00";"285";"Sem vítima";"247,000";"BR-116/SP";"Crescente";"Colisão lateral em sentido contrário";1;0;1;0;0;0;0;0;0;0;4;0;0;0;0
"24/08/2024";"08:45:00";"300";"Sem vítima";"169,000";"BR-116/SP";"Decrescente";"Colisão traseira";1;0;0;0;0;0;0;0;0;0;2;0;0;0;0
"24/08/2024";"09:48:00";"331";"Com vítima";"517,000";"BR-101/SP";"Crescente";"Acidentes de outra natureza";0;0;0;1;0;0;0;0;0;0;0;0;1;0;0
"24/08/2024";"01:35:00";"425";"Sem vítima";"252,300";"BR-116/SP";"Crescente";"Colisão traseira";0;0;1;0;0;0;0;0;0;1;2;0;0;0;0
"24/08/2024";"03:37:00";"464";"Sem vítima";"231,000";"BR-116/SP";"Decrescente";"Colisão traseira";1;0;0;0;0;0;0;1;0;0;3;0;0;0;0
"24/08/2024";"04:54:00";"492";"Com vítima";"49,000";"BR-101/SP";"Crescente";"Colisão traseira";0;0;0;2;0;0;0;0;0;0;0;2;0;0;0
"24/08/2024";"06:26:00";"514";"Sem vítima";"322,200";"BR-116/SP";"Decrescente";"Choque";1;0;0;0;0;0;0;0;0;0;5;0;0;0;0
"24/08/2024";"09:00:00";"68";"Sem vítima";"212,700";"BR-116/SP";"Decrescente";"Choque";1;0;0;0;0;0;0;0;0;0;4;0;0;0;0
"24/08/2024";"09:17:00";"40";"Sem vítima";"321,400";"BR-116/SP";"Decrescente";"Choque";1;0;0;0;0;0;0;0;0;0;2;0;0;0;0
"24/08/2024";"09:33:00";"44";"Com vítima";"121,400";"BR-116/SP";"Decrescente";"Colisão traseira";2;0;1;0;0;0;0;0;0;0;2;0;1;0;1
"24/08/2024";"11:07:00";"60";"Sem vítima";"106,500";"BR-116/SP";"Crescente";"Colisão lateral em sentido contrário";1;0;0;0;0;0;0;0;0;0;1;0;0;0;0
"24/08/2024";"11:26:00";"64";"Com vítima";"296,100";"BR-116/SP";"Decrescente";"Choque";0;0;0;0;0;0;0;1;0;0;0;0;1;0;0
"25/08/2024";"01:27:00";"84";"Sem vítima";"121,700";"BR-116/SP";"Decrescente";"Colisão lateral em sentido contrário";1;0;0;0;0;0;0;0;0;0;1;0;0;0;0
"25/08/2024";"02:50:00";"95";"Com vítima";"478,000";"BR-101/SP";"Decrescente";"Acidentes de outra natureza";0;0;0;1;0;0;0;0;0;0;0;1;1;0;0
"25/08/2024";"03:36:00";"107";"Com vítima";"269,000";"BR-116/SP";"Decrescente";"Capotamento";1;0;0;0;0;0;0;0;0;0;0;1;0;0;0
"25/08/2024";"04:26:00";"125";"Sem vítima";"206,000";"BR-116/SP";"Decrescente";"Choque";1;0;0;0;0;0;0;0;0;0;1;0;0;0;0
"25/08/2024";"06:07:00";"157";"Sem vítima";"515,000";"BR-101/SP";"Decrescente";"Choque";1;0;0;0;0;0;0;0;0;0;2;0;0;0;0
"25/08/2024";"06:39:00";"166";"Sem vítima";"498,700";"BR-101/SP";"Crescente";"Capotamento";1;0;0;0;0;0;0;0;0;0;2;0;0;0;0
"25/08/2024";"07:00:00";"174";"Com vítima";"491,000";"BR-101/SP";"Crescente";"Choque";1;0;0;0;0;0;0;0;0;0;0;2;0;0;0
"25/08/2024";"07:46:00";"187";"Sem vítima";"595,000";"BR-101/SP";"Decrescente";"Choque";1;0;0;0;0;0;0;0;0;0;1;0;0;0;0
"25/08/2024";"08:46:00";"203";"Sem vítima";"15,000";"BR-116/SP";"Crescente";"Choque";1;0;0;0;0;0;0;0;0;0;1;0;0;0;0
"25/08/2024";"09:52:00";"222";"Com vítima";"150,000";"BR-116/SP";"Crescente";"Colisão traseira";2;0;0;0;0;0;0;0;0;0;3;2;0;0;0
"25/08/2024";"10:57:00";"251";"Sem vítima";"515,000";"BR-101/SP";"Crescente";"Choque";1;0;0;0;0;0;0;0;0;0;1;0;0;0;0
"25/08/2024";"11:35:00";"264";"Sem vítima";"66,000";"BR-116/SP";"Decrescente";"Acidentes de outra natureza";1;0;0;0;0;0;0;0;0;0;1;0;0;0;0
"25/08/2024";"12:12:00";"282";"Sem vítima";"93,200";"BR-116/SP";"Crescente";"Colisão traseira";2;0;0;0;0;0;0;0;0;0;9;0;0;0;0
"25/08/2024";"12:13:00";"283";"Sem vítima";"104,500";"BR-116/SP";"Crescente";"Colisão traseira";2;0;0;0;0;0;0;0;0;0;2;0;0;0;0
"25/08/2024";"03:02:00";"380";"Com vítima";"215,100";"BR-116/SP";"Crescente";"Choque";1;0;0;0;0;0;0;0;0;0;1;2;0;0;0
"25/08/2024";"03:42:00";"396";"Sem vítima";"311,700";"BR-116/SP";"Crescente";"Choque";1;0;0;0;0;0;0;0;0;0;2;0;0;0;0
"25/08/2024";"04:55:00";"425";"Com vítima";"229,800";"BR-116/SP";"Decrescente";"Colisão lateral em sentido contrário";1;0;0;0;0;0;0;1;0;0;3;0;2;0;0
"25/08/2024";"05:22:00";"441";"Com vítima";"382,400";"BR-101/SP";"Decrescente";"Capotamento";1;0;0;0;0;0;0;0;0;0;1;0;0;0;1
"25/08/2024";"05:25:00";"444";"Sem vítima";"86,950";"BR-116/SP";"Decrescente";"Colisão lateral em sentido contrário";1;0;0;0;0;0;0;0;0;0;4;0;0;0;0
"25/08/2024";"07:47:00";"474";"Sem vítima";"242,300";"BR-116/SP";"Crescente";"Colisão lateral em sentido contrário";1;0;0;0;0;0;0;0;0;1;2;0;0;0;0
"25/08/2024";"09:48:00";"40";"Sem vítima";"124,400";"BR-116/SP";"Decrescente";"Colisão traseira";0;0;2;0;0;0;0;0;0;0;2;0;0;0;0
"26/08/2024";"12:17:00";"57";"Com vítima";"334,200";"BR-116/SP";"Crescente";"Tombamento";0;0;1;0;0;0;0;0;0;0;0;0;1;0;0
"26/08/2024";"12:49:00";"64";"Sem vítima";"226,400";"BR-116/SP";"Decrescente";"Choque";1;0;0;0;0;0;0;0;0;0;1;0;0;0;0
"26/08/2024";"01:10:00";"68";"Com vítima";"183,900";"BR-116/SP";"Crescente";"Colisão traseira";0;0;1;1;0;0;0;0;0;0;1;0;0;0;1
"26/08/2024";"04:05:00";"154";"Sem vítima";"428,000";"BR-101/SP";"Crescente";"Colisão lateral em sentido contrário";1;0;0;0;0;0;0;0;0;1;5;0;0;0;0
"26/08/2024";"04:06:00";"157";"Sem vítima";"251,000";"BR-116/SP";"Crescente";"Choque";1;0;0;0;0;0;0;0;0;0;1;0;0;0;0
"26/08/2024";"04:10:00";"162";"Sem vítima";"224,300";"BR-116/SP";"Crescente";"Colisão traseira";2;0;0;0;0;0;0;0;0;0;2;0;0;0;0
"26/08/2024";"04:43:00";"200";"Sem vítima";"223,000";"BR-116/SP";"Crescente";"Colisão traseira";1;0;0;0;0;0;0;0;0;0;1;0;0;0;0
"26/08/2024";"04:54:00";"209";"Sem vítima";"223,400";"BR-116/SP";"Decrescente";"Colisão lateral em sentido contrário";0;0;1;0;0;0;0;0;0;0;1;0;0;0;0
"26/08/2024";"04:55:00";"210";"Com vítima";"222,000";"BR-116/SP";"Crescente";"Colisão traseira";0;0;0;2;0;0;0;0;0;0;0;2;0;0;0
"26/08/2024";"05:02:00";"221";"Sem vítima";"212,000";"BR-116/SP";"Crescente";"Colisão traseira";1;0;0;1;0;0;0;0;0;0;0;0;0;0;0
"26/08/2024";"05:24:00";"241";"Com vítima";"94,200";"BR-116/SP";"Crescente";"Choque";1;0;0;0;0;0;0;0;0;0;1;1;0;0;0
"26/08/2024";"05:26:00";"243";"Sem vítima";"144,000";"BR-116/SP";"Crescente";"Colisão traseira";2;0;0;0;0;0;0;0;0;0;2;0;0;0;0
"26/08/2024";"05:31:00";"250";"Sem vítima";"229,050";"BR-116/SP";"Decrescente";"Choque";0;0;1;0;0;0;0;0;0;0;1;0;0;0;0
"26/08/2024";"05:32:00";"252";"Com vítima";"382,000";"BR-101/SP";"Decrescente";"Acidentes de outra natureza";0;0;1;0;0;0;0;0;0;0;0;0;1;0;0
"26/08/2024";"06:38:00";"313";"Sem vítima";"219,500";"BR-116/SP";"Crescente";"Colisão traseira";0;0;1;0;0;0;0;0;0;0;1;0;0;0;0
"26/08/2024";"07:28:00";"349";"Sem vítima";"225,900";"BR-116/SP";"Decrescente";"Colisão traseira";0;0;1;0;0;0;0;0;0;0;1;0;0;0;0
"26/08/2024";"07:58:00";"364";"Sem vítima";"212,000";"BR-116/SP";"Decrescente";"Colisão lateral em sentido contrário";1;0;0;0;0;0;0;1;0;0;3;0;0;0;0
"26/08/2024";"12:08:00";"469";"Sem vítima";"90,000";"BR-116/SP";"Crescente";"Colisão traseira";0;0;2;0;0;0;0;0;0;0;2;0;0;0;0
"26/08/2024";"12:33:00";"481";"Sem vítima";"229,000";"BR-116/SP";"Crescente";"Colisão lateral em sentido contrário";1;0;1;0;0;0;0;0;0;0;2;0;0;0;0
"26/08/2024";"12:59:00";"491";"Com vítima";"231,000";"BR-116/SP";"Crescente";"Colisão traseira";0;0;0;2;0;0;0;0;0;0;0;0;2;0;0
"26/08/2024";"01:00:00";"492";"Com vítima";"105,900";"BR-116/SP";"Crescente";"Atropelamento de pedestre";0;0;0;0;0;0;0;0;0;0;0;0;1;0;0
"26/08/2024";"01:34:00";"503";"Com vítima";"282,800";"BR-116/SP";"Decrescente";"Engavetamento";2;0;0;0;0;0;0;0;0;0;5;2;0;0;0
"26/08/2024";"01:41:00";"507";"Sem vítima";"226,200";"BR-116/SP";"Crescente";"Colisão traseira";1;0;0;0;0;0;0;0;0;0;2;0;0;0;0
"26/08/2024";"03:07:00";"534";"Sem vítima";"218,000";"BR-116/SP";"Crescente";"Colisão lateral em sentido contrário";1;0;1;0;0;0;0;0;0;0;2;0;0;0;0
"26/08/2024";"03:17:00";"543";"Sem vítima";"107,400";"BR-116/SP";"Crescente";"Colisão lateral em sentido contrário";1;0;0;1;0;0;0;0;0;0;3;0;0;0;0
"26/08/2024";"03:55:00";"568";"Com vítima";"39,800";"BR-101/SP";"Decrescente";"Colisão lateral em sentido contrário";2;0;0;0;0;0;0;0;0;0;5;2;0;0;0
"27/08/2024";"01:56:00";"93";"Com vítima";"228,250";"BR-116/SP";"Decrescente";"Colisão traseira";0;0;2;0;0;0;0;0;0;0;2;0;1;0;0
"27/08/2024";"03:07:00";"121";"Com vítima";"150,000";"BR-116/SP";"Decrescente";"Colisão frontal";0;1;0;0;0;0;0;0;0;0;0;0;0;0;0
"27/08/2024";"04:31:00";"210";"Com vítima";"230,200";"BR-116/SP";"Crescente";"Atropelamento de pedestre";0;0;0;1;0;0;0;0;0;0;0;1;0;0;0
"27/08/2024";"04:55:00";"246";"Sem vítima";"41,000";"BR-116/SP";"Crescente";"Colisão lateral em sentido contrário";1;0;1;0;0;0;0;0;0;0;2;0;0;0;0
"27/08/2024";"05:40:00";"284";"Sem vítima";"245,100";"BR-116/SP";"Decrescente";"Colisão traseira";1;0;1;0;0;0;0;0;0;0;2;0;0;0;0
"27/08/2024";"01:17:00";"569";"Sem vítima";"322,000";"BR-116/SP";"Crescente";"Colisão traseira";2;0;0;0;0;0;0;0;0;0;3;0;0;0;0
"27/08/2024";"01:51:00";"586";"Com vítima";"227,300";"BR-116/SP";"Crescente";"Colisão traseira";1;0;0;1;0;0;0;0;0;0;1;0;1;0;0
"27/08/2024";"01:56:00";"588";"Com vítima";"99,000";"BR-116/SP";"Crescente";"Colisão traseira";1;0;0;1;0;0;0;0;0;0;0;0;0;1;0
"27/08/2024";"02:25:00";"597";"Sem vítima";"141,800";"BR-116/SP";"Decrescente";"Colisão traseira";1;0;0;0;0;0;0;0;0;0;2;0;0;0;0
"27/08/2024";"03:54:00";"642";"Sem vítima";"271,000";"BR-116/SP";"Decrescente";"Choque";0;0;1;0;0;0;0;0;0;0;1;0;0;0;0
"27/08/2024";"04:05:00";"649";"Com vítima";"225,000";"BR-116/SP";"Decrescente";"Acidentes de outra natureza";0;0;0;1;0;0;0;0;0;0;0;1;0;0;0
"27/08/2024";"04:21:00";"654";"Com vítima";"190,100";"BR-116/SP";"Crescente";"Colisão traseira";1;0;0;0;0;0;0;1;0;0;1;0;1;0;0
"27/08/2024";"04:30:00";"660";"Com vítima";"112,100";"BR-116/SP";"Decrescente";"Colisão traseira";1;0;0;0;0;0;0;0;0;0;1;1;0;0;0
"27/08/2024";"04:41:00";"670";"Com vítima";"141,900";"BR-116/SP";"Decrescente";"Colisão lateral em sentido contrário";0;0;0;1;0;0;0;0;0;0;0;1;0;0;0
"27/08/2024";"04:52:00";"674";"Com vítima";"211,900";"BR-116/SP";"Decrescente";"Colisão traseira";1;0;0;1;0;0;0;0;0;0;1;1;0;0;0
"27/08/2024";"06:19:00";"708";"Com vítima";"410,000";"BR-101/SP";"Decrescente";"Atropelamento de pedestre";1;0;0;0;0;0;0;0;0;0;0;0;0;0;1
"27/08/2024";"07:39:00";"723";"Com vítima";"158,200";"BR-116/SP";"Crescente";"Capotamento";1;0;0;0;0;0;0;0;0;0;0;1;0;0;0
"27/08/2024";"09:00:00";"371";"Com vítima";"219,700";"BR-116/SP";"Crescente";"Colisão traseira";0;0;1;1;0;0;0;0;0;0;1;1;0;0;0
"27/08/2024";"11:04:00";"56";"Com vítima";"145,100";"BR-116/SP";"Decrescente";"Choque";1;0;0;0;0;0;0;0;0;0;0;1;0;0;0
"28/08/2024";"12:28:00";"71";"Com vítima";"126,680";"BR-116/SP";"Crescente";"Choque";0;0;1;0;0;0;0;0;0;0;0;1;0;0;0
"28/08/2024";"01:26:00";"82";"Com vítima";"325,000";"BR-116/SP";"Decrescente";"Choque";1;0;0;0;0;0;0;1;0;0;1;0;1;2;0
"28/08/2024";"04:25:00";"190";"Com vítima";"36,450";"BR-116/SP";"Crescente";"Acidentes de outra natureza";0;0;0;1;0;0;0;0;0;0;0;0;1;0;0
"28/08/2024";"04:57:00";"224";"Com vítima";"226,200";"BR-116/SP";"Decrescente";"Choque";0;0;0;1;0;0;0;0;0;0;0;1;0;0;0
"28/08/2024";"06:11:00";"282";"Com vítima";"492,800";"BR-101/SP";"Decrescente";"Choque";1;0;0;0;0;0;0;0;0;0;0;1;0;0;0
"28/08/2024";"06:38:00";"310";"Sem vítima";"54,600";"BR-116/SP";"Crescente";"Colisão traseira";1;0;0;0;1;0;0;0;0;0;2;0;0;0;0
"28/08/2024";"11:02:00";"476";"Sem vítima";"219,200";"BR-116/SP";"Crescente";"Engavetamento";2;0;0;0;0;0;0;0;0;0;4;0;0;0;0
"28/08/2024";"11:56:00";"513";"Com vítima";"258,000";"BR-116/SP";"Decrescente";"Acidentes de outra natureza";0;0;0;1;0;0;0;0;0;0;0;0;1;0;0
"28/08/2024";"12:33:00";"537";"Com vítima";"219,500";"BR-116/SP";"Crescente";"Colisão lateral em sentido contrário";0;0;0;1;0;0;0;1;0;0;1;0;1;1;0
"28/08/2024";"02:17:00";"568";"Com vítima";"318,000";"BR-116/SP";"Crescente";"Colisão traseira";1;0;0;1;0;0;0;0;0;0;2;1;0;0;0
"28/08/2024";"04:14:00";"609";"Com vítima";"148,000";"BR-116/SP";"Decrescente";"Colisão lateral em sentido contrário";1;0;0;1;0;0;0;0;0;0;1;2;0;0;0
"28/08/2024";"05:14:00";"629";"Com vítima";"146,100";"BR-116/SP";"Crescente";"Capotamento";1;0;0;0;0;0;0;0;0;0;0;1;1;0;0
"28/08/2024";"05:25:00";"633";"Com vítima";"310,100";"BR-116/SP";"Crescente";"Acidentes de outra natureza";1;0;0;0;0;0;0;0;0;0;0;1;0;0;0
"28/08/2024";"06:38:00";"654";"Com vítima";"483,000";"BR-101/SP";"Crescente";"Atropelamento de pedestre";1;0;0;0;0;0;0;0;0;0;1;0;0;0;1
"28/08/2024";"07:06:00";"666";"Com vítima";"137,000";"BR-116/SP";"Crescente";"Colisão lateral em sentido contrário";1;0;1;0;0;0;0;0;0;0;1;1;1;0;0
"28/08/2024";"07:55:00";"679";"Sem vítima";"102,800";"BR-116/SP";"Decrescente";"Colisão traseira";0;0;2;0;0;0;0;0;0;0;2;0;0;0;0
"28/08/2024";"08:27:00";"690";"Com vítima";"134,900";"BR-116/SP";"Decrescente";"Colisão traseira";0;0;2;0;0;0;0;0;0;0;1;0;1;0;0
"28/08/2024";"09:00:00";"319";"Sem vítima";"164,000";"BR-116/SP";"Crescente";"Choque";1;0;0;0;0;0;0;0;0;0;1;0;0;0;0
"29/08/2024";"03:54:00";"166";"Com vítima";"227,900";"BR-116/SP";"Crescente";"Colisão traseira";1;0;0;1;0;0;0;0;0;0;1;1;0;0;0
"29/08/2024";"04:01:00";"174";"Com vítima";"147,895";"BR-116/SP";"Crescente";"Capotamento";1;0;0;0;0;0;0;0;0;0;0;3;0;0;0
"29/08/2024";"04:06:00";"183";"Com vítima";"214,000";"BR-116/SP";"Crescente";"Colisão traseira";0;0;0;1;0;0;0;0;0;1;1;0;1;0;0
"29/08/2024";"04:21:00";"193";"Com vítima";"190,800";"BR-116/SP";"Decrescente";"Colisão traseira";0;0;0;1;0;0;0;0;0;0;0;1;0;0;0
"29/08/2024";"04:41:00";"218";"Com vítima";"226,000";"BR-116/SP";"Crescente";"Tombamento";0;0;0;0;0;0;0;1;0;0;0;0;1;0;0
"29/08/2024";"05:16:00";"251";"Com vítima";"219,400";"BR-116/SP";"Crescente";"Colisão traseira";1;0;0;0;0;0;0;0;0;0;0;0;1;0;0
"29/08/2024";"07:31:00";"356";"Com vítima";"218,000";"BR-116/SP";"Decrescente";"Colisão lateral em sentido contrário";1;0;0;1;0;0;0;0;0;0;0;1;0;0;0
"29/08/2024";"10:14:00";"431";"Sem vítima";"227,000";"BR-116/SP";"Crescente";"Colisão traseira";1;0;1;0;0;0;0;0;0;0;2;0;0;0;0
"29/08/2024";"12:07:00";"487";"Com vítima";"470,000";"BR-101/SP";"Decrescente";"Atropelamento de pedestre";0;0;0;1;0;0;0;0;0;0;1;1;0;0;0
"29/08/2024";"12:48:00";"503";"Sem vítima";"97,200";"BR-116/SP";"Decrescente";"Colisão traseira";0;0;0;0;0;0;0;2;0;0;2;0;0;0;0
"29/08/2024";"02:45:00";"561";"Sem vítima";"324,900";"BR-116/SP";"Crescente";"Colisão traseira";1;0;1;0;0;0;0;0;0;0;3;0;0;0;0
"29/08/2024";"02:56:00";"565";"Com vítima";"227,600";"BR-116/SP";"Crescente";"Colisão traseira";1;0;0;1;0;0;0;0;0;0;2;1;0;0;0
"29/08/2024";"03:53:00";"562";"Com vítima";"475,000";"BR-101/SP";"Decrescente";"Acidentes de outra natureza";0;0;0;1;0;0;0;0;0;0;0;1;0;0;0
"29/08/2024";"05:18:00";"642";"Com vítima";"220,000";"BR-116/SP";"Decrescente";"Acidentes de outra natureza";0;0;0;1;0;0;0;0;0;0;0;1;0;0;0
"29/08/2024";"10:08:00";"45";"Sem vítima";"309,800";"BR-116/SP";"Decrescente";"Colisão lateral em sentido contrário";1;0;1;0;0;0;0;0;0;0;2;0;0;0;0
"29/08/2024";"10:29:00";"53";"Sem vítima";"115,800";"BR-116/SP";"Crescente";"Capotamento";1;0;0;0;0;0;0;0;0;0;1;0;0;0;0
"29/08/2024";"11:03:00";"62";"Sem vítima";"454,000";"BR-101/SP";"Crescente";"Choque";0;0;1;0;0;0;0;0;0;0;1;0;0;0;0
"30/08/2024";"02:00:00";"85";"Com vítima";"103,800";"BR-116/SP";"Crescente";"Acidentes de outra natureza";1;0;0;1;0;0;0;0;0;0;1;0;1;0;0
"30/08/2024";"03:09:00";"105";"Com vítima";"131,800";"BR-116/SP";"Decrescente";"Colisão traseira";2;0;0;0;0;0;0;0;0;0;2;1;0;0;0
"30/08/2024";"03:12:00";"111";"Sem vítima";"230,000";"BR-116/SP";"Decrescente";"Colisão lateral em sentido contrário";1;0;0;0;0;0;0;1;0;0;5;0;0;0;0
"30/08/2024";"04:11:00";"185";"Sem vítima";"101,500";"BR-116/SP";"Decrescente";"Colisão traseira";2;0;0;0;0;0;0;0;0;0;2;0;0;0;0
"30/08/2024";"04:30:00";"206";"Com vítima";"96,900";"BR-116/SP";"Crescente";"Acidentes de outra natureza";0;0;0;1;0;0;0;0;0;0;0;2;0;0;0
"30/08/2024";"05:32:00";"274";"Com vítima";"136,000";"BR-116/SP";"Crescente";"Engavetamento";2;0;1;0;0;0;0;0;0;0;4;1;0;0;0
"30/08/2024";"05:52:00";"289";"Sem vítima";"220,000";"BR-116/SP";"Decrescente";"Colisão traseira";0;0;1;1;0;0;0;0;0;0;2;0;0;0;0
"30/08/2024";"06:05:00";"298";"Sem vítima";"215,000";"BR-116/SP";"Decrescente";"Capotamento";1;0;0;0;0;0;0;0;0;0;2;0;0;0;0
"30/08/2024";"11:29:00";"470";"Sem vítima";"74,000";"BR-116/SP";"Crescente";"Choque";0;0;1;0;0;0;0;0;0;0;1;0;0;0;0
"30/08/2024";"11:32:00";"473";"Com vítima";"156,000";"BR-116/SP";"Decrescente";"Colisão lateral em sentido contrário";1;0;1;0;0;0;0;0;0;0;1;2;0;0;0
"30/08/2024";"11:36:00";"476";"Sem vítima";"307,100";"BR-116/SP";"Decrescente";"Colisão traseira";1;0;0;0;0;0;0;0;0;0;1;0;0;0;0
"30/08/2024";"11:37:00";"477";"Com vítima";"221,000";"BR-116/SP";"Decrescente";"Colisão lateral em sentido contrário";0;0;1;1;0;0;0;0;0;0;1;0;1;0;0
"30/08/2024";"01:09:00";"517";"Com vítima";"431,000";"BR-101/SP";"Decrescente";"Choque";1;0;0;0;0;0;0;0;0;0;0;2;0;0;0
"30/08/2024";"02:25:00";"563";"Sem vítima";"143,800";"BR-116/SP";"Decrescente";"Engavetamento";1;0;0;0;0;0;0;0;0;0;1;0;0;0;0
"30/08/2024";"02:27:00";"566";"Com vítima";"216,000";"BR-116/SP";"Crescente";"Colisão lateral em sentido contrário";1;0;0;1;0;0;0;0;0;0;2;1;0;0;0
"30/08/2024";"02:41:00";"576";"Com vítima";"478,800";"BR-101/SP";"Crescente";"Colisão lateral em sentido contrário";1;0;0;1;0;0;0;0;0;0;1;1;0;0;0
"30/08/2024";"03:43:00";"610";"Sem vítima";"147,500";"BR-116/SP";"Decrescente";"Choque";1;0;0;0;0;0;0;0;0;0;1;0;0;0;0
"30/08/2024";"07:13:00";"710";"Sem vítima";"227,200";"BR-116/SP";"Decrescente";"Choque";1;0;0;0;0;0;0;0;0;0;1;0;0;0;0
"30/08/2024";"08:38:00";"741";"Sem vítima";"222,500";"BR-116/SP";"Decrescente";"Choque";1;0;0;0;0;0;0;0;0;0;1;0;0;0;0
"30/08/2024";"11:06:00";"60";"Sem vítima";"147,200";"BR-116/SP";"Crescente";"Colisão lateral em sentido contrário";1;0;1;0;0;0;0;0;0;0;4;0;0;0;0
"31/08/2024";"12:17:00";"68";"Sem vítima";"154,000";"BR-116/SP";"Decrescente";"Choque";1;0;0;0;0;0;0;0;0;0;2;0;0;0;0
"31/08/2024";"02:26:00";"90";"Com vítima";"50,000";"BR-101/SP";"Decrescente";"Acidentes de outra natureza";0;0;0;1;0;0;0;0;0;0;0;1;0;0;0
"31/08/2024";"02:34:00";"87";"Sem vítima";"52,800";"BR-116/SP";"Decrescente";"Capotamento";1;0;0;0;0;0;0;0;0;0;1;0;0;0;0
"31/08/2024";"02:43:00";"98";"Com vítima";"216,500";"BR-116/SP";"Crescente";"Capotamento";1;0;0;0;0;0;0;0;0;0;0;1;0;0;0
"31/08/2024";"02:55:00";"100";"Sem vítima";"497,000";"BR-101/SP";"Decrescente";"Choque";1;0;0;0;0;0;0;0;0;0;1;0;0;0;0
"31/08/2024";"04:38:00";"172";"Com vítima";"522,000";"BR-101/SP";"Decrescente";"Acidentes de outra natureza";0;0;0;1;0;0;0;0;0;0;0;1;0;0;0
"31/08/2024";"04:58:00";"184";"Com vítima";"204,200";"BR-116/SP";"Decrescente";"Choque";1;0;0;0;0;0;0;0;0;0;0;1;0;0;0
"31/08/2024";"04:58:00";"189";"Com vítima";"225,200";"BR-116/SP";"Crescente";"Atropelamento de pedestre";0;0;0;0;0;0;0;0;0;0;0;0;0;0;0
"31/08/2024";"05:17:00";"200";"Com vítima";"234,100";"BR-116/SP";"Decrescente";"Acidentes de outra natureza";0;0;0;1;0;0;0;0;0;0;0;1;0;0;0
"31/08/2024";"05:31:00";"210";"Com vítima";"186,500";"BR-116/SP";"Decrescente";"Colisão traseira";1;0;0;1;0;0;0;0;0;0;1;2;0;0;0
"31/08/2024";"05:38:00";"213";"Com vítima";"142,300";"BR-116/SP";"Decrescente";"Colisão lateral em sentido contrário";1;0;0;0;0;0;0;0;0;1;2;1;0;0;0
"31/08/2024";"05:53:00";"221";"Sem vítima";"227,500";"BR-116/SP";"Crescente";"Colisão lateral em sentido contrário";1;0;1;0;0;0;0;0;0;0;0;0;0;0;0
"31/08/2024";"05:54:00";"224";"Com vítima";"139,300";"BR-116/SP";"Crescente";"Engavetamento";2;0;1;0;0;0;0;0;0;0;3;2;0;0;0
"31/08/2024";"06:23:00";"241";"Com vítima";"90,300";"BR-116/SP";"Decrescente";"Acidentes de outra natureza";0;0;0;1;0;0;0;0;0;0;0;0;1;0;0
"31/08/2024";"06:59:00";"263";"Com vítima";"222,900";"BR-116/SP";"Decrescente";"Colisão traseira";1;0;0;1;0;0;0;0;0;0;4;1;0;0;0
"31/08/2024";"10:43:00";"367";"Com vítima";"208,000";"BR-116/SP";"Decrescente";"Atropelamento de pedestre";0;0;0;0;0;0;0;0;0;1;1;1;0;0;0