data;horario;n_da_ocorrencia;tipo_de_ocorrencia;km;trecho;sentido;tipo_de_acidente;automovel;bicicleta;caminhao;moto;onibus;outros;tracao_animal;transporte_de_cargas_especiais;trator_maquinas;utilitarios;ilesos;levemente_feridos;moderadamente_feridos;gravemente_feridos;mortos
"31/08/2024";"11:06:00";"381";"Sem vítima";"225,000";"BR-116/SP";"Crescente";"Choque";1;0;0;0;0;0;0;0;0;0;1;0;0;0;0
"31/08/2024";"11:12:00";"383";"Sem vítima";"128,800";"BR-116/SP";"Crescente";"Colisão traseira";2;0;0;0;0;0;0;0;0;0;5;0;0;0;0
"31/08/2024";"11:43:00";"399";"Sem vítima";"389,800";"BR-101/SP";"Crescente";"Choque";1;0;0;0;0;0;0;0;0;0;3;0;0;0;0
"31/08/2024";"12:36:00";"428";"Sem vítima";"131,850";"BR-116/SP";"Decrescente";"Engavetamento";4;0;0;0;0;0;0;0;0;0;9;0;0;0;0
"31/08/2024";"01:08:00";"452";"Com vítima";"264,450";"BR-116/SP";"Decrescente";"Engavetamento";3;0;0;0;0;0;0;0;0;0;3;1;0;0;0
"31/08/2024";"02:34:00";"492";"Sem vítima";"388,000";"BR-101/SP";"Decrescente";"Capotamento";1;0;0;0;0;0;0;0;0;0;1;0;0;0;0
"31/08/2024";"04:04:00";"544";"Sem vítima";"140,900";"BR-116/SP";"Decrescente";"Choque";1;0;0;0;0;0;0;0;0;0;1;0;0;0;0
"31/08/2024";"04:19:00";"552";"Sem vítima";"227,500";"BR-116/SP";"Crescente";"Colisão lateral em sentido contrário";1;0;1;0;0;0;0;0;0;0;4;0;0;0;0
"31/08/2024";"04:54:00";"569";"Sem vítima";"279,500";"BR-116/SP";"Decrescente";"Colisão lateral em sentido contrário";1;0;0;0;0;0;0;0;0;0;1;0;0;0;0
"31/08/2024";"07:51:00";"636";"Sem vítima";"220,500";"BR-116/SP";"Decrescente";"Colisão traseira";2;0;0;0;0;0;0;0;0;0;2;0;0;0;0
"31/08/2024";"08:17:00";"648";"Sem vítima";"126,700";"BR-116/SP";"Decrescente";"Choque";1;0;0;0;0;0;0;0;0;0;2;0;0;0;0
"31/08/2024";"10:18:00";"58";"Sem vítima";"153,400";"BR-116/SP";"Crescente";"Colisão lateral em sentido contrário";1;0;1;0;0;0;0;0;0;0;3;0;0;0;0
"31/08/2024";"10:40:00";"63";"Sem vítima";"422,000";"BR-101/SP";"Decrescente";"Choque";1;0;0;0;0;0;0;0;0;0;1;0;0;0;0
"31/08/2024";"11:38:00";"68";"Com vítima";"216,000";"BR-116/SP";"Crescente";"Capotamento";1;0;0;0;0;0;0;0;0;0;2;1;0;0;0
"01/09/2024";"03:27:00";"115";"Com vítima";"145,100";"BR-116/SP";"Decrescente";"Colisão traseira";1;0;0;1;0;0;0;0;0;0;3;0;1;0;0
"01/09/2024";"04:14:00";"148";"Com vítima";"219,200";"BR-116/SP";"Decrescente";"Atropelamento de pedestre";1;1;0;0;0;0;0;0;0;0;1;0;0;0;0
"01/09/2024";"04:26:00";"152";"Sem vítima";"236,600";"BR-116/SP";"Decrescente";"Colisão lateral em sentido contrário";1;0;0;0;0;0;0;0;0;0;4;0;0;0;0
"01/09/2024";"06:09:00";"205";"Com vítima";"230,000";"BR-116/SP";"Decrescente";"Colisão lateral em sentido contrário";1;0;1;0;0;0;0;0;0;0;1;0;1;0;0
"01/09/2024";"11:12:00";"320";"Com vítima";"27,850";"BR-116/SP";"Crescente";"Colisão lateral em sentido contrário";0;0;0;1;0;0;0;0;0;0;0;0;0;0;1
"01/09/2024";"11:20:00";"328";"Sem vítima";"229,100";"BR-116/SP";"Decrescente";"Colisão traseira";2;0;0;0;0;0;0;0;0;0;9;0;0;0;0
"01/09/2024";"11:38:00";"344";"Com vítima";"284,000";"BR-116/SP";"Decrescente";"Engavetamento";2;0;0;0;0;0;0;0;0;0;3;1;0;0;0
"01/09/2024";"11:40:00";"345";"Sem vítima";"596,200";"BR-101/SP";"Decrescente";"Choque";1;0;0;0;0;0;0;0;0;0;1;0;0;0;0
"01/09/2024";"03:15:00";"453";"Com vítima";"219,050";"BR-116/SP";"Crescente";"Colisão frontal";1;0;0;1;0;0;0;0;0;0;1;0;0;1;0
"01/09/2024";"04:24:00";"495";"Com vítima";"151,700";"BR-116/SP";"Crescente";"Colisão lateral em sentido contrário";0;0;0;1;0;0;0;0;0;0;0;2;0;0;0
"01/09/2024";"08:22:00";"582";"Com vítima";"484,000";"BR-101/SP";"Decrescente";"Colisão frontal";1;0;0;1;0;0;0;0;0;0;0;0;1;0;0
"01/09/2024";"09:32:00";"39";"Sem vítima";"139,400";"BR-116/SP";"Decrescente";"Choque";1;0;0;0;0;0;0;0;0;0;1;0;0;0;0
"01/09/2024";"10:42:00";"52";"Com vítima";"109,400";"BR-116/SP";"Crescente";"Atropelamento de pedestre";0;0;0;0;0;0;0;0;0;0;0;0;0;0;1
"01/09/2024";"10:56:00";"55";"Sem vítima";"390,000";"BR-101/SP";"Crescente";"Choque";1;0;0;0;0;0;0;0;0;0;0;0;0;0;0
"02/09/2024";"02:10:00";"84";"Com vítima";"429,500";"BR-101/SP";"Decrescente";"Colisão lateral em sentido contrário";2;0;0;1;0;0;0;0;0;0;2;0;0;0;1
"02/09/2024";"03:38:00";"139";"Sem vítima";"159,100";"BR-116/SP";"Decrescente";"Colisão traseira";0;0;0;0;0;0;0;1;0;0;1;0;0;0;0
"02/09/2024";"04:14:00";"178";"Sem vítima";"125,000";"BR-116/SP";"Decrescente";"Colisão lateral em sentido contrário";2;0;0;0;0;0;0;0;0;0;6;0;0;0;0
"02/09/2024";"04:53:00";"210";"Com vítima";"157,000";"BR-116/SP";"Decrescente";"Colisão traseira";1;0;0;1;0;0;0;0;0;0;1;1;0;0;0
"02/09/2024";"04:57:00";"212";"Com vítima";"138,900";"BR-116/SP";"Crescente";"Colisão traseira";0;0;0;1;0;0;0;0;0;0;0;1;0;0;0
"02/09/2024";"05:10:00";"227";"Sem vítima";"144,700";"BR-116/SP";"Decrescente";"Engavetamento";3;0;0;0;0;0;0;0;0;0;3;0;0;0;0
"02/09/2024";"05:38:00";"250";"Com vítima";"140,000";"BR-116/SP";"Crescente";"Colisão traseira";2;0;0;0;0;0;0;0;0;0;3;1;0;0;0
"02/09/2024";"07:00:00";"331";"Com vítima";"489,000";"BR-101/SP";"Decrescente";"Colisão lateral em sentido contrário";0;0;0;1;1;0;0;0;0;0;1;0;1;0;0
"02/09/2024";"07:12:00";"347";"Com vítima";"218,000";"BR-116/SP";"Crescente";"Colisão traseira";1;1;0;0;0;0;0;0;0;0;1;0;0;0;0
"02/09/2024";"07:49:00";"372";"Com vítima";"222,800";"BR-116/SP";"Crescente";"Colisão traseira";1;0;0;1;0;0;0;0;0;0;2;1;0;0;0
"02/09/2024";"09:36:00";"434";"Sem vítima";"487,000";"BR-101/SP";"Decrescente";"Colisão traseira";2;0;0;0;0;0;0;0;0;0;2;0;0;0;0
"02/09/2024";"10:22:00";"464";"Sem vítima";"226,800";"BR-116/SP";"Crescente";"Choque";1;0;0;0;0;0;0;0;0;0;2;0;0;0;0
"02/09/2024";"11:39:00";"502";"Sem vítima";"316,000";"BR-116/SP";"Crescente";"Choque";1;0;0;0;0;0;0;0;0;0;1;0;0;0;0
"02/09/2024";"01:00:00";"558";"Com vítima";"221,100";"BR-116/SP";"Decrescente";"Colisão lateral em sentido contrário";0;0;0;1;0;0;0;1;0;0;1;1;0;0;0
"02/09/2024";"01:37:00";"590";"Com vítima";"21,400";"BR-116/SP";"Crescente";"Colisão lateral em sentido contrário";1;0;0;1;0;0;0;0;0;0;1;1;0;0;0
"02/09/2024";"02:10:00";"606";"Sem vítima";"296,000";"BR-116/SP";"Decrescente";"Choque";1;0;0;0;0;0;0;0;0;0;0;0;0;0;0
"02/09/2024";"03:26:00";"649";"Com vítima";"316,070";"BR-116/SP";"Decrescente";"Choque";0;0;1;0;0;0;0;0;0;0;0;0;1;0;0
"02/09/2024";"03:33:00";"654";"Com vítima";"145,650";"BR-116/SP";"Decrescente";"Colisão traseira";0;0;1;1;0;0;0;0;0;0;1;1;1;0;0
"02/09/2024";"04:14:00";"668";"Com vítima";"52,000";"BR-116/SP";"Crescente";"Colisão frontal";0;0;0;1;0;0;0;0;0;0;0;1;1;0;0
"02/09/2024";"05:25:00";"697";"Sem vítima";"547,000";"BR-101/SP";"Crescente";"Atropelamento de pedestre";0;0;0;0;1;0;0;0;0;0;3;0;0;0;0
"02/09/2024";"05:57:00";"711";"Sem vítima";"227,900";"BR-116/SP";"Decrescente";"Colisão traseira";0;0;0;0;1;0;0;0;0;0;21;0;0;0;0
"02/09/2024";"06:58:00";"736";"Com vítima";"22,500";"BR-116/SP";"Crescente";"Tombamento";0;0;0;0;0;0;0;1;0;0;0;0;1;0;0
"02/09/2024";"07:35:00";"745";"Com vítima";"110,300";"BR-116/SP";"Decrescente";"Acidentes de outra natureza";0;0;0;1;0;0;0;0;0;0;0;1;0;0;0
"02/09/2024";"07:52:00";"751";"Com vítima";"161,300";"BR-116/SP";"Decrescente";"Atropelamento de pedestre";0;0;0;0;0;0;0;0;0;0;0;0;0;0;0
"03/09/2024";"12:54:00";"58";"Com vítima";"452,500";"BR-101/SP";"Decrescente";"Capotamento";1;0;0;0;0;0;0;0;0;0;0;3;0;0;0
"03/09/2024";"04:13:00";"171";"Com vítima";"226,100";"BR-116/SP";"Crescente";"Colisão traseira";2;0;0;0;0;0;0;0;0;0;1;1;0;0;0
"03/09/2024";"06:24:00";"293";"Sem vítima";"290,000";"BR-116/SP";"Crescente";"Colisão traseira";1;0;1;0;0;0;0;0;0;0;2;0;0;0;0
"03/09/2024";"07:55:00";"356";"Sem vítima";"165,000";"BR-116/SP";"Crescente";"Colisão traseira";0;0;0;0;0;0;0;1;0;0;1;0;0;0;0
"03/09/2024";"11:09:00";"435";"Sem vítima";"270,000";"BR-116/SP";"Decrescente";"Colisão traseira";1;0;1;0;0;0;0;0;0;0;4;0;0;0;0
"03/09/2024";"12:51:00";"489";"Sem vítima";"422,000";"BR-101/SP";"Crescente";"Choque";1;0;0;0;0;0;0;0;0;0;1;0;0;0;0
"03/09/2024";"01:09:00";"499";"Com vítima";"503,000";"BR-101/SP";"Decrescente";"Atropelamento de pedestre";1;1;0;0;0;0;0;0;0;0;1;0;0;1;0
"03/09/2024";"02:39:00";"549";"Sem vítima";"108,800";"BR-116/SP";"Crescente";"Colisão traseira";0;0;1;0;1;0;0;0;0;0;2;0;0;0;0
"03/09/2024";"02:56:00";"556";"Com vítima";"213,150";"BR-116/SP";"Decrescente";"Atropelamento de pedestre";1;1;0;0;0;0;0;0;0;0;1;0;0;0;0
"03/09/2024";"03:08:00";"566";"Sem vítima";"153,800";"BR-116/SP";"Crescente";"Colisão traseira";2;0;0;0;0;1;0;0;0;0;2;0;0;0;0
"03/09/2024";"03:52:00";"588";"Com vítima";"217,600";"BR-116/SP";"Decrescente";"Colisão traseira";2;0;0;0;0;0;0;0;0;0;1;2;0;0;0
"03/09/2024";"04:29:00";"606";"Com vítima";"87,000";"BR-116/SP";"Decrescente";"Acidentes de outra natureza";0;0;0;1;0;0;0;0;0;0;0;1;0;0;0
"03/09/2024";"04:35:00";"612";"Com vítima";"487,900";"BR-101/SP";"Crescente";"Colisão lateral em sentido contrário";1;0;0;1;0;0;0;0;0;0;1;0;1;0;0
"03/09/2024";"08:46:00";"687";"Sem vítima";"155,500";"BR-116/SP";"Crescente";"Colisão traseira";2;0;0;0;0;0;0;0;0;0;2;0;0;0;0
"03/09/2024";"11:12:00";"46";"Com vítima";"411,000";"BR-101/SP";"Crescente";"Choque";1;0;0;0;0;0;0;0;0;0;1;2;0;0;0
"04/09/2024";"12:27:00";"55";"Com vítima";"386,000";"BR-101/SP";"Decrescente";"Atropelamento de pedestre";0;0;0;0;0;0;0;0;0;0;0;0;0;0;1
"04/09/2024";"02:25:00";"88";"Com vítima";"264,000";"BR-116/SP";"Decrescente";"Engavetamento";1;0;3;0;0;0;0;0;0;0;3;1;0;0;0
"04/09/2024";"03:05:00";"109";"Sem vítima";"232,000";"BR-116/SP";"Decrescente";"Colisão lateral em sentido contrário";0;0;2;0;0;0;0;0;0;0;2;0;0;0;0
"04/09/2024";"05:30:00";"261";"Sem vítima";"0,400";"BR-116/SP";"Decrescente";"Colisão lateral em sentido contrário";0;0;1;0;0;0;0;1;0;0;0;0;0;0;0
"04/09/2024";"06:20:00";"305";"Sem vítima";"145,000";"BR-116/SP";"Decrescente";"Colisão traseira";1;0;0;1;0;0;0;0;0;0;2;0;0;0;0
"04/09/2024";"09:08:00";"401";"Sem vítima";"192,700";"BR-116/SP";"Crescente";"Choque";0;0;0;0;0;0;0;1;0;0;0;0;0;0;0
"04/09/2024";"01:33:00";"552";"Com vítima";"281,000";"BR-116/SP";"Decrescente";"Acidentes de outra natureza";0;0;0;1;0;0;0;0;0;0;0;0;1;0;0
"04/09/2024";"02:13:00";"580";"Com vítima";"53,180";"BR-116/SP";"Decrescente";"Acidentes de outra natureza";0;0;0;1;0;0;0;0;0;0;1;1;0;0;0
"04/09/2024";"04:55:00";"677";"Sem vítima";"224,600";"BR-116/SP";"Decrescente";"Choque";1;0;0;0;0;0;0;0;0;0;4;0;0;0;0
"04/09/2024";"05:16:00";"688";"Sem vítima";"37,800";"BR-116/SP";"Crescente";"Colisão traseira";1;0;0;0;0;0;0;0;0;0;1;0;0;0;0
"04/09/2024";"11:13:00";"47";"Com vítima";"243,000";"BR-116/SP";"Decrescente";"Acidentes de outra natureza";0;0;0;1;0;0;0;0;0;0;0;0;1;0;0
"05/09/2024";"12:20:00";"56";"Sem vítima";"142,200";"BR-116/SP";"Crescente";"Colisão traseira";0;0;2;0;0;0;0;0;0;0;2;0;0;0;0
"05/09/2024";"12:57:00";"62";"Sem vítima";"174,900";"BR-116/SP";"Decrescente";"Colisão traseira";1;0;0;0;0;0;0;0;0;0;5;0;0;0;0
"05/09/2024";"02:36:00";"90";"Sem vítima";"227,400";"BR-116/SP";"Decrescente";"Choque";1;0;0;0;0;0;0;0;0;0;1;0;0;0;0
"05/09/2024";"04:14:00";"183";"Com vítima";"230,000";"BR-116/SP";"Crescente";"Engavetamento";2;0;0;1;0;0;0;0;0;0;2;0;1;0;0
"05/09/2024";"04:16:00";"184";"Sem vítima";"338,300";"BR-116/SP";"Crescente";"Choque";1;0;0;0;0;0;0;0;0;0;1;0;0;0;0
"05/09/2024";"04:53:00";"225";"Sem vítima";"156,000";"BR-116/SP";"Decrescente";"Colisão traseira";0;0;2;0;0;0;0;0;0;0;2;0;0;0;0
"05/09/2024";"05:26:00";"251";"Sem vítima";"216,300";"BR-116/SP";"Crescente";"Colisão traseira";2;0;0;0;0;0;0;0;0;0;4;0;0;0;0
"05/09/2024";"05:41:00";"272";"Sem vítima";"140,600";"BR-116/SP";"Decrescente";"Engavetamento";3;0;0;0;0;0;0;0;0;0;3;0;0;0;0
"05/09/2024";"08:58:00";"441";"Com vítima";"54,900";"BR-116/SP";"Crescente";"Colisão traseira";1;0;0;0;0;0;0;0;0;0;0;1;0;0;0
"05/09/2024";"09:35:00";"460";"Sem vítima";"473,950";"BR-101/SP";"Crescente";"Colisão traseira";2;0;0;0;0;0;0;0;0;0;2;0;0;0;0
"05/09/2024";"10:01:00";"475";"Sem vítima";"229,000";"BR-116/SP";"Decrescente";"Colisão traseira";0;0;2;0;0;0;0;0;0;0;2;0;0;0;0
"05/09/2024";"10:24:00";"484";"Com vítima";"513,000";"BR-101/SP";"Crescente";"Colisão lateral em sentido contrário";2;0;0;0;0;0;0;0;0;0;2;1;0;0;0
"05/09/2024";"10:52:00";"493";"Sem vítima";"229,800";"BR-116/SP";"Decrescente";"Engavetamento";2;0;0;0;0;0;0;0;0;1;3;0;0;0;0
"05/09/2024";"10:54:00";"496";"Com vítima";"282,000";"BR-116/SP";"Decrescente";"Colisão lateral em sentido contrário";2;0;0;0;0;0;0;0;0;0;1;3;0;0;0
"05/09/2024";"12:36:00";"553";"Com vítima";"495,000";"BR-101/SP";"Decrescente";"Colisão frontal";1;0;0;1;0;0;0;0;0;0;0;0;0;3;0
"05/09/2024";"01:13:00";"569";"Com vítima";"43,500";"BR-101/SP";"Decrescente";"Atropelamento de pedestre";1;1;0;0;0;0;0;0;0;0;1;0;0;0;0
"05/09/2024";"01:37:00";"583";"Sem vítima";"146,700";"BR-116/SP";"Crescente";"Engavetamento";1;0;0;0;0;0;0;1;0;0;2;0;0;0;0
"05/09/2024";"02:58:00";"614";"Com vítima";"116,000";"BR-116/SP";"Decrescente";"Acidentes de outra natureza";0;0;0;1;0;0;0;0;0;0;1;1;0;0;0
"05/09/2024";"03:09:00";"621";"Com vítima";"178,600";"BR-116/SP";"Decrescente";"Choque";1;0;0;0;0;0;0;0;0;0;3;1;0;0;0
"05/09/2024";"03:32:00";"632";"Com vítima";"396,500";"BR-101/SP";"Decrescente";"Capotamento";2;0;0;0;0;0;0;0;0;0;1;0;1;0;0
"05/09/2024";"03:51:00";"640";"Com vítima";"147,400";"BR-116/SP";"Decrescente";"Colisão traseira";1;0;0;1;0;0;0;0;0;0;1;1;1;0;0
"05/09/2024";"03:57:00";"643";"Com vítima";"224,000";"BR-116/SP";"Crescente";"Colisão lateral em sentido contrário";1;0;0;1;0;0;0;0;0;0;1;0;1;0;0
"05/09/2024";"03:57:00";"644";"Sem vítima";"234,800";"BR-116/SP";"Crescente";"Colisão lateral em sentido contrário";1;0;1;0;0;0;0;0;0;0;3;0;0;0;0
"05/09/2024";"04:57:00";"676";"Com vítima";"145,600";"BR-116/SP";"Crescente";"Engavetamento";2;0;0;1;0;0;0;0;0;0;2;1;0;0;0
"05/09/2024";"06:14:00";"709";"Com vítima";"496,200";"BR-101/SP";"Decrescente";"Acidentes de outra natureza";0;0;0;1;0;0;0;0;0;0;0;0;2;0;0
"05/09/2024";"09:00:00";"354";"Com vítima";"314,000";"BR-116/SP";"Crescente";"Choque";0;0;0;1;0;0;0;0;0;0;0;0;0;1;0
"06/09/2024";"12:38:00";"72";"Sem vítima";"583,500";"BR-101/SP";"Crescente";"Choque";1;0;0;0;0;0;0;0;0;0;3;0;0;0;0
"06/09/2024";"01:00:00";"110";"Sem vítima";"30,000";"BR-116/SP";"Decrescente";"Colisão traseira";0;0;1;0;0;0;0;0;0;0;1;0;0;0;0
"06/09/2024";"04:23:00";"205";"Sem vítima";"158,000";"BR-116/SP";"Decrescente";"Colisão traseira";0;0;1;0;1;0;0;0;0;0;2;0;0;0;0
"06/09/2024";"05:26:00";"293";"Sem vítima";"158,500";"BR-116/SP";"Decrescente";"Colisão lateral em sentido contrário";1;0;1;0;0;0;0;0;0;0;2;0;0;0;0
"06/09/2024";"06:43:00";"340";"Sem vítima";"45,700";"BR-101/SP";"Crescente";"Colisão traseira";2;0;0;0;0;0;0;0;0;0;7;0;0;0;0
"06/09/2024";"09:14:00";"437";"Sem vítima";"34,000";"BR-101/SP";"Crescente";"Choque";1;0;0;0;0;0;0;0;0;0;2;0;0;0;0
"06/09/2024";"11:10:00";"488";"Sem vítima";"206,500";"BR-116/SP";"Crescente";"Colisão lateral em sentido contrário";1;0;1;0;0;0;0;1;0;0;3;0;0;0;0
"06/09/2024";"11:20:00";"493";"Sem vítima";"158,000";"BR-116/SP";"Crescente";"Colisão lateral em sentido contrário";1;0;0;0;0;0;0;1;0;0;2;0;0;0;0
"06/09/2024";"12:21:00";"528";"Com vítima";"188,000";"BR-116/SP";"Crescente";"Capotamento";1;0;0;0;0;0;0;0;0;0;0;1;0;0;0
"06/09/2024";"01:03:00";"564";"Sem vítima";"172,100";"BR-116/SP";"Crescente";"Colisão lateral em sentido contrário";1;0;1;0;0;0;0;0;0;0;2;0;0;0;0
"06/09/2024";"01:23:00";"569";"Sem vítima";"63,000";"BR-116/SP";"Crescente";"Colisão traseira";1;0;0;1;0;0;0;0;0;0;3;0;0;0;0
"06/09/2024";"01:56:00";"592";"Sem vítima";"220,200";"BR-116/SP";"Decrescente";"Colisão lateral em sentido contrário";1;0;1;0;0;0;0;0;0;0;2;0;0;0;0
"06/09/2024";"01:57:00";"593";"Sem vítima";"207,800";"BR-116/SP";"Decrescente";"Colisão lateral em sentido contrário";1;0;1;0;0;0;0;0;0;0;2;0;0;0;0
"06/09/2024";"04:30:00";"670";"Sem vítima";"583,500";"BR-101/SP";"Crescente";"Choque";1;0;0;0;0;0;0;0;0;0;1;0;0;0;0
"06/09/2024";"04:50:00";"680";"Sem vítima";"188,300";"BR-116/SP";"Crescente";"Colisão traseira";1;0;0;0;0;0;0;0;0;1;2;0;0;0;0
"06/09/2024";"05:23:00";"700";"Com vítima";"575,000";"BR-101/SP";"Crescente";"Colisão frontal";1;0;0;0;0;0;0;0;0;1;1;0;0;1;0
"06/09/2024";"06:15:00";"719";"Com vítima";"413,000";"BR-101/SP";"Crescente";"Acidentes de outra natureza";0;0;0;1;0;0;0;0;0;0;0;0;2;0;0
"06/09/2024";"06:27:00";"725";"Sem vítima";"169,000";"BR-116/SP";"Crescente";"Colisão frontal";1;0;1;0;0;0;0;0;0;0;2;0;0;0;0
"06/09/2024";"06:40:00";"732";"Sem vítima";"205,700";"BR-116/SP";"Crescente";"Atropelamento de pedestre";1;0;0;0;0;0;0;0;0;0;1;0;0;0;0
"06/09/2024";"07:02:00";"738";"Com vítima";"484,000";"BR-101/SP";"Decrescente";"Colisão frontal";1;0;0;1;0;0;0;0;0;0;1;0;0;1;0
"06/09/2024";"07:17:00";"740";"Com vítima";"503,000";"BR-101/SP";"Decrescente";"Colisão transversal";1;0;0;0;0;0;0;0;0;1;0;1;1;0;0
"06/09/2024";"08:08:00";"759";"Com vítima";"186,200";"BR-116/SP";"Decrescente";"Choque";0;0;0;1;0;0;0;0;0;0;0;0;0;1;0
"06/09/2024";"09:00:00";"530";"Sem vítima";"145,300";"BR-116/SP";"Crescente";"Colisão traseira";2;0;0;0;0;0;0;0;0;0;2;0;0;0;0
"06/09/2024";"11:33:00";"59";"Sem vítima";"198,000";"BR-116/SP";"Decrescente";"Choque";1;0;0;0;0;0;0;0;0;0;1;0;0;0;0
"07/09/2024";"01:16:00";"70";"Com vítima";"144,800";"BR-116/SP";"Crescente";"Acidentes de outra natureza";0;0;0;1;0;0;0;0;0;0;0;0;0;0;1
"07/09/2024";"02:29:00";"86";"Com vítima";"201,000";"BR-116/SP";"Decrescente";"Acidentes de outra natureza";0;0;0;1;0;0;0;0;0;0;0;2;0;0;0
"07/09/2024";"02:57:00";"93";"Com vítima";"483,000";"BR-101/SP";"Decrescente";"Colisão lateral em sentido contrário";1;0;1;0;0;0;0;0;0;0;1;1;0;0;0
"07/09/2024";"03:17:00";"102";"Com vítima";"242,000";"BR-116/SP";"Decrescente";"Choque";0;0;1;0;0;0;0;0;0;0;0;1;0;0;0
"07/09/2024";"03:24:00";"105";"Sem vítima";"228,000";"BR-116/SP";"Crescente";"Colisão traseira";1;0;1;0;0;0;0;0;0;0;4;0;0;0;0
"07/09/2024";"05:12:00";"166";"Sem vítima";"165,200";"BR-116/SP";"Crescente";"Colisão traseira";0;0;1;0;0;0;0;0;0;1;2;0;0;0;0
"07/09/2024";"05:47:00";"190";"Com vítima";"224,000";"BR-116/SP";"Crescente";"Colisão traseira";1;0;0;1;0;0;0;0;0;0;3;2;0;0;0
"07/09/2024";"05:51:00";"193";"Com vítima";"119,600";"BR-116/SP";"Decrescente";"Engavetamento";3;0;0;0;0;0;0;0;0;0;1;1;0;0;0
"07/09/2024";"05:55:00";"197";"Com vítima";"102,000";"BR-116/SP";"Decrescente";"Engavetamento";4;0;0;0;0;0;0;0;0;0;5;1;0;0;0
"07/09/2024";"05:56:00";"198";"Sem vítima";"113,200";"BR-116/SP";"Decrescente";"Colisão traseira";2;0;0;0;0;0;0;0;0;0;2;0;0;0;0
"07/09/2024";"06:12:00";"205";"Com vítima";"119,600";"BR-116/SP";"Decrescente";"Engavetamento";3;0;0;0;0;0;0;0;0;0;3;2;0;0;0
"07/09/2024";"06:22:00";"213";"Com vítima";"200,000";"BR-116/SP";"Crescente";"Acidentes de outra natureza";0;0;0;1;0;0;0;0;0;0;0;1;0;0;0
"07/09/2024";"06:40:00";"237";"Sem vítima";"112,600";"BR-116/SP";"Decrescente";"Colisão traseira";1;0;0;0;0;0;0;0;0;0;1;0;0;0;0
"07/09/2024";"07:08:00";"260";"Sem vítima";"124,000";"BR-116/SP";"Decrescente";"Colisão traseira";1;0;0;0;0;0;0;0;0;0;1;0;0;0;0
"07/09/2024";"07:12:00";"239";"Sem vítima";"48,000";"BR-101/SP";"Crescente";"Colisão traseira";2;0;0;0;0;0;0;0;0;0;3;0;0;0;0
"07/09/2024";"08:13:00";"276";"Com vítima";"395,000";"BR-101/SP";"Decrescente";"Acidentes de outra natureza";0;0;0;1;0;0;0;0;0;0;0;1;1;0;0
"07/09/2024";"08:31:00";"282";"Com vítima";"230,300";"BR-116/SP";"Crescente";"Engavetamento";1;0;0;2;0;0;0;0;0;0;1;3;0;0;0
"07/09/2024";"10:03:00";"313";"Sem vítima";"230,000";"BR-116/SP";"Crescente";"Colisão traseira";2;0;0;0;0;0;0;0;0;0;5;0;0;0;0
"07/09/2024";"11:27:00";"351";"Com vítima";"447,000";"BR-101/SP";"Decrescente";"Colisão frontal";2;0;0;0;0;0;0;0;0;0;1;1;0;0;0
"07/09/2024";"12:41:00";"384";"Com vítima";"38,800";"BR-101/SP";"Decrescente";"Acidentes de outra natureza";1;0;0;0;0;0;0;0;0;0;0;2;0;0;0
"07/09/2024";"03:41:00";"473";"Com vítima";"474,900";"BR-101/SP";"Crescente";"Colisão traseira";1;0;0;1;0;0;0;0;0;0;2;0;1;0;0
"07/09/2024";"03:41:00";"474";"Sem vítima";"205,900";"BR-116/SP";"Crescente";"Acidentes de outra natureza";1;0;0;0;0;0;0;0;0;0;1;0;0;0;0
"07/09/2024";"04:11:00";"488";"Com vítima";"223,900";"BR-116/SP";"Crescente";"Colisão traseira";1;0;0;1;0;0;0;0;0;0;1;1;0;0;0
"07/09/2024";"04:17:00";"490";"Com vítima";"217,500";"BR-116/SP";"Decrescente";"Atropelamento de pedestre";1;0;0;0;0;0;0;0;0;0;2;0;0;0;2
"07/09/2024";"04:52:00";"509";"Com vítima";"323,200";"BR-116/SP";"Decrescente";"Colisão frontal";3;0;0;0;0;0;0;0;0;0;4;2;0;0;0
"07/09/2024";"05:08:00";"516";"Com vítima";"411,300";"BR-101/SP";"Decrescente";"Atropelamento de pedestre";0;0;0;0;0;0;0;0;0;0;0;0;1;0;0
"07/09/2024";"05:27:00";"519";"Com vítima";"226,800";"BR-116/SP";"Crescente";"Choque";0;0;0;1;0;0;0;0;0;0;0;0;1;0;0
"07/09/2024";"05:29:00";"520";"Sem vítima";"222,200";"BR-116/SP";"Decrescente";"Colisão traseira";2;0;0;0;0;0;0;0;0;0;2;0;0;0;0