data;horario;n_da_ocorrencia;tipo_de_ocorrencia;km;trecho;sentido;tipo_de_acidente;automovel;bicicleta;caminhao;moto;onibus;outros;tracao_animal;transporte_de_cargas_especiais;trator_maquinas;utilitarios;ilesos;levemente_feridos;moderadamente_feridos;gravemente_feridos;mortos
"07/09/2024";"07:01:00";"542";"Com vítima";"209,000";"BR-116/SP";"Crescente";"Acidentes de outra natureza";0;0;0;1;0;0;0;0;0;0;0;1;0;0;0
"07/09/2024";"07:28:00";"549";"Sem vítima";"226,500";"BR-116/SP";"Decrescente";"Colisão traseira";1;0;0;0;1;0;0;0;0;0;4;0;0;0;0
"07/09/2024";"08:24:00";"560";"Sem vítima";"147,600";"BR-116/SP";"Decrescente";"Choque";1;0;0;0;0;0;0;0;0;0;1;0;0;0;0
"07/09/2024";"09:08:00";"27";"Com vítima";"142,600";"BR-116/SP";"Decrescente";"Colisão traseira";0;0;0;2;0;0;0;0;0;0;0;1;2;0;0
"07/09/2024";"10:31:00";"37";"Com vítima";"190,200";"BR-116/SP";"Decrescente";"Colisão traseira";1;0;1;0;0;0;0;0;0;0;1;0;0;0;1
"07/09/2024";"11:39:00";"46";"Com vítima";"216,200";"BR-116/SP";"Crescente";"Choque";1;0;0;0;0;0;0;0;0;0;0;1;0;0;0
"07/09/2024";"11:41:00";"47";"Com vítima";"132,800";"BR-116/SP";"Decrescente";"Colisão traseira";0;0;0;0;1;0;0;1;0;0;0;37;8;0;0
"08/09/2024";"01:44:00";"70";"Sem vítima";"406,200";"BR-101/SP";"Decrescente";"Atropelamento de pedestre";0;0;1;0;0;0;0;0;0;0;1;0;0;0;0
"08/09/2024";"02:17:00";"78";"Sem vítima";"487,000";"BR-101/SP";"Decrescente";"Choque";1;0;0;0;0;0;0;0;0;0;1;0;0;0;0
"08/09/2024";"03:52:00";"98";"Com vítima";"216,700";"BR-116/SP";"Decrescente";"Colisão frontal";1;0;0;1;0;0;0;0;0;0;0;1;0;0;1
"08/09/2024";"04:07:00";"101";"Com vítima";"217,000";"BR-116/SP";"Decrescente";"Atropelamento de pedestre";0;0;0;0;0;0;0;0;0;0;0;1;0;0;0
"08/09/2024";"04:26:00";"107";"Sem vítima";"100,800";"BR-116/SP";"Decrescente";"Colisão traseira";1;0;0;0;0;0;0;0;0;0;2;0;0;0;0
"08/09/2024";"09:00:00";"216";"Com vítima";"157,000";"BR-116/SP";"Decrescente";"Engavetamento";4;0;0;0;0;0;0;0;0;0;9;1;0;0;0
"08/09/2024";"10:28:00";"253";"Com vítima";"274,300";"BR-116/SP";"Decrescente";"Colisão frontal";2;0;0;0;0;0;0;0;0;0;0;0;3;0;0
"08/09/2024";"11:22:00";"285";"Sem vítima";"105,550";"BR-116/SP";"Crescente";"Colisão traseira";2;0;0;0;0;0;0;0;0;0;3;0;0;0;0
"08/09/2024";"11:49:00";"291";"Com vítima";"132,100";"BR-116/SP";"Crescente";"Engavetamento";4;0;0;0;0;0;0;0;0;0;8;2;0;0;0
"08/09/2024";"12:25:00";"301";"Sem vítima";"229,000";"BR-116/SP";"Crescente";"Colisão lateral em sentido contrário";1;0;0;0;0;0;0;1;0;0;2;0;0;0;0
"08/09/2024";"12:44:00";"315";"Com vítima";"47,900";"BR-116/SP";"Decrescente";"Acidentes de outra natureza";0;0;0;1;0;0;0;0;0;0;0;1;0;0;0
"08/09/2024";"01:24:00";"346";"Com vítima";"234,900";"BR-116/SP";"Decrescente";"Colisão lateral em sentido contrário";1;0;0;1;0;0;0;0;0;0;1;1;0;0;0
"08/09/2024";"01:39:00";"358";"Com vítima";"223,800";"BR-116/SP";"Crescente";"Colisão lateral em sentido contrário";1;0;0;2;0;0;0;0;0;0;3;2;0;0;0
"08/09/2024";"03:12:00";"408";"Sem vítima";"245,700";"BR-116/SP";"Decrescente";"Choque";1;0;0;0;0;0;0;0;0;0;0;0;0;0;0
"08/09/2024";"03:13:00";"410";"Com vítima";"193,300";"BR-116/SP";"Crescente";"Colisão traseira";1;0;0;1;0;0;0;0;0;0;0;0;1;0;0
"08/09/2024";"03:13:00";"411";"Sem vítima";"324,900";"BR-116/SP";"Decrescente";"Colisão lateral em sentido contrário";1;0;0;0;0;0;0;1;0;0;5;0;0;0;0
"08/09/2024";"03:29:00";"420";"Sem vítima";"210,500";"BR-116/SP";"Crescente";"Engavetamento";3;0;0;0;0;0;0;0;0;0;3;0;0;0;0
"08/09/2024";"03:35:00";"426";"Com vítima";"253,350";"BR-116/SP";"Decrescente";"Colisão traseira";0;0;0;2;0;0;0;0;0;0;0;2;0;0;0
"08/09/2024";"05:47:00";"486";"Com vítima";"249,500";"BR-116/SP";"Crescente";"Colisão traseira";1;0;0;0;0;0;0;0;0;0;1;4;0;0;0
"08/09/2024";"09:00:00";"493";"Com vítima";"227,500";"BR-116/SP";"Crescente";"Choque";0;0;0;1;0;0;0;0;0;0;0;1;0;0;0
"08/09/2024";"09:00:00";"723";"Com vítima";"487,800";"BR-101/SP";"Decrescente";"Colisão traseira";1;0;0;1;0;0;0;0;0;0;1;0;0;1;0
"09/09/2024";"01:04:00";"68";"Sem vítima";"484,500";"BR-101/SP";"Crescente";"Choque";1;0;0;0;0;0;0;0;0;0;2;0;0;0;0
"09/09/2024";"03:03:00";"106";"Sem vítima";"212,000";"BR-116/SP";"Crescente";"Engavetamento";3;0;0;0;0;0;0;0;0;0;4;0;0;0;0
"09/09/2024";"03:20:00";"128";"Sem vítima";"493,000";"BR-101/SP";"Crescente";"Choque";1;0;0;0;0;0;0;0;0;0;5;0;0;0;0
"09/09/2024";"04:58:00";"235";"Com vítima";"109,000";"BR-116/SP";"Decrescente";"Colisão traseira";0;0;0;1;0;0;0;0;0;0;0;1;0;0;0
"09/09/2024";"07:00:00";"340";"Com vítima";"153,800";"BR-116/SP";"Crescente";"Choque";1;0;0;0;0;0;0;0;0;0;0;0;1;0;0
"09/09/2024";"07:36:00";"369";"Sem vítima";"223,000";"BR-116/SP";"Decrescente";"Colisão traseira";0;0;1;0;0;0;0;1;0;0;2;0;0;0;0
"09/09/2024";"07:38:00";"370";"Com vítima";"486,000";"BR-101/SP";"Decrescente";"Engavetamento";4;0;0;0;0;0;0;0;0;0;4;0;0;1;0
"09/09/2024";"08:15:00";"384";"Com vítima";"447,000";"BR-101/SP";"Crescente";"Colisão frontal";0;0;1;0;1;0;0;0;0;0;49;1;0;0;0
"09/09/2024";"08:24:00";"387";"Sem vítima";"224,000";"BR-116/SP";"Crescente";"Colisão traseira";1;0;1;0;0;0;0;0;0;0;2;0;0;0;0
"09/09/2024";"10:12:00";"449";"Com vítima";"113,000";"BR-116/SP";"Decrescente";"Colisão lateral em sentido contrário";1;0;1;0;0;0;0;0;0;0;2;0;2;0;0
"09/09/2024";"10:41:00";"472";"Com vítima";"484,000";"BR-101/SP";"Decrescente";"Colisão lateral em sentido contrário";1;0;0;1;0;0;0;0;0;0;4;0;0;2;0
"09/09/2024";"01:50:00";"578";"Sem vítima";"401,000";"BR-101/SP";"Crescente";"Colisão lateral em sentido contrário";1;0;0;0;0;0;0;0;0;0;1;0;0;0;0
"09/09/2024";"01:50:00";"579";"Com vítima";"226,800";"BR-116/SP";"Decrescente";"Colisão traseira";0;0;0;1;0;0;0;0;0;0;0;1;0;0;0
"09/09/2024";"02:08:00";"589";"Sem vítima";"146,300";"BR-116/SP";"Decrescente";"Colisão lateral em sentido contrário";2;0;0;0;0;0;0;0;0;0;3;0;0;0;0
"09/09/2024";"02:39:00";"601";"Sem vítima";"73,500";"BR-116/SP";"Crescente";"Colisão lateral em sentido contrário";2;0;0;0;0;0;0;0;0;0;6;0;0;0;0
"09/09/2024";"03:35:00";"631";"Com vítima";"186,200";"BR-116/SP";"Crescente";"Colisão lateral em sentido contrário";1;0;0;1;0;0;0;0;0;0;1;1;0;0;0
"09/09/2024";"04:06:00";"653";"Sem vítima";"303,400";"BR-116/SP";"Crescente";"Choque";1;0;0;0;0;0;0;0;0;0;1;0;0;0;0
"09/09/2024";"04:11:00";"658";"Sem vítima";"148,700";"BR-116/SP";"Decrescente";"Engavetamento";4;0;0;0;0;0;0;0;0;0;8;0;0;0;0
"09/09/2024";"05:13:00";"689";"Com vítima";"220,200";"BR-116/SP";"Crescente";"Choque";0;0;0;1;0;0;0;0;0;0;0;1;0;1;0
"09/09/2024";"08:44:00";"769";"Sem vítima";"298,300";"BR-116/SP";"Decrescente";"Colisão traseira";0;0;2;0;0;0;0;0;0;0;2;0;0;0;0
"09/09/2024";"08:46:00";"770";"Com vítima";"146,400";"BR-116/SP";"Crescente";"Colisão traseira";2;0;0;0;0;0;0;0;0;0;1;1;0;0;0
"10/09/2024";"03:05:00";"96";"Sem vítima";"157,000";"BR-116/SP";"Crescente";"Colisão lateral em sentido contrário";1;0;1;0;0;0;0;0;0;0;3;0;0;0;0
"10/09/2024";"03:08:00";"99";"Sem vítima";"221,900";"BR-116/SP";"Crescente";"Colisão lateral em sentido contrário";1;0;1;0;0;0;0;0;0;0;2;0;0;0;0
"10/09/2024";"07:06:00";"357";"Sem vítima";"76,000";"BR-116/SP";"Crescente";"Colisão traseira";2;0;0;0;0;0;0;0;0;0;2;0;0;0;0
"10/09/2024";"08:10:00";"406";"Sem vítima";"145,000";"BR-116/SP";"Crescente";"Engavetamento";4;0;0;0;0;0;0;0;0;0;4;0;0;0;0
"10/09/2024";"09:36:00";"456";"Sem vítima";"149,200";"BR-116/SP";"Decrescente";"Engavetamento";0;0;2;0;0;0;0;1;0;0;2;0;0;0;0
"10/09/2024";"11:04:00";"509";"Com vítima";"222,400";"BR-116/SP";"Crescente";"Colisão traseira";0;0;0;2;0;0;0;0;0;0;0;3;0;0;0
"10/09/2024";"11:56:00";"540";"Com vítima";"227,000";"BR-116/SP";"Decrescente";"Colisão lateral em sentido contrário";0;0;1;1;0;0;0;0;0;0;3;2;0;0;0
"10/09/2024";"12:11:00";"549";"Com vítima";"323,300";"BR-116/SP";"Crescente";"Colisão lateral em sentido contrário";2;0;0;0;0;0;0;0;0;0;1;1;0;0;0
"10/09/2024";"12:49:00";"570";"Sem vítima";"154,800";"BR-116/SP";"Decrescente";"Colisão lateral em sentido contrário";1;0;0;1;0;0;0;0;0;0;2;0;0;0;0
"10/09/2024";"01:41:00";"599";"Sem vítima";"200,900";"BR-116/SP";"Crescente";"Colisão traseira";1;0;0;0;1;0;0;0;0;0;2;0;0;0;0
"10/09/2024";"01:55:00";"607";"Com vítima";"231,000";"BR-116/SP";"Decrescente";"Colisão traseira";1;0;0;0;0;0;0;1;0;0;1;1;0;0;0
"10/09/2024";"02:59:00";"648";"Com vítima";"216,200";"BR-116/SP";"Decrescente";"Acidentes de outra natureza";0;0;0;1;0;0;0;0;0;0;0;1;0;0;0
"10/09/2024";"04:57:00";"701";"Sem vítima";"231,000";"BR-116/SP";"Decrescente";"Colisão lateral em sentido contrário";1;0;0;0;0;0;0;0;0;0;1;0;0;0;0
"10/09/2024";"07:37:00";"757";"Com vítima";"229,100";"BR-116/SP";"Decrescente";"Acidentes de outra natureza";0;0;0;3;0;0;0;0;0;0;5;0;1;0;0
"10/09/2024";"09:00:00";"521";"Sem vítima";"108,800";"BR-116/SP";"Decrescente";"Colisão lateral em sentido contrário";1;0;1;0;0;0;0;0;0;0;2;0;0;0;0
"10/09/2024";"09:08:00";"28";"Com vítima";"230,520";"BR-116/SP";"Crescente";"Tombamento";1;0;0;0;0;0;0;0;0;0;1;1;0;0;0
"10/09/2024";"10:05:00";"37";"Com vítima";"227,700";"BR-116/SP";"Decrescente";"Colisão lateral em sentido contrário";1;0;1;0;0;0;0;0;0;0;0;1;0;0;0
"10/09/2024";"11:32:00";"45";"Sem vítima";"232,000";"BR-116/SP";"Decrescente";"Choque";1;0;0;0;0;0;0;0;0;0;2;0;0;0;0
"11/09/2024";"03:48:00";"161";"Sem vítima";"287,000";"BR-116/SP";"Crescente";"Choque";1;0;0;0;0;0;0;0;0;0;1;0;0;0;0
"11/09/2024";"03:50:00";"166";"Com vítima";"67,000";"BR-116/SP";"Crescente";"Colisão traseira";2;0;0;0;0;0;0;0;0;0;3;1;0;0;0
"11/09/2024";"03:57:00";"176";"Sem vítima";"178,000";"BR-116/SP";"Crescente";"Colisão lateral em sentido contrário";0;0;1;0;0;0;0;0;0;0;1;0;0;0;0
"11/09/2024";"04:16:00";"195";"Com vítima";"156,000";"BR-116/SP";"Decrescente";"Colisão traseira";1;0;0;1;0;0;0;0;0;0;1;0;1;0;0
"11/09/2024";"04:54:00";"233";"Sem vítima";"190,000";"BR-116/SP";"Crescente";"Acidentes de outra natureza";1;0;0;0;0;0;0;0;0;0;1;0;0;0;0
"11/09/2024";"05:06:00";"248";"Com vítima";"492,000";"BR-101/SP";"Decrescente";"Colisão lateral em sentido contrário";1;0;0;0;0;0;0;0;0;1;0;1;1;0;0
"11/09/2024";"05:08:00";"250";"Sem vítima";"113,000";"BR-116/SP";"Crescente";"Colisão traseira";1;0;0;0;0;0;0;1;0;0;2;0;0;0;0
"11/09/2024";"05:11:00";"253";"Sem vítima";"97,900";"BR-116/SP";"Crescente";"Choque";0;0;0;1;0;0;0;0;0;0;1;0;0;0;0
"11/09/2024";"05:48:00";"288";"Com vítima";"218,800";"BR-116/SP";"Crescente";"Colisão traseira";0;0;0;1;0;0;0;0;0;1;1;2;0;0;0
"11/09/2024";"07:27:00";"372";"Sem vítima";"1,430";"BR-116/SP";"Decrescente";"Colisão lateral em sentido contrário";0;0;1;0;0;0;0;0;0;0;1;0;0;0;0
"11/09/2024";"08:00:00";"390";"Sem vítima";"231,000";"BR-116/SP";"Decrescente";"Choque";1;0;0;0;0;0;0;0;0;0;1;0;0;0;0
"11/09/2024";"11:57:00";"517";"Sem vítima";"21,400";"BR-116/SP";"Crescente";"Colisão lateral em sentido contrário";2;0;0;0;0;0;0;0;0;0;3;0;0;0;0
"11/09/2024";"12:00:00";"520";"Sem vítima";"108,850";"BR-116/SP";"Decrescente";"Colisão traseira";0;0;2;0;0;0;0;0;0;0;2;0;0;0;0
"11/09/2024";"12:27:00";"535";"Com vítima";"67,000";"BR-116/SP";"Crescente";"Acidentes de outra natureza";0;0;0;1;0;0;0;0;0;0;0;0;1;0;0
"11/09/2024";"02:29:00";"587";"Sem vítima";"222,200";"BR-116/SP";"Decrescente";"Colisão traseira";1;0;1;0;0;0;0;0;0;0;3;0;0;0;0
"11/09/2024";"05:32:00";"673";"Sem vítima";"208,000";"BR-116/SP";"Crescente";"Colisão traseira";2;0;0;0;0;0;0;0;0;0;2;0;0;0;0
"11/09/2024";"10:02:00";"37";"Com vítima";"212,300";"BR-116/SP";"Crescente";"Colisão lateral em sentido contrário";2;0;0;0;0;0;0;0;0;0;0;1;2;1;0
"11/09/2024";"10:43:00";"52";"Com vítima";"43,000";"BR-116/SP";"Crescente";"Choque";1;0;0;0;0;1;0;0;0;0;0;2;0;0;0
"12/09/2024";"12:28:00";"71";"Sem vítima";"229,200";"BR-116/SP";"Decrescente";"Choque";0;0;0;0;0;0;0;1;0;0;1;0;0;0;0
"12/09/2024";"02:23:00";"98";"Com vítima";"227,200";"BR-116/SP";"Crescente";"Choque";0;0;1;0;0;0;0;0;0;0;0;0;1;0;0
"12/09/2024";"03:28:00";"134";"Com vítima";"204,000";"BR-116/SP";"Decrescente";"Colisão traseira";0;0;0;0;0;0;0;0;0;1;0;0;1;0;0
"12/09/2024";"04:00:00";"160";"Com vítima";"443,000";"BR-101/SP";"Decrescente";"Acidentes de outra natureza";0;0;0;1;0;0;0;0;0;0;0;0;1;0;0
"12/09/2024";"04:31:00";"192";"Com vítima";"84,400";"BR-116/SP";"Decrescente";"Colisão traseira";1;0;0;0;0;0;0;1;0;0;2;0;1;0;0
"12/09/2024";"05:05:00";"211";"Sem vítima";"292,700";"BR-116/SP";"Decrescente";"Engavetamento";0;0;3;0;0;0;0;0;0;0;3;0;0;0;0
"12/09/2024";"05:41:00";"249";"Sem vítima";"382,000";"BR-101/SP";"Crescente";"Engavetamento";1;0;2;0;0;0;0;0;0;0;5;0;0;0;0
"12/09/2024";"05:54:00";"256";"Sem vítima";"212,700";"BR-116/SP";"Crescente";"Tombamento";0;0;1;0;0;0;0;0;0;0;1;0;0;0;0
"12/09/2024";"06:56:00";"298";"Sem vítima";"227,000";"BR-116/SP";"Decrescente";"Engavetamento";2;0;0;0;0;0;0;0;0;0;2;0;0;0;0
"12/09/2024";"07:49:00";"331";"Sem vítima";"284,000";"BR-116/SP";"Decrescente";"Colisão traseira";1;0;1;0;0;0;0;0;0;0;3;0;0;0;0
"12/09/2024";"08:26:00";"347";"Com vítima";"220,000";"BR-116/SP";"Crescente";"Colisão lateral em sentido contrário";0;0;0;1;0;0;0;0;0;0;0;1;0;0;0
"12/09/2024";"08:42:00";"352";"Com vítima";"104,200";"BR-116/SP";"Crescente";"Engavetamento";3;0;2;0;0;0;0;0;0;0;4;3;0;0;0
"12/09/2024";"08:45:00";"354";"Com vítima";"306,000";"BR-116/SP";"Decrescente";"Engavetamento";3;0;0;0;0;0;0;0;0;0;3;0;1;0;0
"12/09/2024";"09:37:00";"383";"Sem vítima";"215,000";"BR-116/SP";"Crescente";"Colisão traseira";1;0;0;0;0;0;0;0;0;0;1;0;0;0;0
"12/09/2024";"10:43:00";"415";"Com vítima";"227,900";"BR-116/SP";"Crescente";"Acidentes de outra natureza";0;0;0;1;0;0;0;0;0;0;0;1;0;0;0
"12/09/2024";"11:23:00";"445";"Com vítima";"390,000";"BR-101/SP";"Crescente";"Colisão traseira";2;0;0;0;0;0;0;0;0;0;1;1;0;0;0
"12/09/2024";"12:43:00";"486";"Sem vítima";"156,200";"BR-116/SP";"Crescente";"Colisão frontal";1;0;0;0;0;0;0;0;0;1;1;0;0;0;0
"12/09/2024";"04:53:00";"650";"Sem vítima";"495,800";"BR-101/SP";"Decrescente";"Choque";1;0;0;0;0;0;0;0;0;0;3;0;0;0;0
"12/09/2024";"05:37:00";"669";"Com vítima";"142,300";"BR-116/SP";"Decrescente";"Colisão traseira";1;0;0;1;0;0;0;0;0;0;2;1;0;0;0
"12/09/2024";"06:55:00";"701";"Sem vítima";"30,450";"BR-116/SP";"Decrescente";"Colisão traseira";1;0;1;0;0;0;0;0;0;0;2;0;0;0;0
"12/09/2024";"07:22:00";"716";"Com vítima";"221,100";"BR-116/SP";"Decrescente";"Colisão traseira";1;0;0;1;0;0;0;0;0;0;2;2;0;0;0
"12/09/2024";"07:27:00";"719";"Sem vítima";"93,500";"BR-116/SP";"Decrescente";"Colisão traseira";2;0;0;0;0;0;0;0;0;0;4;0;0;0;0
"12/09/2024";"08:54:00";"743";"Com vítima";"219,200";"BR-116/SP";"Decrescente";"Colisão lateral em sentido contrário";0;0;0;1;0;0;0;0;0;0;0;0;1;0;0
"12/09/2024";"09:00:00";"522";"Com vítima";"221,100";"BR-116/SP";"Crescente";"Colisão traseira";1;0;0;1;0;0;0;0;0;0;4;0;0;4;0
"12/09/2024";"10:45:00";"55";"Sem vítima";"400,500";"BR-101/SP";"Decrescente";"Choque";1;0;0;0;0;0;0;0;0;0;2;0;0;0;0
"13/09/2024";"12:27:00";"66";"Com vítima";"124,800";"BR-116/SP";"Decrescente";"Colisão traseira";0;0;1;1;0;0;0;0;0;0;2;0;1;0;0
"13/09/2024";"04:41:00";"212";"Sem vítima";"282,000";"BR-116/SP";"Decrescente";"Colisão lateral em sentido contrário";0;0;1;0;0;0;0;0;0;0;1;0;0;0;0
"13/09/2024";"04:58:00";"228";"Sem vítima";"97,500";"BR-116/SP";"Decrescente";"Engavetamento";4;0;0;0;0;0;0;0;0;0;12;0;0;0;0
"13/09/2024";"05:00:00";"231";"Com vítima";"230,000";"BR-116/SP";"Crescente";"Acidentes de outra natureza";0;0;0;1;0;0;0;0;0;0;0;2;2;0;0
"13/09/2024";"05:15:00";"245";"Com vítima";"97,600";"BR-116/SP";"Crescente";"Engavetamento";5;0;2;0;0;0;0;0;0;0;20;2;0;0;0
"13/09/2024";"05:44:00";"270";"Sem vítima";"278,800";"BR-116/SP";"Crescente";"Choque";1;0;0;0;0;0;0;0;0;0;15;0;0;0;0
"13/09/2024";"06:14:00";"263";"Sem vítima";"280,300";"BR-116/SP";"Decrescente";"Colisão lateral em sentido contrário";0;0;0;0;0;0;0;1;0;0;3;0;0;0;0
"13/09/2024";"06:36:00";"322";"Com vítima";"218,500";"BR-116/SP";"Crescente";"Colisão lateral em sentido contrário";0;0;0;1;0;0;0;0;0;1;0;4;0;0;0
"13/09/2024";"07:19:00";"353";"Sem vítima";"565,000";"BR-101/SP";"Crescente";"Colisão traseira";2;0;0;0;0;0;0;0;0;0;3;0;0;0;0
"13/09/2024";"07:50:00";"377";"Com vítima";"218,600";"BR-116/SP";"Crescente";"Colisão lateral em sentido contrário";1;0;0;1;0;0;0;0;0;0;2;2;0;0;0
"13/09/2024";"07:55:00";"381";"Com vítima";"138,000";"BR-116/SP";"Crescente";"Acidentes de outra natureza";0;0;0;1;0;0;0;0;0;0;0;2;0;0;0
"13/09/2024";"08:40:00";"403";"Com vítima";"445,000";"BR-101/SP";"Decrescente";"Colisão lateral em sentido contrário";2;0;0;0;0;0;0;0;0;0;1;0;1;0;0
"13/09/2024";"10:15:00";"442";"Com vítima";"501,000";"BR-101/SP";"Crescente";"Colisão lateral em sentido contrário";0;0;0;1;0;0;0;0;0;0;0;2;0;0;0
"13/09/2024";"10:19:00";"443";"Com vítima";"139,000";"BR-116/SP";"Decrescente";"Colisão traseira";0;0;0;1;0;0;0;0;0;0;0;3;0;0;0
"13/09/2024";"10:19:00";"445";"Sem vítima";"70,000";"BR-116/SP";"Decrescente";"Engavetamento";1;0;2;0;0;0;0;0;0;0;14;0;0;0;0
"13/09/2024";"11:14:00";"485";"Com vítima";"180,800";"BR-116/SP";"Crescente";"Choque";0;0;1;0;0;0;0;0;0;0;4;2;0;0;0
"13/09/2024";"11:15:00";"487";"Sem vítima";"139,000";"BR-116/SP";"Crescente";"Colisão traseira";2;0;0;0;0;0;0;0;0;0;6;0;0;0;0
"13/09/2024";"11:44:00";"510";"Sem vítima";"233,700";"BR-116/SP";"Decrescente";"Choque";1;0;0;0;0;0;0;0;0;0;1;0;0;0;0
"13/09/2024";"12:49:00";"369";"Sem vítima";"517,000";"BR-101/SP";"Crescente";"Choque";1;0;0;0;0;0;0;0;0;0;2;0;0;0;0
"13/09/2024";"01:18:00";"558";"Com vítima";"69,000";"BR-116/SP";"Crescente";"Colisão traseira";0;0;0;1;0;0;0;0;0;0;0;6;0;0;0
"13/09/2024";"02:19:00";"585";"Com vítima";"226,100";"BR-116/SP";"Decrescente";"Capotamento";1;0;0;0;0;0;0;0;0;0;0;4;0;0;0
"13/09/2024";"02:52:00";"607";"Sem vítima";"300,000";"BR-116/SP";"Crescente";"Colisão lateral em sentido contrário";1;0;1;0;0;0;0;0;0;0;4;0;0;0;0
"13/09/2024";"03:29:00";"627";"Sem vítima";"224,000";"BR-116/SP";"Crescente";"Colisão lateral em sentido contrário";1;0;1;0;0;0;0;0;0;0;2;0;0;0;0
"13/09/2024";"04:17:00";"653";"Com vítima";"144,000";"BR-116/SP";"Decrescente";"Engavetamento";1;0;2;0;0;0;0;0;0;0;6;3;0;0;0
"13/09/2024";"04:45:00";"666";"Sem vítima";"153,000";"BR-116/SP";"Decrescente";"Colisão traseira";1;0;0;0;0;0;0;0;0;0;3;0;0;0;0
"13/09/2024";"04:52:00";"676";"Com vítima";"223,050";"BR-116/SP";"Decrescente";"Colisão traseira";0;0;1;1;0;0;0;0;0;0;1;0;0;0;1
"13/09/2024";"06:11:00";"729";"Com vítima";"227,300";"BR-116/SP";"Crescente";"Choque";0;0;1;0;0;0;0;0;0;0;0;1;0;0;0
"13/09/2024";"07:49:00";"773";"Sem vítima";"298,600";"BR-116/SP";"Decrescente";"Colisão traseira";1;0;0;0;0;0;0;0;0;0;1;0;0;0;0
"13/09/2024";"09:03:00";"29";"Sem vítima";"323,700";"BR-116/SP";"Crescente";"Choque";1;0;0;0;0;0;0;0;0;0;0;0;0;0;0
"13/09/2024";"11:00:00";"54";"Com vítima";"147,300";"BR-116/SP";"Crescente";"Choque";0;0;0;1;0;0;0;0;0;0;0;6;0;0;0
"14/09/2024";"01:23:00";"91";"Com vítima";"487,500";"BR-101/SP";"Decrescente";"Choque";1;0;0;0;0;0;0;0;0;0;0;3;0;0;0
"14/09/2024";"01:43:00";"101";"Sem vítima";"50,200";"BR-116/SP";"Crescente";"Choque";1;0;0;0;1;0;0;0;0;0;49;0;0;0;0
"14/09/2024";"02:51:00";"117";"Sem vítima";"115,000";"BR-116/SP";"Decrescente";"Choque";0;0;1;0;0;0;0;0;0;0;2;0;0;0;0
"14/09/2024";"03:21:00";"138";"Sem vítima";"214,000";"BR-116/SP";"Decrescente";"Choque";1;0;0;0;0;0;0;0;0;0;4;0;0;0;0
"14/09/2024";"04:12:00";"201";"Sem vítima";"214,200";"BR-116/SP";"Decrescente";"Colisão lateral em sentido contrário";1;0;0;0;0;0;0;1;0;0;4;0;0;0;0
"14/09/2024";"04:19:00";"210";"Com vítima";"184,200";"BR-116/SP";"Decrescente";"Choque";1;0;0;0;0;0;0;0;0;0;0;2;0;0;0
"14/09/2024";"04:58:00";"243";"Sem vítima";"111,000";"BR-116/SP";"Decrescente";"Colisão traseira";2;0;0;0;0;0;0;0;0;0;7;0;0;0;0
"14/09/2024";"05:04:00";"251";"Sem vítima";"115,000";"BR-116/SP";"Decrescente";"Colisão traseira";2;0;0;0;0;0;0;0;0;0;21;0;0;0;0
"14/09/2024";"05:25:00";"270";"Com vítima";"216,500";"BR-116/SP";"Crescente";"Engavetamento";1;0;1;0;0;0;0;0;0;1;12;4;0;0;0
"14/09/2024";"05:33:00";"279";"Com vítima";"222,600";"BR-116/SP";"Crescente";"Colisão traseira";1;0;0;1;0;0;0;0;0;0;2;2;0;0;0
"14/09/2024";"05:40:00";"288";"Sem vítima";"117,000";"BR-116/SP";"Decrescente";"Colisão traseira";1;0;0;0;0;0;0;0;0;0;15;0;0;0;0
"14/09/2024";"07:10:00";"352";"Sem vítima";"59,100";"BR-116/SP";"Crescente";"Colisão lateral em sentido contrário";1;0;1;0;0;0;0;0;0;0;6;0;0;0;0
"14/09/2024";"07:12:00";"356";"Sem vítima";"133,400";"BR-116/SP";"Crescente";"Colisão lateral em sentido contrário";0;0;1;0;0;0;0;1;0;0;4;0;0;0;0
"14/09/2024";"08:29:00";"394";"Sem vítima";"95,000";"BR-116/SP";"Decrescente";"Engavetamento";3;0;0;0;0;0;0;0;0;0;16;0;0;0;0
"14/09/2024";"09:47:00";"429";"Sem vítima";"105,000";"BR-116/SP";"Decrescente";"Engavetamento";4;0;0;0;0;0;0;0;0;0;12;0;0;0;0
"14/09/2024";"10:13:00";"443";"Com vítima";"284,800";"BR-116/SP";"Crescente";"Colisão lateral em sentido contrário";1;0;1;0;0;0;0;0;0;0;2;1;0;0;0