data;horario;n_da_ocorrencia;tipo_de_ocorrencia;km;trecho;sentido;tipo_de_acidente;automovel;bicicleta;caminhao;moto;onibus;outros;tracao_animal;transporte_de_cargas_especiais;trator_maquinas;utilitarios;ilesos;levemente_feridos;moderadamente_feridos;gravemente_feridos;mortos
"14/09/2024";"10:22:00";"447";"Com vítima";"133,000";"BR-116/SP";"Decrescente";"Acidentes de outra natureza";0;0;0;1;0;0;0;0;0;0;0;1;1;0;0
"14/09/2024";"10:37:00";"453";"Com vítima";"388,000";"BR-101/SP";"Crescente";"Colisão traseira";1;0;0;1;0;0;0;0;0;0;2;2;0;0;0
"14/09/2024";"11:38:00";"483";"Sem vítima";"415,000";"BR-101/SP";"Decrescente";"Choque";1;0;0;0;0;0;0;0;0;0;1;0;0;0;0
"14/09/2024";"01:47:00";"547";"Com vítima";"222,250";"BR-116/SP";"Decrescente";"Colisão lateral em sentido contrário";0;0;0;1;0;0;0;0;0;0;0;2;0;0;0
"14/09/2024";"05:18:00";"646";"Sem vítima";"45,600";"BR-101/SP";"Crescente";"Colisão frontal";1;0;0;1;0;0;0;0;0;0;6;0;0;0;0
"14/09/2024";"05:52:00";"663";"Sem vítima";"428,000";"BR-101/SP";"Decrescente";"Choque";0;0;0;0;0;0;0;0;0;1;9;0;0;0;0
"14/09/2024";"09:00:00";"80";"Sem vítima";"290,000";"BR-116/SP";"Crescente";"Choque";1;0;0;0;0;0;0;0;0;0;0;0;0;0;0
"14/09/2024";"10:32:00";"51";"Sem vítima";"128,350";"BR-116/SP";"Decrescente";"Choque";1;0;0;0;0;0;0;0;0;0;4;0;0;0;0
"14/09/2024";"11:10:00";"55";"Sem vítima";"125,000";"BR-116/SP";"Decrescente";"Choque";1;0;0;0;0;0;0;0;0;0;4;0;0;0;0
"15/09/2024";"12:31:00";"69";"Com vítima";"405,000";"BR-101/SP";"Crescente";"Capotamento";1;0;0;0;0;0;0;0;0;0;0;2;0;0;0
"15/09/2024";"01:08:00";"73";"Com vítima";"94,500";"BR-116/SP";"Decrescente";"Colisão traseira";2;0;0;0;0;0;0;0;0;0;0;3;0;1;0
"15/09/2024";"03:02:00";"92";"Sem vítima";"229,000";"BR-116/SP";"Decrescente";"Choque";1;0;0;0;0;0;0;0;0;0;8;0;0;0;0
"15/09/2024";"03:38:00";"113";"Com vítima";"216,000";"BR-116/SP";"Decrescente";"Capotamento";1;0;0;0;0;0;0;0;0;0;0;0;10;0;0
"15/09/2024";"04:04:00";"126";"Sem vítima";"561,000";"BR-101/SP";"Decrescente";"Engavetamento";2;0;0;0;0;0;0;0;0;0;18;0;0;0;0
"15/09/2024";"04:20:00";"133";"Com vítima";"452,400";"BR-101/SP";"Crescente";"Capotamento";1;0;0;0;0;0;0;0;0;0;4;4;0;0;0
"15/09/2024";"07:15:00";"218";"Com vítima";"171,900";"BR-116/SP";"Decrescente";"Acidentes de outra natureza";0;0;0;1;0;0;0;0;0;0;0;2;0;0;0
"15/09/2024";"10:05:00";"283";"Sem vítima";"134,000";"BR-116/SP";"Decrescente";"Colisão traseira";1;0;0;0;0;0;0;0;0;0;2;0;0;0;0
"15/09/2024";"10:39:00";"305";"Com vítima";"199,000";"BR-116/SP";"Decrescente";"Choque";2;0;0;0;0;0;0;0;0;0;4;4;0;0;0
"15/09/2024";"10:51:00";"313";"Sem vítima";"338,000";"BR-116/SP";"Crescente";"Colisão traseira";0;0;1;0;0;0;0;1;0;0;6;0;0;0;0
"15/09/2024";"11:16:00";"291";"Com vítima";"51,700";"BR-101/SP";"Decrescente";"Atropelamento de pedestre";1;1;0;0;0;0;0;0;0;0;6;0;0;0;0
"15/09/2024";"11:33:00";"329";"Com vítima";"108,600";"BR-116/SP";"Crescente";"Colisão lateral em sentido contrário";1;0;0;1;0;0;0;0;0;0;1;0;1;0;0
"15/09/2024";"02:14:00";"408";"Sem vítima";"86,950";"BR-116/SP";"Crescente";"Colisão traseira";2;0;0;0;0;0;0;0;0;0;10;0;0;0;0
"15/09/2024";"03:42:00";"464";"Com vítima";"216,400";"BR-116/SP";"Crescente";"Choque";1;0;0;0;0;0;0;0;0;0;0;1;0;0;0
"15/09/2024";"04:11:00";"477";"Sem vítima";"428,000";"BR-101/SP";"Decrescente";"Choque";1;0;0;0;0;0;0;0;0;0;12;0;0;0;0
"15/09/2024";"05:21:00";"510";"Com vítima";"30,100";"BR-101/SP";"Decrescente";"Choque";1;0;0;0;0;0;0;0;0;0;0;1;0;0;0
"15/09/2024";"06:05:00";"531";"Com vítima";"193,000";"BR-116/SP";"Crescente";"Colisão traseira";2;0;0;0;0;0;0;0;0;0;8;2;0;0;0
"15/09/2024";"06:53:00";"547";"Sem vítima";"96,000";"BR-116/SP";"Crescente";"Choque";1;0;0;0;0;0;0;0;0;0;1;0;0;0;0
"15/09/2024";"07:24:00";"556";"Com vítima";"317,600";"BR-116/SP";"Crescente";"Choque";0;0;0;0;0;0;0;0;0;1;0;0;4;0;0
"15/09/2024";"11:46:00";"57";"Com vítima";"279,000";"BR-116/SP";"Crescente";"Colisão traseira";1;0;1;0;0;0;0;0;0;0;3;3;0;0;0
"16/09/2024";"01:03:00";"71";"Sem vítima";"382,000";"BR-101/SP";"Decrescente";"Capotamento";1;0;0;0;0;0;0;0;0;0;0;0;0;0;0
"16/09/2024";"03:15:00";"125";"Com vítima";"218,050";"BR-116/SP";"Decrescente";"Acidentes de outra natureza";0;0;0;1;0;0;0;0;0;0;0;2;0;0;0
"16/09/2024";"03:56:00";"180";"Sem vítima";"218,050";"BR-116/SP";"Decrescente";"Acidentes de outra natureza";0;0;0;1;0;0;0;0;0;0;2;0;0;0;0
"16/09/2024";"04:14:00";"205";"Sem vítima";"214,000";"BR-116/SP";"Decrescente";"Choque";1;0;0;0;0;0;0;0;0;0;6;0;0;0;0
"16/09/2024";"04:29:00";"219";"Sem vítima";"214,000";"BR-116/SP";"Decrescente";"Choque";1;0;0;0;0;0;0;0;0;0;6;0;0;0;0
"16/09/2024";"05:23:00";"271";"Com vítima";"214,000";"BR-116/SP";"Decrescente";"Colisão traseira";1;0;0;0;0;0;0;0;0;0;0;2;0;0;0
"16/09/2024";"05:38:00";"289";"Sem vítima";"222,300";"BR-116/SP";"Crescente";"Colisão traseira";2;0;0;0;0;0;0;0;0;0;2;0;0;0;0
"16/09/2024";"06:49:00";"342";"Com vítima";"102,000";"BR-116/SP";"Decrescente";"Colisão traseira";0;0;1;1;0;0;0;0;0;0;2;0;2;0;0
"16/09/2024";"07:43:00";"380";"Sem vítima";"223,800";"BR-116/SP";"Decrescente";"Colisão traseira";0;0;1;0;0;0;0;0;0;0;6;0;0;0;0
"16/09/2024";"10:00:00";"454";"Com vítima";"221,200";"BR-116/SP";"Decrescente";"Acidentes de outra natureza";0;0;0;1;0;0;0;0;0;0;0;3;0;0;0
"16/09/2024";"10:15:00";"464";"Sem vítima";"222,000";"BR-116/SP";"Crescente";"Colisão lateral em sentido contrário";1;0;0;0;0;0;0;1;0;0;8;0;0;0;0
"16/09/2024";"10:59:00";"491";"Com vítima";"221,300";"BR-116/SP";"Decrescente";"Colisão lateral em sentido contrário";0;0;1;1;0;0;0;0;0;0;3;3;0;0;0
"16/09/2024";"11:59:00";"553";"Com vítima";"145,000";"BR-116/SP";"Crescente";"Engavetamento";3;0;0;0;0;0;0;0;0;0;12;2;0;0;0
"16/09/2024";"12:58:00";"584";"Sem vítima";"114,000";"BR-116/SP";"Crescente";"Choque";1;0;0;0;0;0;0;0;0;0;7;0;0;0;0
"16/09/2024";"01:08:00";"589";"Sem vítima";"114,000";"BR-116/SP";"Decrescente";"Choque";1;0;0;0;0;0;0;0;0;0;8;0;0;0;0
"16/09/2024";"01:37:00";"600";"Com vítima";"505,000";"BR-101/SP";"Decrescente";"Colisão traseira";2;0;0;0;0;0;0;0;0;0;2;1;0;0;0
"16/09/2024";"02:43:00";"634";"Com vítima";"386,000";"BR-101/SP";"Crescente";"Atropelamento de pedestre";1;0;0;0;0;0;0;0;0;0;1;0;1;0;0
"16/09/2024";"03:25:00";"659";"Sem vítima";"264,400";"BR-116/SP";"Decrescente";"Colisão lateral em sentido contrário";1;0;1;0;0;0;0;0;0;0;0;0;0;0;0
"16/09/2024";"03:43:00";"677";"Com vítima";"268,000";"BR-116/SP";"Crescente";"Engavetamento";2;0;1;0;0;0;0;0;0;0;6;1;0;0;0
"16/09/2024";"04:34:00";"699";"Com vítima";"111,000";"BR-116/SP";"Crescente";"Colisão traseira";0;0;2;0;0;0;0;0;0;0;3;1;0;0;0
"16/09/2024";"09:00:00";"208";"Sem vítima";"384,000";"BR-101/SP";"Crescente";"Colisão traseira";2;0;0;0;0;0;0;0;0;0;6;0;0;0;0
"16/09/2024";"09:00:00";"441";"Com vítima";"216,700";"BR-116/SP";"Crescente";"Choque";0;0;0;1;0;0;0;0;0;0;0;3;0;0;0
"17/09/2024";"03:33:00";"122";"Com vítima";"230,000";"BR-116/SP";"Crescente";"Engavetamento";2;0;0;0;0;0;0;0;0;0;4;4;0;0;0
"17/09/2024";"03:37:00";"127";"Sem vítima";"479,000";"BR-101/SP";"Crescente";"Capotamento";1;0;0;0;0;0;0;0;0;0;1;0;0;0;0
"17/09/2024";"03:52:00";"142";"Sem vítima";"388,000";"BR-101/SP";"Decrescente";"Capotamento";1;0;0;0;0;0;0;0;0;0;3;0;0;0;0
"17/09/2024";"04:06:00";"157";"Sem vítima";"479,000";"BR-101/SP";"Crescente";"Acidentes de outra natureza";0;0;0;1;0;0;0;0;0;0;1;0;0;0;0
"17/09/2024";"04:14:00";"169";"Sem vítima";"273,000";"BR-116/SP";"Crescente";"Colisão lateral em sentido contrário";1;0;1;0;0;0;0;0;0;0;6;0;0;0;0
"17/09/2024";"04:25:00";"185";"Com vítima";"220,600";"BR-116/SP";"Crescente";"Colisão lateral em sentido contrário";2;0;0;0;0;0;0;0;0;0;3;3;0;0;0
"17/09/2024";"04:49:00";"206";"Com vítima";"116,800";"BR-116/SP";"Crescente";"Colisão traseira";1;0;0;1;0;0;0;0;0;0;6;0;3;0;0
"17/09/2024";"05:04:00";"219";"Com vítima";"43,500";"BR-101/SP";"Crescente";"Acidentes de outra natureza";0;0;0;1;0;0;0;0;0;0;0;0;0;1;0
"17/09/2024";"05:46:00";"256";"Com vítima";"398,000";"BR-101/SP";"Decrescente";"Atropelamento de pedestre";0;1;0;1;0;0;0;0;0;0;0;2;0;0;0
"17/09/2024";"06:09:00";"276";"Sem vítima";"416,800";"BR-101/SP";"Decrescente";"Acidentes de outra natureza";0;0;0;1;0;0;0;0;0;0;1;0;0;0;0
"17/09/2024";"07:27:00";"338";"Com vítima";"162,900";"BR-116/SP";"Decrescente";"Acidentes de outra natureza";0;0;0;1;0;0;0;0;0;0;0;2;0;0;0
"17/09/2024";"09:20:00";"386";"Com vítima";"584,000";"BR-101/SP";"Decrescente";"Capotamento";1;0;0;0;0;0;0;0;0;0;3;1;0;0;0
"17/09/2024";"09:56:00";"398";"Com vítima";"428,000";"BR-101/SP";"Decrescente";"Colisão frontal";2;0;0;0;0;0;0;0;0;0;2;6;0;0;0
"17/09/2024";"10:14:00";"407";"Sem vítima";"228,800";"BR-116/SP";"Crescente";"Colisão lateral em sentido contrário";1;0;1;0;0;0;0;0;0;0;14;0;0;0;0
"17/09/2024";"10:44:00";"421";"Sem vítima";"419,200";"BR-101/SP";"Crescente";"Choque";0;0;1;0;0;0;0;0;0;0;6;0;0;0;0
"17/09/2024";"11:13:00";"437";"Sem vítima";"227,400";"BR-116/SP";"Crescente";"Choque";0;0;0;0;1;0;0;0;0;0;3;0;0;0;0
"17/09/2024";"11:36:00";"453";"Com vítima";"527,000";"BR-101/SP";"Decrescente";"Colisão frontal";2;0;0;0;0;0;0;0;0;0;0;0;1;1;0
"17/09/2024";"12:56:00";"493";"Sem vítima";"257,000";"BR-116/SP";"Decrescente";"Colisão traseira";1;0;1;0;0;0;0;0;0;0;19;0;0;0;0
"17/09/2024";"01:44:00";"516";"Sem vítima";"216,000";"BR-116/SP";"Crescente";"Choque";0;0;3;0;0;0;0;0;0;0;4;0;0;0;0
"17/09/2024";"05:32:00";"637";"Com vítima";"230,100";"BR-116/SP";"Decrescente";"Colisão traseira";2;0;0;0;0;0;0;0;0;0;2;1;0;0;0
"17/09/2024";"06:15:00";"654";"Com vítima";"296,600";"BR-116/SP";"Decrescente";"Colisão lateral em sentido contrário";1;0;0;1;0;0;0;0;0;0;1;0;0;1;0
"17/09/2024";"11:51:00";"62";"Sem vítima";"108,900";"BR-116/SP";"Crescente";"Choque";0;0;1;0;0;0;0;0;0;0;3;0;0;0;0
"18/09/2024";"01:12:00";"75";"Sem vítima";"27,300";"BR-116/SP";"Decrescente";"Colisão traseira";0;0;1;0;1;0;0;0;0;0;18;0;0;0;0
"18/09/2024";"03:57:00";"185";"Com vítima";"103,950";"BR-116/SP";"Crescente";"Colisão lateral em sentido contrário";1;0;1;0;0;0;0;0;0;0;6;3;0;0;0
"18/09/2024";"04:59:00";"243";"Com vítima";"225,500";"BR-116/SP";"Crescente";"Colisão traseira";1;0;0;1;0;0;0;0;0;0;0;1;0;0;0
"18/09/2024";"05:16:00";"257";"Sem vítima";"149,600";"BR-116/SP";"Crescente";"Choque";2;0;0;0;0;0;0;0;0;0;0;0;0;0;0
"18/09/2024";"05:57:00";"299";"Com vítima";"223,000";"BR-116/SP";"Crescente";"Colisão traseira";2;0;0;2;0;0;0;0;0;0;4;2;2;0;0
"18/09/2024";"06:40:00";"341";"Com vítima";"310,000";"BR-116/SP";"Crescente";"Colisão traseira";0;0;1;0;0;0;0;0;0;0;0;1;0;0;0
"18/09/2024";"07:28:00";"365";"Com vítima";"418,000";"BR-101/SP";"Crescente";"Colisão traseira";2;0;0;0;0;0;0;0;0;0;0;16;0;0;0
"18/09/2024";"07:40:00";"370";"Com vítima";"155,450";"BR-116/SP";"Decrescente";"Atropelamento de pedestre";0;0;0;0;0;0;0;0;0;0;0;0;0;0;0
"18/09/2024";"08:42:00";"398";"Com vítima";"118,000";"BR-116/SP";"Crescente";"Acidentes de outra natureza";0;0;0;1;0;0;0;0;0;0;0;0;3;0;0
"18/09/2024";"09:48:00";"421";"Sem vítima";"286,000";"BR-116/SP";"Crescente";"Engavetamento";1;0;0;0;0;0;0;0;0;1;0;0;0;0;0
"18/09/2024";"11:23:00";"459";"Com vítima";"186,000";"BR-116/SP";"Crescente";"Acidentes de outra natureza";0;0;1;1;0;0;0;0;0;0;0;3;0;0;0
"18/09/2024";"11:28:00";"462";"Com vítima";"98,700";"BR-116/SP";"Crescente";"Choque";1;0;0;0;0;0;0;0;0;0;0;0;4;0;0
"18/09/2024";"11:38:00";"466";"Com vítima";"219,000";"BR-116/SP";"Decrescente";"Capotamento";0;0;0;0;0;0;0;0;0;1;3;6;0;0;0
"18/09/2024";"12:46:00";"486";"Sem vítima";"49,600";"BR-116/SP";"Decrescente";"Engavetamento";4;0;0;0;0;0;0;0;0;0;24;0;0;0;0
"18/09/2024";"04:08:00";"595";"Com vítima";"223,600";"BR-116/SP";"Crescente";"Colisão traseira";0;0;0;2;0;0;0;0;0;0;6;0;6;0;0
"18/09/2024";"04:18:00";"600";"Sem vítima";"148,300";"BR-116/SP";"Decrescente";"Colisão traseira";2;0;0;0;0;0;0;0;0;0;6;0;0;0;0
"18/09/2024";"04:54:00";"610";"Com vítima";"298,000";"BR-116/SP";"Crescente";"Atropelamento de pedestre";1;1;0;0;0;0;0;0;0;0;2;0;0;0;0
"18/09/2024";"05:06:00";"617";"Com vítima";"213,300";"BR-116/SP";"Crescente";"Colisão traseira";1;0;0;0;0;0;0;0;0;0;0;2;0;0;0
"18/09/2024";"06:13:00";"649";"Com vítima";"230,000";"BR-116/SP";"Crescente";"Atropelamento de pedestre";0;0;0;0;0;0;0;0;0;0;0;0;0;0;1
"18/09/2024";"06:15:00";"650";"Com vítima";"404,800";"BR-101/SP";"Crescente";"Atropelamento de pedestre";0;0;0;1;0;0;0;0;0;0;0;0;2;0;0
"18/09/2024";"07:22:00";"680";"Sem vítima";"230,250";"BR-116/SP";"Decrescente";"Choque";0;0;1;0;0;0;0;0;0;0;6;0;0;0;0
"18/09/2024";"09:51:00";"42";"Sem vítima";"292,600";"BR-116/SP";"Decrescente";"Choque";1;0;0;0;0;0;0;0;0;0;0;0;0;0;0
"19/09/2024";"01:07:00";"72";"Sem vítima";"236,700";"BR-116/SP";"Decrescente";"Colisão lateral em sentido contrário";1;0;1;0;0;0;0;0;0;0;6;0;0;0;0
"19/09/2024";"04:32:00";"223";"Sem vítima";"226,000";"BR-116/SP";"Crescente";"Colisão lateral em sentido contrário";1;0;1;0;0;0;0;0;0;0;8;0;0;0;0
"19/09/2024";"04:44:00";"238";"Sem vítima";"226,000";"BR-116/SP";"Crescente";"Colisão lateral em sentido contrário";1;0;0;0;0;0;0;0;0;0;2;0;0;0;0
"19/09/2024";"05:03:00";"265";"Com vítima";"217,300";"BR-116/SP";"Crescente";"Engavetamento";2;0;0;1;0;0;0;0;0;0;6;3;0;0;0
"19/09/2024";"05:06:00";"124";"Com vítima";"86,950";"BR-116/SP";"Crescente";"Colisão traseira";0;0;0;0;0;0;0;2;0;0;3;3;0;0;0
"19/09/2024";"06:04:00";"333";"Com vítima";"107,000";"BR-116/SP";"Decrescente";"Colisão lateral em sentido contrário";1;0;0;1;0;0;0;0;0;0;6;0;4;0;0
"19/09/2024";"06:36:00";"362";"Sem vítima";"306,900";"BR-116/SP";"Crescente";"Colisão lateral em sentido contrário";1;0;1;0;0;0;0;0;0;0;0;0;0;0;0
"19/09/2024";"07:55:00";"410";"Com vítima";"432,000";"BR-101/SP";"Decrescente";"Colisão frontal";1;0;0;1;0;0;0;0;0;0;2;2;0;0;0
"19/09/2024";"09:24:00";"471";"Sem vítima";"125,800";"BR-116/SP";"Decrescente";"Colisão traseira";0;0;2;0;0;0;0;0;0;0;6;0;0;0;0
"19/09/2024";"09:36:00";"478";"Com vítima";"219,000";"BR-116/SP";"Decrescente";"Engavetamento";3;0;0;0;0;0;0;0;0;0;2;8;0;0;0
"19/09/2024";"09:50:00";"482";"Sem vítima";"482,000";"BR-101/SP";"Crescente";"Colisão traseira";2;0;0;0;0;0;0;0;0;0;3;0;0;0;0
"19/09/2024";"10:17:00";"487";"Com vítima";"267,700";"BR-116/SP";"Decrescente";"Colisão lateral em sentido contrário";1;0;1;0;0;0;0;0;0;0;0;4;0;0;0
"19/09/2024";"10:21:00";"490";"Sem vítima";"108,900";"BR-116/SP";"Crescente";"Colisão traseira";2;0;0;0;0;0;0;0;0;0;6;0;0;0;0
"19/09/2024";"11:11:00";"532";"Com vítima";"231,000";"BR-116/SP";"Crescente";"Colisão lateral em sentido contrário";0;0;0;2;0;0;0;0;0;0;0;4;0;0;0
"19/09/2024";"11:38:00";"548";"Sem vítima";"231,000";"BR-116/SP";"Crescente";"Colisão lateral em sentido contrário";0;0;0;1;0;0;0;0;0;1;0;0;0;0;0
"19/09/2024";"12:26:00";"574";"Com vítima";"470,050";"BR-101/SP";"Decrescente";"Atropelamento de pedestre";0;1;1;0;0;0;0;0;0;0;1;0;0;0;0
"19/09/2024";"12:40:00";"580";"Com vítima";"216,600";"BR-116/SP";"Decrescente";"Engavetamento";2;0;1;0;0;0;0;0;0;0;4;1;0;0;0
"19/09/2024";"12:56:00";"590";"Com vítima";"227,000";"BR-116/SP";"Crescente";"Choque";0;0;0;1;0;0;0;0;0;0;0;0;1;0;0
"19/09/2024";"01:35:00";"609";"Com vítima";"61,000";"BR-116/SP";"Crescente";"Colisão traseira";1;0;0;1;0;0;0;0;0;0;0;0;1;0;0
"19/09/2024";"02:29:00";"641";"Com vítima";"104,800";"BR-116/SP";"Crescente";"Engavetamento";4;0;0;0;0;0;0;0;0;0;7;1;1;0;0
"19/09/2024";"04:05:00";"696";"Sem vítima";"278,800";"BR-116/SP";"Decrescente";"Colisão traseira";2;0;0;0;0;0;0;0;0;0;4;0;0;0;0
"19/09/2024";"04:15:00";"699";"Com vítima";"242,800";"BR-116/SP";"Crescente";"Atropelamento de pedestre";0;0;1;0;0;0;0;0;0;0;2;0;0;1;0
"19/09/2024";"04:31:00";"703";"Com vítima";"227,500";"BR-116/SP";"Crescente";"Atropelamento de pedestre";0;1;0;1;0;0;0;0;0;0;0;1;0;0;0
"19/09/2024";"04:47:00";"708";"Com vítima";"144,300";"BR-116/SP";"Decrescente";"Acidentes de outra natureza";0;0;0;1;0;0;0;0;0;0;0;4;0;0;0
"19/09/2024";"07:29:00";"780";"Com vítima";"279,800";"BR-116/SP";"Crescente";"Colisão lateral em sentido contrário";0;0;0;1;0;0;0;0;0;0;0;0;1;0;0
"19/09/2024";"07:29:00";"781";"Com vítima";"145,900";"BR-116/SP";"Crescente";"Colisão lateral em sentido contrário";2;0;0;1;0;0;0;0;0;0;5;1;0;0;0
"19/09/2024";"07:43:00";"787";"Com vítima";"513,000";"BR-101/SP";"Crescente";"Colisão frontal";2;0;0;0;0;0;0;0;0;0;1;0;0;1;0
"20/09/2024";"01:25:00";"85";"Sem vítima";"172,000";"BR-116/SP";"Crescente";"Colisão lateral em sentido contrário";0;0;1;0;0;0;0;1;0;0;4;0;0;0;0
"20/09/2024";"02:42:00";"106";"Com vítima";"47,200";"BR-101/SP";"Crescente";"Colisão traseira";1;0;0;1;0;0;0;0;0;0;4;1;0;0;0
"20/09/2024";"02:57:00";"116";"Com vítima";"227,200";"BR-116/SP";"Decrescente";"Atropelamento de pedestre";0;0;0;0;0;0;0;0;0;0;0;0;1;0;0
"20/09/2024";"03:53:00";"179";"Sem vítima";"217,000";"BR-116/SP";"Crescente";"Engavetamento";2;0;0;0;0;0;0;0;0;1;18;0;0;0;0
"20/09/2024";"04:17:00";"217";"Com vítima";"261,390";"BR-116/SP";"Crescente";"Acidentes de outra natureza";0;0;0;1;0;0;0;0;0;0;0;2;0;0;0
"20/09/2024";"04:17:00";"219";"Com vítima";"216,950";"BR-116/SP";"Crescente";"Colisão lateral em sentido contrário";0;0;1;1;0;0;0;0;0;0;2;0;0;2;0
"20/09/2024";"04:57:00";"262";"Com vítima";"216,000";"BR-116/SP";"Crescente";"Colisão traseira";1;0;0;2;0;0;0;0;0;0;15;3;0;0;0
"20/09/2024";"05:29:00";"290";"Sem vítima";"261,450";"BR-116/SP";"Decrescente";"Choque";1;0;0;0;0;0;0;0;0;0;2;0;0;0;0
"20/09/2024";"05:39:00";"302";"Sem vítima";"109,500";"BR-116/SP";"Decrescente";"Colisão traseira";2;0;0;0;0;0;0;0;0;0;4;0;0;0;0
"20/09/2024";"05:41:00";"308";"Sem vítima";"113,000";"BR-116/SP";"Decrescente";"Colisão traseira";2;0;0;0;0;0;0;0;0;0;10;0;0;0;0
"20/09/2024";"06:18:00";"342";"Sem vítima";"216,500";"BR-116/SP";"Decrescente";"Choque";1;0;0;0;0;0;0;0;0;0;2;0;0;0;0
"20/09/2024";"07:48:00";"387";"Sem vítima";"307,400";"BR-116/SP";"Crescente";"Colisão lateral em sentido contrário";1;0;1;0;0;0;0;0;0;0;4;0;0;0;0
"20/09/2024";"08:16:00";"402";"Com vítima";"68,000";"BR-116/SP";"Crescente";"Colisão lateral em sentido contrário";1;0;1;0;0;0;0;0;0;0;4;4;0;0;0
"20/09/2024";"09:03:00";"430";"Com vítima";"383,000";"BR-101/SP";"Crescente";"Colisão lateral em sentido contrário";3;0;0;0;0;0;0;0;0;0;2;1;0;0;0
"20/09/2024";"09:39:00";"450";"Sem vítima";"50,000";"BR-101/SP";"Crescente";"Colisão traseira";2;0;0;0;0;0;0;0;0;0;5;0;0;0;0
"20/09/2024";"11:51:00";"558";"Sem vítima";"196,000";"BR-116/SP";"Crescente";"Colisão traseira";1;0;0;0;1;0;0;0;0;0;96;0;0;0;0
"20/09/2024";"11:53:00";"559";"Com vítima";"59,600";"BR-116/SP";"Crescente";"Colisão traseira";0;0;1;1;0;0;0;0;0;0;0;2;0;0;0
"20/09/2024";"12:14:00";"572";"Sem vítima";"314,000";"BR-116/SP";"Decrescente";"Choque";1;0;0;0;0;0;0;0;0;0;0;0;0;0;0
"20/09/2024";"12:36:00";"586";"Sem vítima";"227,300";"BR-116/SP";"Crescente";"Choque";0;0;0;1;0;0;0;0;0;0;3;0;0;0;0
"20/09/2024";"12:52:00";"592";"Sem vítima";"59,600";"BR-116/SP";"Crescente";"Colisão traseira";2;0;0;0;0;0;0;0;0;0;6;0;0;0;0
"20/09/2024";"12:54:00";"595";"Com vítima";"244,050";"BR-116/SP";"Crescente";"Colisão traseira";0;0;0;0;0;0;0;0;0;2;1;1;0;0;0
"20/09/2024";"02:34:00";"663";"Sem vítima";"96,600";"BR-116/SP";"Crescente";"Engavetamento";1;0;0;0;0;0;0;0;0;0;4;0;0;0;0
"20/09/2024";"02:48:00";"675";"Sem vítima";"281,000";"BR-116/SP";"Crescente";"Choque";1;0;1;0;0;0;0;0;0;0;5;0;0;0;0
"20/09/2024";"03:39:00";"699";"Com vítima";"398,000";"BR-101/SP";"Crescente";"Colisão traseira";0;0;2;0;0;0;0;0;0;0;1;1;0;0;0
"20/09/2024";"04:13:00";"719";"Com vítima";"228,350";"BR-116/SP";"Decrescente";"Acidentes de outra natureza";0;0;0;1;0;0;0;0;0;0;0;1;1;0;0
"20/09/2024";"05:53:00";"776";"Com vítima";"202,000";"BR-116/SP";"Crescente";"Acidentes de outra natureza";0;0;0;1;0;0;0;0;0;0;0;1;0;0;0
"20/09/2024";"06:15:00";"784";"Com vítima";"202,400";"BR-116/SP";"Crescente";"Acidentes de outra natureza";0;0;0;1;0;0;0;0;0;0;0;1;0;0;0
"20/09/2024";"06:23:00";"788";"Com vítima";"130,500";"BR-116/SP";"Decrescente";"Atropelamento de pedestre";1;0;0;0;0;0;0;0;0;0;0;0;0;0;1
"20/09/2024";"08:40:00";"832";"Com vítima";"217,500";"BR-116/SP";"Crescente";"Colisão traseira";2;0;0;0;0;0;0;0;0;0;3;1;0;0;0
"20/09/2024";"11:58:00";"56";"Com vítima";"160,900";"BR-116/SP";"Crescente";"Choque";1;0;1;0;0;0;0;0;0;0;3;3;3;0;0
"21/09/2024";"01:07:00";"73";"Com vítima";"147,100";"BR-116/SP";"Decrescente";"Capotamento";1;0;0;0;0;0;0;0;0;0;2;4;0;0;0
"21/09/2024";"01:28:00";"78";"Com vítima";"227,700";"BR-116/SP";"Decrescente";"Tombamento";0;0;0;0;0;0;0;0;0;1;4;1;0;0;0
"21/09/2024";"02:07:00";"563";"Com vítima";"337,400";"BR-116/SP";"Decrescente";"Choque";1;0;0;0;0;0;0;0;0;0;0;2;2;0;0
"21/09/2024";"03:22:00";"117";"Sem vítima";"229,000";"BR-116/SP";"Decrescente";"Engavetamento";2;0;2;0;0;0;0;0;0;0;4;0;0;0;0
"21/09/2024";"03:58:00";"133";"Sem vítima";"215,000";"BR-116/SP";"Decrescente";"Colisão traseira";2;0;0;0;0;0;0;0;0;0;4;0;0;0;0