data;horario;n_da_ocorrencia;tipo_de_ocorrencia;km;trecho;sentido;tipo_de_acidente;automovel;bicicleta;caminhao;moto;onibus;outros;tracao_animal;transporte_de_cargas_especiais;trator_maquinas;utilitarios;ilesos;levemente_feridos;moderadamente_feridos;gravemente_feridos;mortos
"21/09/2024";"04:08:00";"139";"Com vítima";"339,000";"BR-116/SP";"Decrescente";"Acidentes de outra natureza";0;0;0;1;0;0;0;0;0;0;0;1;1;0;0
"21/09/2024";"04:12:00";"143";"Sem vítima";"71,000";"BR-116/SP";"Decrescente";"Colisão lateral em sentido contrário";1;0;0;0;0;0;0;0;0;0;1;0;0;0;0
"21/09/2024";"05:18:00";"186";"Sem vítima";"227,500";"BR-116/SP";"Crescente";"Colisão traseira";1;0;1;0;0;0;0;0;0;0;3;0;0;0;0
"21/09/2024";"05:57:00";"214";"Com vítima";"425,000";"BR-101/SP";"Decrescente";"Colisão lateral em sentido contrário";1;0;0;1;0;0;0;0;0;0;1;0;1;1;0
"21/09/2024";"06:42:00";"242";"Com vítima";"218,000";"BR-116/SP";"Decrescente";"Capotamento";1;0;0;0;0;0;0;0;0;0;0;6;0;0;0
"21/09/2024";"07:00:00";"254";"Com vítima";"226,400";"BR-116/SP";"Decrescente";"Tombamento";0;0;0;0;1;0;0;0;0;0;2;36;4;0;3
"21/09/2024";"11:56:00";"389";"Sem vítima";"40,500";"BR-116/SP";"Decrescente";"Colisão traseira";1;0;1;0;0;0;0;0;0;0;3;0;0;0;0
"21/09/2024";"12:30:00";"400";"Com vítima";"47,200";"BR-101/SP";"Decrescente";"Colisão lateral em sentido contrário";2;0;0;0;0;0;0;0;0;0;0;3;0;0;0
"21/09/2024";"02:54:00";"452";"Com vítima";"296,300";"BR-116/SP";"Decrescente";"Acidentes de outra natureza";0;0;0;1;0;0;0;0;0;0;0;2;0;0;0
"21/09/2024";"04:00:00";"480";"Com vítima";"221,500";"BR-116/SP";"Decrescente";"Engavetamento";1;0;0;2;0;0;0;0;0;0;3;2;0;0;0
"21/09/2024";"04:13:00";"483";"Sem vítima";"206,400";"BR-116/SP";"Crescente";"Colisão lateral em sentido contrário";1;0;0;0;0;0;0;0;0;0;1;0;0;0;0
"21/09/2024";"06:22:00";"537";"Sem vítima";"51,550";"BR-116/SP";"Crescente";"Colisão lateral em sentido contrário";1;0;1;0;0;0;0;0;0;0;4;0;0;0;0
"21/09/2024";"06:28:00";"541";"Com vítima";"506,400";"BR-101/SP";"Decrescente";"Atropelamento de pedestre";0;1;0;1;0;0;0;0;0;0;0;1;0;0;0
"21/09/2024";"10:46:00";"52";"Sem vítima";"80,650";"BR-116/SP";"Crescente";"Atropelamento de pedestre";0;0;1;0;0;0;0;0;0;0;0;0;0;0;0
"21/09/2024";"10:59:00";"54";"Com vítima";"216,800";"BR-116/SP";"Decrescente";"Capotamento";1;0;0;0;0;0;0;0;0;0;0;0;4;0;0
"22/09/2024";"01:10:00";"79";"Com vítima";"223,000";"BR-116/SP";"Decrescente";"Choque";1;0;0;0;0;0;0;0;0;0;0;6;0;0;0
"22/09/2024";"02:07:00";"87";"Com vítima";"224,700";"BR-116/SP";"Decrescente";"Colisão traseira";2;0;0;0;0;0;0;0;0;0;21;3;0;0;0
"22/09/2024";"02:17:00";"88";"Sem vítima";"226,000";"BR-116/SP";"Crescente";"Choque";1;0;0;0;0;0;0;0;0;0;4;0;0;0;0
"22/09/2024";"02:25:00";"91";"Sem vítima";"422,000";"BR-101/SP";"Crescente";"Choque";1;0;0;0;0;0;0;0;0;0;9;0;0;0;0
"22/09/2024";"03:02:00";"98";"Com vítima";"230,000";"BR-116/SP";"Decrescente";"Choque";1;0;0;0;0;0;0;0;0;0;0;6;0;0;0
"22/09/2024";"03:41:00";"107";"Sem vítima";"20,000";"BR-101/SP";"Crescente";"Choque";1;0;0;0;0;0;0;0;0;0;1;0;0;0;0
"22/09/2024";"06:10:00";"162";"Com vítima";"416,400";"BR-101/SP";"Crescente";"Choque";1;0;0;0;0;0;0;0;0;0;6;3;0;0;0
"22/09/2024";"06:13:00";"163";"Sem vítima";"102,000";"BR-116/SP";"Crescente";"Engavetamento";1;0;0;0;0;0;0;0;0;0;8;0;0;0;0
"22/09/2024";"06:27:00";"171";"Com vítima";"227,800";"BR-116/SP";"Decrescente";"Colisão traseira";2;0;0;0;0;0;0;0;0;0;4;2;0;0;0
"22/09/2024";"07:17:00";"188";"Sem vítima";"136,800";"BR-116/SP";"Decrescente";"Engavetamento";2;0;0;0;0;0;0;0;0;0;2;0;0;0;0
"22/09/2024";"07:45:00";"201";"Com vítima";"320,700";"BR-116/SP";"Crescente";"Choque";1;0;0;0;0;0;0;0;0;0;0;2;0;0;0
"22/09/2024";"09:12:00";"235";"Com vítima";"244,900";"BR-116/SP";"Decrescente";"Capotamento";1;0;0;0;0;0;0;0;0;0;0;3;0;0;0
"22/09/2024";"09:18:00";"237";"Com vítima";"392,000";"BR-101/SP";"Decrescente";"Acidentes de outra natureza";0;0;0;1;0;0;0;0;0;0;0;2;0;0;0
"22/09/2024";"11:23:00";"282";"Sem vítima";"155,100";"BR-116/SP";"Crescente";"Engavetamento";3;0;0;0;0;0;0;0;0;1;18;0;0;0;0
"22/09/2024";"11:26:00";"283";"Com vítima";"491,000";"BR-101/SP";"Decrescente";"Acidentes de outra natureza";0;0;0;1;0;0;0;0;0;0;0;1;0;0;0
"22/09/2024";"12:24:00";"318";"Sem vítima";"88,700";"BR-116/SP";"Decrescente";"Colisão lateral em sentido contrário";2;0;0;0;0;0;0;0;0;0;12;0;0;0;0
"22/09/2024";"01:10:00";"340";"Com vítima";"418,000";"BR-101/SP";"Crescente";"Colisão traseira";2;0;0;0;0;0;0;0;0;0;6;2;0;0;0
"22/09/2024";"01:23:00";"348";"Sem vítima";"310,000";"BR-116/SP";"Decrescente";"Colisão traseira";1;0;1;0;0;0;0;0;0;0;8;0;0;0;0
"22/09/2024";"04:10:00";"435";"Com vítima";"64,700";"BR-116/SP";"Decrescente";"Colisão lateral em sentido contrário";1;0;0;1;0;0;0;0;0;0;1;0;1;1;0
"22/09/2024";"04:18:00";"440";"Sem vítima";"102,400";"BR-116/SP";"Decrescente";"Choque";1;0;0;0;0;0;0;0;0;0;1;0;0;0;0
"22/09/2024";"04:26:00";"445";"Sem vítima";"425,500";"BR-101/SP";"Crescente";"Colisão lateral em sentido contrário";1;0;0;0;0;0;0;0;0;0;1;0;0;0;0
"22/09/2024";"04:39:00";"453";"Sem vítima";"266,500";"BR-116/SP";"Crescente";"Colisão lateral em sentido contrário";1;0;0;0;0;0;0;0;0;0;2;0;0;0;0
"22/09/2024";"04:47:00";"457";"Sem vítima";"311,400";"BR-116/SP";"Crescente";"Colisão lateral em sentido contrário";1;0;0;1;0;0;0;0;0;0;4;0;0;0;0
"22/09/2024";"06:56:00";"501";"Sem vítima";"195,200";"BR-116/SP";"Decrescente";"Colisão traseira";1;0;1;0;0;0;0;0;0;0;2;0;0;0;0
"22/09/2024";"07:09:00";"504";"Com vítima";"507,900";"BR-101/SP";"Crescente";"Atropelamento de pedestre";1;1;0;0;0;0;0;0;0;0;1;0;0;0;0
"22/09/2024";"08:01:00";"514";"Com vítima";"172,300";"BR-116/SP";"Decrescente";"Colisão traseira";2;0;0;0;0;0;0;0;0;0;6;0;2;0;0
"22/09/2024";"09:00:00";"34";"Com vítima";"103,900";"BR-116/SP";"Decrescente";"Colisão traseira";0;0;2;0;0;0;0;0;0;0;3;3;0;0;0
"22/09/2024";"09:55:00";"49";"Sem vítima";"68,100";"BR-116/SP";"Crescente";"Colisão traseira";1;0;0;0;0;0;0;0;0;0;24;0;0;0;0
"23/09/2024";"02:18:00";"92";"Sem vítima";"401,000";"BR-101/SP";"Decrescente";"Atropelamento de pedestre";1;0;0;0;0;0;0;0;0;0;3;0;0;0;0
"23/09/2024";"03:00:00";"106";"Com vítima";"557,000";"BR-101/SP";"Crescente";"Choque";1;0;0;0;0;0;0;0;0;0;2;2;4;0;0
"23/09/2024";"03:57:00";"166";"Sem vítima";"225,000";"BR-116/SP";"Crescente";"Colisão traseira";1;0;0;0;0;0;0;0;0;1;4;0;0;0;0
"23/09/2024";"05:08:00";"255";"Sem vítima";"140,900";"BR-116/SP";"Decrescente";"Engavetamento";1;0;0;0;0;0;0;0;0;0;1;0;0;0;0
"23/09/2024";"05:48:00";"288";"Com vítima";"214,000";"BR-116/SP";"Crescente";"Colisão traseira";1;0;0;1;0;0;0;0;0;0;0;0;4;0;0
"23/09/2024";"08:22:00";"411";"Sem vítima";"224,000";"BR-116/SP";"Decrescente";"Choque";1;0;0;0;0;0;0;0;0;0;2;0;0;0;0
"23/09/2024";"09:38:00";"451";"Com vítima";"474,000";"BR-101/SP";"Crescente";"Acidentes de outra natureza";0;0;0;1;0;0;0;0;0;0;0;2;0;0;0
"23/09/2024";"10:13:00";"465";"Sem vítima";"247,000";"BR-116/SP";"Decrescente";"Choque";1;0;0;0;0;0;0;0;0;0;8;0;0;0;0
"23/09/2024";"11:29:00";"503";"Sem vítima";"212,800";"BR-116/SP";"Crescente";"Choque";1;0;0;0;0;0;0;0;0;0;2;0;0;0;0
"23/09/2024";"12:29:00";"539";"Com vítima";"74,600";"BR-116/SP";"Crescente";"Colisão traseira";0;0;0;1;0;0;0;0;0;0;0;0;4;0;0
"23/09/2024";"12:32:00";"548";"Com vítima";"164,400";"BR-116/SP";"Crescente";"Acidentes de outra natureza";0;0;0;1;0;0;0;0;0;0;0;1;1;0;0
"23/09/2024";"12:59:00";"563";"Com vítima";"155,700";"BR-116/SP";"Decrescente";"Colisão lateral em sentido contrário";0;0;0;1;0;0;0;0;0;0;0;0;0;3;0
"23/09/2024";"02:20:00";"578";"Com vítima";"490,000";"BR-101/SP";"Crescente";"Acidentes de outra natureza";0;0;0;1;0;0;0;0;0;0;0;0;0;1;0
"23/09/2024";"02:22:00";"599";"Com vítima";"208,500";"BR-116/SP";"Decrescente";"Colisão traseira";1;0;0;1;0;0;0;0;0;0;2;0;1;0;0
"23/09/2024";"02:33:00";"607";"Com vítima";"230,900";"BR-116/SP";"Decrescente";"Colisão traseira";1;0;0;1;0;0;0;0;0;1;4;2;0;0;0
"23/09/2024";"02:36:00";"608";"Com vítima";"230,800";"BR-116/SP";"Decrescente";"Colisão traseira";0;0;0;2;0;0;0;0;0;0;0;2;2;0;0
"23/09/2024";"03:46:00";"657";"Sem vítima";"135,500";"BR-116/SP";"Decrescente";"Capotamento";1;0;0;0;0;0;0;0;0;0;3;0;0;0;0
"23/09/2024";"04:06:00";"669";"Com vítima";"113,800";"BR-116/SP";"Crescente";"Acidentes de outra natureza";0;0;0;1;0;0;0;0;0;0;1;0;1;0;0
"23/09/2024";"05:15:00";"700";"Com vítima";"149,400";"BR-116/SP";"Decrescente";"Atropelamento de pedestre";0;0;0;0;0;0;0;0;0;0;0;0;0;0;0
"23/09/2024";"05:45:00";"721";"Sem vítima";"116,500";"BR-116/SP";"Decrescente";"Engavetamento";2;0;1;0;0;0;0;0;0;0;6;0;0;0;0
"23/09/2024";"08:11:00";"770";"Sem vítima";"142,700";"BR-116/SP";"Decrescente";"Colisão lateral em sentido contrário";1;0;0;0;0;0;0;0;0;0;4;0;0;0;0
"23/09/2024";"08:52:00";"44";"Com vítima";"402,100";"BR-101/SP";"Decrescente";"Atropelamento de pedestre";1;0;0;0;0;0;0;0;0;0;3;1;0;0;0
"23/09/2024";"09:01:00";"34";"Sem vítima";"413,300";"BR-101/SP";"Decrescente";"Acidentes de outra natureza";1;0;0;0;0;0;0;0;0;0;2;0;0;0;0
"23/09/2024";"11:53:00";"64";"Sem vítima";"122,100";"BR-116/SP";"Crescente";"Colisão lateral em sentido contrário";1;0;0;0;0;0;0;0;0;0;3;0;0;0;0
"24/09/2024";"02:12:00";"512";"Com vítima";"223,000";"BR-116/SP";"Crescente";"Colisão traseira";2;0;0;0;0;0;0;0;0;0;3;6;0;0;0
"24/09/2024";"03:12:00";"133";"Com vítima";"416,100";"BR-101/SP";"Crescente";"Colisão lateral em sentido contrário";1;0;1;0;0;0;0;0;0;0;4;2;0;0;0
"24/09/2024";"04:07:00";"205";"Sem vítima";"222,000";"BR-116/SP";"Crescente";"Engavetamento";2;0;0;0;0;0;0;0;0;0;9;0;0;0;0
"24/09/2024";"04:11:00";"212";"Com vítima";"230,500";"BR-116/SP";"Decrescente";"Choque";1;0;0;0;0;0;0;0;0;0;0;2;0;0;0
"24/09/2024";"04:11:00";"215";"Com vítima";"108,850";"BR-116/SP";"Crescente";"Colisão lateral em sentido contrário";1;0;0;1;0;0;0;0;0;0;1;0;1;0;0
"24/09/2024";"05:18:00";"274";"Sem vítima";"102,000";"BR-116/SP";"Crescente";"Colisão traseira";1;0;0;0;0;0;0;0;0;0;2;0;0;0;0
"24/09/2024";"05:59:00";"315";"Com vítima";"326,400";"BR-116/SP";"Crescente";"Choque";0;0;0;1;0;0;0;0;0;0;0;0;6;0;0
"24/09/2024";"06:38:00";"356";"Com vítima";"134,900";"BR-116/SP";"Crescente";"Acidentes de outra natureza";0;0;0;1;0;0;0;0;0;0;0;1;0;1;0
"24/09/2024";"06:46:00";"366";"Com vítima";"223,000";"BR-116/SP";"Decrescente";"Colisão lateral em sentido contrário";1;0;0;1;0;0;0;0;0;0;2;2;0;0;0
"24/09/2024";"08:07:00";"415";"Sem vítima";"212,000";"BR-116/SP";"Decrescente";"Colisão lateral em sentido contrário";1;0;1;0;0;0;0;0;0;0;12;0;0;0;0
"24/09/2024";"09:29:00";"463";"Com vítima";"279,100";"BR-116/SP";"Crescente";"Choque";1;0;0;0;0;0;0;0;0;0;0;0;0;1;0
"24/09/2024";"09:36:00";"466";"Sem vítima";"213,000";"BR-116/SP";"Decrescente";"Colisão lateral em sentido contrário";1;0;0;0;0;0;0;1;0;0;8;0;0;0;0
"24/09/2024";"12:00:00";"562";"Sem vítima";"154,000";"BR-116/SP";"Crescente";"Colisão lateral em sentido contrário";1;0;0;0;0;0;0;1;0;0;9;0;0;0;0
"24/09/2024";"02:03:00";"624";"Sem vítima";"227,600";"BR-116/SP";"Crescente";"Colisão lateral em sentido contrário";1;0;0;0;0;0;0;0;0;0;9;0;0;0;0
"24/09/2024";"05:46:00";"753";"Com vítima";"382,000";"BR-101/SP";"Crescente";"Acidentes de outra natureza";1;0;0;0;0;0;0;0;0;0;0;1;0;0;0
"24/09/2024";"05:58:00";"759";"Sem vítima";"117,550";"BR-116/SP";"Crescente";"Choque";1;0;0;0;0;0;0;0;0;0;2;0;0;0;0
"24/09/2024";"07:07:00";"782";"Com vítima";"222,000";"BR-116/SP";"Decrescente";"Colisão lateral em sentido contrário";1;0;0;1;0;0;0;0;0;0;2;0;1;0;0
"24/09/2024";"09:00:00";"99";"Sem vítima";"49,900";"BR-116/SP";"Crescente";"Choque";0;0;1;0;0;0;0;0;0;0;3;0;0;0;0
"24/09/2024";"09:00:00";"726";"Sem vítima";"477,000";"BR-101/SP";"Crescente";"Colisão traseira";2;0;0;0;0;0;0;0;0;0;4;0;0;0;0
"24/09/2024";"11:52:00";"69";"Sem vítima";"123,100";"BR-116/SP";"Crescente";"Atropelamento de pedestre";0;0;1;0;0;0;0;0;0;0;2;0;0;0;0
"25/09/2024";"12:21:00";"75";"Sem vítima";"123,500";"BR-116/SP";"Crescente";"Atropelamento de pedestre";0;0;1;0;0;0;0;0;0;0;1;0;0;0;0
"25/09/2024";"03:53:00";"196";"Sem vítima";"201,000";"BR-116/SP";"Decrescente";"Colisão lateral em sentido contrário";2;0;0;0;0;0;0;0;0;0;8;0;0;0;0
"25/09/2024";"03:57:00";"200";"Com vítima";"431,000";"BR-101/SP";"Crescente";"Acidentes de outra natureza";0;0;0;1;0;0;0;0;0;0;0;0;1;0;0
"25/09/2024";"04:29:00";"250";"Sem vítima";"106,000";"BR-116/SP";"Crescente";"Choque";1;0;0;0;0;0;0;0;0;0;6;0;0;0;0
"25/09/2024";"04:40:00";"263";"Sem vítima";"20,200";"BR-116/SP";"Crescente";"Colisão lateral em sentido contrário";0;0;0;0;0;0;0;1;0;0;0;0;0;0;0
"25/09/2024";"06:15:00";"359";"Sem vítima";"254,500";"BR-116/SP";"Crescente";"Choque";0;0;1;0;0;0;0;0;0;0;0;0;0;0;0
"25/09/2024";"06:59:00";"399";"Com vítima";"482,000";"BR-101/SP";"Crescente";"Colisão lateral em sentido contrário";1;0;0;1;0;0;0;0;0;0;1;1;0;0;0
"25/09/2024";"07:07:00";"408";"Sem vítima";"71,000";"BR-116/SP";"Crescente";"Colisão traseira";0;0;1;0;0;0;0;0;0;0;2;0;0;0;0
"25/09/2024";"07:40:00";"382";"Com vítima";"219,800";"BR-116/SP";"Crescente";"Colisão lateral em sentido contrário";1;0;0;1;0;0;0;0;0;0;6;3;0;0;0
"25/09/2024";"07:43:00";"444";"Sem vítima";"116,400";"BR-116/SP";"Crescente";"Engavetamento";1;0;1;0;0;0;0;1;0;0;8;0;0;0;0
"25/09/2024";"07:53:00";"451";"Com vítima";"147,800";"BR-116/SP";"Crescente";"Colisão traseira";0;0;0;1;0;0;0;0;0;0;0;2;0;0;0
"25/09/2024";"08:13:00";"458";"Com vítima";"67,000";"BR-116/SP";"Decrescente";"Acidentes de outra natureza";0;0;0;1;0;0;0;0;0;0;0;6;0;0;0
"25/09/2024";"10:21:00";"527";"Sem vítima";"288,600";"BR-116/SP";"Crescente";"Colisão lateral em sentido contrário";0;0;1;0;0;0;0;1;0;0;2;0;0;0;0
"25/09/2024";"10:30:00";"530";"Sem vítima";"199,000";"BR-116/SP";"Crescente";"Colisão traseira";0;0;1;0;0;0;0;1;0;0;6;0;0;0;0
"25/09/2024";"10:47:00";"544";"Com vítima";"43,900";"BR-101/SP";"Decrescente";"Colisão lateral em sentido contrário";1;0;0;1;0;0;0;0;0;0;2;0;2;0;0
"25/09/2024";"12:07:00";"592";"Sem vítima";"281,800";"BR-116/SP";"Decrescente";"Choque";1;0;0;0;0;0;0;0;0;0;2;0;0;0;0
"25/09/2024";"12:42:00";"616";"Sem vítima";"74,000";"BR-116/SP";"Crescente";"Colisão lateral em sentido contrário";1;0;0;0;0;0;0;0;0;1;3;0;0;0;0
"25/09/2024";"02:41:00";"689";"Sem vítima";"25,000";"BR-101/SP";"Decrescente";"Choque";1;0;0;0;0;0;0;0;0;0;2;0;0;0;0
"25/09/2024";"02:45:00";"692";"Sem vítima";"147,100";"BR-116/SP";"Decrescente";"Colisão lateral em sentido contrário";1;0;0;0;0;0;0;1;0;0;3;0;0;0;0
"25/09/2024";"02:56:00";"700";"Com vítima";"212,000";"BR-116/SP";"Crescente";"Acidentes de outra natureza";0;0;0;1;0;0;0;0;0;0;0;1;0;0;0
"25/09/2024";"03:06:00";"703";"Com vítima";"226,100";"BR-116/SP";"Decrescente";"Colisão lateral em sentido contrário";0;0;0;1;0;0;0;0;0;0;0;2;0;0;0
"25/09/2024";"03:18:00";"712";"Sem vítima";"81,900";"BR-116/SP";"Decrescente";"Colisão lateral em sentido contrário";0;0;1;0;0;1;0;0;0;1;8;0;0;0;0
"25/09/2024";"03:52:00";"736";"Com vítima";"77,000";"BR-116/SP";"Crescente";"Capotamento";2;0;0;0;0;0;0;0;0;0;0;2;0;0;0
"25/09/2024";"04:47:00";"770";"Com vítima";"231,000";"BR-116/SP";"Decrescente";"Acidentes de outra natureza";0;0;0;1;0;0;0;0;0;0;0;1;0;0;0
"25/09/2024";"05:01:00";"778";"Sem vítima";"110,000";"BR-116/SP";"Decrescente";"Colisão lateral em sentido contrário";1;0;1;0;0;0;0;0;0;0;8;0;0;0;0
"25/09/2024";"08:23:00";"860";"Sem vítima";"183,500";"BR-116/SP";"Crescente";"Colisão traseira";0;0;2;0;0;0;0;0;0;0;3;0;0;0;0
"25/09/2024";"09:00:00";"755";"Com vítima";"304,900";"BR-116/SP";"Crescente";"Colisão traseira";0;0;2;0;0;0;0;0;0;0;1;1;0;0;0
"26/09/2024";"12:09:00";"66";"Com vítima";"95,000";"BR-116/SP";"Decrescente";"Choque";1;0;0;0;0;0;0;0;0;0;0;6;0;0;0
"26/09/2024";"03:15:00";"127";"Sem vítima";"217,050";"BR-116/SP";"Decrescente";"Colisão traseira";0;0;1;0;0;0;0;0;0;1;28;0;0;0;0
"26/09/2024";"04:16:00";"187";"Com vítima";"219,000";"BR-116/SP";"Decrescente";"Colisão traseira";0;0;0;1;0;0;0;0;0;0;0;0;1;0;0
"26/09/2024";"04:43:00";"219";"Sem vítima";"148,000";"BR-116/SP";"Decrescente";"Engavetamento";3;0;0;0;0;0;0;0;0;0;4;0;0;0;0
"26/09/2024";"06:32:00";"327";"Com vítima";"74,000";"BR-116/SP";"Crescente";"Colisão traseira";2;0;0;0;0;0;0;0;0;0;6;3;0;0;0
"26/09/2024";"06:42:00";"332";"Sem vítima";"320,900";"BR-116/SP";"Decrescente";"Colisão traseira";2;0;0;0;0;0;0;0;0;0;10;0;0;0;0
"26/09/2024";"07:21:00";"354";"Com vítima";"155,000";"BR-116/SP";"Crescente";"Engavetamento";0;0;1;0;0;0;0;1;0;0;2;2;0;0;0
"26/09/2024";"08:04:00";"398";"Com vítima";"150,000";"BR-116/SP";"Crescente";"Colisão traseira";0;0;0;0;0;0;0;2;0;0;1;0;1;0;0
"26/09/2024";"08:14:00";"404";"Com vítima";"225,000";"BR-116/SP";"Decrescente";"Colisão traseira";1;0;0;1;0;0;0;0;0;0;3;3;0;0;0
"26/09/2024";"08:37:00";"411";"Com vítima";"533,000";"BR-101/SP";"Crescente";"Colisão lateral em sentido contrário";2;0;0;0;0;0;0;0;0;0;4;4;0;0;0
"26/09/2024";"09:25:00";"430";"Sem vítima";"220,000";"BR-116/SP";"Decrescente";"Choque";0;0;1;0;0;0;0;0;0;0;3;0;0;0;0
"26/09/2024";"09:37:00";"439";"Sem vítima";"228,800";"BR-116/SP";"Crescente";"Colisão traseira";0;0;0;0;0;0;0;1;0;0;3;0;0;0;0
"26/09/2024";"11:32:00";"522";"Sem vítima";"324,900";"BR-116/SP";"Crescente";"Colisão traseira";0;0;2;0;0;0;0;0;0;0;6;0;0;0;0
"26/09/2024";"11:37:00";"529";"Com vítima";"227,000";"BR-116/SP";"Decrescente";"Acidentes de outra natureza";0;0;0;1;0;0;0;0;0;0;0;2;2;0;0
"26/09/2024";"03:20:00";"651";"Com vítima";"224,800";"BR-116/SP";"Decrescente";"Engavetamento";1;0;0;2;0;0;0;0;0;0;2;0;1;0;0
"26/09/2024";"03:34:00";"660";"Com vítima";"108,400";"BR-116/SP";"Crescente";"Acidentes de outra natureza";0;0;0;1;0;0;0;0;0;0;0;0;1;0;0
"26/09/2024";"07:21:00";"773";"Com vítima";"573,900";"BR-101/SP";"Decrescente";"Colisão frontal";1;0;0;1;0;0;0;0;0;0;15;5;0;0;0
"26/09/2024";"07:39:00";"784";"Sem vítima";"56,300";"BR-116/SP";"Crescente";"Colisão traseira";1;0;1;0;0;0;0;0;0;0;2;0;0;0;0
"26/09/2024";"08:42:00";"801";"Sem vítima";"225,100";"BR-116/SP";"Crescente";"Colisão lateral em sentido contrário";1;0;0;0;0;0;0;0;0;0;1;0;0;0;0
"26/09/2024";"09:06:00";"36";"Com vítima";"203,000";"BR-116/SP";"Crescente";"Colisão traseira";0;0;2;0;0;0;0;0;0;0;1;1;0;0;0
"26/09/2024";"10:34:00";"60";"Com vítima";"325,900";"BR-116/SP";"Crescente";"Colisão traseira";0;0;1;0;1;0;0;0;0;0;24;10;5;2;1
"27/09/2024";"01:25:00";"87";"Com vítima";"401,200";"BR-101/SP";"Crescente";"Atropelamento de pedestre";1;0;0;0;0;0;0;0;0;0;0;0;12;0;0
"27/09/2024";"02:12:00";"101";"Com vítima";"162,000";"BR-116/SP";"Crescente";"Colisão traseira";0;0;1;1;0;0;0;0;0;0;3;3;0;0;0
"27/09/2024";"06:50:00";"360";"Sem vítima";"87,600";"BR-116/SP";"Crescente";"Colisão lateral em sentido contrário";1;0;1;0;0;0;0;0;0;0;8;0;0;0;0
"27/09/2024";"06:55:00";"363";"Com vítima";"482,000";"BR-101/SP";"Decrescente";"Colisão traseira";1;0;0;1;0;0;0;0;0;0;3;3;0;0;0
"27/09/2024";"07:20:00";"378";"Com vítima";"215,500";"BR-116/SP";"Crescente";"Colisão lateral em sentido contrário";2;0;1;0;0;0;0;0;0;0;6;2;0;0;0
"27/09/2024";"08:30:00";"411";"Sem vítima";"88,000";"BR-116/SP";"Crescente";"Colisão lateral em sentido contrário";1;0;1;0;0;0;0;0;0;0;8;0;0;0;0
"27/09/2024";"10:54:00";"491";"Sem vítima";"445,000";"BR-101/SP";"Decrescente";"Choque";2;0;0;0;0;0;0;0;0;0;3;0;0;0;0
"27/09/2024";"10:55:00";"492";"Com vítima";"41,000";"BR-101/SP";"Crescente";"Colisão transversal";1;0;0;1;0;0;0;0;0;0;0;3;3;0;0
"27/09/2024";"02:35:00";"605";"Com vítima";"116,200";"BR-116/SP";"Decrescente";"Colisão traseira";2;0;0;0;0;0;0;0;0;0;5;1;0;0;0
"27/09/2024";"03:05:00";"625";"Sem vítima";"389,000";"BR-101/SP";"Crescente";"Colisão lateral em sentido contrário";1;0;1;0;0;0;0;0;0;0;10;0;0;0;0
"27/09/2024";"03:10:00";"628";"Sem vítima";"477,500";"BR-101/SP";"Crescente";"Engavetamento";3;0;0;0;0;0;0;0;0;0;3;0;0;0;0
"27/09/2024";"03:19:00";"633";"Com vítima";"222,700";"BR-116/SP";"Crescente";"Colisão lateral em sentido contrário";1;0;0;1;0;0;0;0;0;0;3;6;0;0;0
"27/09/2024";"03:46:00";"653";"Sem vítima";"392,700";"BR-101/SP";"Decrescente";"Engavetamento";5;0;0;0;0;0;0;0;0;0;15;0;0;0;0
"27/09/2024";"04:04:00";"670";"Sem vítima";"149,700";"BR-116/SP";"Crescente";"Engavetamento";3;0;0;0;0;0;0;0;0;0;4;0;0;0;0
"27/09/2024";"04:41:00";"687";"Com vítima";"225,500";"BR-116/SP";"Decrescente";"Colisão traseira";0;0;0;1;0;0;0;0;0;0;0;1;0;0;0
"27/09/2024";"05:51:00";"732";"Sem vítima";"479,950";"BR-101/SP";"Crescente";"Colisão traseira";2;0;0;0;0;0;0;0;0;0;4;0;0;0;0
"27/09/2024";"06:31:00";"752";"Com vítima";"213,800";"BR-116/SP";"Crescente";"Choque";1;0;0;0;0;0;0;0;0;0;2;4;0;0;0
"27/09/2024";"06:52:00";"760";"Sem vítima";"596,300";"BR-101/SP";"Decrescente";"Choque";1;0;0;0;0;0;0;0;0;0;2;0;0;0;0
"27/09/2024";"08:59:00";"788";"Sem vítima";"528,000";"BR-101/SP";"Crescente";"Capotamento";1;0;0;0;0;0;0;0;0;0;5;0;0;0;0