data;horario;n_da_ocorrencia;tipo_de_ocorrencia;km;trecho;sentido;tipo_de_acidente;automovel;bicicleta;caminhao;moto;onibus;outros;tracao_animal;transporte_de_cargas_especiais;trator_maquinas;utilitarios;ilesos;levemente_feridos;moderadamente_feridos;gravemente_feridos;mortos
"27/09/2024";"09:00:00";"304";"Com vítima";"409,400";"BR-101/SP";"Decrescente";"Colisão lateral em sentido contrário";2;0;0;1;0;0;0;0;0;0;9;3;0;0;0
"27/09/2024";"09:00:00";"513";"Com vítima";"294,500";"BR-116/SP";"Decrescente";"Choque";1;0;0;0;0;0;0;0;0;0;0;0;1;0;0
"27/09/2024";"09:39:00";"39";"Sem vítima";"218,400";"BR-116/SP";"Crescente";"Choque";1;0;0;0;0;0;0;0;0;0;2;0;0;0;0
"28/09/2024";"12:07:00";"71";"Com vítima";"68,500";"BR-116/SP";"Decrescente";"Colisão lateral em sentido contrário";2;0;0;0;0;0;0;0;0;0;6;3;0;0;0
"28/09/2024";"01:50:00";"90";"Com vítima";"282,800";"BR-116/SP";"Decrescente";"Tombamento";0;0;1;0;0;1;0;0;0;0;9;12;0;0;0
"28/09/2024";"02:17:00";"97";"Sem vítima";"225,300";"BR-116/SP";"Decrescente";"Colisão traseira";1;0;0;0;0;0;0;0;0;0;2;0;0;0;0
"28/09/2024";"04:08:00";"174";"Sem vítima";"221,300";"BR-116/SP";"Decrescente";"Choque";1;0;0;0;0;0;0;0;0;0;15;0;0;0;0
"28/09/2024";"04:29:00";"190";"Com vítima";"223,800";"BR-116/SP";"Crescente";"Colisão traseira";1;0;0;1;0;0;0;0;0;0;3;3;0;0;0
"28/09/2024";"07:09:00";"299";"Com vítima";"112,500";"BR-116/SP";"Decrescente";"Colisão traseira";2;0;0;0;0;0;0;0;0;0;6;0;1;0;0
"28/09/2024";"07:43:00";"317";"Com vítima";"37,000";"BR-116/SP";"Decrescente";"Acidentes de outra natureza";0;0;0;1;0;0;0;0;0;0;0;2;0;0;0
"28/09/2024";"08:17:00";"337";"Sem vítima";"93,000";"BR-116/SP";"Decrescente";"Choque";0;0;0;1;0;0;0;0;0;0;1;0;0;0;0
"28/09/2024";"10:15:00";"385";"Com vítima";"499,000";"BR-101/SP";"Crescente";"Colisão frontal";2;0;0;0;0;0;0;0;0;0;6;0;4;0;0
"28/09/2024";"11:34:00";"421";"Sem vítima";"155,000";"BR-116/SP";"Crescente";"Colisão traseira";2;0;0;0;0;0;0;0;0;0;8;0;0;0;0
"28/09/2024";"11:35:00";"422";"Com vítima";"105,000";"BR-116/SP";"Crescente";"Colisão traseira";1;0;0;1;0;0;0;0;0;0;0;0;2;0;0
"28/09/2024";"01:21:00";"477";"Sem vítima";"215,200";"BR-116/SP";"Decrescente";"Colisão traseira";1;0;0;1;0;0;0;0;0;0;9;0;0;0;0
"28/09/2024";"01:27:00";"479";"Sem vítima";"253,000";"BR-116/SP";"Decrescente";"Choque";1;0;0;0;0;0;0;0;0;0;2;0;0;0;0
"28/09/2024";"03:50:00";"547";"Sem vítima";"119,400";"BR-116/SP";"Crescente";"Colisão traseira";2;0;0;0;0;0;0;0;0;0;6;0;0;0;0
"28/09/2024";"04:37:00";"562";"Sem vítima";"568,800";"BR-101/SP";"Decrescente";"Capotamento";1;0;0;0;0;0;0;0;0;0;10;0;0;0;0
"28/09/2024";"06:01:00";"599";"Sem vítima";"146,800";"BR-116/SP";"Decrescente";"Colisão lateral em sentido contrário";1;0;0;0;0;0;0;1;0;0;3;0;0;0;0
"28/09/2024";"06:04:00";"601";"Sem vítima";"119,000";"BR-116/SP";"Crescente";"Colisão lateral em sentido contrário";1;0;0;0;0;0;0;0;0;0;3;0;0;0;0
"28/09/2024";"06:36:00";"606";"Com vítima";"423,000";"BR-101/SP";"Decrescente";"Colisão frontal";3;0;0;0;0;0;0;0;0;0;2;1;0;0;0
"28/09/2024";"09:00:00";"269";"Sem vítima";"144,200";"BR-116/SP";"Decrescente";"Choque";1;0;0;0;0;0;0;0;0;0;5;0;0;0;0
"28/09/2024";"09:17:00";"35";"Com vítima";"225,600";"BR-116/SP";"Crescente";"Colisão traseira";2;0;0;0;0;0;0;0;0;0;3;1;0;0;0
"28/09/2024";"09:44:00";"42";"Com vítima";"505,000";"BR-101/SP";"Decrescente";"Capotamento";1;0;0;0;0;0;0;0;0;0;0;2;0;0;0
"28/09/2024";"11:33:00";"63";"Sem vítima";"485,000";"BR-101/SP";"Decrescente";"Choque";1;0;0;0;0;0;0;0;0;0;5;0;0;0;0
"28/09/2024";"11:35:00";"64";"Com vítima";"217,800";"BR-116/SP";"Decrescente";"Choque";0;0;1;0;0;0;0;0;0;0;0;3;0;0;0
"28/09/2024";"11:55:00";"67";"Com vítima";"381,000";"BR-101/SP";"Crescente";"Colisão traseira";1;0;0;1;0;0;0;0;0;0;0;0;1;0;0
"29/09/2024";"12:57:00";"76";"Com vítima";"6,900";"BR-116/SP";"Decrescente";"Choque";1;0;0;0;0;0;0;0;0;0;0;1;0;0;0
"29/09/2024";"01:37:00";"83";"Sem vítima";"172,600";"BR-116/SP";"Crescente";"Atropelamento de pedestre";1;0;0;0;0;0;0;1;0;0;9;0;0;0;0
"29/09/2024";"02:48:00";"95";"Com vítima";"217,800";"BR-116/SP";"Decrescente";"Acidentes de outra natureza";0;0;0;1;0;0;0;0;0;0;0;0;6;0;0
"29/09/2024";"07:22:00";"254";"Sem vítima";"162,000";"BR-116/SP";"Decrescente";"Choque";1;0;0;0;0;0;0;0;0;0;4;0;0;0;0
"29/09/2024";"11:07:00";"356";"Sem vítima";"79,100";"BR-116/SP";"Crescente";"Colisão traseira";2;0;0;0;0;0;0;0;0;0;16;0;0;0;0
"29/09/2024";"11:10:00";"357";"Sem vítima";"129,100";"BR-116/SP";"Crescente";"Colisão traseira";2;0;0;0;0;0;0;0;0;0;9;0;0;0;0
"29/09/2024";"11:19:00";"366";"Sem vítima";"128,700";"BR-116/SP";"Crescente";"Colisão traseira";1;0;0;0;1;0;0;0;0;0;183;0;0;0;0
"29/09/2024";"12:06:00";"397";"Sem vítima";"83,000";"BR-116/SP";"Crescente";"Colisão lateral em sentido contrário";2;0;0;0;1;0;0;0;0;0;116;0;0;0;0
"29/09/2024";"12:21:00";"400";"Com vítima";"155,000";"BR-116/SP";"Crescente";"Engavetamento";2;0;0;0;0;0;0;0;0;0;18;3;0;0;0
"29/09/2024";"12:21:00";"401";"Com vítima";"224,000";"BR-116/SP";"Crescente";"Colisão traseira";2;0;0;1;0;0;0;0;0;0;2;1;0;0;0
"29/09/2024";"01:15:00";"430";"Sem vítima";"117,350";"BR-116/SP";"Crescente";"Choque";1;0;0;0;0;0;0;0;0;0;4;0;0;0;0
"29/09/2024";"04:24:00";"530";"Sem vítima";"329,000";"BR-116/SP";"Decrescente";"Choque";1;0;0;0;0;0;0;0;0;0;4;0;0;0;0
"29/09/2024";"04:25:00";"531";"Com vítima";"145,100";"BR-116/SP";"Crescente";"Engavetamento";2;0;0;0;0;0;0;0;0;0;3;1;0;0;0
"29/09/2024";"04:31:00";"534";"Com vítima";"57,400";"BR-116/SP";"Crescente";"Acidentes de outra natureza";0;0;0;1;0;0;0;0;0;0;0;0;1;0;0
"29/09/2024";"06:06:00";"571";"Com vítima";"47,500";"BR-101/SP";"Decrescente";"Colisão traseira";1;0;0;1;0;0;0;0;0;0;2;1;0;0;0
"29/09/2024";"06:46:00";"588";"Com vítima";"409,900";"BR-101/SP";"Decrescente";"Colisão traseira";0;0;0;1;0;0;0;0;0;0;0;0;2;0;0
"29/09/2024";"07:53:00";"608";"Com vítima";"158,800";"BR-116/SP";"Crescente";"Choque";1;0;0;0;0;0;0;0;0;0;0;4;0;0;0
"29/09/2024";"09:00:00";"120";"Sem vítima";"33,800";"BR-116/SP";"Decrescente";"Choque";1;0;0;0;0;0;0;0;0;0;1;0;0;0;0
"29/09/2024";"09:00:00";"428";"Com vítima";"312,200";"BR-116/SP";"Decrescente";"Colisão lateral em sentido contrário";1;0;0;1;0;0;0;0;0;0;4;0;4;0;0
"29/09/2024";"09:00:00";"519";"Sem vítima";"221,000";"BR-116/SP";"Decrescente";"Colisão traseira";1;0;1;0;0;0;0;0;0;0;9;0;0;0;0
"29/09/2024";"09:34:00";"39";"Sem vítima";"7,050";"BR-116/SP";"Decrescente";"Choque";1;0;0;0;0;0;0;0;0;0;0;0;0;0;0
"29/09/2024";"10:57:00";"60";"Sem vítima";"224,400";"BR-116/SP";"Decrescente";"Choque";1;0;0;0;0;0;0;0;0;0;0;0;0;0;0
"29/09/2024";"11:11:00";"62";"Sem vítima";"412,000";"BR-101/SP";"Decrescente";"Choque";1;0;0;0;0;0;0;0;0;0;2;0;0;0;0
"30/09/2024";"01:08:00";"85";"Com vítima";"509,000";"BR-101/SP";"Crescente";"Capotamento";1;0;0;0;0;0;0;0;0;0;4;2;0;0;0
"30/09/2024";"04:08:00";"219";"Sem vítima";"140,700";"BR-116/SP";"Crescente";"Colisão traseira";1;0;0;0;0;0;0;0;0;0;6;0;0;0;0
"30/09/2024";"04:47:00";"274";"Sem vítima";"223,000";"BR-116/SP";"Crescente";"Colisão traseira";1;0;0;0;0;0;0;0;0;0;2;0;0;0;0
"30/09/2024";"04:55:00";"285";"Com vítima";"138,000";"BR-116/SP";"Decrescente";"Capotamento";1;0;0;0;0;0;0;0;0;0;0;0;2;0;0
"30/09/2024";"04:57:00";"289";"Com vítima";"50,900";"BR-101/SP";"Crescente";"Colisão traseira";1;0;0;1;0;0;0;0;0;0;2;2;0;0;0
"30/09/2024";"05:27:00";"328";"Sem vítima";"155,000";"BR-116/SP";"Crescente";"Engavetamento";2;0;0;0;0;0;0;0;0;0;4;0;0;0;0
"30/09/2024";"05:53:00";"350";"Sem vítima";"140,600";"BR-116/SP";"Decrescente";"Colisão traseira";0;0;0;1;0;0;0;0;0;0;2;0;0;0;0
"30/09/2024";"09:00:00";"448";"Sem vítima";"149,400";"BR-116/SP";"Decrescente";"Colisão traseira";1;0;1;0;0;0;0;0;0;0;9;0;0;0;0
"30/09/2024";"09:11:00";"458";"Sem vítima";"270,900";"BR-116/SP";"Decrescente";"Colisão traseira";1;0;1;0;0;0;0;0;0;0;6;0;0;0;0
"30/09/2024";"10:18:00";"486";"Com vítima";"41,100";"BR-101/SP";"Decrescente";"Colisão frontal";0;0;0;2;0;0;0;0;0;0;0;0;0;2;2
"30/09/2024";"11:02:00";"522";"Com vítima";"221,000";"BR-116/SP";"Crescente";"Acidentes de outra natureza";0;0;0;1;0;0;0;0;0;0;0;1;1;0;0
"30/09/2024";"11:17:00";"532";"Com vítima";"167,000";"BR-116/SP";"Decrescente";"Colisão traseira";1;0;0;1;0;0;0;0;0;0;2;1;0;0;0
"30/09/2024";"11:55:00";"557";"Com vítima";"97,500";"BR-116/SP";"Crescente";"Colisão traseira";1;0;0;0;0;0;0;1;0;0;2;2;0;0;0
"30/09/2024";"12:52:00";"561";"Sem vítima";"558,000";"BR-101/SP";"Crescente";"Choque";1;0;0;0;0;0;0;0;0;0;1;0;0;0;0
"30/09/2024";"01:08:00";"600";"Sem vítima";"136,000";"BR-116/SP";"Decrescente";"Colisão traseira";1;0;0;0;0;0;0;1;0;0;4;0;0;0;0
"30/09/2024";"01:12:00";"602";"Com vítima";"216,600";"BR-116/SP";"Decrescente";"Colisão traseira";0;0;0;2;0;0;0;0;0;0;2;6;0;0;0
"30/09/2024";"01:16:00";"604";"Sem vítima";"232,200";"BR-116/SP";"Crescente";"Colisão traseira";0;0;1;0;0;0;0;0;0;0;3;0;0;0;0
"30/09/2024";"03:14:00";"660";"Sem vítima";"10,500";"BR-116/SP";"Decrescente";"Colisão lateral em sentido contrário";1;0;0;0;0;0;0;0;0;1;2;0;0;0;0
"30/09/2024";"03:45:00";"673";"Com vítima";"416,000";"BR-101/SP";"Decrescente";"Colisão lateral em sentido contrário";0;0;0;2;0;0;0;0;0;0;0;3;0;0;0
"30/09/2024";"03:49:00";"690";"Com vítima";"224,400";"BR-116/SP";"Decrescente";"Colisão traseira";1;0;0;1;0;0;0;0;0;0;2;1;0;0;0
"30/09/2024";"05:02:00";"716";"Sem vítima";"146,900";"BR-116/SP";"Crescente";"Colisão lateral em sentido contrário";1;0;0;0;0;0;0;1;0;0;2;0;0;0;0
"30/09/2024";"05:49:00";"742";"Sem vítima";"272,000";"BR-116/SP";"Crescente";"Choque";0;0;1;0;0;0;0;0;0;0;0;0;0;0;0
"30/09/2024";"07:40:00";"785";"Sem vítima";"229,400";"BR-116/SP";"Crescente";"Colisão lateral em sentido contrário";1;0;0;0;0;0;0;1;0;0;2;0;0;0;0
"30/09/2024";"11:05:00";"66";"Sem vítima";"229,000";"BR-116/SP";"Crescente";"Choque";1;0;0;0;0;0;0;0;0;0;4;0;0;0;0
"01/10/2024";"02:39:00";"113";"Com vítima";"429,000";"BR-101/SP";"Crescente";"Colisão lateral em sentido contrário";1;0;0;1;0;0;0;0;0;0;1;1;0;0;0
"01/10/2024";"03:20:00";"145";"Com vítima";"222,000";"BR-116/SP";"Crescente";"Colisão traseira";0;0;0;1;0;0;0;0;0;0;0;2;0;0;0
"01/10/2024";"03:49:00";"181";"Sem vítima";"211,800";"BR-116/SP";"Crescente";"Choque";1;0;0;0;0;0;0;0;0;0;2;0;0;0;0
"01/10/2024";"03:56:00";"187";"Com vítima";"142,100";"BR-116/SP";"Decrescente";"Colisão traseira";0;0;0;1;0;0;0;0;0;0;0;3;0;0;0
"01/10/2024";"05:02:00";"258";"Com vítima";"43,000";"BR-101/SP";"Crescente";"Acidentes de outra natureza";0;0;0;1;0;0;0;0;0;0;0;1;0;0;0
"01/10/2024";"05:50:00";"307";"Com vítima";"164,000";"BR-116/SP";"Decrescente";"Acidentes de outra natureza";0;0;0;1;0;0;0;0;0;0;0;2;0;0;0
"01/10/2024";"08:07:00";"400";"Com vítima";"217,500";"BR-116/SP";"Crescente";"Engavetamento";5;0;2;0;0;0;0;0;0;0;7;0;1;0;0
"01/10/2024";"08:19:00";"403";"Com vítima";"565,000";"BR-101/SP";"Decrescente";"Colisão lateral em sentido contrário";1;0;1;0;0;0;0;0;0;0;4;4;0;0;0
"01/10/2024";"08:39:00";"422";"Sem vítima";"50,500";"BR-116/SP";"Crescente";"Engavetamento";0;0;3;0;0;0;0;0;0;1;16;0;0;0;0
"01/10/2024";"10:15:00";"459";"Sem vítima";"542,000";"BR-101/SP";"Decrescente";"Colisão lateral em sentido contrário";1;0;0;0;0;0;0;0;0;0;2;0;0;0;0
"01/10/2024";"11:26:00";"492";"Com vítima";"473,000";"BR-101/SP";"Crescente";"Colisão lateral em sentido contrário";0;0;0;2;0;0;0;0;0;0;0;1;1;0;0
"01/10/2024";"11:31:00";"494";"Com vítima";"222,000";"BR-116/SP";"Decrescente";"Engavetamento";1;0;0;2;0;0;0;0;0;0;2;4;2;0;0
"01/10/2024";"11:41:00";"502";"Com vítima";"416,000";"BR-101/SP";"Decrescente";"Acidentes de outra natureza";0;0;0;1;0;0;0;0;0;0;1;0;1;0;0
"01/10/2024";"12:10:00";"525";"Com vítima";"231,300";"BR-116/SP";"Decrescente";"Tombamento";0;0;1;0;0;0;0;0;0;0;6;3;0;0;0
"01/10/2024";"12:27:00";"533";"Com vítima";"155,200";"BR-116/SP";"Decrescente";"Acidentes de outra natureza";0;0;0;1;0;0;0;0;0;0;0;2;0;0;0
"01/10/2024";"12:47:00";"543";"Sem vítima";"53,000";"BR-116/SP";"Crescente";"Colisão lateral em sentido contrário";0;0;1;0;0;0;0;0;0;1;6;0;0;0;0
"01/10/2024";"02:41:00";"610";"Com vítima";"217,500";"BR-116/SP";"Decrescente";"Colisão traseira";0;0;1;1;0;0;0;0;0;0;0;0;2;0;0
"01/10/2024";"02:46:00";"614";"Com vítima";"161,100";"BR-116/SP";"Decrescente";"Colisão traseira";1;0;0;1;0;0;0;0;0;0;4;2;0;0;0
"01/10/2024";"03:21:00";"643";"Com vítima";"282,350";"BR-116/SP";"Decrescente";"Acidentes de outra natureza";0;0;0;1;0;0;0;0;0;0;0;0;1;0;0
"01/10/2024";"03:48:00";"662";"Sem vítima";"556,800";"BR-101/SP";"Decrescente";"Atropelamento de pedestre";1;0;0;0;0;0;0;0;0;0;10;0;0;0;0
"01/10/2024";"04:58:00";"691";"Sem vítima";"274,550";"BR-116/SP";"Crescente";"Atropelamento de pedestre";0;0;1;0;0;0;0;0;0;0;1;0;0;0;0
"01/10/2024";"06:16:00";"720";"Com vítima";"145,800";"BR-116/SP";"Decrescente";"Colisão traseira";2;0;0;0;0;0;0;0;0;0;2;1;0;0;0
"01/10/2024";"07:34:00";"749";"Com vítima";"395,100";"BR-101/SP";"Crescente";"Colisão traseira";2;0;0;0;0;0;0;0;0;0;2;0;4;0;0
"01/10/2024";"08:59:00";"774";"Com vítima";"314,500";"BR-116/SP";"Crescente";"Colisão traseira";1;0;0;0;0;0;0;0;0;0;0;4;0;0;0
"02/10/2024";"12:55:00";"80";"Sem vítima";"230,900";"BR-116/SP";"Decrescente";"Colisão traseira";0;0;2;0;0;0;0;0;0;0;4;0;0;0;0
"02/10/2024";"02:11:00";"100";"Com vítima";"235,750";"BR-116/SP";"Crescente";"Acidentes de outra natureza";1;0;0;0;0;0;0;0;0;0;0;1;0;0;0
"02/10/2024";"02:43:00";"115";"Com vítima";"125,000";"BR-116/SP";"Crescente";"Colisão traseira";1;0;1;0;0;0;0;0;0;0;12;3;0;0;0
"02/10/2024";"03:34:00";"173";"Com vítima";"211,500";"BR-116/SP";"Crescente";"Colisão traseira";1;0;0;1;0;0;0;0;0;0;3;0;3;0;0
"02/10/2024";"03:41:00";"179";"Sem vítima";"271,000";"BR-116/SP";"Decrescente";"Colisão traseira";2;0;0;0;0;0;0;0;0;0;2;0;0;0;0
"02/10/2024";"04:14:00";"220";"Com vítima";"215,800";"BR-116/SP";"Crescente";"Choque";0;0;0;1;0;0;0;0;0;0;0;2;0;0;0
"02/10/2024";"04:57:00";"261";"Sem vítima";"218,000";"BR-116/SP";"Crescente";"Colisão lateral em sentido contrário";1;0;0;1;0;0;0;0;0;0;2;0;0;0;0
"02/10/2024";"05:31:00";"293";"Sem vítima";"90,000";"BR-116/SP";"Crescente";"Choque";1;0;0;0;0;0;0;0;0;0;2;0;0;0;0
"02/10/2024";"05:36:00";"297";"Com vítima";"223,000";"BR-116/SP";"Decrescente";"Acidentes de outra natureza";0;0;0;1;0;0;0;0;0;0;0;0;3;0;0
"02/10/2024";"06:04:00";"325";"Sem vítima";"135,100";"BR-116/SP";"Crescente";"Colisão traseira";0;0;0;0;0;0;0;0;0;1;3;0;0;0;0
"02/10/2024";"06:23:00";"345";"Com vítima";"228,800";"BR-116/SP";"Crescente";"Colisão traseira";1;0;0;1;0;0;0;0;0;0;3;0;3;0;0
"02/10/2024";"06:34:00";"351";"Sem vítima";"145,000";"BR-116/SP";"Crescente";"Engavetamento";3;0;0;0;0;0;0;0;0;0;6;0;0;0;0
"02/10/2024";"07:14:00";"373";"Sem vítima";"412,000";"BR-101/SP";"Decrescente";"Capotamento";1;0;0;0;0;0;0;0;0;0;5;0;0;0;0
"02/10/2024";"08:00:00";"402";"Com vítima";"405,000";"BR-101/SP";"Crescente";"Acidentes de outra natureza";0;0;0;1;0;0;0;0;0;0;0;4;0;0;0
"02/10/2024";"09:55:00";"481";"Sem vítima";"305,000";"BR-116/SP";"Decrescente";"Colisão lateral em sentido contrário";1;0;1;0;0;0;0;0;0;0;2;0;0;0;0
"02/10/2024";"10:05:00";"486";"Com vítima";"267,900";"BR-116/SP";"Crescente";"Choque";1;0;0;0;0;0;0;0;0;0;0;0;2;0;0
"02/10/2024";"10:37:00";"501";"Sem vítima";"195,000";"BR-116/SP";"Crescente";"Colisão traseira";2;0;0;0;0;0;0;0;0;0;4;0;0;0;0
"02/10/2024";"12:33:00";"568";"Com vítima";"39,000";"BR-116/SP";"Decrescente";"Choque";1;0;0;0;0;0;0;0;0;0;0;0;1;0;0
"02/10/2024";"01:21:00";"599";"Com vítima";"397,500";"BR-101/SP";"Crescente";"Colisão traseira";1;0;0;0;0;0;0;0;0;0;0;1;0;0;0
"02/10/2024";"01:40:00";"611";"Sem vítima";"311,700";"BR-116/SP";"Decrescente";"Colisão traseira";1;0;0;0;0;0;0;0;0;0;2;0;0;0;0
"02/10/2024";"01:58:00";"622";"Com vítima";"406,000";"BR-101/SP";"Decrescente";"Acidentes de outra natureza";0;0;0;1;0;0;0;0;0;0;0;0;0;1;0
"02/10/2024";"02:46:00";"643";"Sem vítima";"294,500";"BR-116/SP";"Decrescente";"Choque";0;0;1;0;0;0;0;0;0;0;2;0;0;0;0
"02/10/2024";"03:32:00";"676";"Sem vítima";"261,300";"BR-116/SP";"Crescente";"Engavetamento";4;0;0;0;0;0;0;0;0;0;5;0;0;0;0
"02/10/2024";"04:11:00";"707";"Sem vítima";"37,600";"BR-116/SP";"Decrescente";"Colisão traseira";1;0;1;0;0;0;0;0;0;0;2;0;0;0;0
"02/10/2024";"04:23:00";"715";"Com vítima";"434,300";"BR-101/SP";"Crescente";"Acidentes de outra natureza";1;0;0;1;0;0;0;0;0;0;0;1;1;0;0
"02/10/2024";"05:09:00";"736";"Com vítima";"164,800";"BR-116/SP";"Decrescente";"Colisão traseira";1;0;0;0;0;0;0;1;0;0;1;1;0;0;0
"02/10/2024";"05:46:00";"746";"Com vítima";"199,600";"BR-116/SP";"Crescente";"Colisão traseira";1;0;1;0;0;0;0;0;0;0;1;1;0;0;0
"02/10/2024";"07:19:00";"782";"Com vítima";"526,200";"BR-101/SP";"Decrescente";"Acidentes de outra natureza";1;0;0;0;0;0;0;0;0;0;0;4;0;0;0
"02/10/2024";"10:03:00";"54";"Com vítima";"83,800";"BR-116/SP";"Crescente";"Capotamento";1;0;0;0;0;0;0;0;0;0;4;0;2;0;0
"02/10/2024";"11:35:00";"73";"Sem vítima";"45,900";"BR-116/SP";"Decrescente";"Colisão traseira";1;0;1;0;0;0;0;0;0;0;4;0;0;0;0
"03/10/2024";"03:16:00";"155";"Com vítima";"281,600";"BR-116/SP";"Crescente";"Tombamento";0;0;0;0;0;0;0;1;0;0;0;0;5;0;0
"03/10/2024";"03:35:00";"182";"Com vítima";"506,000";"BR-101/SP";"Crescente";"Acidentes de outra natureza";0;0;0;1;0;0;0;0;0;0;0;2;0;0;0
"03/10/2024";"04:09:00";"231";"Sem vítima";"281,600";"BR-116/SP";"Crescente";"Acidentes de outra natureza";0;0;0;2;0;0;0;0;0;0;3;0;0;0;0
"03/10/2024";"06:57:00";"405";"Com vítima";"281,600";"BR-116/SP";"Crescente";"Colisão traseira";2;0;0;0;0;0;0;0;0;0;1;1;0;0;0
"03/10/2024";"09:53:00";"495";"Com vítima";"228,100";"BR-116/SP";"Decrescente";"Tombamento";0;0;1;0;0;0;0;0;0;0;0;0;3;0;0
"03/10/2024";"12:40:00";"576";"Com vítima";"595,000";"BR-101/SP";"Decrescente";"Capotamento";0;0;0;0;0;0;0;0;0;1;0;4;0;0;0
"03/10/2024";"01:25:00";"602";"Com vítima";"422,000";"BR-101/SP";"Crescente";"Colisão frontal";2;0;0;0;0;0;0;0;0;0;0;1;2;0;0
"03/10/2024";"01:39:00";"607";"Sem vítima";"155,500";"BR-116/SP";"Crescente";"Colisão frontal";1;0;0;0;0;0;0;1;0;0;3;0;0;0;0
"03/10/2024";"02:31:00";"628";"Com vítima";"275,000";"BR-116/SP";"Decrescente";"Colisão traseira";1;0;0;0;0;0;0;0;0;0;0;0;1;0;0
"03/10/2024";"03:10:00";"654";"Sem vítima";"565,000";"BR-101/SP";"Crescente";"Choque";1;0;0;0;0;0;0;0;0;0;6;0;0;0;0
"03/10/2024";"05:03:00";"707";"Sem vítima";"152,000";"BR-116/SP";"Crescente";"Engavetamento";1;0;2;0;0;0;0;0;0;0;3;0;0;0;0
"03/10/2024";"05:08:00";"711";"Com vítima";"554,600";"BR-101/SP";"Crescente";"Colisão frontal";0;0;0;2;0;0;0;0;0;0;1;0;1;0;0
"03/10/2024";"05:23:00";"720";"Com vítima";"427,000";"BR-101/SP";"Decrescente";"Colisão frontal";1;0;0;0;0;0;0;0;0;1;0;0;6;4;0
"03/10/2024";"06:50:00";"757";"Com vítima";"288,600";"BR-116/SP";"Decrescente";"Acidentes de outra natureza";0;0;0;1;0;0;0;0;0;0;0;4;0;0;0
"03/10/2024";"08:00:00";"782";"Sem vítima";"73,000";"BR-116/SP";"Decrescente";"Colisão traseira";1;0;2;0;0;0;0;0;0;0;15;0;0;0;0
"03/10/2024";"08:57:00";"800";"Com vítima";"324,500";"BR-116/SP";"Decrescente";"Choque";1;0;0;0;0;0;0;0;0;0;0;4;0;0;0
"03/10/2024";"09:00:00";"233";"Com vítima";"222,000";"BR-116/SP";"Crescente";"Colisão lateral em sentido contrário";1;0;0;1;0;0;0;0;0;0;5;0;5;0;0
"03/10/2024";"09:00:00";"652";"Sem vítima";"570,800";"BR-101/SP";"Crescente";"Choque";0;0;0;0;0;0;0;0;0;1;4;0;0;0;0
"03/10/2024";"09:45:00";"44";"Com vítima";"228,700";"BR-116/SP";"Decrescente";"Colisão traseira";0;0;0;1;0;0;0;0;0;0;0;0;5;0;0
"03/10/2024";"09:51:00";"45";"Sem vítima";"515,000";"BR-101/SP";"Decrescente";"Choque";1;0;0;0;0;0;0;0;0;0;6;0;0;0;0
"04/10/2024";"12:26:00";"68";"Sem vítima";"408,000";"BR-101/SP";"Decrescente";"Capotamento";0;0;0;0;0;0;0;0;0;1;4;0;0;0;0
"04/10/2024";"01:05:00";"77";"Sem vítima";"382,000";"BR-101/SP";"Decrescente";"Choque";0;0;0;0;0;0;0;0;0;1;2;0;0;0;0
"04/10/2024";"03:30:00";"153";"Sem vítima";"211,300";"BR-116/SP";"Crescente";"Colisão lateral em sentido contrário";1;0;0;1;0;0;0;0;0;0;0;0;0;0;0
"04/10/2024";"03:40:00";"118";"Com vítima";"64,900";"BR-116/SP";"Crescente";"Capotamento";1;0;0;0;0;0;0;0;0;0;0;1;0;0;0
"04/10/2024";"04:13:00";"193";"Sem vítima";"515,000";"BR-101/SP";"Crescente";"Colisão frontal";2;0;0;0;0;0;0;0;0;0;6;0;0;0;0
"04/10/2024";"04:17:00";"202";"Sem vítima";"234,000";"BR-116/SP";"Decrescente";"Capotamento";1;0;0;0;0;0;0;0;0;0;5;0;0;0;0
"04/10/2024";"04:23:00";"210";"Sem vítima";"90,000";"BR-116/SP";"Crescente";"Choque";1;0;0;0;0;0;0;0;0;0;15;0;0;0;0
"04/10/2024";"04:41:00";"236";"Sem vítima";"232,000";"BR-116/SP";"Decrescente";"Choque";0;0;1;0;0;0;0;0;0;0;3;0;0;0;0
"04/10/2024";"04:41:00";"237";"Sem vítima";"232,400";"BR-116/SP";"Decrescente";"Choque";1;0;0;0;0;0;0;0;0;0;2;0;0;0;0
"04/10/2024";"05:30:00";"285";"Sem vítima";"101,600";"BR-116/SP";"Decrescente";"Engavetamento";4;0;0;0;0;0;0;0;0;0;18;0;0;0;0
"04/10/2024";"07:35:00";"361";"Com vítima";"338,800";"BR-116/SP";"Crescente";"Colisão traseira";0;0;0;1;0;0;0;1;0;0;5;0;0;0;5