data;horario;n_da_ocorrencia;tipo_de_ocorrencia;km;trecho;sentido;tipo_de_acidente;automovel;bicicleta;caminhao;moto;onibus;outros;tracao_animal;transporte_de_cargas_especiais;trator_maquinas;utilitarios;ilesos;levemente_feridos;moderadamente_feridos;gravemente_feridos;mortos
"04/10/2024";"08:09:00";"382";"Com vítima";"11,000";"BR-116/SP";"Crescente";"Choque";0;0;1;0;0;0;0;0;0;0;5;5;0;0;0
"04/10/2024";"08:18:00";"386";"Sem vítima";"331,000";"BR-116/SP";"Decrescente";"Choque";0;0;1;0;0;0;0;0;0;0;2;0;0;0;0
"04/10/2024";"08:31:00";"396";"Sem vítima";"231,500";"BR-116/SP";"Crescente";"Engavetamento";3;0;0;0;0;0;0;0;0;0;10;0;0;0;0
"04/10/2024";"08:54:00";"405";"Sem vítima";"214,000";"BR-116/SP";"Decrescente";"Colisão traseira";1;0;0;0;0;0;0;0;0;0;7;0;0;0;0
"04/10/2024";"09:38:00";"418";"Sem vítima";"284,000";"BR-116/SP";"Decrescente";"Choque";1;0;0;0;0;0;0;0;0;0;2;0;0;0;0
"04/10/2024";"09:41:00";"419";"Sem vítima";"281,600";"BR-116/SP";"Decrescente";"Choque";1;0;0;0;0;0;0;0;0;0;4;0;0;0;0
"04/10/2024";"10:47:00";"449";"Sem vítima";"284,000";"BR-116/SP";"Decrescente";"Colisão traseira";2;0;0;0;0;0;0;0;0;0;2;0;0;0;0
"04/10/2024";"11:43:00";"480";"Com vítima";"230,000";"BR-116/SP";"Crescente";"Acidentes de outra natureza";0;0;0;1;0;0;0;0;0;0;0;0;3;0;0
"04/10/2024";"12:15:00";"497";"Sem vítima";"430,000";"BR-101/SP";"Crescente";"Choque";1;0;0;0;0;0;0;0;0;0;4;0;0;0;0
"04/10/2024";"12:33:00";"507";"Sem vítima";"222,000";"BR-116/SP";"Decrescente";"Colisão traseira";1;0;0;0;1;0;0;0;0;0;122;0;0;0;0
"04/10/2024";"12:52:00";"515";"Sem vítima";"233,900";"BR-116/SP";"Decrescente";"Choque";1;0;0;0;0;0;0;0;0;0;1;0;0;0;0
"04/10/2024";"01:14:00";"529";"Com vítima";"142,800";"BR-116/SP";"Crescente";"Acidentes de outra natureza";0;0;0;1;0;0;0;0;0;0;0;0;2;0;0
"04/10/2024";"01:29:00";"539";"Com vítima";"142,800";"BR-116/SP";"Crescente";"Colisão traseira";0;0;0;1;0;0;0;0;0;0;2;2;0;0;0
"04/10/2024";"01:33:00";"543";"Sem vítima";"324,200";"BR-116/SP";"Decrescente";"Choque";1;0;0;0;0;0;0;0;0;0;2;0;0;0;0
"04/10/2024";"02:17:00";"567";"Com vítima";"153,100";"BR-116/SP";"Crescente";"Colisão traseira";2;0;0;0;0;0;0;0;0;0;0;2;0;0;0
"04/10/2024";"02:21:00";"572";"Sem vítima";"473,000";"BR-101/SP";"Crescente";"Engavetamento";1;0;0;0;0;0;0;0;0;0;5;0;0;0;0
"04/10/2024";"02:53:00";"587";"Sem vítima";"264,000";"BR-116/SP";"Decrescente";"Choque";1;0;0;0;0;0;0;0;0;0;2;0;0;0;0
"04/10/2024";"03:02:00";"594";"Sem vítima";"251,500";"BR-116/SP";"Crescente";"Choque";1;0;0;0;0;0;0;0;0;0;2;0;0;0;0
"04/10/2024";"04:29:00";"637";"Com vítima";"218,300";"BR-116/SP";"Decrescente";"Choque";0;0;0;1;0;0;0;0;0;0;0;2;0;0;0
"04/10/2024";"04:46:00";"644";"Com vítima";"383,500";"BR-101/SP";"Crescente";"Choque";1;0;0;0;0;0;0;0;0;0;0;1;0;0;0
"04/10/2024";"06:20:00";"689";"Sem vítima";"438,000";"BR-101/SP";"Decrescente";"Capotamento";1;0;0;0;0;0;0;0;0;0;0;0;0;0;0
"04/10/2024";"06:32:00";"697";"Com vítima";"88,500";"BR-116/SP";"Decrescente";"Atropelamento de pedestre";0;0;0;0;0;0;0;0;0;0;0;0;1;0;0
"04/10/2024";"06:35:00";"698";"Com vítima";"230,500";"BR-116/SP";"Crescente";"Colisão lateral em sentido contrário";0;0;0;1;0;0;0;1;0;0;1;0;0;1;0
"04/10/2024";"06:45:00";"704";"Sem vítima";"436,800";"BR-101/SP";"Crescente";"Choque";0;0;1;0;0;0;0;0;0;0;2;0;0;0;0
"04/10/2024";"07:08:00";"709";"Com vítima";"218,300";"BR-116/SP";"Decrescente";"Choque";0;0;0;1;0;0;0;0;0;0;0;2;0;0;0
"04/10/2024";"07:08:00";"710";"Com vítima";"393,200";"BR-101/SP";"Crescente";"Capotamento";1;0;0;0;0;0;0;0;0;0;0;2;0;0;0
"04/10/2024";"08:52:00";"744";"Com vítima";"212,800";"BR-116/SP";"Crescente";"Colisão traseira";2;0;0;0;0;0;0;0;0;0;0;8;0;0;0
"04/10/2024";"09:05:00";"33";"Sem vítima";"229,600";"BR-116/SP";"Decrescente";"Choque";1;0;0;0;0;0;0;0;0;0;4;0;0;0;0
"04/10/2024";"10:16:00";"45";"Sem vítima";"233,150";"BR-116/SP";"Decrescente";"Choque";1;0;0;0;0;0;0;0;0;0;4;0;0;0;0
"04/10/2024";"11:55:00";"61";"Sem vítima";"103,600";"BR-116/SP";"Decrescente";"Choque";0;0;0;0;0;0;0;0;0;1;9;0;0;0;0
"05/10/2024";"12:51:00";"71";"Sem vítima";"173,600";"BR-116/SP";"Decrescente";"Choque";1;0;0;0;0;0;0;0;0;0;6;0;0;0;0
"05/10/2024";"01:04:00";"72";"Sem vítima";"273,900";"BR-116/SP";"Crescente";"Choque";1;0;0;0;0;0;0;0;0;0;1;0;0;0;0
"05/10/2024";"03:07:00";"102";"Com vítima";"251,400";"BR-116/SP";"Crescente";"Choque";1;0;0;0;0;0;0;0;0;0;2;1;0;0;0
"05/10/2024";"03:20:00";"109";"Com vítima";"223,000";"BR-116/SP";"Crescente";"Capotamento";1;0;0;0;0;0;0;0;0;0;0;0;4;0;0
"05/10/2024";"03:38:00";"119";"Com vítima";"251,400";"BR-116/SP";"Crescente";"Choque";1;0;0;0;0;0;0;0;0;0;0;1;0;0;0
"05/10/2024";"04:05:00";"136";"Sem vítima";"437,000";"BR-101/SP";"Crescente";"Choque";1;0;0;0;0;0;0;0;0;0;3;0;0;0;0
"05/10/2024";"04:20:00";"146";"Com vítima";"224,050";"BR-116/SP";"Decrescente";"Choque";1;0;0;0;0;0;0;0;0;0;3;0;0;1;0
"05/10/2024";"05:20:00";"181";"Sem vítima";"216,000";"BR-116/SP";"Crescente";"Choque";1;0;0;0;0;0;0;0;0;0;2;0;0;0;0
"05/10/2024";"05:41:00";"193";"Sem vítima";"312,000";"BR-116/SP";"Decrescente";"Colisão traseira";1;0;0;0;0;0;0;0;0;0;1;0;0;0;0
"05/10/2024";"06:34:00";"217";"Sem vítima";"109,700";"BR-116/SP";"Decrescente";"Engavetamento";3;0;0;0;0;0;0;0;0;0;10;0;0;0;0
"05/10/2024";"07:34:00";"249";"Com vítima";"216,500";"BR-116/SP";"Crescente";"Choque";1;0;0;0;0;0;0;0;0;0;0;6;0;0;0
"05/10/2024";"09:48:00";"294";"Sem vítima";"114,500";"BR-116/SP";"Decrescente";"Colisão lateral em sentido contrário";1;0;1;0;0;0;0;0;0;0;0;0;0;0;0
"05/10/2024";"10:17:00";"307";"Com vítima";"143,000";"BR-116/SP";"Crescente";"Colisão traseira";2;0;0;0;0;0;0;0;0;0;4;1;0;0;0
"05/10/2024";"10:46:00";"321";"Sem vítima";"109,900";"BR-116/SP";"Decrescente";"Engavetamento";0;0;1;0;0;0;0;1;0;0;6;0;0;0;0
"05/10/2024";"01:33:00";"380";"Com vítima";"109,000";"BR-116/SP";"Crescente";"Colisão traseira";2;0;0;0;0;0;0;0;0;0;9;3;0;0;0
"05/10/2024";"02:41:00";"406";"Com vítima";"482,900";"BR-101/SP";"Crescente";"Colisão lateral em sentido contrário";1;0;0;1;0;0;0;0;0;0;1;0;1;0;0
"05/10/2024";"03:10:00";"414";"Com vítima";"394,700";"BR-101/SP";"Decrescente";"Acidentes de outra natureza";0;0;0;1;0;0;0;0;0;0;0;2;0;0;0
"05/10/2024";"03:59:00";"431";"Sem vítima";"407,000";"BR-101/SP";"Crescente";"Choque";1;0;0;0;0;0;0;0;0;0;1;0;0;0;0
"05/10/2024";"05:13:00";"449";"Com vítima";"404,600";"BR-101/SP";"Decrescente";"Atropelamento de pedestre";0;0;0;0;0;0;0;0;0;0;0;0;0;1;0
"05/10/2024";"06:03:00";"461";"Sem vítima";"37,600";"BR-116/SP";"Decrescente";"Choque";1;0;0;0;0;0;0;0;0;0;1;0;0;0;0
"05/10/2024";"06:29:00";"475";"Com vítima";"61,500";"BR-116/SP";"Decrescente";"Capotamento";1;0;0;0;0;0;0;0;0;0;2;2;0;0;0
"05/10/2024";"06:50:00";"479";"Com vítima";"404,150";"BR-101/SP";"Decrescente";"Colisão traseira";2;0;0;0;0;0;0;0;0;0;0;28;7;0;0
"05/10/2024";"07:20:00";"488";"Sem vítima";"307,400";"BR-116/SP";"Crescente";"Colisão lateral em sentido contrário";2;0;0;0;0;0;0;0;0;0;0;0;0;0;0
"05/10/2024";"07:36:00";"494";"Com vítima";"60,000";"BR-116/SP";"Decrescente";"Colisão lateral em sentido contrário";1;0;0;1;0;0;0;0;0;0;4;8;0;0;0
"05/10/2024";"11:55:00";"61";"Com vítima";"441,000";"BR-101/SP";"Decrescente";"Choque";1;0;0;0;0;0;0;0;0;0;0;1;0;0;0
"06/10/2024";"01:20:00";"72";"Sem vítima";"383,300";"BR-101/SP";"Crescente";"Choque";1;0;0;0;0;0;0;0;0;0;1;0;0;0;0
"06/10/2024";"01:46:00";"75";"Sem vítima";"114,800";"BR-116/SP";"Crescente";"Choque";1;0;0;0;0;0;0;0;0;0;0;0;0;0;0
"06/10/2024";"02:53:00";"84";"Sem vítima";"51,000";"BR-116/SP";"Decrescente";"Choque";1;0;0;0;0;0;0;0;0;0;5;0;0;0;0
"06/10/2024";"05:29:00";"131";"Com vítima";"256,300";"BR-116/SP";"Crescente";"Acidentes de outra natureza";0;0;0;1;0;0;0;0;0;0;0;1;0;0;0
"06/10/2024";"07:51:00";"185";"Com vítima";"146,300";"BR-116/SP";"Decrescente";"Tombamento";0;0;0;0;0;0;0;1;0;0;0;1;0;0;0
"06/10/2024";"09:12:00";"223";"Com vítima";"194,000";"BR-116/SP";"Decrescente";"Colisão frontal";2;0;0;0;0;0;0;0;0;0;6;2;0;0;0
"06/10/2024";"09:16:00";"224";"Com vítima";"156,400";"BR-116/SP";"Crescente";"Acidentes de outra natureza";0;0;0;1;0;0;0;0;0;0;0;2;0;0;0
"06/10/2024";"10:16:00";"243";"Com vítima";"110,000";"BR-116/SP";"Decrescente";"Acidentes de outra natureza";0;0;0;1;0;0;0;0;0;0;0;0;2;0;0
"06/10/2024";"10:35:00";"250";"Sem vítima";"45,000";"BR-101/SP";"Decrescente";"Colisão lateral em sentido contrário";1;0;0;0;0;0;0;0;0;0;3;0;0;0;0
"06/10/2024";"04:34:00";"393";"Sem vítima";"259,700";"BR-116/SP";"Crescente";"Choque";1;0;0;0;0;0;0;0;0;0;2;0;0;0;0
"06/10/2024";"04:40:00";"397";"Com vítima";"204,700";"BR-116/SP";"Crescente";"Colisão traseira";0;0;1;1;1;0;0;0;0;0;26;0;0;1;0
"06/10/2024";"04:47:00";"402";"Com vítima";"294,700";"BR-116/SP";"Decrescente";"Atropelamento de pedestre";0;0;0;0;0;0;0;0;0;0;0;0;0;0;1
"06/10/2024";"04:52:00";"404";"Sem vítima";"114,900";"BR-116/SP";"Crescente";"Colisão lateral em sentido contrário";1;0;0;0;0;0;0;0;0;0;3;0;0;0;0
"06/10/2024";"06:13:00";"431";"Sem vítima";"412,500";"BR-101/SP";"Decrescente";"Colisão frontal";1;0;0;0;0;0;0;0;0;0;4;0;0;0;0
"06/10/2024";"06:25:00";"436";"Com vítima";"308,400";"BR-116/SP";"Decrescente";"Colisão traseira";0;0;0;1;0;0;0;1;0;0;2;2;2;0;0
"06/10/2024";"06:59:00";"444";"Sem vítima";"336,000";"BR-116/SP";"Crescente";"Choque";1;0;0;0;0;0;0;0;0;0;0;0;0;0;0
"06/10/2024";"07:25:00";"451";"Com vítima";"467,800";"BR-101/SP";"Crescente";"Colisão frontal";1;0;0;1;0;0;0;0;0;0;2;0;0;1;0
"06/10/2024";"08:46:00";"471";"Sem vítima";"413,000";"BR-101/SP";"Decrescente";"Colisão traseira";2;0;0;0;0;0;0;0;0;0;16;0;0;0;0
"06/10/2024";"10:24:00";"53";"Com vítima";"229,500";"BR-116/SP";"Crescente";"Atropelamento de pedestre";1;0;0;0;0;0;0;0;0;0;4;0;1;0;0
"07/10/2024";"03:45:00";"161";"Sem vítima";"231,000";"BR-116/SP";"Decrescente";"Choque";0;0;1;0;0;0;0;0;0;0;3;0;0;0;0
"07/10/2024";"05:03:00";"248";"Com vítima";"203,000";"BR-116/SP";"Crescente";"Acidentes de outra natureza";0;0;0;1;0;0;0;0;0;0;0;6;0;0;0
"07/10/2024";"05:56:00";"298";"Com vítima";"223,200";"BR-116/SP";"Crescente";"Colisão lateral em sentido contrário";1;0;0;1;0;0;0;0;0;0;2;2;0;0;0
"07/10/2024";"06:26:00";"327";"Com vítima";"263,500";"BR-116/SP";"Decrescente";"Atropelamento de pedestre";1;0;0;0;0;0;0;0;0;0;0;0;2;0;0
"07/10/2024";"06:46:00";"244";"Com vítima";"218,500";"BR-116/SP";"Crescente";"Colisão lateral em sentido contrário";1;0;0;1;0;0;0;0;0;0;3;3;0;0;0
"07/10/2024";"08:16:00";"276";"Com vítima";"218,000";"BR-116/SP";"Crescente";"Colisão traseira";1;0;0;1;0;0;0;0;0;0;2;2;0;0;0
"07/10/2024";"08:41:00";"402";"Sem vítima";"133,000";"BR-116/SP";"Decrescente";"Engavetamento";1;0;1;0;0;0;0;1;0;0;4;0;0;0;0
"07/10/2024";"09:45:00";"429";"Com vítima";"34,000";"BR-116/SP";"Crescente";"Acidentes de outra natureza";0;0;0;1;0;0;0;0;0;0;0;0;2;0;0
"07/10/2024";"10:03:00";"436";"Sem vítima";"284,000";"BR-116/SP";"Decrescente";"Colisão traseira";0;0;1;0;0;0;0;0;0;1;4;0;0;0;0
"07/10/2024";"10:48:00";"457";"Sem vítima";"503,000";"BR-101/SP";"Decrescente";"Acidentes de outra natureza";1;0;0;0;0;0;0;0;0;0;1;0;0;0;0
"07/10/2024";"02:42:00";"587";"Sem vítima";"150,000";"BR-116/SP";"Decrescente";"Engavetamento";0;0;1;0;0;0;0;0;0;0;1;0;0;0;0
"07/10/2024";"03:27:00";"612";"Com vítima";"404,300";"BR-101/SP";"Crescente";"Atropelamento de pedestre";1;0;0;1;0;0;0;0;0;0;2;2;0;0;0
"08/10/2024";"02:03:00";"82";"Sem vítima";"84,000";"BR-116/SP";"Decrescente";"Capotamento";1;0;0;0;0;0;0;0;0;0;5;0;0;0;0
"08/10/2024";"02:23:00";"93";"Com vítima";"308,500";"BR-116/SP";"Decrescente";"Colisão traseira";0;0;0;0;1;0;0;1;0;0;3;0;3;0;0
"08/10/2024";"04:49:00";"250";"Sem vítima";"144,000";"BR-116/SP";"Crescente";"Colisão traseira";1;0;0;0;0;0;0;0;0;0;0;0;0;0;0
"08/10/2024";"05:22:00";"288";"Com vítima";"212,000";"BR-116/SP";"Crescente";"Colisão traseira";1;0;0;1;0;0;0;0;0;0;9;3;0;0;0
"08/10/2024";"05:46:00";"316";"Com vítima";"210,950";"BR-116/SP";"Crescente";"Colisão lateral em sentido contrário";1;0;1;1;0;0;0;0;0;0;10;0;2;0;0
"08/10/2024";"05:50:00";"317";"Sem vítima";"266,900";"BR-116/SP";"Decrescente";"Colisão traseira";0;0;1;0;0;0;0;0;0;0;3;0;0;0;0
"08/10/2024";"06:29:00";"357";"Sem vítima";"157,500";"BR-116/SP";"Decrescente";"Colisão traseira";1;0;0;0;0;0;0;0;0;0;2;0;0;0;0
"08/10/2024";"06:33:00";"361";"Com vítima";"124,800";"BR-116/SP";"Decrescente";"Acidentes de outra natureza";0;0;0;1;0;0;0;0;0;0;0;2;0;0;0
"08/10/2024";"06:59:00";"376";"Sem vítima";"155,000";"BR-116/SP";"Crescente";"Engavetamento";0;0;1;0;0;0;0;1;0;0;4;0;0;0;0
"08/10/2024";"08:10:00";"421";"Com vítima";"247,300";"BR-116/SP";"Decrescente";"Choque";1;0;0;0;0;0;0;0;0;0;0;1;0;0;0
"08/10/2024";"08:27:00";"426";"Com vítima";"219,000";"BR-116/SP";"Decrescente";"Colisão traseira";1;0;0;0;0;0;0;0;0;0;3;6;0;0;0
"08/10/2024";"10:02:00";"484";"Sem vítima";"220,000";"BR-116/SP";"Decrescente";"Colisão lateral em sentido contrário";1;0;1;0;0;0;0;0;0;0;9;1;0;0;0
"08/10/2024";"10:16:00";"491";"Sem vítima";"86,850";"BR-116/SP";"Crescente";"Colisão traseira";1;0;0;0;0;0;0;1;0;0;10;0;0;0;0
"08/10/2024";"10:28:00";"498";"Sem vítima";"146,000";"BR-116/SP";"Decrescente";"Colisão lateral em sentido contrário";1;0;0;0;0;0;0;1;0;0;0;0;0;0;0
"08/10/2024";"12:42:00";"579";"Com vítima";"383,000";"BR-101/SP";"Crescente";"Colisão lateral em sentido contrário";2;0;0;0;0;0;0;0;0;0;1;1;1;0;0
"08/10/2024";"12:50:00";"588";"Sem vítima";"223,000";"BR-116/SP";"Decrescente";"Colisão traseira";1;0;0;0;0;0;0;0;0;0;0;0;0;0;0
"08/10/2024";"01:11:00";"604";"Com vítima";"468,200";"BR-101/SP";"Decrescente";"Colisão lateral em sentido contrário";0;0;0;1;1;0;0;0;0;0;1;1;0;0;0
"08/10/2024";"01:38:00";"623";"Com vítima";"52,100";"BR-101/SP";"Decrescente";"Atropelamento de pedestre";0;1;0;1;0;0;0;0;0;0;0;1;0;0;0
"08/10/2024";"04:05:00";"704";"Com vítima";"144,700";"BR-116/SP";"Decrescente";"Atropelamento de pedestre";0;0;0;1;0;0;0;0;0;0;0;1;0;1;0
"08/10/2024";"05:23:00";"754";"Com vítima";"188,300";"BR-116/SP";"Decrescente";"Atropelamento de pedestre";0;0;0;0;1;0;0;0;0;0;4;0;0;0;2
"08/10/2024";"08:01:00";"801";"Com vítima";"278,000";"BR-116/SP";"Decrescente";"Choque";1;0;0;0;0;0;0;0;0;0;0;3;0;0;0
"08/10/2024";"08:31:00";"807";"Sem vítima";"219,300";"BR-116/SP";"Decrescente";"Colisão lateral em sentido contrário";1;0;0;0;0;0;0;1;0;0;6;0;0;0;0
"08/10/2024";"08:49:00";"813";"Com vítima";"99,000";"BR-116/SP";"Decrescente";"Atropelamento de pedestre";0;0;0;0;0;0;0;0;0;0;0;0;0;0;1
"09/10/2024";"02:41:00";"98";"Sem vítima";"224,500";"BR-116/SP";"Crescente";"Colisão traseira";1;0;1;0;0;0;0;0;0;0;4;0;0;0;0
"09/10/2024";"03:49:00";"158";"Com vítima";"474,000";"BR-101/SP";"Decrescente";"Colisão traseira";1;0;0;1;0;0;0;0;0;0;0;0;3;0;0
"09/10/2024";"04:08:00";"186";"Sem vítima";"480,000";"BR-101/SP";"Decrescente";"Colisão lateral em sentido contrário";3;0;0;0;0;0;0;0;0;0;6;0;0;0;0
"09/10/2024";"06:02:00";"334";"Com vítima";"14,100";"BR-101/SP";"Decrescente";"Choque";0;0;0;1;0;0;0;0;0;0;0;6;6;0;0
"09/10/2024";"07:14:00";"390";"Sem vítima";"63,800";"BR-116/SP";"Crescente";"Colisão traseira";2;0;0;0;0;0;0;0;0;0;6;0;0;0;0
"09/10/2024";"09:07:00";"445";"Sem vítima";"92,000";"BR-116/SP";"Decrescente";"Colisão traseira";2;0;0;0;0;0;0;0;0;0;6;0;0;0;0
"09/10/2024";"09:28:00";"454";"Com vítima";"308,300";"BR-116/SP";"Crescente";"Choque";1;0;0;0;0;0;0;0;0;0;0;2;0;0;0
"09/10/2024";"10:04:00";"399";"Sem vítima";"148,300";"BR-116/SP";"Decrescente";"Colisão traseira";1;0;0;0;0;0;0;0;0;0;1;0;0;0;0
"09/10/2024";"10:08:00";"473";"Sem vítima";"158,000";"BR-116/SP";"Crescente";"Colisão traseira";1;0;1;0;0;0;0;0;0;0;2;0;0;0;0
"09/10/2024";"03:52:00";"637";"Sem vítima";"154,000";"BR-116/SP";"Crescente";"Acidentes de outra natureza";1;0;0;0;0;0;0;0;0;0;1;0;0;0;0
"09/10/2024";"05:10:00";"687";"Com vítima";"106,900";"BR-116/SP";"Decrescente";"Choque";0;0;1;1;0;0;0;0;0;0;1;0;2;0;0
"09/10/2024";"05:21:00";"694";"Sem vítima";"485,000";"BR-101/SP";"Crescente";"Engavetamento";3;0;0;0;0;0;0;0;0;0;7;0;0;0;0
"09/10/2024";"06:44:00";"733";"Sem vítima";"232,800";"BR-116/SP";"Decrescente";"Choque";0;0;0;0;0;0;0;0;0;1;1;0;0;0;0
"09/10/2024";"07:31:00";"754";"Sem vítima";"221,000";"BR-116/SP";"Decrescente";"Colisão lateral em sentido contrário";1;0;1;0;0;0;0;0;0;0;4;0;0;0;0
"09/10/2024";"09:00:00";"224";"Sem vítima";"144,000";"BR-116/SP";"Decrescente";"Engavetamento";2;0;0;0;0;0;0;0;0;0;2;0;0;0;0
"09/10/2024";"09:00:00";"693";"Sem vítima";"215,000";"BR-116/SP";"Decrescente";"Colisão traseira";1;0;0;0;0;0;0;0;0;0;1;0;0;0;0
"10/10/2024";"01:06:00";"88";"Com vítima";"219,400";"BR-116/SP";"Crescente";"Colisão traseira";1;0;0;1;0;0;0;0;0;0;1;1;0;0;0
"10/10/2024";"01:17:00";"91";"Sem vítima";"144,900";"BR-116/SP";"Crescente";"Colisão traseira";1;0;1;0;0;0;0;0;0;0;2;0;0;0;0
"10/10/2024";"01:49:00";"96";"Sem vítima";"254,000";"BR-116/SP";"Crescente";"Choque";1;0;0;0;0;0;0;0;0;0;4;0;0;0;0
"10/10/2024";"02:47:00";"117";"Com vítima";"283,000";"BR-116/SP";"Decrescente";"Capotamento";1;0;0;0;0;0;0;0;0;0;0;0;1;0;0
"10/10/2024";"03:01:00";"128";"Sem vítima";"435,500";"BR-101/SP";"Decrescente";"Capotamento";1;0;0;0;0;0;0;0;0;0;5;0;0;0;0
"10/10/2024";"04:04:00";"193";"Sem vítima";"233,900";"BR-116/SP";"Decrescente";"Choque";1;0;0;0;0;0;0;0;0;0;3;0;0;0;0
"10/10/2024";"04:05:00";"196";"Com vítima";"236,600";"BR-116/SP";"Crescente";"Choque";1;0;0;0;0;0;0;0;0;0;0;4;0;0;0
"10/10/2024";"04:17:00";"211";"Sem vítima";"146,000";"BR-116/SP";"Crescente";"Choque";1;0;1;0;0;0;0;0;0;0;9;0;0;0;0
"10/10/2024";"04:31:00";"219";"Sem vítima";"135,200";"BR-116/SP";"Crescente";"Colisão traseira";1;0;0;0;0;0;0;1;0;0;15;0;0;0;0
"10/10/2024";"04:43:00";"233";"Com vítima";"317,000";"BR-116/SP";"Decrescente";"Acidentes de outra natureza";0;0;0;1;0;0;0;0;0;0;0;0;4;0;0
"10/10/2024";"06:06:00";"311";"Com vítima";"311,000";"BR-116/SP";"Decrescente";"Acidentes de outra natureza";0;0;0;1;0;0;0;0;0;0;0;2;0;0;0
"10/10/2024";"06:07:00";"313";"Com vítima";"540,000";"BR-101/SP";"Crescente";"Colisão lateral em sentido contrário";4;0;0;0;0;0;0;0;0;0;0;5;0;2;0
"10/10/2024";"06:33:00";"335";"Com vítima";"385,000";"BR-101/SP";"Decrescente";"Colisão lateral em sentido contrário";2;0;0;0;0;0;0;0;0;0;1;0;1;0;0
"10/10/2024";"06:54:00";"351";"Com vítima";"242,000";"BR-116/SP";"Crescente";"Acidentes de outra natureza";0;0;1;0;0;0;0;0;0;0;0;0;3;0;0
"10/10/2024";"07:08:00";"361";"Sem vítima";"494,300";"BR-101/SP";"Decrescente";"Choque";1;0;0;0;0;0;0;0;0;0;1;0;0;0;0
"10/10/2024";"07:34:00";"379";"Sem vítima";"234,000";"BR-116/SP";"Decrescente";"Choque";1;0;0;0;0;0;0;0;0;0;3;0;0;0;0
"10/10/2024";"08:07:00";"400";"Sem vítima";"228,000";"BR-116/SP";"Decrescente";"Choque";1;0;0;0;0;0;0;0;0;0;1;0;0;0;0
"10/10/2024";"08:19:00";"408";"Sem vítima";"217,600";"BR-116/SP";"Decrescente";"Choque";0;0;0;0;0;0;0;0;0;1;1;0;0;0;0
"10/10/2024";"10:09:00";"454";"Com vítima";"318,000";"BR-116/SP";"Crescente";"Colisão traseira";0;0;0;1;0;0;0;0;0;0;0;0;1;0;0
"10/10/2024";"10:23:00";"459";"Sem vítima";"223,000";"BR-116/SP";"Decrescente";"Colisão lateral em sentido contrário";1;0;0;0;0;0;0;1;0;0;4;0;0;0;0
"10/10/2024";"11:33:00";"487";"Com vítima";"133,400";"BR-116/SP";"Crescente";"Acidentes de outra natureza";0;0;0;1;0;0;0;0;0;0;0;4;0;0;0
"10/10/2024";"12:10:00";"505";"Sem vítima";"183,000";"BR-116/SP";"Decrescente";"Choque";0;0;0;0;1;0;0;0;0;0;1;0;0;0;0
"10/10/2024";"01:13:00";"530";"Sem vítima";"116,250";"BR-116/SP";"Crescente";"Colisão traseira";0;0;0;0;0;0;0;0;0;1;0;0;0;0;0
"10/10/2024";"01:21:00";"534";"Sem vítima";"567,000";"BR-101/SP";"Crescente";"Colisão traseira";2;0;0;0;0;0;0;0;0;0;2;0;0;0;0
"10/10/2024";"04:45:00";"639";"Sem vítima";"281,300";"BR-116/SP";"Crescente";"Colisão traseira";0;0;2;0;0;0;0;0;0;0;0;0;0;0;0
"10/10/2024";"04:54:00";"646";"Sem vítima";"189,500";"BR-116/SP";"Crescente";"Atropelamento de pedestre";1;0;0;0;0;0;0;0;0;0;2;0;0;0;0
"10/10/2024";"07:43:00";"706";"Sem vítima";"314,000";"BR-116/SP";"Crescente";"Colisão lateral em sentido contrário";1;0;1;0;0;0;0;0;0;0;2;0;0;0;0
"10/10/2024";"11:09:00";"57";"Sem vítima";"190,800";"BR-116/SP";"Decrescente";"Choque";1;0;0;0;0;0;0;0;0;0;1;0;0;0;0
"11/10/2024";"12:00:00";"66";"Com vítima";"167,100";"BR-116/SP";"Decrescente";"Atropelamento de pedestre";0;1;0;0;1;0;0;0;0;0;164;0;0;0;0
"11/10/2024";"02:24:00";"88";"Sem vítima";"283,800";"BR-116/SP";"Decrescente";"Colisão traseira";1;0;0;0;0;0;0;0;0;0;6;0;0;0;0
"11/10/2024";"03:12:00";"115";"Sem vítima";"221,000";"BR-116/SP";"Decrescente";"Colisão lateral em sentido contrário";1;0;1;0;0;0;0;0;0;0;6;0;0;0;0
"11/10/2024";"03:22:00";"130";"Com vítima";"145,000";"BR-116/SP";"Decrescente";"Acidentes de outra natureza";0;0;0;1;0;0;0;0;0;0;0;1;0;0;0
"11/10/2024";"04:08:00";"167";"Com vítima";"216,100";"BR-116/SP";"Crescente";"Tombamento";1;0;0;0;0;0;0;0;0;0;0;3;0;0;0