data;horario;n_da_ocorrencia;tipo_de_ocorrencia;km;trecho;sentido;tipo_de_acidente;automovel;bicicleta;caminhao;moto;onibus;outros;tracao_animal;transporte_de_cargas_especiais;trator_maquinas;utilitarios;ilesos;levemente_feridos;moderadamente_feridos;gravemente_feridos;mortos
"11/10/2024";"05:01:00";"229";"Sem vítima";"223,500";"BR-116/SP";"Crescente";"Colisão lateral em sentido contrário";1;0;0;1;0;0;0;0;0;0;0;0;0;0;0
"11/10/2024";"05:55:00";"255";"Com vítima";"226,200";"BR-116/SP";"Crescente";"Acidentes de outra natureza";0;0;0;1;0;0;0;0;0;0;0;3;0;0;0
"11/10/2024";"09:43:00";"427";"Sem vítima";"225,000";"BR-116/SP";"Crescente";"Colisão traseira";0;0;1;0;0;0;0;0;0;0;2;0;0;0;0
"11/10/2024";"10:52:00";"459";"Com vítima";"528,000";"BR-101/SP";"Decrescente";"Capotamento";3;0;0;0;0;0;0;0;0;0;4;1;0;0;0
"11/10/2024";"12:23:00";"522";"Com vítima";"229,100";"BR-116/SP";"Crescente";"Colisão traseira";1;0;0;1;0;0;0;0;0;0;1;1;0;0;0
"11/10/2024";"12:40:00";"537";"Com vítima";"109,000";"BR-116/SP";"Decrescente";"Colisão traseira";0;0;0;1;0;0;0;0;0;0;0;2;0;0;0
"11/10/2024";"12:57:00";"549";"Sem vítima";"155,000";"BR-116/SP";"Crescente";"Engavetamento";2;0;1;0;0;0;0;0;0;0;0;0;0;0;0
"11/10/2024";"02:22:00";"600";"Sem vítima";"86,950";"BR-116/SP";"Crescente";"Colisão lateral em sentido contrário";1;0;1;0;0;0;0;0;0;0;4;0;0;0;0
"11/10/2024";"02:56:00";"617";"Com vítima";"99,300";"BR-116/SP";"Crescente";"Colisão traseira";1;0;0;1;0;0;0;0;0;0;0;0;2;0;0
"11/10/2024";"03:05:00";"625";"Com vítima";"303,700";"BR-116/SP";"Crescente";"Colisão lateral em sentido contrário";1;0;0;1;0;0;0;0;0;0;1;0;1;1;0
"11/10/2024";"03:15:00";"636";"Com vítima";"67,200";"BR-116/SP";"Crescente";"Acidentes de outra natureza";0;0;0;1;0;0;0;0;0;0;0;0;2;0;0
"11/10/2024";"03:44:00";"655";"Sem vítima";"114,700";"BR-116/SP";"Decrescente";"Colisão traseira";1;0;0;0;0;0;0;0;0;0;1;0;0;0;0
"11/10/2024";"04:06:00";"671";"Sem vítima";"67,200";"BR-116/SP";"Crescente";"Colisão traseira";1;0;0;0;0;0;0;0;0;0;1;0;0;0;0
"11/10/2024";"04:34:00";"686";"Com vítima";"91,900";"BR-116/SP";"Crescente";"Atropelamento de pedestre";0;0;0;0;0;0;0;0;0;0;0;0;2;0;0
"11/10/2024";"05:40:00";"714";"Sem vítima";"485,000";"BR-101/SP";"Crescente";"Colisão lateral em sentido contrário";2;0;0;0;0;0;0;0;0;0;2;0;0;0;0
"11/10/2024";"06:39:00";"755";"Com vítima";"382,200";"BR-101/SP";"Crescente";"Colisão traseira";1;0;0;1;0;0;0;0;0;0;4;0;2;0;0
"11/10/2024";"07:03:00";"765";"Com vítima";"583,300";"BR-101/SP";"Crescente";"Choque";1;0;0;0;0;0;0;0;0;0;7;7;0;0;0
"11/10/2024";"07:49:00";"778";"Sem vítima";"129,900";"BR-116/SP";"Decrescente";"Colisão lateral em sentido contrário";2;0;0;0;0;0;0;0;0;0;6;0;0;0;0
"11/10/2024";"08:29:00";"794";"Com vítima";"221,350";"BR-116/SP";"Decrescente";"Acidentes de outra natureza";0;0;0;1;0;0;0;0;0;0;0;0;1;0;0
"11/10/2024";"08:33:00";"795";"Com vítima";"407,600";"BR-101/SP";"Decrescente";"Colisão traseira";1;0;0;1;0;0;0;0;0;0;8;0;0;0;4
"11/10/2024";"08:50:00";"806";"Sem vítima";"324,100";"BR-116/SP";"Decrescente";"Choque";1;0;0;0;0;0;0;0;0;0;2;0;0;0;0
"11/10/2024";"09:00:00";"485";"Com vítima";"33,000";"BR-116/SP";"Decrescente";"Colisão lateral em sentido contrário";1;0;0;1;0;0;0;0;0;0;1;1;2;0;0
"11/10/2024";"09:00:00";"528";"Sem vítima";"399,000";"BR-101/SP";"Decrescente";"Choque";1;0;0;0;0;0;0;0;0;0;0;0;0;0;0
"11/10/2024";"09:15:00";"40";"Sem vítima";"223,500";"BR-116/SP";"Decrescente";"Choque";1;0;0;0;0;0;0;0;0;0;4;0;0;0;0
"11/10/2024";"09:40:00";"46";"Com vítima";"233,950";"BR-116/SP";"Decrescente";"Capotamento";1;0;0;0;0;0;0;0;0;0;0;6;0;0;0
"11/10/2024";"10:59:00";"67";"Sem vítima";"112,600";"BR-116/SP";"Decrescente";"Colisão traseira";1;0;0;1;0;0;0;0;0;0;12;0;0;0;0
"11/10/2024";"11:15:00";"73";"Com vítima";"90,200";"BR-116/SP";"Decrescente";"Atropelamento de pedestre";0;0;0;0;0;0;0;0;0;0;0;0;0;0;0
"12/10/2024";"02:19:00";"108";"Com vítima";"116,900";"BR-116/SP";"Decrescente";"Atropelamento de pedestre";1;1;0;0;0;0;0;0;0;0;2;0;0;0;0
"12/10/2024";"04:02:00";"149";"Com vítima";"118,750";"BR-116/SP";"Decrescente";"Colisão traseira";2;0;0;0;0;0;0;0;0;0;12;4;0;0;0
"12/10/2024";"04:28:00";"170";"Com vítima";"117,000";"BR-116/SP";"Decrescente";"Engavetamento";3;0;0;0;1;0;0;0;0;0;27;0;3;0;0
"12/10/2024";"04:55:00";"183";"Sem vítima";"118,000";"BR-116/SP";"Decrescente";"Engavetamento";1;0;0;0;0;0;0;0;0;0;2;0;0;0;0
"12/10/2024";"05:12:00";"191";"Sem vítima";"117,000";"BR-116/SP";"Decrescente";"Colisão traseira";2;0;0;0;0;0;0;0;0;0;0;0;0;0;0
"12/10/2024";"05:25:00";"196";"Sem vítima";"5,600";"BR-116/SP";"Crescente";"Colisão traseira";1;0;0;0;1;0;0;0;0;0;132;0;0;0;0
"12/10/2024";"08:05:00";"281";"Com vítima";"83,600";"BR-116/SP";"Crescente";"Colisão traseira";1;0;0;1;0;0;0;0;0;0;1;2;0;0;0
"12/10/2024";"09:36:00";"302";"Sem vítima";"155,600";"BR-116/SP";"Crescente";"Engavetamento";3;0;0;0;0;0;0;0;0;0;10;0;0;0;0
"12/10/2024";"10:22:00";"366";"Sem vítima";"101,050";"BR-116/SP";"Crescente";"Colisão traseira";1;0;0;0;0;0;0;0;0;0;3;0;0;0;0
"12/10/2024";"12:49:00";"442";"Com vítima";"576,000";"BR-101/SP";"Decrescente";"Colisão frontal";1;0;0;1;0;0;0;0;0;0;1;1;0;0;0
"12/10/2024";"03:10:00";"504";"Com vítima";"318,300";"BR-116/SP";"Decrescente";"Colisão lateral em sentido contrário";1;0;0;1;0;0;0;0;0;0;3;1;0;0;0
"12/10/2024";"04:17:00";"530";"Sem vítima";"47,800";"BR-101/SP";"Decrescente";"Colisão traseira";1;0;0;0;0;1;0;0;0;1;2;0;0;0;0
"12/10/2024";"09:00:00";"42";"Com vítima";"57,200";"BR-116/SP";"Crescente";"Colisão lateral em sentido contrário";2;0;0;0;0;0;0;0;0;0;5;15;5;10;0
"12/10/2024";"09:00:00";"487";"Sem vítima";"15,300";"BR-101/SP";"Decrescente";"Choque";0;0;0;0;0;0;0;0;0;1;3;0;0;0;0
"12/10/2024";"09:39:00";"40";"Com vítima";"269,000";"BR-116/SP";"Crescente";"Colisão traseira";1;0;0;0;0;0;0;0;0;0;9;3;0;0;0
"12/10/2024";"10:34:00";"49";"Sem vítima";"2,600";"BR-116/SP";"Crescente";"Atropelamento de pedestre";0;0;0;0;2;0;0;0;0;0;80;0;0;0;0
"12/10/2024";"11:07:00";"52";"Com vítima";"226,800";"BR-116/SP";"Crescente";"Acidentes de outra natureza";0;0;0;1;0;0;0;0;0;0;0;3;0;0;0
"12/10/2024";"11:50:00";"56";"Sem vítima";"438,000";"BR-101/SP";"Crescente";"Atropelamento de pedestre";1;0;0;0;0;0;0;0;0;0;1;0;0;0;0
"13/10/2024";"01:23:00";"70";"Com vítima";"469,000";"BR-101/SP";"Decrescente";"Acidentes de outra natureza";0;0;0;1;0;0;0;0;0;0;0;0;0;8;0
"13/10/2024";"03:53:00";"118";"Com vítima";"320,350";"BR-116/SP";"Crescente";"Choque";1;0;0;0;0;0;0;0;0;0;0;0;7;0;0
"13/10/2024";"04:32:00";"132";"Com vítima";"309,000";"BR-116/SP";"Decrescente";"Colisão traseira";2;0;0;0;0;0;0;0;0;0;6;2;0;0;0
"13/10/2024";"05:25:00";"156";"Com vítima";"51,600";"BR-101/SP";"Crescente";"Atropelamento de pedestre";1;1;0;0;0;0;0;0;0;0;6;0;0;0;0
"13/10/2024";"06:05:00";"174";"Com vítima";"48,100";"BR-101/SP";"Crescente";"Atropelamento de pedestre";1;1;0;0;0;0;0;0;0;0;16;0;0;0;0
"13/10/2024";"08:04:00";"211";"Com vítima";"214,100";"BR-116/SP";"Decrescente";"Acidentes de outra natureza";0;0;0;1;0;0;0;0;0;0;0;4;0;0;0
"13/10/2024";"11:58:00";"294";"Com vítima";"196,200";"BR-116/SP";"Crescente";"Atropelamento de pedestre";1;0;0;0;0;0;0;0;0;0;8;2;0;0;0
"13/10/2024";"12:40:00";"308";"Sem vítima";"404,000";"BR-101/SP";"Decrescente";"Colisão traseira";2;0;0;0;0;0;0;0;0;0;2;0;0;0;0
"13/10/2024";"12:40:00";"309";"Com vítima";"22,100";"BR-116/SP";"Crescente";"Acidentes de outra natureza";0;0;0;1;0;0;0;0;0;0;0;1;1;0;0
"13/10/2024";"12:43:00";"311";"Com vítima";"227,000";"BR-116/SP";"Crescente";"Acidentes de outra natureza";0;0;0;1;0;0;0;0;0;0;0;0;6;0;0
"13/10/2024";"12:43:00";"312";"Com vítima";"19,400";"BR-101/SP";"Crescente";"Colisão transversal";2;0;0;0;0;0;0;0;0;0;6;4;0;0;0
"13/10/2024";"01:27:00";"338";"Sem vítima";"259,500";"BR-116/SP";"Decrescente";"Colisão lateral em sentido contrário";1;0;1;0;0;0;0;0;0;0;2;0;0;0;0
"13/10/2024";"02:27:00";"365";"Sem vítima";"399,000";"BR-101/SP";"Decrescente";"Engavetamento";1;0;0;0;0;0;0;0;0;0;3;0;0;0;0
"13/10/2024";"03:05:00";"381";"Com vítima";"71,000";"BR-116/SP";"Decrescente";"Acidentes de outra natureza";0;0;0;1;0;0;0;0;0;0;2;2;0;0;0
"13/10/2024";"03:55:00";"409";"Com vítima";"225,500";"BR-116/SP";"Crescente";"Colisão lateral em sentido contrário";0;0;0;1;0;0;0;0;0;0;0;2;0;0;0
"13/10/2024";"04:52:00";"432";"Sem vítima";"574,000";"BR-101/SP";"Decrescente";"Atropelamento de pedestre";1;0;0;0;0;0;0;0;0;1;4;0;0;0;0
"13/10/2024";"06:36:00";"472";"Com vítima";"228,670";"BR-116/SP";"Crescente";"Choque";0;0;0;1;0;0;0;0;0;0;0;1;0;0;0
"13/10/2024";"07:04:00";"481";"Com vítima";"495,000";"BR-101/SP";"Crescente";"Choque";1;0;0;0;0;0;0;0;0;0;0;1;0;0;0
"13/10/2024";"07:31:00";"486";"Sem vítima";"227,500";"BR-116/SP";"Crescente";"Choque";1;0;0;0;0;0;0;0;0;0;3;0;0;0;0
"13/10/2024";"09:00:00";"525";"Sem vítima";"225,800";"BR-116/SP";"Crescente";"Engavetamento";2;0;0;0;0;0;0;1;0;0;21;0;0;0;0
"13/10/2024";"09:00:00";"553";"Com vítima";"149,000";"BR-116/SP";"Crescente";"Atropelamento de pedestre";1;1;0;0;0;0;0;0;0;0;1;0;0;0;0
"13/10/2024";"09:00:00";"727";"Sem vítima";"442,800";"BR-101/SP";"Decrescente";"Choque";1;0;0;0;0;0;0;0;0;0;3;0;0;0;0
"13/10/2024";"10:11:00";"44";"Sem vítima";"224,800";"BR-116/SP";"Crescente";"Atropelamento de pedestre";1;0;0;0;0;0;0;0;0;0;0;0;0;0;0
"14/10/2024";"12:37:00";"65";"Sem vítima";"37,800";"BR-116/SP";"Decrescente";"Choque";1;0;0;0;0;0;0;0;0;0;4;0;0;0;0
"14/10/2024";"02:21:00";"90";"Sem vítima";"277,000";"BR-116/SP";"Decrescente";"Colisão lateral em sentido contrário";1;0;0;0;0;0;0;0;0;0;3;0;0;0;0
"14/10/2024";"03:23:00";"131";"Com vítima";"529,000";"BR-101/SP";"Crescente";"Capotamento";1;0;0;0;0;0;0;0;0;0;0;3;0;0;0
"14/10/2024";"04:12:00";"188";"Com vítima";"217,000";"BR-116/SP";"Crescente";"Colisão lateral em sentido contrário";1;0;0;1;0;0;0;0;0;0;1;2;0;0;0
"14/10/2024";"04:34:00";"206";"Sem vítima";"575,000";"BR-101/SP";"Decrescente";"Choque";1;0;0;0;0;0;0;0;0;0;5;0;0;0;0
"14/10/2024";"04:57:00";"232";"Com vítima";"218,000";"BR-116/SP";"Crescente";"Colisão lateral em sentido contrário";0;0;1;1;0;0;0;0;0;0;6;3;0;0;0
"14/10/2024";"05:17:00";"251";"Com vítima";"34,000";"BR-116/SP";"Decrescente";"Acidentes de outra natureza";0;0;0;1;0;0;0;0;0;0;0;0;4;0;0
"14/10/2024";"08:22:00";"386";"Sem vítima";"124,700";"BR-116/SP";"Decrescente";"Choque";1;0;0;0;0;0;0;0;0;0;10;0;0;0;0
"14/10/2024";"08:44:00";"398";"Com vítima";"102,900";"BR-116/SP";"Crescente";"Engavetamento";3;0;0;0;0;0;0;0;0;0;12;2;0;0;0
"14/10/2024";"09:09:00";"407";"Sem vítima";"38,600";"BR-116/SP";"Decrescente";"Acidentes de outra natureza";0;0;0;1;0;0;0;0;0;0;4;0;0;0;0
"14/10/2024";"10:43:00";"472";"Sem vítima";"221,800";"BR-116/SP";"Decrescente";"Colisão lateral em sentido contrário";1;0;1;0;0;0;0;0;0;0;5;0;0;0;0
"14/10/2024";"11:38:00";"497";"Com vítima";"294,000";"BR-116/SP";"Decrescente";"Colisão lateral em sentido contrário";1;0;1;0;0;0;0;0;0;0;3;2;0;0;0
"14/10/2024";"12:22:00";"517";"Com vítima";"106,300";"BR-116/SP";"Crescente";"Engavetamento";3;0;0;0;0;0;0;0;0;0;10;1;0;0;0
"14/10/2024";"12:51:00";"535";"Sem vítima";"59,000";"BR-116/SP";"Crescente";"Colisão traseira";1;0;0;1;0;0;0;0;0;0;4;0;0;0;0
"14/10/2024";"03:37:00";"620";"Com vítima";"226,200";"BR-116/SP";"Crescente";"Colisão traseira";0;0;0;1;0;0;0;0;0;0;0;1;0;0;0
"14/10/2024";"04:49:00";"663";"Com vítima";"412,000";"BR-101/SP";"Crescente";"Colisão traseira";2;0;0;0;0;0;0;0;0;0;18;2;0;0;0
"14/10/2024";"05:55:00";"703";"Com vítima";"64,500";"BR-116/SP";"Crescente";"Capotamento";1;0;0;0;0;0;0;0;0;0;2;2;4;0;0
"14/10/2024";"06:27:00";"713";"Sem vítima";"71,000";"BR-116/SP";"Decrescente";"Atropelamento de pedestre";0;0;0;0;0;0;0;1;0;0;0;0;0;0;0
"14/10/2024";"08:04:00";"743";"Com vítima";"253,300";"BR-116/SP";"Crescente";"Colisão traseira";0;0;0;0;0;0;0;2;0;0;0;3;0;0;0
"14/10/2024";"08:13:00";"734";"Sem vítima";"497,000";"BR-101/SP";"Decrescente";"Atropelamento de pedestre";1;0;0;0;0;0;0;0;0;0;0;0;0;0;0
"14/10/2024";"08:59:00";"747";"Com vítima";"232,000";"BR-116/SP";"Decrescente";"Acidentes de outra natureza";0;0;0;0;0;2;0;1;0;0;0;0;0;0;1
"14/10/2024";"09:00:00";"459";"Com vítima";"80,000";"BR-116/SP";"Crescente";"Colisão traseira";1;0;0;1;0;0;0;0;0;0;6;2;0;0;0
"15/10/2024";"02:06:00";"77";"Com vítima";"139,000";"BR-116/SP";"Decrescente";"Colisão lateral em sentido contrário";0;0;1;1;0;0;0;0;0;0;6;3;0;0;0
"15/10/2024";"02:27:00";"86";"Com vítima";"84,500";"BR-116/SP";"Decrescente";"Colisão lateral em sentido contrário";0;0;1;0;1;0;0;0;0;0;1;0;0;1;0
"15/10/2024";"04:44:00";"199";"Com vítima";"278,800";"BR-116/SP";"Crescente";"Tombamento";0;0;1;0;0;0;0;0;0;0;3;3;0;0;0
"15/10/2024";"05:55:00";"284";"Sem vítima";"140,200";"BR-116/SP";"Crescente";"Colisão traseira";1;0;0;0;0;0;0;0;0;0;4;0;0;0;0
"15/10/2024";"06:25:00";"309";"Sem vítima";"139,000";"BR-116/SP";"Crescente";"Colisão traseira";2;0;0;0;0;0;0;0;0;0;14;0;0;0;0
"15/10/2024";"07:27:00";"336";"Sem vítima";"96,850";"BR-116/SP";"Decrescente";"Engavetamento";3;0;0;0;0;0;0;0;0;0;50;0;0;0;0
"15/10/2024";"09:08:00";"400";"Com vítima";"414,000";"BR-101/SP";"Crescente";"Acidentes de outra natureza";0;0;0;1;0;0;0;0;0;0;0;2;0;0;0
"15/10/2024";"10:07:00";"418";"Com vítima";"480,000";"BR-101/SP";"Crescente";"Engavetamento";1;0;0;1;0;0;0;0;0;0;2;2;0;0;0
"15/10/2024";"10:13:00";"421";"Com vítima";"216,500";"BR-116/SP";"Decrescente";"Colisão traseira";0;0;0;1;0;0;0;0;0;0;0;3;0;0;0
"15/10/2024";"10:49:00";"439";"Com vítima";"130,200";"BR-116/SP";"Crescente";"Acidentes de outra natureza";0;0;0;1;0;0;0;0;0;0;0;6;4;0;0
"15/10/2024";"11:18:00";"453";"Sem vítima";"146,500";"BR-116/SP";"Crescente";"Colisão traseira";2;0;0;0;0;0;0;0;0;0;2;0;0;0;0
"15/10/2024";"11:35:00";"462";"Sem vítima";"569,000";"BR-101/SP";"Decrescente";"Choque";1;0;0;0;0;0;0;0;0;0;1;0;0;0;0
"15/10/2024";"11:35:00";"464";"Sem vítima";"262,600";"BR-116/SP";"Crescente";"Colisão traseira";0;0;2;0;0;0;0;0;0;0;2;0;0;0;0
"15/10/2024";"12:14:00";"478";"Sem vítima";"311,450";"BR-116/SP";"Crescente";"Choque";1;0;1;0;0;0;0;0;0;0;3;0;0;0;0
"15/10/2024";"12:42:00";"493";"Com vítima";"52,200";"BR-116/SP";"Decrescente";"Colisão traseira";1;0;0;0;0;0;0;0;0;0;2;0;2;0;0
"15/10/2024";"12:47:00";"495";"Sem vítima";"109,000";"BR-116/SP";"Decrescente";"Colisão traseira";0;0;0;0;0;0;0;1;0;0;1;0;0;0;0
"15/10/2024";"01:27:00";"515";"Com vítima";"249,300";"BR-116/SP";"Crescente";"Engavetamento";2;0;2;0;0;0;0;0;0;0;10;0;4;0;0
"15/10/2024";"01:43:00";"521";"Com vítima";"201,100";"BR-116/SP";"Crescente";"Acidentes de outra natureza";0;0;0;1;0;0;0;0;0;0;0;2;0;0;0
"15/10/2024";"01:50:00";"526";"Sem vítima";"154,950";"BR-116/SP";"Crescente";"Engavetamento";3;0;0;0;0;0;0;0;0;0;36;0;0;0;0
"15/10/2024";"02:09:00";"538";"Sem vítima";"19,800";"BR-116/SP";"Decrescente";"Engavetamento";1;0;1;0;0;0;0;1;0;0;6;0;0;0;0
"15/10/2024";"03:07:00";"567";"Sem vítima";"110,700";"BR-116/SP";"Decrescente";"Colisão traseira";1;0;1;0;0;0;0;0;0;0;8;0;0;0;0
"15/10/2024";"03:31:00";"576";"Com vítima";"32,750";"BR-101/SP";"Crescente";"Acidentes de outra natureza";0;0;0;1;0;0;0;0;0;0;0;4;0;0;0
"15/10/2024";"04:04:00";"597";"Com vítima";"224,350";"BR-116/SP";"Decrescente";"Colisão lateral em sentido contrário";1;0;0;1;0;0;0;0;0;0;1;1;0;0;0
"15/10/2024";"04:15:00";"602";"Sem vítima";"223,500";"BR-116/SP";"Crescente";"Colisão traseira";2;0;0;0;0;0;0;0;0;0;2;0;0;0;0
"15/10/2024";"04:55:00";"619";"Sem vítima";"217,000";"BR-116/SP";"Decrescente";"Colisão lateral em sentido contrário";1;0;1;0;0;0;0;0;0;0;2;0;0;0;0
"15/10/2024";"04:57:00";"620";"Com vítima";"411,100";"BR-101/SP";"Decrescente";"Colisão traseira";0;0;0;1;0;0;0;0;0;0;0;1;0;0;0
"15/10/2024";"08:08:00";"710";"Sem vítima";"559,800";"BR-101/SP";"Crescente";"Colisão traseira";1;0;0;0;0;0;0;0;0;0;15;0;0;0;0
"15/10/2024";"09:00:00";"527";"Com vítima";"245,100";"BR-116/SP";"Decrescente";"Colisão lateral em sentido contrário";1;0;1;0;0;0;0;0;0;0;0;3;1;0;0
"16/10/2024";"02:52:00";"108";"Com vítima";"154,950";"BR-116/SP";"Decrescente";"Colisão lateral em sentido contrário";0;0;1;2;0;0;0;0;0;0;6;6;0;0;6
"16/10/2024";"03:26:00";"138";"Com vítima";"225,200";"BR-116/SP";"Crescente";"Colisão traseira";0;0;0;1;0;0;0;0;0;0;0;3;0;0;0
"16/10/2024";"04:35:00";"214";"Sem vítima";"233,600";"BR-116/SP";"Decrescente";"Colisão traseira";1;0;0;1;0;0;0;0;0;0;2;0;0;0;0
"16/10/2024";"06:02:00";"310";"Sem vítima";"158,000";"BR-116/SP";"Decrescente";"Colisão traseira";1;0;1;0;0;0;0;0;0;0;2;0;0;0;0
"16/10/2024";"06:47:00";"340";"Com vítima";"489,000";"BR-101/SP";"Decrescente";"Acidentes de outra natureza";0;0;0;1;0;0;0;0;0;0;0;1;0;0;0
"16/10/2024";"07:15:00";"364";"Sem vítima";"307,000";"BR-116/SP";"Crescente";"Colisão traseira";0;0;2;0;0;0;0;0;0;0;2;0;0;0;0
"16/10/2024";"07:46:00";"376";"Com vítima";"433,000";"BR-101/SP";"Decrescente";"Colisão frontal";2;0;1;1;0;0;0;0;0;1;0;4;2;4;1
"16/10/2024";"10:32:00";"469";"Com vítima";"70,350";"BR-116/SP";"Crescente";"Acidentes de outra natureza";0;0;0;1;0;0;0;0;0;0;0;4;0;0;0
"16/10/2024";"11:31:00";"489";"Sem vítima";"38,000";"BR-116/SP";"Crescente";"Choque";0;0;1;0;0;0;0;0;0;0;2;0;0;0;0
"16/10/2024";"11:45:00";"495";"Sem vítima";"36,000";"BR-116/SP";"Crescente";"Colisão traseira";2;0;0;0;0;0;0;0;0;0;8;0;0;0;0
"16/10/2024";"11:59:00";"500";"Sem vítima";"37,000";"BR-116/SP";"Crescente";"Choque";0;0;1;0;0;0;0;0;0;0;3;0;0;0;0
"16/10/2024";"12:02:00";"501";"Sem vítima";"157,550";"BR-116/SP";"Decrescente";"Colisão lateral em sentido contrário";1;0;0;0;1;0;0;0;0;0;4;0;0;0;0
"16/10/2024";"12:04:00";"504";"Com vítima";"476,000";"BR-101/SP";"Decrescente";"Acidentes de outra natureza";0;0;0;1;0;0;0;0;0;0;0;0;1;1;0
"16/10/2024";"01:32:00";"535";"Sem vítima";"58,000";"BR-116/SP";"Decrescente";"Choque";1;0;0;0;0;0;0;0;0;0;2;0;0;0;0
"16/10/2024";"01:37:00";"540";"Com vítima";"399,000";"BR-101/SP";"Decrescente";"Colisão lateral em sentido contrário";1;0;0;1;0;0;0;0;0;0;1;1;0;0;0
"16/10/2024";"03:13:00";"589";"Com vítima";"406,000";"BR-101/SP";"Crescente";"Acidentes de outra natureza";0;0;0;1;0;0;0;0;0;0;0;1;0;0;0
"16/10/2024";"03:36:00";"604";"Sem vítima";"106,300";"BR-116/SP";"Crescente";"Colisão traseira";1;0;0;0;0;0;0;0;0;0;1;0;0;0;0
"16/10/2024";"03:37:00";"605";"Sem vítima";"106,300";"BR-116/SP";"Crescente";"Colisão lateral em sentido contrário";1;0;1;0;0;1;0;0;0;0;4;0;0;0;0
"16/10/2024";"04:05:00";"617";"Com vítima";"224,500";"BR-116/SP";"Crescente";"Colisão lateral em sentido contrário";1;0;0;1;0;0;0;0;0;0;1;1;0;0;0
"16/10/2024";"04:10:00";"618";"Com vítima";"147,700";"BR-116/SP";"Decrescente";"Colisão traseira";1;0;0;1;0;0;0;0;0;0;1;1;0;0;0
"16/10/2024";"04:16:00";"621";"Com vítima";"217,400";"BR-116/SP";"Decrescente";"Colisão traseira";1;0;0;1;0;0;0;0;0;0;1;1;0;0;0
"16/10/2024";"04:34:00";"633";"Com vítima";"487,100";"BR-101/SP";"Decrescente";"Colisão traseira";1;0;0;1;0;0;0;0;0;0;1;1;0;0;0
"16/10/2024";"04:52:00";"643";"Sem vítima";"294,600";"BR-116/SP";"Crescente";"Choque";1;0;0;0;0;0;0;0;0;0;1;0;0;0;0
"16/10/2024";"06:24:00";"690";"Com vítima";"231,500";"BR-116/SP";"Decrescente";"Acidentes de outra natureza";0;0;0;0;0;0;0;1;0;0;0;0;3;3;0
"16/10/2024";"06:59:00";"700";"Com vítima";"226,700";"BR-116/SP";"Decrescente";"Acidentes de outra natureza";0;0;0;1;0;0;0;0;0;0;0;1;0;0;0
"16/10/2024";"09:30:00";"39";"Com vítima";"201,000";"BR-116/SP";"Crescente";"Tombamento";0;0;1;0;0;0;0;0;0;0;0;3;0;0;0
"17/10/2024";"01:14:00";"75";"Com vítima";"196,400";"BR-116/SP";"Decrescente";"Colisão traseira";1;0;1;0;0;0;0;0;0;0;1;1;0;0;0
"17/10/2024";"03:54:00";"178";"Sem vítima";"229,300";"BR-116/SP";"Decrescente";"Colisão traseira";0;0;2;0;0;0;0;0;0;0;4;0;0;0;0
"17/10/2024";"04:37:00";"222";"Com vítima";"216,000";"BR-116/SP";"Decrescente";"Colisão traseira";0;0;0;1;0;0;0;0;0;1;2;0;2;0;0
"17/10/2024";"04:47:00";"229";"Com vítima";"211,500";"BR-116/SP";"Crescente";"Colisão lateral em sentido contrário";0;0;0;2;0;0;0;0;0;0;3;3;0;0;0
"17/10/2024";"05:46:00";"295";"Sem vítima";"113,300";"BR-116/SP";"Decrescente";"Colisão traseira";1;0;1;0;0;0;0;0;0;0;5;0;0;0;0
"17/10/2024";"05:51:00";"302";"Sem vítima";"169,000";"BR-116/SP";"Crescente";"Engavetamento";0;0;0;0;0;0;0;2;0;1;6;0;0;0;0
"17/10/2024";"07:38:00";"382";"Sem vítima";"29,200";"BR-116/SP";"Crescente";"Colisão traseira";2;0;0;0;0;0;0;0;0;0;6;0;0;0;0
"17/10/2024";"07:51:00";"389";"Sem vítima";"30,300";"BR-116/SP";"Crescente";"Colisão lateral em sentido contrário";1;0;0;0;0;0;0;1;0;0;5;0;0;0;0
"17/10/2024";"08:03:00";"397";"Sem vítima";"536,000";"BR-101/SP";"Crescente";"Colisão frontal";2;0;0;0;0;0;0;0;0;0;2;0;0;0;0
"17/10/2024";"09:22:00";"421";"Com vítima";"126,600";"BR-116/SP";"Decrescente";"Acidentes de outra natureza";0;0;0;1;1;0;0;0;0;0;44;2;0;0;0
"17/10/2024";"11:09:00";"498";"Sem vítima";"295,200";"BR-116/SP";"Decrescente";"Choque";0;0;1;0;0;0;0;0;0;0;1;0;0;0;0