data;horario;n_da_ocorrencia;tipo_de_ocorrencia;km;trecho;sentido;tipo_de_acidente;automovel;bicicleta;caminhao;moto;onibus;outros;tracao_animal;transporte_de_cargas_especiais;trator_maquinas;utilitarios;ilesos;levemente_feridos;moderadamente_feridos;gravemente_feridos;mortos
"17/10/2024";"11:10:00";"501";"Sem vítima";"120,700";"BR-116/SP";"Crescente";"Engavetamento";3;0;0;0;0;0;0;0;0;0;4;0;0;0;0
"17/10/2024";"11:52:00";"526";"Sem vítima";"226,000";"BR-116/SP";"Crescente";"Colisão traseira";1;0;1;0;0;0;0;0;0;0;2;0;0;0;0
"17/10/2024";"02:41:00";"624";"Com vítima";"154,000";"BR-116/SP";"Crescente";"Acidentes de outra natureza";0;0;0;1;0;0;0;0;0;0;0;1;0;0;0
"17/10/2024";"03:27:00";"647";"Com vítima";"226,500";"BR-116/SP";"Decrescente";"Colisão lateral em sentido contrário";1;0;0;1;0;0;0;0;0;0;4;0;0;4;0
"17/10/2024";"04:26:00";"684";"Com vítima";"217,450";"BR-116/SP";"Crescente";"Colisão lateral em sentido contrário";0;0;0;2;0;0;0;0;0;0;2;4;0;0;0
"17/10/2024";"04:46:00";"697";"Sem vítima";"213,300";"BR-116/SP";"Crescente";"Choque";1;0;0;0;0;0;0;0;0;0;4;0;0;0;0
"17/10/2024";"05:30:00";"722";"Com vítima";"223,400";"BR-116/SP";"Decrescente";"Capotamento";1;0;0;1;0;0;0;0;0;0;0;4;0;2;0
"17/10/2024";"06:43:00";"767";"Com vítima";"54,500";"BR-116/SP";"Crescente";"Colisão traseira";1;0;0;1;0;0;0;0;0;0;4;0;1;0;0
"17/10/2024";"07:00:00";"772";"Com vítima";"221,300";"BR-116/SP";"Crescente";"Atropelamento de pedestre";1;0;0;0;0;0;0;0;0;1;54;6;0;0;0
"17/10/2024";"07:47:00";"786";"Com vítima";"96,900";"BR-116/SP";"Crescente";"Choque";1;0;0;0;0;0;0;0;0;0;0;1;0;0;0
"17/10/2024";"08:16:00";"796";"Com vítima";"113,800";"BR-116/SP";"Crescente";"Engavetamento";1;0;2;0;0;0;0;0;0;0;12;6;0;0;0
"17/10/2024";"09:00:00";"666";"Sem vítima";"112,700";"BR-116/SP";"Decrescente";"Engavetamento";2;0;0;0;0;0;0;0;0;0;2;0;0;0;0
"18/10/2024";"01:33:00";"72";"Com vítima";"229,900";"BR-116/SP";"Decrescente";"Tombamento";0;0;0;0;0;0;0;1;0;0;0;3;0;0;0
"18/10/2024";"03:02:00";"114";"Com vítima";"228,000";"BR-116/SP";"Crescente";"Acidentes de outra natureza";1;0;0;1;0;0;0;0;0;0;2;2;0;0;0
"18/10/2024";"04:30:00";"228";"Sem vítima";"86,950";"BR-116/SP";"Crescente";"Colisão traseira";0;0;1;0;0;0;0;1;0;0;6;0;0;0;0
"18/10/2024";"04:34:00";"231";"Sem vítima";"307,000";"BR-116/SP";"Decrescente";"Colisão traseira";0;0;0;0;0;0;0;1;0;0;1;0;0;0;0
"18/10/2024";"04:47:00";"243";"Com vítima";"224,000";"BR-116/SP";"Crescente";"Acidentes de outra natureza";0;0;0;1;0;0;0;0;0;0;0;1;0;0;0
"18/10/2024";"05:58:00";"322";"Com vítima";"158,000";"BR-116/SP";"Crescente";"Acidentes de outra natureza";0;0;0;1;0;0;0;0;0;0;0;5;5;0;0
"18/10/2024";"06:31:00";"350";"Com vítima";"223,000";"BR-116/SP";"Crescente";"Colisão lateral em sentido contrário";1;0;0;1;0;0;0;0;0;0;4;2;0;0;0
"18/10/2024";"06:51:00";"370";"Sem vítima";"324,900";"BR-116/SP";"Decrescente";"Colisão traseira";1;0;0;0;0;1;0;0;0;0;8;0;0;0;0
"18/10/2024";"09:58:00";"461";"Sem vítima";"182,300";"BR-116/SP";"Decrescente";"Colisão lateral em sentido contrário";0;0;0;0;0;0;0;2;0;0;0;0;0;0;0
"18/10/2024";"10:45:00";"494";"Sem vítima";"482,100";"BR-101/SP";"Crescente";"Colisão transversal";2;0;0;0;0;0;0;0;0;0;10;0;0;0;0
"18/10/2024";"12:03:00";"527";"Sem vítima";"23,400";"BR-116/SP";"Crescente";"Colisão transversal";1;0;1;0;0;0;0;0;0;0;15;0;0;0;0
"18/10/2024";"02:13:00";"600";"Com vítima";"227,300";"BR-116/SP";"Decrescente";"Colisão traseira";1;0;0;1;0;0;0;0;0;0;3;0;1;0;0
"18/10/2024";"02:32:00";"611";"Com vítima";"280,000";"BR-116/SP";"Decrescente";"Colisão lateral em sentido contrário";1;0;1;0;0;0;0;0;0;0;0;9;3;0;0
"18/10/2024";"02:42:00";"620";"Sem vítima";"186,800";"BR-116/SP";"Crescente";"Choque";0;0;1;0;0;0;0;0;0;0;5;0;0;0;0
"18/10/2024";"03:10:00";"634";"Com vítima";"284,500";"BR-116/SP";"Decrescente";"Colisão traseira";1;0;0;1;0;0;0;0;0;0;1;1;0;0;0
"18/10/2024";"03:47:00";"664";"Com vítima";"115,400";"BR-116/SP";"Decrescente";"Acidentes de outra natureza";0;0;0;1;0;0;0;0;0;0;0;0;1;0;0
"18/10/2024";"04:01:00";"675";"Com vítima";"590,900";"BR-101/SP";"Crescente";"Acidentes de outra natureza";0;0;0;1;0;0;0;0;0;0;0;1;0;0;0
"18/10/2024";"04:32:00";"699";"Com vítima";"289,300";"BR-116/SP";"Decrescente";"Colisão traseira";0;0;0;0;0;0;0;0;0;2;3;1;0;0;0
"18/10/2024";"04:45:00";"706";"Sem vítima";"19,500";"BR-116/SP";"Decrescente";"Acidentes de outra natureza";0;0;0;1;0;0;0;0;0;0;2;0;0;0;0
"18/10/2024";"04:54:00";"710";"Com vítima";"225,500";"BR-116/SP";"Decrescente";"Tombamento";0;0;0;0;0;1;0;1;0;0;0;0;1;0;0
"18/10/2024";"05:21:00";"726";"Com vítima";"442,000";"BR-101/SP";"Crescente";"Choque";1;0;0;0;0;0;0;0;0;0;0;3;0;0;0
"18/10/2024";"06:03:00";"748";"Sem vítima";"227,500";"BR-116/SP";"Crescente";"Choque";0;0;1;0;0;0;0;0;0;0;1;0;0;0;0
"18/10/2024";"08:19:00";"810";"Com vítima";"227,700";"BR-116/SP";"Crescente";"Choque";0;0;1;0;0;0;0;0;0;0;0;1;0;0;0
"18/10/2024";"09:00:00";"110";"Com vítima";"100,100";"BR-116/SP";"Decrescente";"Colisão traseira";1;0;0;0;0;0;0;0;0;0;0;0;2;0;0
"18/10/2024";"09:31:00";"41";"Sem vítima";"322,200";"BR-116/SP";"Crescente";"Acidentes de outra natureza";0;0;0;1;0;0;0;0;0;0;3;0;0;0;0
"18/10/2024";"10:25:00";"55";"Sem vítima";"218,000";"BR-116/SP";"Decrescente";"Colisão traseira";0;0;0;0;1;0;0;0;0;0;28;0;0;0;0
"19/10/2024";"12:41:00";"80";"Sem vítima";"473,000";"BR-101/SP";"Crescente";"Acidentes de outra natureza";0;0;0;1;0;0;0;0;0;0;1;0;0;0;0
"19/10/2024";"12:45:00";"81";"Sem vítima";"217,300";"BR-116/SP";"Decrescente";"Choque";1;0;0;0;0;0;0;0;0;0;2;0;0;0;0
"19/10/2024";"01:23:00";"86";"Sem vítima";"38,200";"BR-116/SP";"Decrescente";"Choque";0;0;0;0;0;0;0;1;0;0;0;0;0;0;0
"19/10/2024";"02:10:00";"97";"Sem vítima";"234,000";"BR-116/SP";"Decrescente";"Choque";0;0;1;0;0;0;0;0;0;0;2;0;0;0;0
"19/10/2024";"03:41:00";"132";"Com vítima";"451,700";"BR-101/SP";"Crescente";"Colisão traseira";2;0;0;0;0;0;0;0;0;0;1;1;0;0;0
"19/10/2024";"04:19:00";"166";"Com vítima";"48,000";"BR-116/SP";"Decrescente";"Colisão traseira";2;0;0;0;0;0;0;0;0;0;4;0;8;0;0
"19/10/2024";"04:28:00";"171";"Com vítima";"540,000";"BR-101/SP";"Crescente";"Colisão frontal";1;0;1;0;0;0;0;0;0;0;2;0;2;0;4
"19/10/2024";"04:45:00";"181";"Com vítima";"506,000";"BR-101/SP";"Decrescente";"Acidentes de outra natureza";0;0;0;1;0;0;0;0;0;0;0;0;1;0;0
"19/10/2024";"04:48:00";"184";"Sem vítima";"227,200";"BR-116/SP";"Crescente";"Choque";0;0;1;0;0;0;0;0;0;0;2;0;0;0;0
"19/10/2024";"04:58:00";"193";"Com vítima";"235,000";"BR-116/SP";"Decrescente";"Choque";1;0;0;0;0;0;0;0;0;0;0;4;0;0;0
"19/10/2024";"07:07:00";"270";"Sem vítima";"111,000";"BR-116/SP";"Decrescente";"Colisão traseira";2;0;0;0;0;0;0;0;0;0;8;0;0;0;0
"19/10/2024";"08:40:00";"300";"Com vítima";"51,000";"BR-116/SP";"Decrescente";"Acidentes de outra natureza";0;0;0;1;0;0;0;0;0;0;0;4;0;0;0
"19/10/2024";"08:51:00";"303";"Sem vítima";"225,000";"BR-116/SP";"Decrescente";"Engavetamento";2;0;0;0;0;0;0;1;0;0;9;0;0;0;0
"19/10/2024";"10:40:00";"346";"Com vítima";"80,000";"BR-116/SP";"Crescente";"Engavetamento";3;0;0;0;0;0;0;0;0;0;30;0;3;0;0
"19/10/2024";"10:47:00";"350";"Sem vítima";"80,000";"BR-116/SP";"Crescente";"Engavetamento";1;0;0;0;0;0;0;0;0;0;0;0;0;0;0
"19/10/2024";"11:39:00";"367";"Sem vítima";"334,000";"BR-116/SP";"Crescente";"Choque";0;0;1;0;0;0;0;0;0;0;3;0;0;0;0
"19/10/2024";"12:00:00";"378";"Com vítima";"330,800";"BR-116/SP";"Decrescente";"Acidentes de outra natureza";0;0;0;1;0;0;0;0;0;0;0;0;2;0;0
"19/10/2024";"12:48:00";"398";"Sem vítima";"201,000";"BR-116/SP";"Decrescente";"Choque";1;0;0;0;0;0;0;0;0;0;1;0;0;0;0
"19/10/2024";"12:49:00";"400";"Com vítima";"324,000";"BR-116/SP";"Decrescente";"Choque";1;0;0;0;0;0;0;0;0;0;0;1;1;0;0
"19/10/2024";"01:07:00";"407";"Com vítima";"440,800";"BR-101/SP";"Decrescente";"Choque";1;0;0;0;0;0;0;0;0;0;1;1;1;0;0
"19/10/2024";"01:28:00";"416";"Sem vítima";"381,500";"BR-101/SP";"Decrescente";"Tombamento";0;0;1;0;0;0;0;0;0;0;1;0;0;0;0
"19/10/2024";"01:35:00";"419";"Sem vítima";"70,300";"BR-116/SP";"Crescente";"Tombamento";0;0;1;0;0;0;0;0;0;0;1;0;0;0;0
"19/10/2024";"03:24:00";"458";"Sem vítima";"436,200";"BR-101/SP";"Decrescente";"Capotamento";0;0;0;0;0;0;0;0;0;1;4;0;0;0;0
"19/10/2024";"03:42:00";"464";"Com vítima";"175,450";"BR-116/SP";"Decrescente";"Atropelamento de pedestre";1;0;0;0;0;0;0;0;0;0;6;0;0;0;1
"19/10/2024";"03:57:00";"474";"Sem vítima";"47,600";"BR-101/SP";"Crescente";"Acidentes de outra natureza";0;0;0;0;0;0;0;0;0;1;4;0;0;0;0
"19/10/2024";"04:09:00";"477";"Com vítima";"205,100";"BR-116/SP";"Crescente";"Colisão traseira";2;0;0;0;0;0;0;0;0;0;5;1;0;0;0
"19/10/2024";"04:55:00";"503";"Sem vítima";"566,000";"BR-101/SP";"Crescente";"Choque";1;0;0;0;0;0;0;0;0;0;1;0;0;0;0
"19/10/2024";"05:10:00";"508";"Com vítima";"152,000";"BR-116/SP";"Crescente";"Acidentes de outra natureza";2;0;0;1;0;0;0;0;0;0;8;2;0;0;0
"19/10/2024";"05:11:00";"511";"Com vítima";"219,000";"BR-116/SP";"Decrescente";"Colisão lateral em sentido contrário";2;0;0;1;0;0;0;0;0;0;3;2;0;0;0
"19/10/2024";"06:00:00";"527";"Com vítima";"42,400";"BR-116/SP";"Decrescente";"Choque";1;0;0;0;0;0;0;0;0;0;0;1;0;0;0
"19/10/2024";"06:16:00";"533";"Sem vítima";"72,200";"BR-116/SP";"Decrescente";"Choque";1;0;0;0;0;0;0;0;0;0;2;0;0;0;0
"19/10/2024";"07:31:00";"555";"Sem vítima";"117,600";"BR-116/SP";"Decrescente";"Choque";1;0;0;0;0;0;0;0;0;0;3;0;0;0;0
"19/10/2024";"07:33:00";"556";"Sem vítima";"143,000";"BR-116/SP";"Decrescente";"Colisão traseira";1;0;1;0;0;0;0;0;0;0;2;0;0;0;0
"19/10/2024";"09:00:00";"152";"Sem vítima";"87,850";"BR-116/SP";"Decrescente";"Engavetamento";3;0;0;0;0;0;0;0;0;0;22;0;0;0;0
"19/10/2024";"09:00:00";"312";"Com vítima";"197,500";"BR-116/SP";"Crescente";"Capotamento";2;0;0;0;0;0;0;0;0;0;17;8;0;0;0
"19/10/2024";"09:00:00";"337";"Sem vítima";"282,000";"BR-116/SP";"Decrescente";"Colisão traseira";1;0;0;0;0;0;0;0;0;0;1;0;0;0;0
"19/10/2024";"09:36:00";"37";"Sem vítima";"247,450";"BR-116/SP";"Crescente";"Choque";1;0;0;0;0;0;0;0;0;0;2;0;0;0;0
"19/10/2024";"11:15:00";"59";"Com vítima";"47,950";"BR-101/SP";"Crescente";"Acidentes de outra natureza";0;0;0;1;0;0;0;0;0;0;0;0;3;0;0
"19/10/2024";"11:52:00";"64";"Sem vítima";"147,500";"BR-116/SP";"Crescente";"Choque";1;0;0;0;0;0;0;0;0;0;2;0;0;0;0
"20/10/2024";"12:13:00";"67";"Com vítima";"222,400";"BR-116/SP";"Crescente";"Choque";1;0;0;0;0;0;0;0;0;0;0;3;0;0;0
"20/10/2024";"12:39:00";"71";"Com vítima";"245,110";"BR-116/SP";"Decrescente";"Colisão traseira";0;0;1;0;1;0;0;0;0;0;17;1;0;0;0
"20/10/2024";"01:05:00";"74";"Com vítima";"147,000";"BR-116/SP";"Decrescente";"Engavetamento";3;0;0;0;0;0;0;0;0;1;10;4;2;0;0
"20/10/2024";"02:10:00";"85";"Sem vítima";"318,500";"BR-116/SP";"Crescente";"Colisão traseira";0;0;1;0;0;0;0;0;0;0;0;0;0;0;0
"20/10/2024";"03:12:00";"102";"Com vítima";"7,000";"BR-116/SP";"Crescente";"Choque";1;0;0;0;0;0;0;0;0;0;0;0;9;0;0
"20/10/2024";"03:25:00";"108";"Sem vítima";"510,400";"BR-101/SP";"Crescente";"Colisão traseira";1;0;0;0;0;0;0;0;0;0;1;0;0;0;0
"20/10/2024";"04:53:00";"139";"Com vítima";"139,000";"BR-116/SP";"Decrescente";"Choque";1;0;0;0;0;0;0;0;0;0;4;2;0;0;0
"20/10/2024";"05:17:00";"151";"Com vítima";"383,000";"BR-101/SP";"Decrescente";"Choque";1;0;0;0;0;0;0;0;0;0;0;2;0;0;0
"20/10/2024";"05:55:00";"165";"Com vítima";"437,000";"BR-101/SP";"Decrescente";"Colisão frontal";2;0;0;0;0;0;0;0;0;0;2;2;0;6;4
"20/10/2024";"07:04:00";"186";"Sem vítima";"441,000";"BR-101/SP";"Decrescente";"Choque";1;0;0;0;0;0;0;0;0;0;1;0;0;0;0
"20/10/2024";"08:19:00";"218";"Sem vítima";"125,850";"BR-116/SP";"Crescente";"Engavetamento";3;0;0;0;0;0;0;0;0;0;7;0;0;0;0
"20/10/2024";"08:50:00";"227";"Com vítima";"125,500";"BR-116/SP";"Crescente";"Colisão traseira";2;0;0;0;0;0;0;0;0;0;5;1;0;0;0
"20/10/2024";"08:53:00";"233";"Com vítima";"502,000";"BR-101/SP";"Decrescente";"Colisão traseira";2;0;0;0;0;0;0;0;0;0;2;1;0;0;0
"20/10/2024";"09:16:00";"243";"Com vítima";"234,000";"BR-116/SP";"Decrescente";"Choque";1;0;0;0;0;0;0;0;0;0;0;0;3;0;0
"20/10/2024";"09:22:00";"248";"Com vítima";"483,000";"BR-101/SP";"Crescente";"Colisão frontal";2;0;0;0;0;0;0;0;0;0;1;0;0;2;0
"20/10/2024";"09:32:00";"252";"Com vítima";"41,000";"BR-101/SP";"Decrescente";"Colisão lateral em sentido contrário";3;0;0;0;0;0;0;0;0;0;7;0;0;2;0
"20/10/2024";"09:45:00";"259";"Com vítima";"234,000";"BR-116/SP";"Decrescente";"Colisão traseira";2;0;0;0;0;0;0;0;0;2;3;0;7;1;0
"20/10/2024";"10:06:00";"261";"Sem vítima";"144,800";"BR-116/SP";"Crescente";"Colisão lateral em sentido contrário";2;0;0;0;0;0;0;0;0;0;9;0;0;0;0
"20/10/2024";"10:22:00";"270";"Com vítima";"234,000";"BR-116/SP";"Decrescente";"Colisão traseira";2;0;0;0;0;0;0;0;0;0;1;0;1;0;0
"20/10/2024";"10:31:00";"275";"Sem vítima";"153,000";"BR-116/SP";"Crescente";"Colisão traseira";1;0;0;0;0;0;0;0;0;0;4;0;0;0;0
"20/10/2024";"10:42:00";"279";"Sem vítima";"156,000";"BR-116/SP";"Crescente";"Colisão traseira";2;0;0;0;0;0;0;0;0;0;4;0;0;0;0
"20/10/2024";"11:19:00";"291";"Sem vítima";"334,500";"BR-116/SP";"Crescente";"Choque";1;0;0;0;0;0;0;0;0;0;1;0;0;0;0
"20/10/2024";"11:19:00";"292";"Sem vítima";"334,000";"BR-116/SP";"Crescente";"Choque";1;0;0;0;0;0;0;0;0;0;0;0;0;0;0
"20/10/2024";"11:49:00";"307";"Sem vítima";"325,000";"BR-116/SP";"Decrescente";"Colisão traseira";0;0;1;0;0;0;0;1;0;0;2;0;0;0;0
"20/10/2024";"12:59:00";"335";"Com vítima";"492,000";"BR-101/SP";"Decrescente";"Capotamento";1;0;0;0;0;0;0;0;0;0;0;1;0;0;0
"20/10/2024";"01:54:00";"363";"Sem vítima";"334,000";"BR-116/SP";"Crescente";"Choque";1;0;0;0;0;0;0;0;0;0;3;0;0;0;0
"20/10/2024";"02:12:00";"371";"Sem vítima";"324,900";"BR-116/SP";"Decrescente";"Colisão traseira";0;0;1;0;0;0;0;0;0;0;1;0;0;0;0
"20/10/2024";"02:59:00";"391";"Sem vítima";"228,800";"BR-116/SP";"Decrescente";"Colisão lateral em sentido contrário";1;0;1;0;0;0;0;0;0;0;6;0;0;0;0
"20/10/2024";"03:01:00";"395";"Sem vítima";"103,700";"BR-116/SP";"Crescente";"Engavetamento";1;0;0;0;0;0;0;0;0;0;10;0;0;0;0
"20/10/2024";"03:09:00";"399";"Sem vítima";"86,950";"BR-116/SP";"Decrescente";"Colisão lateral em sentido contrário";1;0;1;0;0;0;0;0;0;0;6;0;0;0;0
"20/10/2024";"03:18:00";"403";"Com vítima";"578,700";"BR-101/SP";"Decrescente";"Colisão traseira";1;0;0;1;0;0;0;0;0;0;3;0;0;3;0
"20/10/2024";"03:32:00";"406";"Com vítima";"528,000";"BR-101/SP";"Crescente";"Choque";0;0;0;0;0;0;0;0;0;1;0;2;0;0;0
"20/10/2024";"04:14:00";"426";"Com vítima";"263,600";"BR-116/SP";"Crescente";"Atropelamento de pedestre";2;0;0;0;0;0;0;0;0;0;3;1;0;0;1
"20/10/2024";"04:22:00";"432";"Com vítima";"274,900";"BR-116/SP";"Decrescente";"Colisão traseira";2;0;0;0;0;0;0;0;0;0;2;0;2;0;0
"20/10/2024";"04:24:00";"433";"Sem vítima";"578,800";"BR-101/SP";"Decrescente";"Choque";1;0;0;0;0;0;0;0;0;0;0;0;0;0;0
"20/10/2024";"04:50:00";"445";"Com vítima";"417,300";"BR-101/SP";"Decrescente";"Choque";1;0;0;0;0;0;0;0;0;0;0;8;0;0;0
"20/10/2024";"05:15:00";"450";"Sem vítima";"251,400";"BR-116/SP";"Crescente";"Choque";1;0;0;0;0;0;0;0;0;0;0;0;0;0;0
"20/10/2024";"05:49:00";"459";"Sem vítima";"232,500";"BR-116/SP";"Decrescente";"Choque";1;0;0;0;0;0;0;0;0;0;2;0;0;0;0
"20/10/2024";"06:33:00";"472";"Sem vítima";"532,800";"BR-101/SP";"Decrescente";"Choque";1;0;0;0;0;0;0;0;0;0;0;0;0;0;0
"20/10/2024";"07:27:00";"481";"Sem vítima";"230,000";"BR-116/SP";"Decrescente";"Choque";1;0;0;0;0;0;0;0;0;0;0;0;0;0;0
"20/10/2024";"08:04:00";"493";"Com vítima";"223,000";"BR-116/SP";"Decrescente";"Choque";1;0;0;0;0;0;0;0;0;0;0;3;0;0;0
"20/10/2024";"08:17:00";"496";"Sem vítima";"199,000";"BR-116/SP";"Decrescente";"Choque";0;0;1;0;0;0;0;0;0;0;2;0;0;0;0
"21/10/2024";"12:12:00";"51";"Sem vítima";"84,500";"BR-116/SP";"Crescente";"Colisão traseira";1;0;0;0;0;0;0;0;0;0;4;0;0;0;0
"21/10/2024";"01:49:00";"61";"Sem vítima";"309,300";"BR-116/SP";"Decrescente";"Colisão traseira";1;0;0;0;0;0;0;0;0;0;2;0;0;0;0
"21/10/2024";"03:53:00";"148";"Com vítima";"53,800";"BR-116/SP";"Crescente";"Acidentes de outra natureza";0;0;0;1;0;0;0;0;0;0;0;4;0;0;0
"21/10/2024";"04:16:00";"162";"Sem vítima";"136,000";"BR-116/SP";"Crescente";"Colisão traseira";1;0;0;0;0;0;0;0;0;1;27;0;0;0;0
"21/10/2024";"04:20:00";"171";"Sem vítima";"266,300";"BR-116/SP";"Crescente";"Colisão traseira";1;0;1;0;0;0;0;0;0;0;2;0;0;0;0
"21/10/2024";"04:55:00";"211";"Sem vítima";"140,000";"BR-116/SP";"Crescente";"Engavetamento";1;0;0;0;0;0;0;0;0;0;1;0;0;0;0
"21/10/2024";"05:28:00";"245";"Sem vítima";"105,400";"BR-116/SP";"Decrescente";"Colisão traseira";2;0;0;0;0;0;0;0;0;0;21;0;0;0;0
"21/10/2024";"07:24:00";"323";"Com vítima";"216,900";"BR-116/SP";"Crescente";"Capotamento";1;0;0;0;0;0;0;0;0;0;0;0;2;0;0
"21/10/2024";"10:59:00";"439";"Com vítima";"131,000";"BR-116/SP";"Decrescente";"Choque";0;0;0;1;0;0;0;0;0;0;0;1;0;0;0
"21/10/2024";"11:33:00";"462";"Com vítima";"216,500";"BR-116/SP";"Decrescente";"Colisão traseira";0;0;0;1;0;0;0;0;0;0;2;2;0;0;0
"21/10/2024";"11:34:00";"465";"Sem vítima";"165,200";"BR-116/SP";"Decrescente";"Engavetamento";1;0;1;0;0;0;0;0;0;0;2;0;0;0;0
"21/10/2024";"12:04:00";"481";"Sem vítima";"551,550";"BR-101/SP";"Crescente";"Colisão traseira";2;0;0;0;0;0;0;0;0;0;21;0;0;0;0
"21/10/2024";"12:21:00";"490";"Com vítima";"90,100";"BR-116/SP";"Crescente";"Colisão traseira";0;0;3;0;0;0;0;0;0;0;0;1;0;0;0
"21/10/2024";"12:42:00";"502";"Sem vítima";"137,700";"BR-116/SP";"Crescente";"Colisão traseira";0;0;2;0;0;0;0;0;0;0;2;0;0;0;0
"21/10/2024";"12:47:00";"506";"Sem vítima";"219,000";"BR-116/SP";"Decrescente";"Colisão traseira";2;0;0;0;0;0;0;0;0;0;6;0;0;0;0
"21/10/2024";"12:57:00";"510";"Com vítima";"230,800";"BR-116/SP";"Decrescente";"Colisão lateral em sentido contrário";0;0;1;1;0;0;0;0;0;0;1;1;0;0;0
"21/10/2024";"01:14:00";"517";"Sem vítima";"137,700";"BR-116/SP";"Crescente";"Engavetamento";1;0;0;0;0;0;0;0;0;1;2;0;0;0;0
"21/10/2024";"04:21:00";"592";"Sem vítima";"217,000";"BR-116/SP";"Decrescente";"Choque";1;0;0;0;0;0;0;0;0;0;0;0;0;0;0
"21/10/2024";"06:07:00";"646";"Sem vítima";"548,100";"BR-101/SP";"Crescente";"Choque";1;0;0;0;0;0;0;0;0;0;3;0;0;0;0
"21/10/2024";"09:00:00";"100";"Com vítima";"219,000";"BR-116/SP";"Crescente";"Engavetamento";3;0;0;0;0;0;0;0;0;0;3;1;0;0;0
"21/10/2024";"09:25:00";"39";"Com vítima";"89,200";"BR-116/SP";"Decrescente";"Colisão lateral em sentido contrário";1;0;0;0;0;0;0;0;0;0;0;1;0;0;0
"21/10/2024";"09:57:00";"49";"Com vítima";"506,000";"BR-101/SP";"Crescente";"Acidentes de outra natureza";0;0;0;1;0;0;0;0;0;0;0;1;0;0;0
"21/10/2024";"10:41:00";"55";"Sem vítima";"220,000";"BR-116/SP";"Crescente";"Colisão traseira";1;0;0;0;0;0;0;0;0;0;0;0;0;0;0
"21/10/2024";"11:11:00";"62";"Com vítima";"220,000";"BR-116/SP";"Decrescente";"Choque";0;0;0;1;0;0;0;0;0;0;0;1;0;0;0
"22/10/2024";"03:42:00";"166";"Com vítima";"133,000";"BR-116/SP";"Crescente";"Acidentes de outra natureza";0;0;0;1;0;0;0;0;0;0;0;0;1;0;0
"22/10/2024";"03:49:00";"178";"Sem vítima";"157,900";"BR-116/SP";"Decrescente";"Colisão traseira";1;0;0;0;0;0;0;0;0;0;0;0;0;0;0
"22/10/2024";"04:32:00";"228";"Sem vítima";"22,300";"BR-116/SP";"Crescente";"Colisão lateral em sentido contrário";0;0;1;0;0;0;0;1;0;0;0;0;0;0;0
"22/10/2024";"05:49:00";"308";"Sem vítima";"138,000";"BR-116/SP";"Crescente";"Engavetamento";2;0;0;0;0;0;0;0;0;0;0;0;0;0;0
"22/10/2024";"06:43:00";"353";"Com vítima";"227,400";"BR-116/SP";"Crescente";"Colisão lateral em sentido contrário";1;0;0;1;0;0;0;0;0;0;0;0;1;0;0
"22/10/2024";"09:23:00";"435";"Sem vítima";"65,900";"BR-116/SP";"Decrescente";"Colisão lateral em sentido contrário";1;0;0;0;0;0;0;0;0;0;0;0;0;0;0
"22/10/2024";"10:10:00";"461";"Com vítima";"88,000";"BR-116/SP";"Crescente";"Acidentes de outra natureza";0;0;0;1;0;0;0;0;0;0;0;1;1;0;0
"22/10/2024";"12:32:00";"537";"Com vítima";"224,000";"BR-116/SP";"Decrescente";"Acidentes de outra natureza";0;0;0;1;0;0;0;0;0;0;0;1;0;0;0
"22/10/2024";"01:09:00";"561";"Sem vítima";"63,600";"BR-116/SP";"Decrescente";"Colisão traseira";0;0;1;0;1;0;0;0;0;0;0;0;0;0;0
"22/10/2024";"01:22:00";"572";"Com vítima";"108,300";"BR-116/SP";"Crescente";"Colisão lateral em sentido contrário";1;0;0;1;0;0;0;0;0;0;0;1;0;0;0
"22/10/2024";"01:32:00";"583";"Sem vítima";"107,800";"BR-116/SP";"Crescente";"Colisão lateral em sentido contrário";1;0;0;0;0;0;0;0;0;0;0;0;0;0;0
"22/10/2024";"02:36:00";"618";"Sem vítima";"428,000";"BR-101/SP";"Decrescente";"Choque";1;0;1;0;0;0;0;0;0;0;0;0;0;0;0
"22/10/2024";"03:18:00";"641";"Sem vítima";"106,500";"BR-116/SP";"Crescente";"Colisão traseira";3;0;0;0;0;0;0;0;0;0;0;0;0;0;0
"22/10/2024";"03:51:00";"661";"Com vítima";"49,500";"BR-101/SP";"Decrescente";"Atropelamento de pedestre";0;1;0;1;0;0;0;0;0;0;0;0;0;0;0
"22/10/2024";"04:23:00";"685";"Sem vítima";"146,700";"BR-116/SP";"Decrescente";"Engavetamento";4;0;1;0;0;0;0;0;0;0;0;0;0;0;0
"22/10/2024";"10:15:00";"43";"Com vítima";"225,800";"BR-116/SP";"Crescente";"Engavetamento";2;0;1;0;0;0;0;0;0;0;0;1;0;0;0
"22/10/2024";"11:14:00";"52";"Sem vítima";"199,000";"BR-116/SP";"Crescente";"Colisão traseira";1;0;1;0;0;0;0;0;0;0;0;0;0;0;0