data;horario;n_da_ocorrencia;tipo_de_ocorrencia;km;trecho;sentido;tipo_de_acidente;automovel;bicicleta;caminhao;moto;onibus;outros;tracao_animal;transporte_de_cargas_especiais;trator_maquinas;utilitarios;ilesos;levemente_feridos;moderadamente_feridos;gravemente_feridos;mortos
"23/10/2024";"01:53:00";"80";"Sem vítima";"260,900";"BR-116/SP";"Decrescente";"Choque";1;0;0;0;0;0;0;0;0;1;0;0;0;0;0
"23/10/2024";"02:35:00";"86";"Com vítima";"209,400";"BR-116/SP";"Decrescente";"Atropelamento de pedestre";0;0;0;1;0;0;0;0;0;0;0;0;1;1;0
"23/10/2024";"03:39:00";"169";"Sem vítima";"274,000";"BR-116/SP";"Crescente";"Atropelamento de pedestre";0;0;0;0;0;0;0;0;0;1;0;0;0;0;0
"23/10/2024";"03:43:00";"176";"Sem vítima";"296,000";"BR-116/SP";"Decrescente";"Acidentes de outra natureza";0;0;0;1;0;0;0;0;0;0;0;0;0;0;0
"23/10/2024";"03:46:00";"181";"Sem vítima";"552,000";"BR-101/SP";"Crescente";"Tombamento";0;0;1;0;0;0;0;0;0;0;0;0;0;0;0
"23/10/2024";"04:00:00";"193";"Com vítima";"324,900";"BR-116/SP";"Decrescente";"Acidentes de outra natureza";0;0;0;1;0;0;0;0;0;0;0;0;1;0;0
"23/10/2024";"04:53:00";"256";"Sem vítima";"39,000";"BR-116/SP";"Decrescente";"Colisão lateral em sentido contrário";1;0;1;0;0;0;0;0;0;0;0;0;0;0;0
"23/10/2024";"05:04:00";"265";"Com vítima";"215,000";"BR-116/SP";"Crescente";"Colisão lateral em sentido contrário";1;0;0;1;0;0;0;0;0;0;0;1;0;0;0
"23/10/2024";"05:25:00";"297";"Sem vítima";"322,000";"BR-116/SP";"Decrescente";"Colisão traseira";1;0;1;0;0;0;0;0;0;0;0;0;0;0;0
"23/10/2024";"05:40:00";"310";"Com vítima";"119,600";"BR-116/SP";"Crescente";"Choque";1;0;0;0;0;0;0;0;0;0;0;1;0;0;0
"23/10/2024";"05:41:00";"311";"Com vítima";"143,000";"BR-116/SP";"Decrescente";"Colisão traseira";1;0;0;0;0;0;0;0;0;0;0;1;0;0;0
"23/10/2024";"06:59:00";"375";"Sem vítima";"323,050";"BR-116/SP";"Decrescente";"Colisão traseira";2;0;0;0;0;0;0;0;0;0;0;0;0;0;0
"23/10/2024";"07:00:00";"376";"Sem vítima";"230,000";"BR-116/SP";"Decrescente";"Choque";1;0;0;0;0;0;0;0;0;0;0;0;0;0;0
"23/10/2024";"10:21:00";"474";"Sem vítima";"268,400";"BR-116/SP";"Decrescente";"Colisão lateral em sentido contrário";0;0;2;0;0;0;0;0;0;0;0;0;0;0;0
"23/10/2024";"10:46:00";"497";"Sem vítima";"99,000";"BR-116/SP";"Crescente";"Engavetamento";1;0;2;0;0;0;0;0;0;0;0;0;0;0;0
"23/10/2024";"10:57:00";"506";"Sem vítima";"287,900";"BR-116/SP";"Crescente";"Colisão lateral em sentido contrário";0;0;1;0;0;0;0;0;0;0;0;0;0;0;0
"23/10/2024";"01:36:00";"589";"Com vítima";"285,000";"BR-116/SP";"Decrescente";"Capotamento";1;0;0;0;0;0;0;0;0;0;0;4;0;0;0
"23/10/2024";"01:56:00";"601";"Sem vítima";"14,300";"BR-116/SP";"Decrescente";"Choque";1;0;0;0;0;0;0;0;0;0;0;0;0;0;0
"23/10/2024";"02:40:00";"625";"Sem vítima";"208,900";"BR-116/SP";"Decrescente";"Engavetamento";3;0;0;0;0;0;0;0;0;0;0;0;0;0;0
"23/10/2024";"03:53:00";"666";"Sem vítima";"86,300";"BR-116/SP";"Crescente";"Atropelamento de pedestre";0;0;1;0;0;0;0;0;0;0;0;0;0;0;0
"23/10/2024";"04:59:00";"707";"Sem vítima";"230,000";"BR-116/SP";"Decrescente";"Choque";1;0;1;0;0;0;0;0;0;0;0;0;0;0;0
"23/10/2024";"06:03:00";"742";"Com vítima";"471,000";"BR-101/SP";"Crescente";"Acidentes de outra natureza";0;0;0;1;0;0;0;0;0;0;0;0;1;0;0
"23/10/2024";"06:26:00";"750";"Com vítima";"53,700";"BR-116/SP";"Crescente";"Colisão traseira";1;0;1;0;0;0;0;0;0;0;1;0;2;0;0
"23/10/2024";"07:24:00";"771";"Sem vítima";"227,450";"BR-116/SP";"Crescente";"Choque";0;0;1;0;0;0;0;0;0;0;0;0;0;0;0
"23/10/2024";"07:25:00";"772";"Com vítima";"147,350";"BR-116/SP";"Decrescente";"Acidentes de outra natureza";0;0;0;1;0;0;0;0;0;0;0;1;0;0;0
"23/10/2024";"07:52:00";"781";"Sem vítima";"24,000";"BR-116/SP";"Decrescente";"Colisão traseira";0;0;0;0;0;0;0;2;0;0;0;0;0;0;0
"23/10/2024";"10:20:00";"42";"Sem vítima";"71,500";"BR-116/SP";"Decrescente";"Acidentes de outra natureza";0;0;0;1;0;0;0;0;0;0;0;0;0;0;0
"23/10/2024";"11:22:00";"51";"Com vítima";"75,800";"BR-116/SP";"Decrescente";"Colisão traseira";0;0;2;0;0;0;0;0;0;0;0;0;1;0;0
"24/10/2024";"02:46:00";"101";"Sem vítima";"424,000";"BR-101/SP";"Decrescente";"Choque";1;0;0;0;0;0;0;0;0;0;0;0;0;0;0
"24/10/2024";"03:09:00";"118";"Sem vítima";"414,000";"BR-101/SP";"Decrescente";"Colisão traseira";2;0;0;0;0;0;0;0;0;0;0;0;0;0;0
"24/10/2024";"04:59:00";"226";"Sem vítima";"143,700";"BR-116/SP";"Crescente";"Colisão traseira";2;0;0;0;0;0;0;0;0;0;0;0;0;0;0
"24/10/2024";"05:00:00";"230";"Sem vítima";"105,000";"BR-116/SP";"Crescente";"Colisão traseira";1;0;0;0;0;0;0;0;0;0;0;0;0;0;0
"24/10/2024";"05:20:00";"248";"Sem vítima";"462,000";"BR-101/SP";"Crescente";"Choque";1;0;0;0;0;0;0;0;0;0;0;0;0;0;0
"24/10/2024";"05:26:00";"252";"Sem vítima";"466,000";"BR-101/SP";"Decrescente";"Choque";1;0;0;0;0;0;0;0;0;0;0;0;0;0;0
"24/10/2024";"05:39:00";"263";"Sem vítima";"135,000";"BR-116/SP";"Crescente";"Colisão lateral em sentido contrário";1;0;0;0;0;0;0;0;0;0;0;0;0;0;0
"24/10/2024";"05:47:00";"274";"Sem vítima";"274,000";"BR-116/SP";"Decrescente";"Choque";0;0;0;0;0;0;0;0;0;1;0;0;0;0;0
"24/10/2024";"08:22:00";"393";"Sem vítima";"134,000";"BR-116/SP";"Crescente";"Engavetamento";1;0;0;0;0;0;0;1;0;0;0;0;0;0;0
"24/10/2024";"10:23:00";"450";"Sem vítima";"68,000";"BR-116/SP";"Decrescente";"Colisão traseira";1;0;1;0;0;0;0;0;0;0;0;0;0;0;0
"24/10/2024";"10:40:00";"458";"Sem vítima";"229,400";"BR-116/SP";"Decrescente";"Colisão traseira";1;0;0;0;0;0;0;0;0;0;0;0;0;0;0
"24/10/2024";"11:01:00";"476";"Sem vítima";"68,000";"BR-116/SP";"Decrescente";"Colisão lateral em sentido contrário";1;0;0;0;0;0;0;0;0;0;0;0;0;0;0
"24/10/2024";"11:18:00";"485";"Sem vítima";"231,400";"BR-116/SP";"Crescente";"Choque";1;0;0;0;0;0;0;0;0;0;0;0;0;0;0
"24/10/2024";"11:53:00";"513";"Sem vítima";"452,000";"BR-101/SP";"Crescente";"Choque";0;0;0;0;0;0;0;0;0;1;0;0;0;0;0
"24/10/2024";"12:14:00";"523";"Com vítima";"182,500";"BR-116/SP";"Decrescente";"Choque";0;0;0;1;0;0;0;0;0;0;0;1;0;0;0
"24/10/2024";"01:07:00";"555";"Sem vítima";"438,000";"BR-101/SP";"Crescente";"Colisão lateral em sentido contrário";1;0;1;0;0;0;0;0;0;0;0;0;0;0;0
"24/10/2024";"01:20:00";"563";"Sem vítima";"321,600";"BR-116/SP";"Crescente";"Colisão lateral em sentido contrário";0;0;1;0;0;0;0;0;0;0;0;0;0;0;0
"24/10/2024";"03:42:00";"645";"Sem vítima";"315,800";"BR-116/SP";"Decrescente";"Colisão traseira";1;0;0;0;0;0;0;0;0;0;0;0;0;0;0
"24/10/2024";"04:01:00";"659";"Sem vítima";"158,000";"BR-116/SP";"Decrescente";"Colisão traseira";2;0;0;0;0;0;0;0;0;0;0;0;0;0;0
"24/10/2024";"04:10:00";"664";"Sem vítima";"453,000";"BR-101/SP";"Crescente";"Choque";1;0;0;0;0;0;0;0;0;0;0;0;0;0;0
"24/10/2024";"04:11:00";"668";"Com vítima";"222,500";"BR-116/SP";"Decrescente";"Colisão traseira";0;0;0;0;1;0;0;0;0;1;0;2;6;0;0
"24/10/2024";"05:18:00";"699";"Sem vítima";"228,500";"BR-116/SP";"Decrescente";"Acidentes de outra natureza";1;0;1;0;0;0;0;0;0;0;0;0;0;0;0
"24/10/2024";"08:09:00";"770";"Sem vítima";"86,950";"BR-116/SP";"Crescente";"Colisão traseira";2;0;0;0;0;0;0;0;0;0;0;0;0;0;0
"24/10/2024";"08:27:00";"780";"Com vítima";"256,300";"BR-116/SP";"Decrescente";"Engavetamento";1;0;1;0;0;0;0;0;0;1;0;2;0;0;0
"24/10/2024";"09:00:00";"459";"Sem vítima";"184,000";"BR-116/SP";"Decrescente";"Colisão lateral em sentido contrário";1;0;0;0;0;0;0;0;0;0;0;0;0;0;0
"24/10/2024";"09:17:00";"42";"Sem vítima";"420,800";"BR-101/SP";"Decrescente";"Choque";1;0;0;0;0;0;0;0;0;0;0;0;0;0;0
"24/10/2024";"10:13:00";"60";"Com vítima";"131,700";"BR-116/SP";"Crescente";"Colisão traseira";0;0;1;0;1;0;0;0;0;0;0;0;1;0;0
"24/10/2024";"10:27:00";"64";"Sem vítima";"227,500";"BR-116/SP";"Crescente";"Choque";0;0;0;0;0;0;0;0;0;1;0;0;0;0;0
"24/10/2024";"11:56:00";"85";"Sem vítima";"165,200";"BR-116/SP";"Crescente";"Colisão traseira";1;0;1;0;0;0;0;0;0;0;0;0;0;0;0
"25/10/2024";"03:42:00";"183";"Sem vítima";"219,700";"BR-116/SP";"Decrescente";"Colisão lateral em sentido contrário";1;0;0;0;0;0;0;1;0;0;0;0;0;0;0
"25/10/2024";"04:50:00";"256";"Sem vítima";"101,650";"BR-116/SP";"Crescente";"Colisão traseira";1;0;1;0;0;0;0;0;0;0;0;0;0;0;0
"25/10/2024";"04:55:00";"259";"Com vítima";"300,000";"BR-116/SP";"Decrescente";"Colisão traseira";1;0;0;1;0;0;0;0;0;0;0;1;0;0;0
"25/10/2024";"05:00:00";"262";"Sem vítima";"143,000";"BR-116/SP";"Decrescente";"Engavetamento";3;0;0;0;0;0;0;0;0;0;0;0;0;0;0
"25/10/2024";"05:55:00";"312";"Sem vítima";"269,000";"BR-116/SP";"Decrescente";"Colisão traseira";1;0;0;0;0;0;0;1;0;0;0;0;0;0;0
"25/10/2024";"05:57:00";"318";"Sem vítima";"70,000";"BR-116/SP";"Crescente";"Colisão traseira";2;0;0;0;0;0;0;0;0;0;0;0;0;0;0
"25/10/2024";"06:08:00";"328";"Sem vítima";"515,500";"BR-101/SP";"Decrescente";"Choque";1;0;0;0;0;0;0;0;0;0;0;0;0;0;0
"25/10/2024";"07:05:00";"371";"Sem vítima";"147,300";"BR-116/SP";"Crescente";"Colisão lateral em sentido contrário";1;0;1;0;0;0;0;0;0;0;0;0;0;0;0
"25/10/2024";"08:49:00";"426";"Sem vítima";"78,900";"BR-116/SP";"Crescente";"Colisão traseira";0;0;2;0;0;0;0;0;0;0;0;0;0;0;0
"25/10/2024";"11:23:00";"506";"Com vítima";"134,100";"BR-116/SP";"Crescente";"Colisão traseira";1;0;0;1;0;0;0;0;0;0;0;0;0;1;0
"25/10/2024";"11:47:00";"516";"Sem vítima";"102,000";"BR-116/SP";"Crescente";"Engavetamento";4;0;1;0;0;0;0;0;0;0;0;0;0;0;0
"25/10/2024";"01:16:00";"555";"Com vítima";"103,400";"BR-116/SP";"Crescente";"Colisão traseira";1;0;0;1;0;0;0;0;0;0;0;0;1;0;0
"25/10/2024";"01:55:00";"570";"Sem vítima";"18,700";"BR-116/SP";"Crescente";"Colisão lateral em sentido contrário";1;0;0;0;1;0;0;0;0;0;0;0;0;0;0
"25/10/2024";"02:25:00";"583";"Sem vítima";"65,100";"BR-116/SP";"Crescente";"Choque";1;0;0;0;0;0;0;0;0;0;0;0;0;0;0
"25/10/2024";"04:27:00";"666";"Com vítima";"213,900";"BR-116/SP";"Crescente";"Acidentes de outra natureza";0;0;0;1;0;0;0;0;0;0;0;2;0;0;0
"25/10/2024";"05:46:00";"712";"Sem vítima";"275,900";"BR-116/SP";"Decrescente";"Choque";1;0;0;0;0;0;0;0;0;0;0;0;0;0;0
"25/10/2024";"07:24:00";"761";"Sem vítima";"226,900";"BR-116/SP";"Crescente";"Colisão traseira";1;0;1;0;0;0;0;0;0;0;0;0;0;0;0
"25/10/2024";"09:06:00";"31";"Sem vítima";"146,500";"BR-116/SP";"Crescente";"Choque";0;0;0;0;0;0;0;1;0;0;0;0;0;0;0
"26/10/2024";"12:59:00";"75";"Sem vítima";"329,500";"BR-116/SP";"Decrescente";"Colisão lateral em sentido contrário";0;0;1;0;0;0;0;1;0;0;0;0;0;0;0
"26/10/2024";"01:03:00";"76";"Sem vítima";"49,800";"BR-101/SP";"Decrescente";"Choque";1;0;0;0;0;0;0;0;0;0;0;0;0;0;0
"26/10/2024";"01:18:00";"77";"Sem vítima";"292,700";"BR-116/SP";"Decrescente";"Colisão lateral em sentido contrário";0;0;1;0;0;0;0;0;0;0;0;0;0;0;0
"26/10/2024";"01:37:00";"80";"Com vítima";"408,500";"BR-101/SP";"Decrescente";"Atropelamento de pedestre";0;0;0;0;0;0;0;0;0;0;0;0;1;0;0
"26/10/2024";"02:17:00";"92";"Sem vítima";"572,000";"BR-101/SP";"Decrescente";"Atropelamento de pedestre";1;0;0;0;0;0;0;0;0;0;0;0;0;0;0
"26/10/2024";"02:22:00";"94";"Sem vítima";"151,000";"BR-116/SP";"Decrescente";"Colisão traseira";2;0;0;0;0;0;0;0;0;0;0;0;0;0;0
"26/10/2024";"04:54:00";"197";"Sem vítima";"117,000";"BR-116/SP";"Crescente";"Colisão traseira";0;0;1;1;0;0;0;0;0;0;0;0;0;0;0
"26/10/2024";"05:40:00";"240";"Sem vítima";"135,000";"BR-116/SP";"Decrescente";"Colisão traseira";2;0;0;0;0;0;0;0;0;0;0;0;0;0;0
"26/10/2024";"06:16:00";"284";"Sem vítima";"496,500";"BR-101/SP";"Crescente";"Choque";1;0;0;0;0;0;0;0;0;0;0;0;0;0;0
"26/10/2024";"07:02:00";"327";"Sem vítima";"112,000";"BR-116/SP";"Decrescente";"Colisão lateral em sentido contrário";0;0;2;0;0;0;0;0;0;1;0;0;0;0;0
"26/10/2024";"08:22:00";"382";"Sem vítima";"115,000";"BR-116/SP";"Decrescente";"Colisão traseira";2;0;0;0;0;0;0;0;0;0;0;0;0;0;0
"26/10/2024";"09:16:00";"409";"Com vítima";"445,000";"BR-101/SP";"Decrescente";"Capotamento";1;0;0;0;0;0;0;0;0;0;0;0;1;0;0
"26/10/2024";"09:48:00";"435";"Com vítima";"223,700";"BR-116/SP";"Crescente";"Colisão lateral em sentido contrário";0;0;1;1;0;0;0;0;0;0;0;1;0;0;0
"26/10/2024";"10:52:00";"472";"Sem vítima";"131,600";"BR-116/SP";"Crescente";"Engavetamento";4;0;0;0;0;0;0;0;0;0;0;0;0;0;0
"26/10/2024";"11:56:00";"494";"Com vítima";"383,000";"BR-101/SP";"Crescente";"Colisão lateral em sentido contrário";1;0;0;1;0;0;0;0;0;0;0;0;1;0;0
"26/10/2024";"12:05:00";"500";"Sem vítima";"238,000";"BR-116/SP";"Crescente";"Colisão lateral em sentido contrário";1;0;1;0;0;0;0;0;0;0;0;0;0;0;0
"26/10/2024";"12:52:00";"528";"Com vítima";"59,100";"BR-116/SP";"Decrescente";"Choque";1;0;0;0;0;0;0;0;0;0;0;1;0;0;0
"26/10/2024";"12:53:00";"529";"Sem vítima";"93,700";"BR-116/SP";"Crescente";"Colisão traseira";2;0;0;0;0;1;0;0;0;0;0;0;0;0;0
"26/10/2024";"01:05:00";"531";"Sem vítima";"423,600";"BR-101/SP";"Crescente";"Choque";1;0;0;0;0;0;0;0;0;0;0;0;0;0;0
"26/10/2024";"01:55:00";"550";"Sem vítima";"218,400";"BR-116/SP";"Crescente";"Colisão lateral em sentido contrário";2;0;0;0;0;0;0;0;0;0;0;0;0;0;0
"26/10/2024";"02:37:00";"570";"Sem vítima";"215,800";"BR-116/SP";"Crescente";"Choque";1;0;0;0;0;0;0;0;0;0;0;0;0;0;0
"26/10/2024";"02:38:00";"571";"Com vítima";"313,500";"BR-116/SP";"Decrescente";"Choque";1;0;0;0;0;0;0;0;0;0;0;1;0;0;0
"26/10/2024";"03:17:00";"585";"Com vítima";"228,000";"BR-116/SP";"Decrescente";"Acidentes de outra natureza";0;0;0;1;0;0;0;0;0;0;0;1;0;0;0
"26/10/2024";"03:59:00";"604";"Sem vítima";"36,000";"BR-101/SP";"Decrescente";"Choque";1;0;0;0;0;0;0;0;0;0;0;0;0;0;0
"26/10/2024";"04:30:00";"621";"Sem vítima";"146,800";"BR-116/SP";"Decrescente";"Colisão traseira";1;0;0;0;0;0;0;0;0;0;0;0;0;0;0
"26/10/2024";"04:43:00";"625";"Com vítima";"175,350";"BR-116/SP";"Crescente";"Atropelamento de pedestre";1;0;0;0;0;0;0;0;0;0;0;0;0;1;0
"26/10/2024";"04:50:00";"631";"Com vítima";"194,000";"BR-116/SP";"Crescente";"Colisão traseira";2;0;0;0;0;0;0;0;0;0;0;1;0;0;0
"26/10/2024";"09:19:00";"37";"Com vítima";"295,000";"BR-116/SP";"Crescente";"Colisão traseira";1;0;0;0;0;0;0;0;0;0;0;0;1;0;0
"26/10/2024";"09:47:00";"45";"Sem vítima";"511,000";"BR-101/SP";"Decrescente";"Choque";1;0;0;0;0;0;0;0;0;0;0;0;0;0;0
"26/10/2024";"10:26:00";"53";"Com vítima";"145,700";"BR-116/SP";"Decrescente";"Atropelamento de pedestre";1;0;0;0;0;0;0;0;0;0;0;1;0;0;0
"26/10/2024";"11:11:00";"59";"Com vítima";"226,600";"BR-116/SP";"Decrescente";"Acidentes de outra natureza";0;0;0;1;0;0;0;0;0;0;0;1;0;0;0
"26/10/2024";"11:32:00";"61";"Sem vítima";"507,000";"BR-101/SP";"Decrescente";"Colisão frontal";2;0;0;0;0;0;0;0;0;0;0;0;0;0;0
"26/10/2024";"11:54:00";"67";"Sem vítima";"111,000";"BR-116/SP";"Crescente";"Capotamento";2;0;0;0;0;0;0;0;0;0;0;0;0;0;0
"27/10/2024";"04:37:00";"144";"Sem vítima";"485,000";"BR-101/SP";"Crescente";"Choque";1;0;0;0;0;0;0;0;0;0;0;0;0;0;0
"27/10/2024";"05:28:00";"171";"Sem vítima";"498,000";"BR-101/SP";"Crescente";"Choque";1;0;0;0;0;0;0;0;0;0;0;0;0;0;0
"27/10/2024";"09:14:00";"257";"Com vítima";"467,000";"BR-101/SP";"Crescente";"Acidentes de outra natureza";0;0;0;1;0;0;0;0;0;0;0;0;1;0;0
"27/10/2024";"09:55:00";"274";"Com vítima";"143,280";"BR-116/SP";"Decrescente";"Capotamento";1;0;0;0;0;0;0;0;0;0;0;4;0;0;0
"27/10/2024";"02:04:00";"373";"Sem vítima";"104,700";"BR-116/SP";"Crescente";"Engavetamento";4;0;0;0;1;0;0;0;0;0;0;0;0;0;0
"27/10/2024";"02:17:00";"306";"Com vítima";"86,700";"BR-116/SP";"Crescente";"Engavetamento";4;0;0;0;0;0;0;0;0;0;0;1;0;0;0
"27/10/2024";"03:09:00";"403";"Sem vítima";"272,100";"BR-116/SP";"Decrescente";"Engavetamento";2;0;0;0;0;0;0;0;0;0;0;0;0;0;0
"27/10/2024";"09:00:00";"36";"Com vítima";"251,600";"BR-116/SP";"Crescente";"Colisão traseira";2;0;0;0;0;0;0;0;0;0;0;1;1;0;0
"27/10/2024";"09:00:00";"325";"Sem vítima";"226,900";"BR-116/SP";"Decrescente";"Colisão lateral em sentido contrário";1;0;1;0;0;0;0;0;0;0;0;0;0;0;0
"27/10/2024";"09:00:00";"664";"Sem vítima";"240,900";"BR-116/SP";"Decrescente";"Colisão traseira";1;0;0;0;0;0;0;1;0;0;0;0;0;0;0
"27/10/2024";"09:47:00";"37";"Com vítima";"234,900";"BR-116/SP";"Crescente";"Atropelamento de pedestre";0;0;0;1;0;0;0;0;0;0;0;0;1;1;0
"27/10/2024";"10:44:00";"41";"Sem vítima";"185,700";"BR-116/SP";"Decrescente";"Choque";1;0;0;0;0;0;0;0;0;0;0;0;0;0;0
"28/10/2024";"12:37:00";"55";"Com vítima";"85,400";"BR-116/SP";"Crescente";"Colisão traseira";0;0;1;0;0;0;0;1;0;0;0;0;0;1;0
"28/10/2024";"02:09:00";"73";"Sem vítima";"186,150";"BR-116/SP";"Decrescente";"Choque";0;0;1;0;0;0;0;0;0;0;0;0;0;0;0
"28/10/2024";"02:12:00";"75";"Sem vítima";"162,000";"BR-116/SP";"Crescente";"Choque";1;0;0;0;0;0;0;0;0;0;0;0;0;0;0
"28/10/2024";"03:07:00";"111";"Sem vítima";"231,000";"BR-116/SP";"Decrescente";"Choque";1;0;0;0;0;0;0;0;0;0;0;0;0;0;0
"28/10/2024";"03:51:00";"157";"Com vítima";"106,200";"BR-116/SP";"Crescente";"Colisão traseira";0;0;1;1;0;0;0;0;0;0;0;1;0;0;0
"28/10/2024";"04:18:00";"184";"Com vítima";"78,300";"BR-116/SP";"Crescente";"Atropelamento de pedestre";1;0;0;0;0;0;0;0;0;0;0;1;0;0;0
"28/10/2024";"04:43:00";"215";"Com vítima";"139,500";"BR-116/SP";"Crescente";"Acidentes de outra natureza";0;0;0;1;0;0;0;0;0;0;0;0;1;0;0
"28/10/2024";"05:33:00";"257";"Com vítima";"168,000";"BR-116/SP";"Crescente";"Colisão lateral em sentido contrário";0;0;0;1;0;0;0;1;0;0;0;1;0;0;0
"28/10/2024";"07:36:00";"335";"Com vítima";"491,500";"BR-101/SP";"Decrescente";"Colisão frontal";2;0;0;0;0;0;0;0;0;0;0;1;0;0;0
"28/10/2024";"07:56:00";"349";"Sem vítima";"495,000";"BR-101/SP";"Crescente";"Choque";1;0;0;0;0;0;0;0;0;0;0;0;0;0;0
"28/10/2024";"08:52:00";"378";"Sem vítima";"34,000";"BR-116/SP";"Decrescente";"Colisão traseira";1;0;1;0;0;0;0;0;0;0;0;0;0;0;0
"28/10/2024";"09:07:00";"386";"Sem vítima";"476,000";"BR-101/SP";"Crescente";"Choque";1;0;0;0;0;0;0;0;0;0;0;0;0;0;0
"28/10/2024";"09:32:00";"458";"Sem vítima";"466,000";"BR-101/SP";"Crescente";"Choque";1;0;0;0;0;0;0;0;0;0;0;0;0;0;0
"28/10/2024";"09:43:00";"412";"Sem vítima";"264,000";"BR-116/SP";"Decrescente";"Colisão lateral em sentido contrário";2;0;0;0;0;0;0;0;0;0;0;0;0;0;0
"28/10/2024";"11:41:00";"460";"Com vítima";"422,800";"BR-101/SP";"Decrescente";"Choque";0;0;1;0;0;0;0;0;0;0;0;1;0;0;0
"28/10/2024";"03:47:00";"573";"Com vítima";"147,800";"BR-116/SP";"Decrescente";"Engavetamento";3;0;0;0;0;0;0;0;0;1;0;0;1;0;0
"28/10/2024";"05:19:00";"609";"Com vítima";"147,800";"BR-116/SP";"Decrescente";"Engavetamento";4;0;0;0;0;0;0;0;0;0;0;1;0;0;0
"28/10/2024";"07:52:00";"653";"Sem vítima";"241,650";"BR-116/SP";"Decrescente";"Colisão traseira";0;0;2;0;0;0;0;0;0;0;0;0;0;0;0
"29/10/2024";"02:01:00";"76";"Com vítima";"273,700";"BR-116/SP";"Decrescente";"Colisão traseira";0;0;1;0;0;0;0;0;0;0;0;1;0;0;0
"29/10/2024";"02:54:00";"97";"Com vítima";"247,400";"BR-116/SP";"Decrescente";"Engavetamento";0;0;2;0;0;1;0;0;0;1;0;1;0;0;0
"29/10/2024";"05:00:00";"221";"Sem vítima";"225,500";"BR-116/SP";"Crescente";"Colisão lateral em sentido contrário";1;0;1;0;0;0;0;0;0;0;0;0;0;0;0
"29/10/2024";"05:06:00";"229";"Sem vítima";"144,900";"BR-116/SP";"Crescente";"Colisão traseira";2;0;0;0;0;0;0;0;0;0;0;0;0;0;0
"29/10/2024";"08:30:00";"371";"Sem vítima";"146,500";"BR-116/SP";"Decrescente";"Colisão lateral em sentido contrário";1;0;1;0;0;0;0;0;0;0;0;0;0;0;0
"29/10/2024";"08:38:00";"378";"Sem vítima";"239,400";"BR-116/SP";"Decrescente";"Colisão traseira";2;0;0;0;0;0;0;0;0;0;0;0;0;0;0
"29/10/2024";"08:44:00";"381";"Sem vítima";"315,000";"BR-116/SP";"Decrescente";"Colisão traseira";2;0;0;0;0;0;0;0;0;0;0;0;0;0;0
"29/10/2024";"08:51:00";"386";"Sem vítima";"61,200";"BR-116/SP";"Crescente";"Colisão lateral em sentido contrário";2;0;0;0;0;0;0;0;0;0;0;0;0;0;0
"29/10/2024";"08:56:00";"393";"Sem vítima";"145,800";"BR-116/SP";"Crescente";"Colisão traseira";1;0;1;0;0;0;0;0;0;0;0;0;0;0;0
"29/10/2024";"10:01:00";"419";"Com vítima";"205,200";"BR-116/SP";"Crescente";"Colisão lateral em sentido contrário";1;0;0;1;0;0;0;0;0;0;0;0;1;0;0
"29/10/2024";"10:47:00";"445";"Com vítima";"159,300";"BR-116/SP";"Crescente";"Acidentes de outra natureza";0;0;0;1;0;0;0;0;0;0;0;1;0;0;0
"29/10/2024";"01:18:00";"527";"Com vítima";"153,400";"BR-116/SP";"Decrescente";"Engavetamento";2;0;2;1;1;0;0;1;0;0;0;2;0;0;0
"29/10/2024";"01:31:00";"536";"Com vítima";"114,900";"BR-116/SP";"Crescente";"Acidentes de outra natureza";0;0;0;1;0;0;0;0;0;0;0;0;1;0;0
"29/10/2024";"01:54:00";"549";"Sem vítima";"308,500";"BR-116/SP";"Decrescente";"Colisão traseira";1;0;1;0;0;0;0;0;0;0;0;0;0;0;0
"29/10/2024";"03:37:00";"592";"Com vítima";"563,800";"BR-101/SP";"Decrescente";"Atropelamento de pedestre";1;0;0;1;0;0;0;0;0;0;0;0;1;0;0
"29/10/2024";"04:28:00";"618";"Com vítima";"53,000";"BR-116/SP";"Crescente";"Colisão lateral em sentido contrário";1;0;0;1;0;0;0;0;0;0;0;1;0;0;0
"29/10/2024";"06:03:00";"658";"Sem vítima";"227,000";"BR-116/SP";"Decrescente";"Choque";0;0;1;0;0;0;0;0;0;0;0;0;0;0;0
"29/10/2024";"06:18:00";"664";"Sem vítima";"525,800";"BR-101/SP";"Crescente";"Atropelamento de pedestre";1;0;0;0;0;0;0;0;0;0;0;0;0;0;0
"29/10/2024";"09:00:00";"324";"Com vítima";"140,700";"BR-116/SP";"Crescente";"Colisão traseira";1;0;0;1;0;0;0;0;0;0;0;1;0;0;0