data;horario;n_da_ocorrencia;tipo_de_ocorrencia;km;trecho;sentido;tipo_de_acidente;automovel;bicicleta;caminhao;moto;onibus;outros;tracao_animal;transporte_de_cargas_especiais;trator_maquinas;utilitarios;ilesos;levemente_feridos;moderadamente_feridos;gravemente_feridos;mortos
"29/10/2024";"09:00:00";"422";"Sem vítima";"182,500";"BR-116/SP";"Decrescente";"Colisão traseira";1;0;0;0;0;0;0;0;0;0;0;0;0;0;0
"29/10/2024";"10:19:00";"54";"Sem vítima";"329,500";"BR-116/SP";"Decrescente";"Choque";1;0;0;0;0;0;0;0;0;0;0;0;0;0;0
"29/10/2024";"11:06:00";"64";"Sem vítima";"308,100";"BR-116/SP";"Decrescente";"Colisão traseira";1;0;1;0;0;0;0;0;0;0;0;0;0;0;0
"30/10/2024";"12:22:00";"77";"Sem vítima";"431,020";"BR-101/SP";"Decrescente";"Choque";1;0;0;0;0;0;0;0;0;0;0;0;0;0;0
"30/10/2024";"01:15:00";"86";"Sem vítima";"229,700";"BR-116/SP";"Decrescente";"Colisão traseira";0;0;2;0;0;0;0;0;0;0;0;0;0;0;0
"30/10/2024";"04:46:00";"248";"Com vítima";"214,000";"BR-116/SP";"Decrescente";"Choque";0;0;0;1;0;0;0;0;0;0;0;0;0;1;0
"30/10/2024";"06:52:00";"372";"Sem vítima";"123,000";"BR-116/SP";"Decrescente";"Colisão traseira";0;0;1;0;0;0;0;0;0;0;0;0;0;0;0
"30/10/2024";"09:52:00";"452";"Sem vítima";"86,950";"BR-116/SP";"Decrescente";"Colisão traseira";1;0;0;0;0;0;0;0;0;0;0;0;0;0;0
"30/10/2024";"11:29:00";"503";"Com vítima";"477,800";"BR-101/SP";"Decrescente";"Atropelamento de pedestre";0;0;0;0;0;0;0;0;0;0;0;0;1;0;0
"30/10/2024";"11:59:00";"522";"Sem vítima";"146,500";"BR-116/SP";"Crescente";"Colisão lateral em sentido contrário";1;0;0;0;0;0;0;1;0;0;0;0;0;0;0
"30/10/2024";"12:58:00";"483";"Com vítima";"198,000";"BR-116/SP";"Crescente";"Acidentes de outra natureza";0;0;0;1;0;0;0;0;0;0;0;1;0;0;0
"30/10/2024";"01:13:00";"552";"Sem vítima";"412,300";"BR-101/SP";"Decrescente";"Atropelamento de pedestre";1;0;0;0;0;0;0;0;0;0;0;0;0;0;0
"30/10/2024";"02:25:00";"588";"Sem vítima";"107,500";"BR-116/SP";"Decrescente";"Colisão lateral em sentido contrário";1;0;0;0;0;0;0;1;0;0;0;0;0;0;0
"30/10/2024";"02:37:00";"591";"Sem vítima";"224,000";"BR-116/SP";"Crescente";"Acidentes de outra natureza";0;0;0;1;0;0;0;0;0;0;0;0;0;0;0
"30/10/2024";"05:07:00";"669";"Com vítima";"219,000";"BR-116/SP";"Crescente";"Choque";0;0;0;1;0;0;0;0;0;0;0;1;0;0;0
"30/10/2024";"07:06:00";"716";"Sem vítima";"216,000";"BR-116/SP";"Decrescente";"Colisão traseira";1;0;0;0;0;0;0;0;0;0;0;0;0;0;0
"31/10/2024";"04:42:00";"256";"Com vítima";"136,800";"BR-116/SP";"Crescente";"Engavetamento";0;0;2;0;0;0;0;1;0;0;0;1;0;0;0
"31/10/2024";"06:43:00";"403";"Sem vítima";"151,800";"BR-116/SP";"Decrescente";"Colisão lateral em sentido contrário";1;0;1;0;0;0;0;0;0;0;0;0;0;0;0
"31/10/2024";"08:10:00";"453";"Sem vítima";"224,000";"BR-116/SP";"Crescente";"Engavetamento";2;0;1;0;0;0;0;0;0;0;0;0;0;0;0
"31/10/2024";"08:26:00";"459";"Sem vítima";"223,100";"BR-116/SP";"Crescente";"Colisão lateral em sentido contrário";1;0;1;0;0;0;0;0;0;0;0;0;0;0;0
"31/10/2024";"09:12:00";"481";"Com vítima";"189,000";"BR-116/SP";"Decrescente";"Choque";1;0;0;0;0;0;0;0;0;0;0;1;0;0;0
"31/10/2024";"09:48:00";"503";"Com vítima";"50,500";"BR-116/SP";"Decrescente";"Engavetamento";3;0;0;0;0;1;0;0;0;0;0;0;1;0;0
"31/10/2024";"10:05:00";"516";"Sem vítima";"304,600";"BR-116/SP";"Crescente";"Choque";0;0;0;0;0;0;0;1;0;0;0;0;0;0;0
"31/10/2024";"11:09:00";"553";"Com vítima";"117,000";"BR-116/SP";"Crescente";"Acidentes de outra natureza";0;0;0;1;0;0;0;0;0;0;0;0;1;0;0
"31/10/2024";"01:40:00";"616";"Sem vítima";"146,000";"BR-116/SP";"Crescente";"Colisão traseira";0;0;1;0;0;0;0;1;0;0;0;0;0;0;0
"31/10/2024";"01:56:00";"619";"Com vítima";"148,300";"BR-116/SP";"Decrescente";"Colisão lateral em sentido contrário";1;0;0;1;0;0;0;0;0;0;0;0;1;0;0
"31/10/2024";"02:12:00";"629";"Com vítima";"152,400";"BR-116/SP";"Decrescente";"Colisão traseira";2;0;0;0;0;0;0;0;0;0;0;2;0;0;0
"31/10/2024";"04:47:00";"715";"Com vítima";"112,000";"BR-116/SP";"Crescente";"Colisão lateral em sentido contrário";1;0;0;1;0;0;0;0;0;0;0;1;0;0;0
"31/10/2024";"06:33:00";"757";"Com vítima";"504,000";"BR-101/SP";"Crescente";"Colisão frontal";1;0;0;1;0;0;0;0;0;0;0;0;2;0;0
"31/10/2024";"09:38:00";"36";"Sem vítima";"85,100";"BR-116/SP";"Crescente";"Colisão traseira";2;0;0;0;0;0;0;0;0;0;0;0;0;0;0
"01/11/2024";"07:41:00";"381";"Com vítima";"289,300";"BR-116/SP";"Decrescente";"Colisão traseira";0;0;0;1;0;0;0;0;0;0;0;1;0;0;0
"01/11/2024";"07:47:00";"385";"Sem vítima";"193,500";"BR-116/SP";"Crescente";"Acidentes de outra natureza";0;0;1;0;0;0;0;0;0;0;0;0;0;0;0
"01/11/2024";"08:53:00";"422";"Com vítima";"222,800";"BR-116/SP";"Crescente";"Colisão traseira";1;0;0;1;0;0;0;0;0;0;0;1;0;0;0
"01/11/2024";"11:59:00";"518";"Sem vítima";"226,000";"BR-116/SP";"Decrescente";"Colisão lateral em sentido contrário";1;0;0;0;0;0;0;1;0;0;0;0;0;0;0
"01/11/2024";"01:47:00";"568";"Sem vítima";"56,000";"BR-116/SP";"Crescente";"Engavetamento";3;0;0;0;0;0;0;0;0;0;0;0;0;0;0
"01/11/2024";"04:01:00";"632";"Com vítima";"594,900";"BR-101/SP";"Crescente";"Colisão traseira";2;0;0;0;0;0;0;0;0;0;0;0;2;0;0
"01/11/2024";"05:10:00";"662";"Sem vítima";"147,700";"BR-116/SP";"Decrescente";"Engavetamento";3;0;0;0;0;0;0;0;0;0;0;0;0;0;0
"01/11/2024";"09:29:00";"31";"Com vítima";"152,500";"BR-116/SP";"Decrescente";"Colisão traseira";1;0;0;1;0;0;0;0;0;0;0;1;0;0;0
"01/11/2024";"09:38:00";"33";"Sem vítima";"403,000";"BR-101/SP";"Decrescente";"Choque";2;0;0;0;0;0;0;0;0;0;0;0;0;0;0
"02/11/2024";"01:03:00";"58";"Sem vítima";"168,900";"BR-116/SP";"Decrescente";"Choque";1;0;0;0;0;0;0;0;0;0;0;0;0;0;0
"02/11/2024";"03:51:00";"110";"Sem vítima";"60,300";"BR-116/SP";"Crescente";"Colisão lateral em sentido contrário";1;0;1;0;0;0;0;0;0;0;0;0;0;0;0
"02/11/2024";"04:11:00";"131";"Com vítima";"196,000";"BR-116/SP";"Decrescente";"Atropelamento de pedestre";0;0;0;0;0;0;0;0;0;0;0;0;1;0;0
"02/11/2024";"05:07:00";"178";"Com vítima";"224,100";"BR-116/SP";"Crescente";"Colisão traseira";0;0;0;2;0;0;0;0;0;0;0;0;1;1;0
"02/11/2024";"06:06:00";"202";"Com vítima";"502,000";"BR-101/SP";"Crescente";"Colisão traseira";0;0;0;1;0;0;0;0;0;0;0;0;1;0;0
"02/11/2024";"06:44:00";"226";"Com vítima";"117,300";"BR-116/SP";"Decrescente";"Engavetamento";4;0;0;0;0;0;0;0;0;0;0;0;1;0;0
"02/11/2024";"07:27:00";"239";"Com vítima";"95,400";"BR-116/SP";"Decrescente";"Engavetamento";3;0;0;0;0;0;0;0;0;0;0;1;0;0;0
"02/11/2024";"08:28:00";"272";"Com vítima";"109,000";"BR-116/SP";"Decrescente";"Colisão traseira";1;0;0;1;0;0;0;0;0;0;0;0;1;0;0
"02/11/2024";"11:04:00";"342";"Sem vítima";"435,000";"BR-101/SP";"Crescente";"Choque";1;0;0;0;0;0;0;0;0;0;0;0;0;0;0
"02/11/2024";"01:42:00";"409";"Com vítima";"461,100";"BR-101/SP";"Decrescente";"Acidentes de outra natureza";0;0;0;1;0;0;0;0;0;0;0;0;1;0;0
"02/11/2024";"02:17:00";"425";"Sem vítima";"470,600";"BR-101/SP";"Decrescente";"Colisão lateral em sentido contrário";1;0;1;0;0;0;0;0;0;0;0;0;0;0;0
"02/11/2024";"02:27:00";"428";"Sem vítima";"428,700";"BR-101/SP";"Decrescente";"Colisão lateral em sentido contrário";1;0;1;0;0;0;0;0;0;0;0;0;0;0;0
"02/11/2024";"02:56:00";"442";"Sem vítima";"270,200";"BR-116/SP";"Crescente";"Choque";1;0;0;0;0;0;0;0;0;0;0;0;0;0;0
"02/11/2024";"04:52:00";"489";"Sem vítima";"223,700";"BR-116/SP";"Crescente";"Colisão traseira";2;0;0;0;0;0;0;0;0;0;0;0;0;0;0
"02/11/2024";"05:42:00";"512";"Com vítima";"418,300";"BR-101/SP";"Decrescente";"Colisão lateral em sentido contrário";2;0;0;0;0;0;0;0;0;0;0;0;2;0;0
"02/11/2024";"07:37:00";"543";"Sem vítima";"237,400";"BR-116/SP";"Decrescente";"Atropelamento de pedestre";1;0;0;0;0;0;0;0;0;0;0;0;0;0;0
"02/11/2024";"08:37:00";"560";"Com vítima";"154,700";"BR-116/SP";"Crescente";"Choque";1;0;0;0;0;0;0;0;0;0;0;0;1;0;0
"02/11/2024";"08:39:00";"561";"Com vítima";"147,350";"BR-116/SP";"Crescente";"Colisão lateral em sentido contrário";2;0;1;0;0;0;0;0;0;0;0;0;1;0;0
"02/11/2024";"09:00:00";"307";"Sem vítima";"324,100";"BR-116/SP";"Decrescente";"Engavetamento";1;0;0;0;0;0;0;0;0;0;0;0;0;0;0
"02/11/2024";"10:08:00";"43";"Sem vítima";"415,300";"BR-101/SP";"Crescente";"Atropelamento de pedestre";1;0;0;0;0;0;0;0;0;0;0;0;0;0;0
"03/11/2024";"01:31:00";"69";"Sem vítima";"563,800";"BR-101/SP";"Decrescente";"Acidentes de outra natureza";1;0;0;0;0;0;0;0;0;0;0;0;0;0;0
"03/11/2024";"05:32:00";"140";"Com vítima";"476,000";"BR-101/SP";"Crescente";"Acidentes de outra natureza";0;0;0;1;0;0;0;0;0;0;0;0;1;0;0
"03/11/2024";"07:13:00";"163";"Sem vítima";"149,000";"BR-116/SP";"Crescente";"Choque";1;0;0;0;0;0;0;0;0;0;0;0;0;0;0
"03/11/2024";"10:50:00";"233";"Com vítima";"144,500";"BR-116/SP";"Crescente";"Colisão traseira";1;0;0;1;0;0;0;0;0;0;0;0;1;0;0
"03/11/2024";"11:51:00";"250";"Sem vítima";"165,000";"BR-116/SP";"Crescente";"Colisão traseira";1;0;0;0;0;0;0;0;0;0;0;0;0;0;0
"03/11/2024";"12:14:00";"261";"Com vítima";"416,000";"BR-101/SP";"Decrescente";"Atropelamento de pedestre";1;0;0;0;0;0;0;0;0;0;0;0;1;0;0
"03/11/2024";"12:31:00";"271";"Com vítima";"65,000";"BR-116/SP";"Crescente";"Acidentes de outra natureza";1;0;0;1;0;0;0;0;0;0;0;0;1;0;0
"03/11/2024";"12:33:00";"273";"Sem vítima";"223,000";"BR-116/SP";"Crescente";"Engavetamento";2;0;0;1;0;0;0;0;0;0;0;0;0;0;0
"03/11/2024";"01:12:00";"291";"Sem vítima";"228,000";"BR-116/SP";"Decrescente";"Choque";1;0;0;0;0;0;0;0;0;0;0;0;0;0;0
"03/11/2024";"01:18:00";"295";"Com vítima";"324,100";"BR-116/SP";"Decrescente";"Capotamento";1;0;0;0;0;0;0;0;0;0;0;1;0;0;0
"03/11/2024";"01:22:00";"296";"Sem vítima";"104,900";"BR-116/SP";"Crescente";"Engavetamento";3;0;0;0;0;0;0;0;0;0;0;0;0;0;0
"03/11/2024";"01:30:00";"299";"Sem vítima";"103,200";"BR-116/SP";"Crescente";"Colisão traseira";2;0;0;0;0;0;0;0;0;0;0;0;0;0;0
"03/11/2024";"01:58:00";"314";"Sem vítima";"100,800";"BR-116/SP";"Crescente";"Engavetamento";3;0;0;0;0;0;0;0;0;0;0;0;0;0;0
"03/11/2024";"02:09:00";"322";"Sem vítima";"100,800";"BR-116/SP";"Crescente";"Colisão traseira";1;0;0;0;0;0;0;0;0;0;0;0;0;0;0
"03/11/2024";"02:52:00";"344";"Sem vítima";"235,700";"BR-116/SP";"Crescente";"Choque";2;0;1;0;0;0;0;0;0;0;0;0;0;0;0
"03/11/2024";"03:16:00";"358";"Sem vítima";"279,100";"BR-116/SP";"Decrescente";"Choque";1;0;0;0;0;0;0;0;0;0;0;0;0;0;0
"03/11/2024";"03:25:00";"362";"Sem vítima";"174,000";"BR-116/SP";"Crescente";"Colisão traseira";2;0;0;0;0;0;0;0;0;0;0;0;0;0;0
"03/11/2024";"04:29:00";"395";"Com vítima";"220,900";"BR-116/SP";"Crescente";"Colisão traseira";1;0;0;1;0;0;0;0;0;0;0;1;0;0;0
"03/11/2024";"06:10:00";"435";"Com vítima";"101,900";"BR-116/SP";"Crescente";"Tombamento";1;0;1;0;0;0;0;0;0;0;0;2;2;0;0
"03/11/2024";"06:29:00";"443";"Com vítima";"72,300";"BR-116/SP";"Decrescente";"Choque";1;0;0;0;0;0;0;0;0;0;0;1;0;0;0
"03/11/2024";"08:35:00";"471";"Com vítima";"334,300";"BR-116/SP";"Decrescente";"Acidentes de outra natureza";0;0;0;1;0;0;0;0;0;0;0;0;2;0;0
"03/11/2024";"09:00:00";"196";"Sem vítima";"52,700";"BR-116/SP";"Decrescente";"Colisão traseira";2;0;0;0;0;0;0;0;0;0;0;0;0;0;0
"03/11/2024";"09:00:00";"497";"Com vítima";"282,700";"BR-116/SP";"Decrescente";"Colisão lateral em sentido contrário";1;0;1;0;0;0;0;0;0;0;0;1;0;0;0
"03/11/2024";"09:45:00";"328";"Sem vítima";"33,900";"BR-116/SP";"Crescente";"Colisão traseira";1;0;0;0;0;0;0;0;0;0;0;0;0;0;0
"04/11/2024";"03:57:00";"159";"Com vítima";"215,300";"BR-116/SP";"Crescente";"Colisão lateral em sentido contrário";1;0;0;1;0;0;0;0;0;0;0;0;1;0;0
"04/11/2024";"04:32:00";"201";"Sem vítima";"326,000";"BR-116/SP";"Decrescente";"Capotamento";1;0;0;0;0;0;0;0;0;0;0;0;0;0;0
"04/11/2024";"04:40:00";"209";"Com vítima";"334,000";"BR-116/SP";"Crescente";"Choque";1;0;0;0;0;0;0;0;0;0;0;1;1;0;0
"04/11/2024";"04:52:00";"155";"Sem vítima";"202,000";"BR-116/SP";"Crescente";"Engavetamento";2;0;0;0;0;0;0;0;0;0;0;0;0;0;0
"04/11/2024";"05:19:00";"248";"Sem vítima";"326,700";"BR-116/SP";"Decrescente";"Choque";1;0;0;0;0;0;0;0;0;0;0;0;0;0;0
"04/11/2024";"05:29:00";"262";"Sem vítima";"104,700";"BR-116/SP";"Crescente";"Engavetamento";5;0;0;0;0;0;0;0;0;0;0;0;0;0;0
"04/11/2024";"06:30:00";"299";"Sem vítima";"104,700";"BR-116/SP";"Decrescente";"Engavetamento";2;0;1;0;0;0;0;0;0;0;0;0;0;0;0
"04/11/2024";"07:30:00";"321";"Sem vítima";"501,000";"BR-101/SP";"Decrescente";"Colisão lateral em sentido contrário";1;0;1;0;0;0;0;0;0;0;0;0;0;0;0
"04/11/2024";"08:25:00";"349";"Com vítima";"271,000";"BR-116/SP";"Decrescente";"Colisão lateral em sentido contrário";0;0;0;0;0;0;0;2;0;0;0;1;0;0;0
"04/11/2024";"08:50:00";"359";"Com vítima";"283,000";"BR-116/SP";"Decrescente";"Choque";1;0;0;0;0;0;0;0;0;0;0;1;0;0;0
"04/11/2024";"10:32:00";"403";"Sem vítima";"234,000";"BR-116/SP";"Crescente";"Choque";1;0;0;0;0;0;0;0;0;0;0;0;0;0;0
"04/11/2024";"10:38:00";"407";"Com vítima";"229,600";"BR-116/SP";"Decrescente";"Tombamento";0;0;1;0;0;0;0;0;0;0;0;0;1;0;0
"04/11/2024";"11:37:00";"431";"Sem vítima";"247,000";"BR-116/SP";"Crescente";"Choque";1;0;0;0;0;0;0;0;0;0;0;0;0;0;0
"04/11/2024";"11:48:00";"439";"Sem vítima";"154,500";"BR-116/SP";"Decrescente";"Engavetamento";2;0;0;0;0;0;0;0;0;0;0;0;0;0;0
"04/11/2024";"01:57:00";"495";"Sem vítima";"429,000";"BR-101/SP";"Crescente";"Choque";1;0;0;0;0;0;0;0;0;0;0;0;0;0;0
"04/11/2024";"02:52:00";"521";"Com vítima";"137,200";"BR-116/SP";"Decrescente";"Colisão lateral em sentido contrário";1;0;0;1;0;0;0;0;0;0;0;1;0;0;0
"04/11/2024";"05:03:00";"586";"Sem vítima";"243,500";"BR-116/SP";"Decrescente";"Colisão traseira";1;0;0;0;0;0;0;0;0;0;0;0;0;0;0
"04/11/2024";"05:16:00";"593";"Com vítima";"575,000";"BR-101/SP";"Crescente";"Acidentes de outra natureza";1;0;0;0;0;0;0;0;0;0;0;0;2;0;0
"04/11/2024";"05:21:00";"599";"Sem vítima";"218,800";"BR-116/SP";"Crescente";"Choque";0;0;0;0;0;0;0;1;0;0;0;0;0;0;0
"04/11/2024";"05:46:00";"610";"Sem vítima";"219,000";"BR-116/SP";"Crescente";"Colisão lateral em sentido contrário";1;0;0;0;1;0;0;0;0;0;0;0;0;0;0
"05/11/2024";"01:56:00";"75";"Sem vítima";"429,100";"BR-101/SP";"Crescente";"Atropelamento de pedestre";1;0;0;0;0;0;0;0;0;0;0;0;0;0;0
"05/11/2024";"03:18:00";"133";"Sem vítima";"206,000";"BR-116/SP";"Crescente";"Colisão lateral em sentido contrário";0;0;1;0;0;0;0;0;0;0;0;0;0;0;0
"05/11/2024";"04:19:00";"216";"Sem vítima";"305,000";"BR-116/SP";"Crescente";"Colisão lateral em sentido contrário";1;0;1;0;0;0;0;0;0;0;0;0;0;0;0
"05/11/2024";"04:39:00";"239";"Com vítima";"72,000";"BR-116/SP";"Crescente";"Engavetamento";3;0;0;0;0;0;0;0;0;0;0;0;2;0;0
"05/11/2024";"04:44:00";"248";"Com vítima";"281,250";"BR-116/SP";"Crescente";"Engavetamento";5;0;2;1;0;0;0;0;0;0;0;1;2;0;0
"05/11/2024";"07:18:00";"397";"Com vítima";"221,000";"BR-116/SP";"Decrescente";"Colisão lateral em sentido contrário";0;0;1;1;0;0;0;0;0;0;0;1;0;0;0
"05/11/2024";"08:47:00";"441";"Sem vítima";"121,400";"BR-116/SP";"Crescente";"Choque";1;0;0;0;0;0;0;0;0;0;0;0;0;0;0
"05/11/2024";"09:20:00";"453";"Sem vítima";"281,950";"BR-116/SP";"Crescente";"Choque";0;0;2;0;0;0;0;0;0;0;0;0;0;0;0
"05/11/2024";"11:56:00";"520";"Sem vítima";"269,000";"BR-116/SP";"Crescente";"Choque";1;0;0;0;0;0;0;0;0;0;0;0;0;0;0
"05/11/2024";"11:58:00";"521";"Sem vítima";"198,000";"BR-116/SP";"Crescente";"Choque";1;0;0;0;0;0;0;0;0;0;0;0;0;0;0
"05/11/2024";"01:52:00";"568";"Sem vítima";"155,000";"BR-116/SP";"Decrescente";"Colisão traseira";2;0;0;0;0;0;0;0;0;0;0;0;0;0;0
"05/11/2024";"02:07:00";"572";"Com vítima";"572,000";"BR-101/SP";"Decrescente";"Acidentes de outra natureza";0;0;0;1;0;0;0;0;0;0;0;0;1;0;0
"05/11/2024";"04:17:00";"636";"Sem vítima";"236,500";"BR-116/SP";"Decrescente";"Colisão lateral em sentido contrário";1;0;0;0;0;0;0;0;0;0;0;0;0;0;0
"05/11/2024";"04:39:00";"647";"Com vítima";"224,100";"BR-116/SP";"Decrescente";"Acidentes de outra natureza";0;0;0;1;0;0;0;0;0;0;0;2;0;0;0
"06/11/2024";"03:31:00";"160";"Com vítima";"224,300";"BR-116/SP";"Decrescente";"Colisão traseira";2;0;0;0;0;0;0;0;0;0;0;1;0;0;0
"06/11/2024";"04:52:00";"261";"Sem vítima";"387,000";"BR-101/SP";"Crescente";"Choque";1;0;0;0;0;0;0;0;0;0;0;0;0;0;0
"06/11/2024";"05:23:00";"296";"Sem vítima";"215,000";"BR-116/SP";"Crescente";"Engavetamento";0;0;2;0;0;0;0;0;0;0;0;0;0;0;0
"06/11/2024";"05:24:00";"298";"Sem vítima";"434,000";"BR-101/SP";"Decrescente";"Choque";1;0;0;0;0;0;0;0;0;0;0;0;0;0;0
"06/11/2024";"05:31:00";"303";"Com vítima";"134,400";"BR-116/SP";"Crescente";"Engavetamento";4;0;0;0;0;0;0;0;0;0;0;0;2;0;0
"06/11/2024";"05:44:00";"319";"Sem vítima";"206,200";"BR-116/SP";"Decrescente";"Colisão traseira";2;0;0;0;0;0;0;0;0;0;0;0;0;0;0
"06/11/2024";"06:41:00";"369";"Sem vítima";"135,150";"BR-116/SP";"Decrescente";"Engavetamento";3;0;0;0;0;0;0;0;0;0;0;0;0;0;0
"06/11/2024";"06:52:00";"379";"Com vítima";"133,200";"BR-116/SP";"Crescente";"Colisão traseira";2;0;0;0;0;0;0;0;0;0;0;0;1;0;0
"06/11/2024";"09:41:00";"480";"Sem vítima";"60,000";"BR-116/SP";"Crescente";"Engavetamento";4;0;0;0;0;0;0;0;0;0;0;0;0;0;0
"06/11/2024";"09:57:00";"486";"Sem vítima";"148,000";"BR-116/SP";"Decrescente";"Colisão traseira";2;0;0;0;0;0;0;0;0;0;0;0;0;0;0
"06/11/2024";"01:52:00";"598";"Com vítima";"50,600";"BR-101/SP";"Decrescente";"Atropelamento de pedestre";0;1;0;1;0;0;0;0;0;0;0;1;0;0;0
"06/11/2024";"02:24:00";"609";"Com vítima";"228,000";"BR-116/SP";"Decrescente";"Acidentes de outra natureza";0;0;0;1;0;0;0;0;0;0;0;1;0;0;0
"06/11/2024";"02:37:00";"615";"Com vítima";"221,600";"BR-116/SP";"Crescente";"Atropelamento de pedestre";0;0;0;1;0;0;0;0;0;0;0;1;1;0;0
"06/11/2024";"02:58:00";"624";"Com vítima";"298,300";"BR-116/SP";"Decrescente";"Acidentes de outra natureza";0;0;0;1;0;0;0;0;0;0;0;1;0;0;0
"06/11/2024";"03:47:00";"648";"Com vítima";"86,700";"BR-116/SP";"Crescente";"Colisão traseira";0;0;1;0;0;0;0;0;0;1;0;1;0;0;0
"06/11/2024";"08:55:00";"767";"Sem vítima";"384,300";"BR-101/SP";"Crescente";"Tombamento";0;0;1;0;0;0;0;0;0;0;0;0;0;0;0
"07/11/2024";"05:31:00";"288";"Sem vítima";"270,700";"BR-116/SP";"Decrescente";"Colisão lateral em sentido contrário";0;0;1;0;0;0;0;0;0;1;0;0;0;0;0
"07/11/2024";"07:37:00";"391";"Com vítima";"221,200";"BR-116/SP";"Crescente";"Acidentes de outra natureza";0;0;0;1;0;0;0;0;0;0;0;3;0;0;0
"07/11/2024";"08:28:00";"417";"Sem vítima";"202,000";"BR-116/SP";"Decrescente";"Colisão lateral em sentido contrário";1;0;0;0;0;0;0;1;0;0;0;0;0;0;0
"07/11/2024";"08:34:00";"421";"Sem vítima";"202,000";"BR-116/SP";"Decrescente";"Choque";0;0;1;0;0;0;0;0;0;0;0;0;0;0;0
"07/11/2024";"09:28:00";"450";"Com vítima";"36,000";"BR-101/SP";"Decrescente";"Colisão lateral em sentido contrário";1;0;0;1;0;0;0;0;0;0;0;1;0;0;0
"07/11/2024";"09:49:00";"460";"Sem vítima";"59,300";"BR-116/SP";"Decrescente";"Acidentes de outra natureza";1;0;0;0;0;0;0;0;0;0;0;0;0;0;0
"07/11/2024";"10:34:00";"483";"Sem vítima";"206,000";"BR-116/SP";"Crescente";"Choque";0;0;0;0;0;0;0;1;0;0;0;0;0;0;0
"07/11/2024";"10:45:00";"491";"Com vítima";"86,950";"BR-116/SP";"Decrescente";"Acidentes de outra natureza";0;0;0;1;0;0;0;0;0;0;0;2;0;0;0
"07/11/2024";"11:44:00";"516";"Sem vítima";"234,000";"BR-116/SP";"Decrescente";"Choque";1;0;0;0;0;0;0;0;0;0;0;0;0;0;0
"07/11/2024";"11:47:00";"518";"Sem vítima";"521,000";"BR-101/SP";"Crescente";"Acidentes de outra natureza";0;0;0;1;0;0;0;0;0;0;0;0;0;0;0
"07/11/2024";"01:40:00";"575";"Com vítima";"306,000";"BR-116/SP";"Decrescente";"Atropelamento de pedestre";0;0;0;0;0;0;0;0;0;0;0;0;1;0;0
"07/11/2024";"01:51:00";"578";"Sem vítima";"295,400";"BR-116/SP";"Decrescente";"Choque";1;0;0;0;0;0;0;0;0;0;0;0;0;0;0
"07/11/2024";"04:03:00";"646";"Sem vítima";"251,500";"BR-116/SP";"Crescente";"Choque";1;0;0;0;0;0;0;0;0;0;0;0;0;0;0
"07/11/2024";"06:10:00";"709";"Com vítima";"205,700";"BR-116/SP";"Crescente";"Atropelamento de pedestre";0;0;0;0;0;0;0;0;0;0;0;0;1;0;0
"07/11/2024";"06:54:00";"729";"Sem vítima";"556,900";"BR-101/SP";"Crescente";"Choque";1;0;0;0;0;0;0;0;0;0;0;0;0;0;0
"07/11/2024";"07:46:00";"746";"Sem vítima";"160,900";"BR-116/SP";"Crescente";"Choque";0;0;1;0;0;0;0;0;0;0;0;0;0;0;0
"07/11/2024";"08:30:00";"758";"Com vítima";"478,700";"BR-101/SP";"Crescente";"Colisão frontal";0;0;2;3;0;0;0;0;0;0;0;1;2;0;0
"07/11/2024";"09:00:00";"413";"Com vítima";"145,000";"BR-116/SP";"Crescente";"Colisão lateral em sentido contrário";1;0;0;0;0;0;0;1;0;0;0;4;0;0;0
"07/11/2024";"09:26:00";"38";"Com vítima";"222,400";"BR-116/SP";"Crescente";"Acidentes de outra natureza";0;0;0;1;0;0;0;0;0;0;0;3;0;0;0
"08/11/2024";"02:25:00";"99";"Sem vítima";"57,000";"BR-116/SP";"Crescente";"Choque";1;0;0;0;0;0;0;0;0;0;0;0;0;0;0
"08/11/2024";"03:16:00";"144";"Sem vítima";"145,800";"BR-116/SP";"Crescente";"Engavetamento";4;0;0;0;0;0;0;0;0;0;0;0;0;0;0
"08/11/2024";"04:16:00";"211";"Sem vítima";"140,200";"BR-116/SP";"Crescente";"Colisão traseira";1;0;0;0;0;0;0;0;0;0;0;0;0;0;0
"08/11/2024";"04:52:00";"256";"Sem vítima";"103,000";"BR-116/SP";"Crescente";"Colisão traseira";1;0;1;0;0;0;0;0;0;0;0;0;0;0;0
"08/11/2024";"05:44:00";"297";"Com vítima";"216,900";"BR-116/SP";"Crescente";"Colisão traseira";0;0;0;2;0;0;0;0;0;0;0;1;0;0;0