data;horario;n_da_ocorrencia;tipo_de_ocorrencia;km;trecho;sentido;tipo_de_acidente;automovel;bicicleta;caminhao;moto;onibus;outros;tracao_animal;transporte_de_cargas_especiais;trator_maquinas;utilitarios;ilesos;levemente_feridos;moderadamente_feridos;gravemente_feridos;mortos
"08/11/2024";"06:18:00";"324";"Com vítima";"218,700";"BR-116/SP";"Crescente";"Choque";1;0;0;0;0;0;0;0;0;0;0;0;1;0;0
"08/11/2024";"06:46:00";"339";"Com vítima";"154,400";"BR-116/SP";"Crescente";"Colisão traseira";1;0;0;1;0;0;0;0;0;0;0;2;0;0;0
"08/11/2024";"07:30:00";"370";"Sem vítima";"480,000";"BR-101/SP";"Crescente";"Colisão frontal";2;0;0;0;0;0;0;0;0;0;0;0;0;0;0
"08/11/2024";"08:17:00";"390";"Sem vítima";"225,000";"BR-116/SP";"Decrescente";"Colisão lateral em sentido contrário";1;0;1;0;0;0;0;0;0;0;0;0;0;0;0
"08/11/2024";"08:27:00";"396";"Sem vítima";"508,000";"BR-101/SP";"Crescente";"Colisão lateral em sentido contrário";1;0;1;0;0;0;0;0;0;0;0;0;0;0;0
"08/11/2024";"08:38:00";"400";"Sem vítima";"219,000";"BR-116/SP";"Decrescente";"Engavetamento";3;0;0;0;1;0;0;0;0;0;0;0;0;0;0
"08/11/2024";"09:27:00";"425";"Sem vítima";"145,000";"BR-116/SP";"Decrescente";"Colisão traseira";1;0;0;0;0;0;0;0;0;0;0;0;0;0;0
"08/11/2024";"09:48:00";"440";"Sem vítima";"93,000";"BR-116/SP";"Crescente";"Colisão traseira";1;0;0;0;0;0;0;0;0;0;0;0;0;0;0
"08/11/2024";"10:24:00";"458";"Sem vítima";"236,650";"BR-116/SP";"Crescente";"Choque";0;0;1;0;0;0;0;0;0;0;0;0;0;0;0
"08/11/2024";"12:05:00";"496";"Sem vítima";"112,400";"BR-116/SP";"Crescente";"Choque";0;0;0;0;0;0;0;1;0;0;0;0;0;0;0
"08/11/2024";"12:33:00";"507";"Sem vítima";"45,800";"BR-101/SP";"Decrescente";"Colisão lateral em sentido contrário";1;0;0;1;0;0;0;0;0;0;0;0;0;0;0
"08/11/2024";"12:45:00";"516";"Sem vítima";"295,800";"BR-116/SP";"Decrescente";"Capotamento";0;0;0;0;0;0;0;0;0;1;0;0;0;0;0
"08/11/2024";"02:51:00";"584";"Sem vítima";"466,300";"BR-101/SP";"Decrescente";"Colisão lateral em sentido contrário";1;0;0;0;0;0;0;0;0;0;0;0;0;0;0
"08/11/2024";"02:51:00";"586";"Sem vítima";"0,900";"BR-116/SP";"Decrescente";"Choque";1;0;0;0;0;0;0;0;0;0;0;0;0;0;0
"08/11/2024";"03:46:00";"623";"Sem vítima";"527,000";"BR-101/SP";"Crescente";"Colisão lateral em sentido contrário";2;0;0;0;0;0;0;0;0;0;0;0;0;0;0
"08/11/2024";"04:34:00";"759";"Sem vítima";"194,550";"BR-116/SP";"Decrescente";"Tombamento";0;0;1;0;0;0;0;0;0;0;0;0;0;0;0
"08/11/2024";"04:46:00";"658";"Sem vítima";"225,100";"BR-116/SP";"Crescente";"Colisão lateral em sentido contrário";2;0;0;0;0;0;0;0;0;0;0;0;0;0;0
"08/11/2024";"04:55:00";"666";"Sem vítima";"316,000";"BR-116/SP";"Decrescente";"Acidentes de outra natureza";1;0;0;0;0;0;0;0;0;0;0;0;0;0;0
"08/11/2024";"08:19:00";"754";"Sem vítima";"226,800";"BR-116/SP";"Decrescente";"Colisão lateral em sentido contrário";1;0;1;0;0;0;0;0;0;0;0;0;0;0;0
"08/11/2024";"09:58:00";"47";"Sem vítima";"440,000";"BR-101/SP";"Crescente";"Choque";1;0;0;0;0;0;0;0;0;0;0;0;0;0;0
"09/11/2024";"12:01:00";"70";"Sem vítima";"521,200";"BR-101/SP";"Decrescente";"Atropelamento de pedestre";1;0;0;0;0;0;0;0;0;0;0;0;0;0;0
"09/11/2024";"03:48:00";"156";"Sem vítima";"232,500";"BR-116/SP";"Decrescente";"Choque";1;0;0;0;0;0;0;0;0;0;0;0;0;0;0
"09/11/2024";"04:20:00";"183";"Sem vítima";"230,300";"BR-116/SP";"Decrescente";"Choque";1;0;0;0;0;0;0;0;0;0;0;0;0;0;0
"09/11/2024";"06:00:00";"249";"Sem vítima";"115,000";"BR-116/SP";"Decrescente";"Engavetamento";3;0;0;0;0;0;0;0;0;0;0;0;0;0;0
"09/11/2024";"06:55:00";"287";"Sem vítima";"233,900";"BR-116/SP";"Decrescente";"Colisão traseira";0;0;2;0;0;0;0;0;0;0;0;0;0;0;0
"09/11/2024";"10:17:00";"371";"Sem vítima";"151,000";"BR-116/SP";"Decrescente";"Engavetamento";6;0;0;0;0;0;0;0;0;0;0;0;0;0;0
"09/11/2024";"10:31:00";"375";"Sem vítima";"469,000";"BR-101/SP";"Decrescente";"Choque";1;0;0;0;0;0;0;0;0;0;0;0;0;0;0
"09/11/2024";"11:50:00";"413";"Sem vítima";"498,000";"BR-101/SP";"Decrescente";"Acidentes de outra natureza";0;0;0;1;0;0;0;0;0;0;0;0;0;0;0
"09/11/2024";"01:34:00";"472";"Sem vítima";"312,000";"BR-116/SP";"Crescente";"Engavetamento";2;0;0;0;0;0;0;1;0;0;0;0;0;0;0
"09/11/2024";"02:35:00";"492";"Sem vítima";"514,000";"BR-101/SP";"Decrescente";"Capotamento";1;0;0;0;0;0;0;0;0;0;0;0;0;0;0
"09/11/2024";"03:04:00";"506";"Sem vítima";"289,800";"BR-116/SP";"Decrescente";"Choque";1;0;0;0;0;0;0;0;0;0;0;0;0;0;0
"09/11/2024";"08:03:00";"619";"Sem vítima";"469,000";"BR-101/SP";"Crescente";"Choque";1;0;0;0;0;0;0;0;0;0;0;0;0;0;0
"10/11/2024";"12:07:00";"64";"Sem vítima";"261,500";"BR-116/SP";"Decrescente";"Choque";1;0;0;0;0;0;0;0;0;0;0;0;0;0;0
"10/11/2024";"12:40:00";"67";"Sem vítima";"438,000";"BR-101/SP";"Crescente";"Atropelamento de pedestre";1;0;0;0;0;0;0;0;0;0;0;0;0;0;0
"10/11/2024";"03:46:00";"109";"Sem vítima";"201,000";"BR-116/SP";"Decrescente";"Choque";1;0;0;0;0;0;0;0;0;0;0;0;0;0;0
"10/11/2024";"04:48:00";"140";"Sem vítima";"227,500";"BR-116/SP";"Decrescente";"Choque";1;0;0;0;0;0;0;0;0;0;0;0;0;0;0
"10/11/2024";"05:07:00";"151";"Sem vítima";"212,000";"BR-116/SP";"Decrescente";"Acidentes de outra natureza";0;0;0;1;0;0;0;0;0;0;0;0;0;0;0
"10/11/2024";"05:55:00";"172";"Sem vítima";"91,800";"BR-116/SP";"Decrescente";"Colisão traseira";2;0;0;0;0;0;0;0;0;0;0;0;0;0;0
"10/11/2024";"06:23:00";"185";"Sem vítima";"476,200";"BR-101/SP";"Crescente";"Choque";1;0;0;0;0;0;0;0;0;0;0;0;0;0;0
"10/11/2024";"07:39:00";"216";"Sem vítima";"226,000";"BR-116/SP";"Decrescente";"Choque";1;0;0;0;0;0;0;0;0;0;0;0;0;0;0
"10/11/2024";"10:18:00";"284";"Sem vítima";"211,600";"BR-116/SP";"Crescente";"Colisão traseira";1;0;0;0;0;0;0;0;0;0;0;0;0;0;0
"10/11/2024";"02:30:00";"392";"Sem vítima";"60,700";"BR-116/SP";"Decrescente";"Colisão traseira";1;0;1;0;0;0;0;0;0;0;0;0;0;0;0
"10/11/2024";"03:53:00";"432";"Sem vítima";"212,000";"BR-116/SP";"Crescente";"Colisão traseira";1;0;0;1;0;0;0;0;0;0;0;0;0;0;0
"10/11/2024";"04:30:00";"448";"Sem vítima";"229,900";"BR-116/SP";"Decrescente";"Choque";0;0;1;0;0;0;0;0;0;0;0;0;0;0;0
"10/11/2024";"05:00:00";"463";"Sem vítima";"142,200";"BR-116/SP";"Decrescente";"Colisão traseira";2;0;0;0;0;0;0;0;0;0;0;0;0;0;0
"10/11/2024";"09:24:00";"40";"Sem vítima";"312,000";"BR-116/SP";"Decrescente";"Colisão traseira";1;0;1;0;0;0;0;0;0;0;0;0;0;0;0
"11/11/2024";"12:04:00";"61";"Sem vítima";"383,500";"BR-101/SP";"Crescente";"Acidentes de outra natureza";1;0;0;0;0;0;0;0;0;0;0;0;0;0;0
"11/11/2024";"03:41:00";"180";"Sem vítima";"247,010";"BR-116/SP";"Decrescente";"Choque";0;0;1;0;0;0;0;1;0;0;0;0;0;0;0
"11/11/2024";"04:05:00";"211";"Sem vítima";"226,000";"BR-116/SP";"Crescente";"Engavetamento";2;0;1;0;0;0;0;0;0;0;0;0;0;0;0
"11/11/2024";"04:10:00";"222";"Sem vítima";"462,000";"BR-101/SP";"Crescente";"Colisão lateral em sentido contrário";1;0;0;0;0;0;0;0;0;0;0;0;0;0;0
"11/11/2024";"05:00:00";"273";"Sem vítima";"147,000";"BR-116/SP";"Crescente";"Colisão traseira";0;0;0;1;1;0;0;0;0;0;0;0;0;0;0
"11/11/2024";"06:53:00";"383";"Sem vítima";"33,400";"BR-116/SP";"Crescente";"Colisão lateral em sentido contrário";0;0;0;0;1;0;0;0;0;1;0;0;0;0;0
"11/11/2024";"09:19:00";"467";"Sem vítima";"96,800";"BR-116/SP";"Decrescente";"Engavetamento";2;0;1;0;1;0;0;0;0;0;0;0;0;0;0
"11/11/2024";"11:33:00";"538";"Sem vítima";"423,000";"BR-101/SP";"Crescente";"Choque";1;0;0;0;0;0;0;0;0;0;0;0;0;0;0
"12/11/2024";"02:35:00";"107";"Sem vítima";"233,600";"BR-116/SP";"Decrescente";"Colisão traseira";2;0;0;0;0;0;0;0;0;0;0;0;0;0;0
"12/11/2024";"12:42:00";"555";"Sem vítima";"148,500";"BR-116/SP";"Decrescente";"Engavetamento";1;0;1;0;0;0;0;1;0;0;0;0;0;0;0
"12/11/2024";"12:47:00";"577";"Sem vítima";"162,700";"BR-116/SP";"Decrescente";"Choque";0;0;1;0;0;0;0;0;0;0;0;0;0;0;0
"12/11/2024";"03:24:00";"672";"Sem vítima";"324,800";"BR-116/SP";"Crescente";"Colisão traseira";0;0;2;0;0;0;0;0;0;0;0;0;0;0;0
"12/11/2024";"03:45:00";"685";"Sem vítima";"226,000";"BR-116/SP";"Decrescente";"Colisão traseira";0;0;1;0;0;0;0;0;0;0;0;0;0;0;0
"12/11/2024";"04:33:00";"709";"Sem vítima";"62,600";"BR-116/SP";"Decrescente";"Atropelamento de pedestre";0;0;1;0;0;0;0;0;0;0;0;0;0;0;0
"12/11/2024";"07:31:00";"787";"Sem vítima";"232,500";"BR-116/SP";"Decrescente";"Capotamento";1;0;0;0;0;0;0;0;0;0;0;0;0;0;0
"13/11/2024";"04:38:00";"213";"Sem vítima";"38,000";"BR-116/SP";"Decrescente";"Capotamento";1;0;0;0;0;0;0;0;0;0;0;0;0;0;0
"13/11/2024";"04:44:00";"217";"Sem vítima";"38,000";"BR-116/SP";"Decrescente";"Choque";0;0;1;0;0;0;0;0;0;0;0;0;0;0;0
"13/11/2024";"04:57:00";"231";"Sem vítima";"70,000";"BR-116/SP";"Decrescente";"Colisão lateral em sentido contrário";1;0;0;0;0;0;0;0;0;0;0;0;0;0;0
"13/11/2024";"05:25:00";"255";"Sem vítima";"234,000";"BR-116/SP";"Decrescente";"Choque";1;0;0;0;0;0;0;0;0;0;0;0;0;0;0
"13/11/2024";"06:14:00";"294";"Sem vítima";"429,000";"BR-101/SP";"Crescente";"Choque";1;0;0;0;0;0;0;0;0;0;0;0;0;0;0
"13/11/2024";"08:15:00";"366";"Sem vítima";"142,200";"BR-116/SP";"Decrescente";"Colisão lateral em sentido contrário";1;0;0;0;1;0;0;0;0;0;0;0;0;0;0
"13/11/2024";"08:45:00";"380";"Sem vítima";"168,700";"BR-116/SP";"Crescente";"Colisão traseira";2;0;0;0;0;0;0;0;0;0;0;0;0;0;0
"13/11/2024";"09:22:00";"399";"Sem vítima";"139,600";"BR-116/SP";"Crescente";"Colisão lateral em sentido contrário";1;0;1;0;0;0;0;0;0;0;0;0;0;0;0
"13/11/2024";"11:07:00";"462";"Sem vítima";"421,000";"BR-101/SP";"Crescente";"Choque";1;0;0;0;0;0;0;0;0;0;0;0;0;0;0
"13/11/2024";"11:44:00";"487";"Sem vítima";"279,300";"BR-116/SP";"Decrescente";"Colisão lateral em sentido contrário";1;0;1;0;0;0;0;0;0;0;0;0;0;0;0
"13/11/2024";"03:02:00";"573";"Sem vítima";"435,300";"BR-101/SP";"Decrescente";"Choque";1;0;0;0;0;0;0;0;0;0;0;0;0;0;0
"13/11/2024";"03:10:00";"577";"Sem vítima";"226,600";"BR-116/SP";"Decrescente";"Colisão traseira";0;0;2;0;0;0;0;0;0;0;0;0;0;0;0
"14/11/2024";"01:33:00";"65";"Sem vítima";"18,400";"BR-116/SP";"Crescente";"Choque";2;0;0;0;0;0;0;0;0;0;0;0;0;0;0
"14/11/2024";"03:06:00";"100";"Sem vítima";"271,800";"BR-116/SP";"Decrescente";"Colisão traseira";0;0;0;0;0;0;0;0;0;1;0;0;0;0;0
"14/11/2024";"03:49:00";"157";"Sem vítima";"225,000";"BR-116/SP";"Decrescente";"Colisão lateral em sentido contrário";1;0;0;0;0;0;0;0;0;0;0;0;0;0;0
"14/11/2024";"04:22:00";"197";"Sem vítima";"150,000";"BR-116/SP";"Decrescente";"Colisão traseira";1;0;0;0;0;0;0;0;0;0;0;0;0;0;0
"14/11/2024";"04:54:00";"234";"Sem vítima";"283,300";"BR-116/SP";"Decrescente";"Colisão traseira";2;0;0;0;0;0;0;0;0;0;0;0;0;0;0
"14/11/2024";"05:37:00";"279";"Sem vítima";"484,000";"BR-101/SP";"Decrescente";"Colisão traseira";2;0;0;0;0;0;0;0;0;0;0;0;0;0;0
"14/11/2024";"06:35:00";"326";"Sem vítima";"484,000";"BR-101/SP";"Decrescente";"Colisão traseira";1;0;0;0;0;0;0;0;0;0;0;0;0;0;0
"14/11/2024";"08:44:00";"411";"Sem vítima";"101,000";"BR-116/SP";"Crescente";"Engavetamento";3;0;0;0;0;0;0;0;0;0;0;0;0;0;0
"14/11/2024";"09:28:00";"437";"Sem vítima";"210,000";"BR-116/SP";"Decrescente";"Colisão lateral em sentido contrário";1;0;0;0;0;0;0;1;0;0;0;0;0;0;0
"14/11/2024";"10:05:00";"454";"Sem vítima";"175,500";"BR-116/SP";"Crescente";"Colisão traseira";0;0;2;0;0;0;0;0;0;0;0;0;0;0;0
"14/11/2024";"11:15:00";"493";"Sem vítima";"142,300";"BR-116/SP";"Crescente";"Engavetamento";3;0;0;0;0;0;0;0;0;0;0;0;0;0;0
"14/11/2024";"11:21:00";"496";"Sem vítima";"319,500";"BR-116/SP";"Crescente";"Choque";0;0;0;0;0;0;0;1;0;0;0;0;0;0;0
"14/11/2024";"11:47:00";"506";"Sem vítima";"108,700";"BR-116/SP";"Decrescente";"Choque";1;0;0;0;0;0;0;0;0;0;0;0;0;0;0
"14/11/2024";"02:07:00";"577";"Sem vítima";"153,000";"BR-116/SP";"Crescente";"Colisão traseira";2;0;0;0;0;0;0;0;0;0;0;0;0;0;0
"14/11/2024";"05:00:00";"709";"Sem vítima";"223,000";"BR-116/SP";"Crescente";"Colisão traseira";2;0;0;0;0;0;0;0;0;0;0;0;0;0;0
"14/11/2024";"09:00:00";"399";"Sem vítima";"51,000";"BR-116/SP";"Crescente";"Colisão traseira";2;0;0;0;0;0;0;0;0;0;0;0;0;0;0
"15/11/2024";"12:11:00";"311";"Sem vítima";"322,900";"BR-116/SP";"Crescente";"Colisão traseira";2;0;0;0;0;0;0;0;0;0;0;0;0;0;0
"15/11/2024";"01:16:00";"96";"Sem vítima";"407,000";"BR-101/SP";"Crescente";"Choque";1;0;0;0;0;0;0;0;0;0;0;0;0;0;0
"15/11/2024";"03:57:00";"168";"Sem vítima";"107,000";"BR-116/SP";"Decrescente";"Colisão traseira";2;0;0;0;0;0;0;0;0;0;0;0;0;0;0
"15/11/2024";"04:02:00";"174";"Sem vítima";"266,600";"BR-116/SP";"Decrescente";"Choque";1;0;0;0;0;0;0;0;0;0;0;0;0;0;0
"15/11/2024";"04:19:00";"190";"Sem vítima";"161,000";"BR-116/SP";"Decrescente";"Engavetamento";2;0;0;0;0;0;0;0;0;0;0;0;0;0;0
"15/11/2024";"05:45:00";"258";"Sem vítima";"236,000";"BR-116/SP";"Decrescente";"Choque";1;0;0;0;0;0;0;0;0;0;0;0;0;0;0
"15/11/2024";"06:32:00";"294";"Sem vítima";"220,900";"BR-116/SP";"Crescente";"Colisão traseira";2;0;0;0;0;0;0;0;0;0;0;0;0;0;0
"15/11/2024";"06:37:00";"300";"Sem vítima";"54,000";"BR-116/SP";"Crescente";"Engavetamento";3;0;0;0;0;0;0;0;0;0;0;0;0;0;0
"15/11/2024";"06:54:00";"315";"Sem vítima";"217,000";"BR-116/SP";"Crescente";"Colisão traseira";2;0;0;0;0;0;0;0;0;0;0;0;0;0;0
"15/11/2024";"07:24:00";"341";"Sem vítima";"165,200";"BR-116/SP";"Crescente";"Engavetamento";3;0;0;0;0;0;0;0;0;0;0;0;0;0;0
"15/11/2024";"08:12:00";"381";"Sem vítima";"290,000";"BR-116/SP";"Crescente";"Engavetamento";2;0;0;0;0;0;0;0;0;0;0;0;0;0;0
"15/11/2024";"08:15:00";"383";"Sem vítima";"274,000";"BR-116/SP";"Crescente";"Colisão traseira";1;0;0;0;0;0;0;0;0;0;0;0;0;0;0
"15/11/2024";"08:15:00";"384";"Sem vítima";"157,900";"BR-116/SP";"Decrescente";"Colisão traseira";2;0;0;0;0;0;0;0;0;0;0;0;0;0;0
"15/11/2024";"09:28:00";"428";"Sem vítima";"60,000";"BR-116/SP";"Crescente";"Engavetamento";3;0;0;0;0;0;0;0;0;0;0;0;0;0;0
"15/11/2024";"09:52:00";"442";"Sem vítima";"62,000";"BR-116/SP";"Crescente";"Acidentes de outra natureza";1;0;0;0;0;0;0;0;0;0;0;0;0;0;0
"15/11/2024";"09:56:00";"447";"Sem vítima";"61,500";"BR-116/SP";"Crescente";"Engavetamento";2;0;0;0;0;0;0;0;0;0;0;0;0;0;0
"15/11/2024";"10:06:00";"451";"Sem vítima";"205,000";"BR-116/SP";"Decrescente";"Colisão traseira";1;0;0;0;0;0;0;0;0;0;0;0;0;0;0
"15/11/2024";"10:31:00";"471";"Sem vítima";"227,800";"BR-116/SP";"Decrescente";"Engavetamento";3;0;0;0;0;0;0;0;0;0;0;0;0;0;0
"15/11/2024";"10:54:00";"480";"Sem vítima";"106,600";"BR-116/SP";"Crescente";"Engavetamento";3;0;0;0;0;0;0;0;0;0;0;0;0;0;0
"15/11/2024";"11:17:00";"492";"Sem vítima";"283,300";"BR-116/SP";"Crescente";"Colisão traseira";1;0;0;0;0;0;0;0;0;0;0;0;0;0;0
"15/11/2024";"11:24:00";"498";"Sem vítima";"103,400";"BR-116/SP";"Crescente";"Colisão traseira";2;0;0;0;0;0;0;0;0;0;0;0;0;0;0
"15/11/2024";"01:12:00";"545";"Sem vítima";"95,950";"BR-116/SP";"Decrescente";"Engavetamento";0;0;1;0;1;0;0;0;0;1;0;0;0;0;0
"15/11/2024";"01:39:00";"558";"Sem vítima";"119,500";"BR-116/SP";"Decrescente";"Colisão traseira";2;0;0;0;0;0;0;0;0;0;0;0;0;0;0
"15/11/2024";"02:01:00";"570";"Sem vítima";"91,400";"BR-116/SP";"Crescente";"Colisão lateral em sentido contrário";1;0;0;0;0;0;0;0;0;1;0;0;0;0;0
"15/11/2024";"02:51:00";"585";"Sem vítima";"215,000";"BR-116/SP";"Decrescente";"Atropelamento de pedestre";1;0;0;0;0;0;0;0;0;0;0;0;0;0;0
"15/11/2024";"06:03:00";"660";"Sem vítima";"321,000";"BR-116/SP";"Decrescente";"Colisão lateral em sentido contrário";0;0;0;0;0;0;0;0;0;1;0;0;0;0;0
"15/11/2024";"07:14:00";"680";"Sem vítima";"152,000";"BR-116/SP";"Decrescente";"Colisão lateral em sentido contrário";1;0;1;0;0;0;0;0;0;0;0;0;0;0;0
"15/11/2024";"07:41:00";"687";"Sem vítima";"459,000";"BR-101/SP";"Decrescente";"Capotamento";1;0;0;0;0;0;0;0;0;0;0;0;0;0;0
"15/11/2024";"08:17:00";"699";"Sem vítima";"230,000";"BR-116/SP";"Crescente";"Colisão lateral em sentido contrário";1;0;1;0;0;0;0;0;0;0;0;0;0;0;0
"15/11/2024";"09:00:00";"387";"Sem vítima";"112,400";"BR-116/SP";"Crescente";"Colisão lateral em sentido contrário";2;0;0;0;0;0;0;0;0;0;0;0;0;0;0
"15/11/2024";"10:54:00";"55";"Sem vítima";"396,000";"BR-101/SP";"Crescente";"Acidentes de outra natureza";1;0;0;0;0;0;0;0;0;0;0;0;0;0;0
"16/11/2024";"12:12:00";"65";"Sem vítima";"312,000";"BR-116/SP";"Decrescente";"Choque";1;0;0;0;0;0;0;0;0;0;0;0;0;0;0
"16/11/2024";"06:27:00";"194";"Sem vítima";"258,000";"BR-116/SP";"Crescente";"Choque";1;0;0;0;0;0;0;0;0;0;0;0;0;0;0
"16/11/2024";"07:08:00";"216";"Sem vítima";"227,000";"BR-116/SP";"Decrescente";"Colisão lateral em sentido contrário";2;0;0;0;0;0;0;0;0;0;0;0;0;0;0
"16/11/2024";"08:45:00";"232";"Sem vítima";"228,000";"BR-116/SP";"Decrescente";"Choque";1;0;0;0;0;0;0;0;0;0;0;0;0;0;0
"16/11/2024";"09:28:00";"260";"Sem vítima";"305,000";"BR-116/SP";"Decrescente";"Colisão traseira";0;0;1;0;0;0;0;0;0;0;0;0;0;0;0
"16/11/2024";"09:51:00";"272";"Sem vítima";"154,500";"BR-116/SP";"Decrescente";"Engavetamento";2;0;0;0;0;0;0;0;0;1;0;0;0;0;0
"16/11/2024";"10:24:00";"282";"Sem vítima";"253,000";"BR-116/SP";"Crescente";"Capotamento";1;0;0;0;0;0;0;0;0;0;0;0;0;0;0
"16/11/2024";"11:54:00";"322";"Sem vítima";"236,400";"BR-116/SP";"Decrescente";"Choque";1;0;0;0;0;0;0;0;0;0;0;0;0;0;0
"16/11/2024";"12:08:00";"330";"Sem vítima";"247,700";"BR-116/SP";"Crescente";"Choque";1;0;0;0;0;0;0;0;0;0;0;0;0;0;0
"16/11/2024";"01:28:00";"359";"Sem vítima";"247,000";"BR-116/SP";"Crescente";"Choque";1;0;0;0;0;0;0;0;0;0;0;0;0;0;0
"16/11/2024";"02:39:00";"381";"Sem vítima";"429,200";"BR-101/SP";"Decrescente";"Choque";1;0;0;0;0;0;0;0;0;0;0;0;0;0;0
"16/11/2024";"04:20:00";"417";"Sem vítima";"149,000";"BR-116/SP";"Crescente";"Engavetamento";3;0;0;0;0;0;0;0;0;0;0;0;0;0;0
"16/11/2024";"04:25:00";"422";"Sem vítima";"247,700";"BR-116/SP";"Crescente";"Choque";1;0;0;0;0;0;0;0;0;0;0;0;0;0;0
"16/11/2024";"04:39:00";"425";"Sem vítima";"423,800";"BR-101/SP";"Crescente";"Choque";1;0;0;0;0;0;0;0;0;0;0;0;0;0;0
"16/11/2024";"05:07:00";"431";"Sem vítima";"284,500";"BR-116/SP";"Crescente";"Choque";1;0;1;0;0;0;0;0;0;1;0;0;0;0;0
"16/11/2024";"05:33:00";"438";"Sem vítima";"114,100";"BR-116/SP";"Crescente";"Colisão traseira";1;0;1;0;0;0;0;0;0;0;0;0;0;0;0
"16/11/2024";"08:33:00";"488";"Sem vítima";"419,200";"BR-101/SP";"Crescente";"Choque";1;0;0;0;0;0;0;0;0;0;0;0;0;0;0
"16/11/2024";"09:00:00";"509";"Sem vítima";"299,200";"BR-116/SP";"Decrescente";"Choque";0;0;1;0;0;0;0;0;0;0;0;0;0;0;0
"16/11/2024";"10:11:00";"52";"Sem vítima";"165,000";"BR-116/SP";"Crescente";"Acidentes de outra natureza";1;0;0;0;0;0;0;0;0;0;0;0;0;0;0
"17/11/2024";"01:42:00";"87";"Sem vítima";"160,600";"BR-116/SP";"Crescente";"Choque";1;0;1;0;0;0;0;0;0;0;0;0;0;0;0
"17/11/2024";"02:52:00";"99";"Sem vítima";"492,000";"BR-101/SP";"Crescente";"Choque";1;0;0;0;0;0;0;0;0;0;0;0;0;0;0
"17/11/2024";"02:59:00";"102";"Sem vítima";"441,000";"BR-101/SP";"Decrescente";"Choque";1;0;0;0;0;0;0;0;0;0;0;0;0;0;0
"17/11/2024";"07:02:00";"223";"Sem vítima";"229,000";"BR-116/SP";"Decrescente";"Choque";0;0;1;0;0;0;0;0;0;0;0;0;0;0;0
"17/11/2024";"07:08:00";"224";"Sem vítima";"584,900";"BR-101/SP";"Crescente";"Colisão lateral em sentido contrário";0;0;0;2;0;0;0;0;0;0;0;0;0;0;0
"17/11/2024";"09:30:00";"277";"Sem vítima";"310,000";"BR-116/SP";"Crescente";"Choque";1;0;0;0;0;0;0;0;0;0;0;0;0;0;0
"17/11/2024";"10:00:00";"292";"Sem vítima";"133,800";"BR-116/SP";"Crescente";"Colisão traseira";2;0;0;0;0;0;0;0;0;0;0;0;0;0;0
"17/11/2024";"12:42:00";"353";"Sem vítima";"501,300";"BR-101/SP";"Crescente";"Colisão traseira";1;0;0;1;0;0;0;0;0;0;0;0;0;0;0
"17/11/2024";"01:27:00";"375";"Sem vítima";"232,800";"BR-116/SP";"Decrescente";"Choque";1;0;0;0;0;0;0;0;0;0;0;0;0;0;0
"17/11/2024";"01:29:00";"377";"Sem vítima";"151,900";"BR-116/SP";"Crescente";"Colisão traseira";0;0;0;0;0;0;0;0;0;1;0;0;0;0;0
"17/11/2024";"01:36:00";"386";"Sem vítima";"387,300";"BR-101/SP";"Crescente";"Colisão traseira";1;0;0;0;0;0;0;0;0;0;0;0;0;0;0
"17/11/2024";"02:24:00";"418";"Sem vítima";"35,950";"BR-101/SP";"Crescente";"Engavetamento";2;0;0;0;0;0;0;0;0;0;0;0;0;0;0
"17/11/2024";"05:39:00";"537";"Sem vítima";"47,500";"BR-116/SP";"Crescente";"Engavetamento";2;0;0;0;0;0;0;0;0;1;0;0;0;0;0
"17/11/2024";"08:51:00";"594";"Sem vítima";"153,900";"BR-116/SP";"Crescente";"Colisão traseira";1;0;1;0;0;0;0;0;0;0;0;0;0;0;0
"18/11/2024";"05:34:00";"242";"Sem vítima";"51,300";"BR-101/SP";"Decrescente";"Engavetamento";3;0;0;0;0;0;0;0;0;0;0;0;0;0;0
"18/11/2024";"06:59:00";"302";"Sem vítima";"137,500";"BR-116/SP";"Decrescente";"Colisão lateral em sentido contrário";1;0;0;0;0;0;0;1;0;0;0;0;0;0;0
"18/11/2024";"11:38:00";"433";"Sem vítima";"63,000";"BR-116/SP";"Decrescente";"Choque";1;0;0;0;0;0;0;0;0;0;0;0;0;0;0
"18/11/2024";"01:44:00";"555";"Sem vítima";"147,000";"BR-116/SP";"Crescente";"Colisão traseira";0;0;1;0;0;0;0;0;0;1;0;0;0;0;0
"18/11/2024";"03:16:00";"608";"Sem vítima";"208,100";"BR-116/SP";"Decrescente";"Colisão traseira";0;0;2;0;0;0;0;0;0;0;0;0;0;0;0
"18/11/2024";"03:54:00";"629";"Sem vítima";"250,300";"BR-116/SP";"Crescente";"Atropelamento de pedestre";1;0;0;0;0;0;0;0;0;0;0;0;0;0;0
"18/11/2024";"04:44:00";"649";"Sem vítima";"148,000";"BR-116/SP";"Decrescente";"Engavetamento";3;0;0;0;0;0;0;0;0;0;0;0;0;0;0