data;horario;n_da_ocorrencia;tipo_de_ocorrencia;km;trecho;sentido;tipo_de_acidente;automovel;bicicleta;caminhao;moto;onibus;outros;tracao_animal;transporte_de_cargas_especiais;trator_maquinas;utilitarios;ilesos;levemente_feridos;moderadamente_feridos;gravemente_feridos;mortos
"18/11/2024";"05:04:00";"659";"Sem vítima";"147,800";"BR-116/SP";"Decrescente";"Colisão lateral em sentido contrário";1;0;0;0;0;0;0;0;0;0;0;0;0;0;0
"18/11/2024";"11:35:00";"70";"Sem vítima";"312,400";"BR-116/SP";"Decrescente";"Colisão lateral em sentido contrário";1;0;0;0;0;0;0;0;0;0;0;0;0;0;0
"19/11/2024";"12:23:00";"78";"Sem vítima";"187,000";"BR-116/SP";"Crescente";"Colisão traseira";2;0;0;0;0;0;0;0;0;0;0;0;0;0;0
"19/11/2024";"02:52:00";"132";"Sem vítima";"245,700";"BR-116/SP";"Decrescente";"Tombamento";0;0;1;0;0;0;0;0;0;0;0;0;0;0;0
"19/11/2024";"03:20:00";"156";"Sem vítima";"51,000";"BR-116/SP";"Decrescente";"Colisão lateral em sentido contrário";1;0;0;0;0;0;0;1;0;0;0;0;0;0;0
"19/11/2024";"04:19:00";"227";"Sem vítima";"165,200";"BR-116/SP";"Crescente";"Choque";1;0;0;0;0;0;0;0;0;0;0;0;0;0;0
"19/11/2024";"09:24:00";"497";"Sem vítima";"283,000";"BR-116/SP";"Crescente";"Engavetamento";2;0;1;0;0;0;0;0;0;0;0;0;0;0;0
"19/11/2024";"09:43:00";"512";"Sem vítima";"470,700";"BR-101/SP";"Decrescente";"Engavetamento";1;0;0;0;0;0;0;0;0;0;0;0;0;0;0
"19/11/2024";"11:53:00";"588";"Sem vítima";"219,000";"BR-116/SP";"Decrescente";"Colisão frontal";2;0;0;0;0;0;0;0;0;0;0;0;0;0;0
"19/11/2024";"12:53:00";"619";"Sem vítima";"172,000";"BR-116/SP";"Decrescente";"Colisão traseira";1;0;0;0;0;0;0;0;0;0;0;0;0;0;0
"19/11/2024";"03:00:00";"690";"Sem vítima";"142,800";"BR-116/SP";"Decrescente";"Colisão traseira";2;0;0;0;0;0;0;0;0;0;0;0;0;0;0
"19/11/2024";"03:16:00";"700";"Sem vítima";"105,000";"BR-116/SP";"Crescente";"Colisão traseira";1;0;0;0;0;0;0;0;0;0;0;0;0;0;0
"19/11/2024";"06:48:00";"826";"Sem vítima";"321,500";"BR-116/SP";"Decrescente";"Colisão lateral em sentido contrário";2;0;0;0;0;0;0;0;0;0;0;0;0;0;0
"19/11/2024";"11:28:00";"70";"Sem vítima";"157,800";"BR-116/SP";"Crescente";"Choque";1;0;0;0;0;0;0;0;0;0;0;0;0;0;0
"20/11/2024";"12:00:00";"71";"Sem vítima";"225,000";"BR-116/SP";"Crescente";"Colisão traseira";1;0;0;0;0;0;0;0;0;0;0;0;0;0;0
"20/11/2024";"04:30:00";"207";"Sem vítima";"135,000";"BR-116/SP";"Decrescente";"Colisão traseira";1;0;0;0;0;0;0;0;0;0;0;0;0;0;0
"20/11/2024";"04:55:00";"238";"Sem vítima";"455,800";"BR-101/SP";"Decrescente";"Colisão traseira";1;0;0;1;0;0;0;0;0;0;0;0;0;0;0
"20/11/2024";"05:22:00";"264";"Sem vítima";"113,000";"BR-116/SP";"Decrescente";"Colisão traseira";2;0;0;0;0;0;0;0;0;0;0;0;0;0;0
"20/11/2024";"07:08:00";"328";"Sem vítima";"18,300";"BR-116/SP";"Decrescente";"Colisão traseira";0;0;2;0;0;0;0;0;0;0;0;0;0;0;0
"20/11/2024";"01:26:00";"531";"Sem vítima";"86,950";"BR-116/SP";"Crescente";"Colisão lateral em sentido contrário";1;0;0;0;0;0;0;1;0;0;0;0;0;0;0
"20/11/2024";"01:50:00";"542";"Sem vítima";"100,700";"BR-116/SP";"Crescente";"Colisão traseira";1;0;0;0;0;0;0;0;0;0;0;0;0;0;0
"20/11/2024";"04:01:00";"615";"Sem vítima";"425,200";"BR-101/SP";"Decrescente";"Colisão traseira";1;0;0;0;0;0;0;0;0;1;0;0;0;0;0
"21/11/2024";"02:41:00";"102";"Sem vítima";"114,200";"BR-116/SP";"Crescente";"Choque";1;0;0;0;0;0;0;0;0;0;0;0;0;0;0
"21/11/2024";"03:11:00";"139";"Sem vítima";"219,000";"BR-116/SP";"Decrescente";"Colisão traseira";0;0;0;0;0;0;0;2;0;0;0;0;0;0;0
"21/11/2024";"06:28:00";"355";"Sem vítima";"248,000";"BR-116/SP";"Decrescente";"Colisão traseira";2;0;0;0;0;0;0;0;0;0;0;0;0;0;0
"21/11/2024";"07:53:00";"407";"Sem vítima";"156,000";"BR-116/SP";"Decrescente";"Engavetamento";2;0;1;0;0;0;0;1;0;0;0;0;0;0;0
"21/11/2024";"05:21:00";"689";"Sem vítima";"230,000";"BR-116/SP";"Decrescente";"Colisão lateral em sentido contrário";1;0;0;1;0;0;0;0;0;0;0;0;0;0;0
"22/11/2024";"12:23:00";"69";"Sem vítima";"119,700";"BR-116/SP";"Crescente";"Atropelamento de pedestre";1;0;0;0;0;0;0;0;0;0;0;0;0;0;0
"22/11/2024";"05:38:00";"280";"Sem vítima";"158,000";"BR-116/SP";"Decrescente";"Engavetamento";1;0;0;0;0;0;0;0;0;0;0;0;0;0;0
"22/11/2024";"07:18:00";"346";"Sem vítima";"440,000";"BR-101/SP";"Decrescente";"Choque";1;0;0;0;0;0;0;0;0;0;0;0;0;0;0
"22/11/2024";"07:31:00";"359";"Sem vítima";"495,000";"BR-101/SP";"Crescente";"Choque";1;0;0;0;0;0;0;0;0;0;0;0;0;0;0
"22/11/2024";"09:02:00";"414";"Sem vítima";"222,900";"BR-116/SP";"Crescente";"Colisão traseira";1;0;0;0;0;0;0;0;0;0;0;0;0;0;0
"22/11/2024";"10:08:00";"436";"Sem vítima";"228,100";"BR-116/SP";"Decrescente";"Colisão traseira";2;0;0;0;0;0;0;0;0;0;0;0;0;0;0
"22/11/2024";"11:45:00";"479";"Sem vítima";"50,900";"BR-101/SP";"Crescente";"Colisão traseira";2;0;0;0;0;0;0;0;0;0;0;0;0;0;0
"22/11/2024";"12:01:00";"488";"Sem vítima";"228,000";"BR-116/SP";"Decrescente";"Colisão lateral em sentido contrário";1;0;0;1;0;0;0;0;0;0;0;0;0;0;0
"22/11/2024";"01:10:00";"526";"Sem vítima";"282,700";"BR-116/SP";"Decrescente";"Capotamento";1;0;0;0;0;0;0;0;0;0;0;0;0;0;0
"22/11/2024";"01:17:00";"527";"Sem vítima";"283,700";"BR-116/SP";"Decrescente";"Engavetamento";3;0;0;0;0;0;0;0;0;0;0;0;0;0;0
"22/11/2024";"01:44:00";"540";"Sem vítima";"482,000";"BR-101/SP";"Decrescente";"Colisão lateral em sentido contrário";1;0;0;0;1;0;0;0;0;0;0;0;0;0;0
"22/11/2024";"01:59:00";"544";"Sem vítima";"275,000";"BR-116/SP";"Decrescente";"Choque";1;0;0;0;0;0;0;0;0;0;0;0;0;0;0
"22/11/2024";"03:19:00";"582";"Sem vítima";"38,000";"BR-116/SP";"Crescente";"Colisão lateral em sentido contrário";1;0;1;0;0;0;0;0;0;0;0;0;0;0;0
"22/11/2024";"05:19:00";"648";"Sem vítima";"259,950";"BR-116/SP";"Crescente";"Colisão traseira";2;0;0;0;0;0;0;0;0;0;0;0;0;0;0
"22/11/2024";"06:06:00";"663";"Sem vítima";"227,800";"BR-116/SP";"Decrescente";"Choque";1;0;0;0;0;0;0;0;0;0;0;0;0;0;0
"22/11/2024";"06:56:00";"658";"Sem vítima";"232,300";"BR-116/SP";"Decrescente";"Choque";1;0;0;0;0;0;0;0;0;0;0;0;0;0;0
"22/11/2024";"09:00:00";"567";"Sem vítima";"275,300";"BR-116/SP";"Decrescente";"Colisão traseira";2;0;0;0;0;0;0;1;0;0;0;0;0;0;0
"22/11/2024";"09:33:00";"36";"Sem vítima";"547,000";"BR-101/SP";"Crescente";"Choque";1;0;0;0;0;0;0;0;0;0;0;0;0;0;0
"22/11/2024";"10:41:00";"49";"Sem vítima";"212,000";"BR-116/SP";"Decrescente";"Choque";2;0;0;0;0;0;0;0;0;0;0;0;0;0;0
"23/11/2024";"12:58:00";"69";"Sem vítima";"221,000";"BR-116/SP";"Decrescente";"Colisão traseira";1;0;0;0;0;0;0;0;0;0;0;0;0;0;0
"23/11/2024";"02:09:00";"96";"Sem vítima";"230,000";"BR-116/SP";"Decrescente";"Colisão traseira";1;0;0;0;0;0;0;0;0;0;0;0;0;0;0
"23/11/2024";"02:56:00";"128";"Sem vítima";"251,350";"BR-116/SP";"Crescente";"Choque";1;0;0;0;0;0;0;0;0;0;0;0;0;0;0
"23/11/2024";"05:18:00";"256";"Sem vítima";"134,000";"BR-116/SP";"Decrescente";"Colisão traseira";1;0;0;0;0;0;0;0;0;0;0;0;0;0;0
"23/11/2024";"07:03:00";"335";"Sem vítima";"165,200";"BR-116/SP";"Decrescente";"Colisão traseira";1;0;1;0;0;0;0;0;0;0;0;0;0;0;0
"23/11/2024";"07:48:00";"360";"Sem vítima";"53,000";"BR-116/SP";"Crescente";"Colisão traseira";1;0;1;0;0;0;0;0;0;0;0;0;0;0;0
"23/11/2024";"08:00:00";"367";"Sem vítima";"154,900";"BR-116/SP";"Crescente";"Colisão lateral em sentido contrário";1;0;0;0;0;0;0;1;0;0;0;0;0;0;0
"23/11/2024";"09:51:00";"428";"Sem vítima";"89,350";"BR-116/SP";"Decrescente";"Choque";1;0;0;0;0;0;0;0;0;0;0;0;0;0;0
"23/11/2024";"11:30:00";"476";"Sem vítima";"449,000";"BR-101/SP";"Decrescente";"Capotamento";0;0;0;0;0;0;0;0;0;1;0;0;0;0;0
"23/11/2024";"11:35:00";"478";"Sem vítima";"73,000";"BR-116/SP";"Decrescente";"Choque";1;0;0;0;0;0;0;0;0;0;0;0;0;0;0
"23/11/2024";"01:25:00";"539";"Sem vítima";"292,200";"BR-116/SP";"Decrescente";"Colisão traseira";1;0;0;0;0;0;0;0;0;0;0;0;0;0;0
"23/11/2024";"01:54:00";"479";"Sem vítima";"237,000";"BR-116/SP";"Crescente";"Capotamento";1;0;0;0;0;0;0;0;0;0;0;0;0;0;0
"23/11/2024";"09:08:00";"37";"Sem vítima";"145,700";"BR-116/SP";"Decrescente";"Colisão traseira";1;0;0;0;0;0;0;0;0;0;0;0;0;0;0
"23/11/2024";"10:16:00";"57";"Sem vítima";"81,600";"BR-116/SP";"Crescente";"Atropelamento de pedestre";1;0;0;0;0;0;0;0;0;0;0;0;0;0;0
"23/11/2024";"10:22:00";"59";"Sem vítima";"133,000";"BR-116/SP";"Crescente";"Colisão transversal";2;0;0;0;0;0;0;0;0;0;0;0;0;0;0
"24/11/2024";"01:30:00";"81";"Sem vítima";"276,900";"BR-116/SP";"Crescente";"Colisão frontal";1;0;0;0;1;0;0;0;0;0;0;0;0;0;0
"24/11/2024";"01:46:00";"83";"Sem vítima";"219,000";"BR-116/SP";"Crescente";"Colisão traseira";1;0;1;0;0;0;0;0;0;0;0;0;0;0;0
"24/11/2024";"03:31:00";"129";"Sem vítima";"395,500";"BR-101/SP";"Crescente";"Choque";1;0;0;0;0;0;0;0;0;0;0;0;0;0;0
"24/11/2024";"03:46:00";"140";"Sem vítima";"162,000";"BR-116/SP";"Crescente";"Choque";1;0;0;0;0;0;0;0;0;0;0;0;0;0;0
"24/11/2024";"07:59:00";"285";"Sem vítima";"92,000";"BR-116/SP";"Decrescente";"Engavetamento";3;0;0;0;0;0;0;0;0;0;0;0;0;0;0
"24/11/2024";"09:24:00";"331";"Sem vítima";"145,900";"BR-116/SP";"Crescente";"Colisão traseira";2;0;0;0;0;0;0;0;0;0;0;0;0;0;0
"24/11/2024";"11:02:00";"378";"Sem vítima";"227,000";"BR-116/SP";"Crescente";"Engavetamento";1;0;0;0;0;0;0;0;0;0;0;0;0;0;0
"24/11/2024";"12:26:00";"423";"Sem vítima";"156,000";"BR-116/SP";"Crescente";"Engavetamento";1;0;0;0;0;0;0;0;0;0;0;0;0;0;0
"24/11/2024";"02:57:00";"501";"Sem vítima";"591,000";"BR-101/SP";"Decrescente";"Colisão traseira";1;0;0;0;0;0;0;0;0;0;2;0;0;0;0
"24/11/2024";"04:38:00";"561";"Sem vítima";"272,000";"BR-116/SP";"Crescente";"Atropelamento de pedestre";1;0;0;0;0;0;0;0;0;0;0;0;0;0;0
"24/11/2024";"06:33:00";"620";"Sem vítima";"398,000";"BR-101/SP";"Decrescente";"Colisão lateral em sentido contrário";2;0;0;0;0;0;0;0;0;0;0;0;0;0;0
"24/11/2024";"09:00:00";"389";"Sem vítima";"225,000";"BR-116/SP";"Decrescente";"Choque";0;0;1;0;0;0;0;0;0;0;0;0;0;0;0
"24/11/2024";"09:00:00";"444";"Sem vítima";"228,000";"BR-116/SP";"Crescente";"Colisão traseira";1;0;0;0;0;0;0;0;0;0;0;0;0;0;0
"24/11/2024";"10:45:00";"56";"Sem vítima";"21,300";"BR-116/SP";"Decrescente";"Choque";1;0;0;0;0;0;0;0;0;0;0;0;0;0;0
"24/11/2024";"11:55:00";"71";"Sem vítima";"278,900";"BR-116/SP";"Decrescente";"Tombamento";0;0;0;0;0;0;0;1;0;0;0;0;0;0;0
"25/11/2024";"01:04:00";"86";"Sem vítima";"385,700";"BR-101/SP";"Crescente";"Acidentes de outra natureza";1;0;0;0;0;0;0;0;0;0;0;0;0;0;0
"25/11/2024";"03:23:00";"158";"Com vítima";"228,700";"BR-116/SP";"Decrescente";"Tombamento";0;0;0;0;0;0;0;1;0;0;0;3;0;0;0
"25/11/2024";"04:14:00";"209";"Sem vítima";"155,000";"BR-116/SP";"Crescente";"Engavetamento";3;0;0;0;0;0;0;0;0;0;0;0;0;0;0
"25/11/2024";"05:23:00";"268";"Sem vítima";"156,600";"BR-116/SP";"Decrescente";"Colisão lateral em sentido contrário";2;0;0;0;0;0;0;0;0;0;0;0;0;0;0
"25/11/2024";"07:05:00";"344";"Sem vítima";"218,000";"BR-116/SP";"Crescente";"Colisão traseira";0;0;1;0;0;0;0;0;0;0;0;0;0;0;0
"25/11/2024";"09:47:00";"459";"Sem vítima";"164,000";"BR-116/SP";"Crescente";"Engavetamento";1;0;1;0;0;0;0;1;0;0;0;0;0;0;0
"25/11/2024";"10:05:00";"470";"Sem vítima";"204,500";"BR-116/SP";"Crescente";"Colisão traseira";0;0;0;0;0;0;0;1;0;0;0;0;0;0;0
"25/11/2024";"10:20:00";"480";"Sem vítima";"159,200";"BR-116/SP";"Crescente";"Engavetamento";3;0;0;0;0;0;0;1;0;0;0;0;0;0;0
"25/11/2024";"10:28:00";"487";"Sem vítima";"159,000";"BR-116/SP";"Decrescente";"Acidentes de outra natureza";1;0;0;0;0;0;0;0;0;0;0;0;0;0;0
"25/11/2024";"11:31:00";"531";"Sem vítima";"386,000";"BR-101/SP";"Crescente";"Acidentes de outra natureza";1;0;0;0;0;0;0;0;0;0;0;0;0;0;0
"25/11/2024";"12:16:00";"561";"Sem vítima";"8,200";"BR-116/SP";"Decrescente";"Acidentes de outra natureza";1;0;1;0;0;0;0;0;0;0;0;0;0;0;0
"25/11/2024";"12:43:00";"574";"Sem vítima";"416,000";"BR-101/SP";"Crescente";"Colisão lateral em sentido contrário";1;0;1;0;0;0;0;0;0;0;0;0;0;0;0
"25/11/2024";"01:24:00";"598";"Sem vítima";"486,000";"BR-101/SP";"Crescente";"Colisão traseira";2;0;0;0;0;0;0;0;0;0;0;0;0;0;0
"25/11/2024";"03:14:00";"646";"Sem vítima";"80,450";"BR-116/SP";"Decrescente";"Atropelamento de pedestre";1;0;0;0;0;0;0;0;0;0;0;0;0;0;0
"25/11/2024";"05:09:00";"709";"Sem vítima";"202,000";"BR-116/SP";"Crescente";"Colisão traseira";0;0;2;0;0;0;0;0;0;0;0;0;0;0;0
"25/11/2024";"05:44:00";"730";"Sem vítima";"163,500";"BR-116/SP";"Decrescente";"Colisão traseira";1;0;0;0;0;0;0;0;0;0;0;0;0;0;0
"25/11/2024";"10:14:00";"50";"Sem vítima";"32,000";"BR-116/SP";"Crescente";"Colisão traseira";0;0;2;0;0;0;0;0;0;0;0;0;0;0;0
"25/11/2024";"10:46:00";"55";"Sem vítima";"114,100";"BR-116/SP";"Crescente";"Choque";1;0;0;0;0;0;0;0;0;0;0;0;0;0;0
"26/11/2024";"07:17:00";"393";"Sem vítima";"221,800";"BR-116/SP";"Crescente";"Colisão traseira";1;0;0;0;1;0;0;0;0;0;0;0;0;0;0
"26/11/2024";"10:37:00";"506";"Sem vítima";"223,600";"BR-116/SP";"Crescente";"Colisão traseira";0;0;1;0;0;0;0;0;0;0;0;0;0;0;0
"26/11/2024";"01:54:00";"629";"Sem vítima";"227,500";"BR-116/SP";"Crescente";"Colisão traseira";0;0;2;0;0;0;0;0;0;0;0;0;0;0;0
"26/11/2024";"02:43:00";"648";"Sem vítima";"147,500";"BR-116/SP";"Decrescente";"Colisão lateral em sentido contrário";1;0;0;1;0;0;0;0;0;0;0;0;0;0;0
"26/11/2024";"02:51:00";"651";"Sem vítima";"134,000";"BR-116/SP";"Crescente";"Colisão traseira";2;0;0;0;0;0;0;0;0;0;0;0;0;0;0
"26/11/2024";"06:05:00";"767";"Sem vítima";"86,950";"BR-116/SP";"Decrescente";"Colisão lateral em sentido contrário";1;0;1;0;0;0;0;0;0;0;0;0;0;0;0
"26/11/2024";"08:32:00";"835";"Com vítima";"98,500";"BR-116/SP";"Crescente";"Atropelamento de pedestre";2;0;0;0;1;0;0;0;0;0;0;0;0;0;0
"26/11/2024";"09:39:00";"40";"Sem vítima";"383,400";"BR-101/SP";"Crescente";"Colisão traseira";1;0;1;0;0;0;0;0;0;0;0;0;0;0;0
"27/11/2024";"01:49:00";"88";"Com vítima";"220,000";"BR-116/SP";"Crescente";"Choque";0;0;0;1;0;0;0;0;0;0;0;0;1;0;0
"27/11/2024";"03:10:00";"151";"Sem vítima";"471,000";"BR-101/SP";"Crescente";"Colisão lateral em sentido contrário";2;0;0;0;0;0;0;0;0;0;0;0;0;0;0
"27/11/2024";"03:51:00";"193";"Sem vítima";"165,000";"BR-116/SP";"Crescente";"Colisão traseira";1;0;0;0;0;0;0;1;0;0;0;0;0;0;0
"27/11/2024";"04:45:00";"249";"Sem vítima";"218,900";"BR-116/SP";"Crescente";"Colisão lateral em sentido contrário";0;0;2;0;0;0;0;0;0;0;0;0;0;0;0
"27/11/2024";"05:08:00";"262";"Sem vítima";"143,200";"BR-116/SP";"Decrescente";"Engavetamento";3;0;0;0;0;0;0;0;0;0;0;0;0;0;0
"27/11/2024";"05:40:00";"293";"Sem vítima";"141,700";"BR-116/SP";"Crescente";"Colisão traseira";0;0;2;0;0;0;0;0;0;0;0;0;0;0;0
"27/11/2024";"06:34:00";"337";"Sem vítima";"222,800";"BR-116/SP";"Crescente";"Colisão traseira";1;0;1;0;0;0;0;0;0;0;0;0;0;0;0
"27/11/2024";"07:48:00";"373";"Sem vítima";"145,000";"BR-116/SP";"Decrescente";"Colisão traseira";1;0;0;0;0;0;0;0;0;0;0;0;0;0;0
"27/11/2024";"09:26:00";"422";"Sem vítima";"561,000";"BR-101/SP";"Decrescente";"Colisão lateral em sentido contrário";1;0;1;0;0;0;0;0;0;0;0;0;0;0;0
"27/11/2024";"10:02:00";"414";"Sem vítima";"243,000";"BR-116/SP";"Crescente";"Colisão traseira";0;0;2;0;0;0;0;0;0;0;0;0;0;0;0
"27/11/2024";"10:23:00";"466";"Sem vítima";"225,000";"BR-116/SP";"Decrescente";"Colisão traseira";1;0;1;0;0;0;0;0;0;0;0;0;0;0;0
"27/11/2024";"11:43:00";"527";"Sem vítima";"229,700";"BR-116/SP";"Decrescente";"Engavetamento";0;0;3;0;0;0;0;0;0;0;0;0;0;0;0
"27/11/2024";"02:53:00";"632";"Sem vítima";"155,100";"BR-116/SP";"Crescente";"Colisão traseira";1;0;0;0;0;0;0;0;0;0;0;0;0;0;0
"27/11/2024";"03:01:00";"635";"Sem vítima";"141,800";"BR-116/SP";"Crescente";"Colisão lateral em sentido contrário";1;0;1;0;0;0;0;0;0;0;0;0;0;0;0
"27/11/2024";"03:26:00";"644";"Sem vítima";"134,800";"BR-116/SP";"Crescente";"Engavetamento";1;0;0;0;0;0;0;0;0;0;0;0;0;0;0
"27/11/2024";"04:35:00";"700";"Sem vítima";"576,000";"BR-101/SP";"Crescente";"Colisão lateral em sentido contrário";0;0;0;1;0;0;0;0;0;0;0;0;0;0;0
"27/11/2024";"08:08:00";"801";"Sem vítima";"255,000";"BR-116/SP";"Crescente";"Colisão lateral em sentido contrário";0;0;1;0;0;0;0;0;0;0;0;0;0;0;0
"28/11/2024";"03:06:00";"137";"Sem vítima";"18,000";"BR-101/SP";"Crescente";"Choque";1;0;0;0;0;0;0;0;0;0;0;0;0;0;0
"28/11/2024";"07:55:00";"438";"Sem vítima";"220,000";"BR-116/SP";"Crescente";"Colisão lateral em sentido contrário";1;0;0;1;0;0;0;0;0;0;0;0;0;0;0
"28/11/2024";"09:22:00";"503";"Sem vítima";"229,000";"BR-116/SP";"Decrescente";"Colisão lateral em sentido contrário";1;0;0;1;0;0;0;0;0;0;0;0;0;0;0
"28/11/2024";"10:41:00";"560";"Sem vítima";"477,000";"BR-101/SP";"Decrescente";"Colisão lateral em sentido contrário";1;0;0;0;1;0;0;0;0;0;0;0;0;0;0
"28/11/2024";"11:13:00";"590";"Sem vítima";"136,000";"BR-116/SP";"Crescente";"Colisão traseira";0;0;1;0;0;0;0;1;0;0;0;0;0;0;0
"28/11/2024";"06:59:00";"902";"Sem vítima";"540,500";"BR-101/SP";"Decrescente";"Atropelamento de pedestre";1;0;0;0;0;0;0;0;0;0;0;0;0;0;0
"28/11/2024";"07:18:00";"908";"Sem vítima";"157,000";"BR-116/SP";"Crescente";"Choque";1;0;0;0;0;0;0;0;0;0;0;0;0;0;0
"28/11/2024";"11:04:00";"63";"Sem vítima";"13,800";"BR-116/SP";"Crescente";"Colisão traseira";0;0;0;0;0;0;0;2;0;0;0;0;0;0;0
"28/11/2024";"11:20:00";"66";"Sem vítima";"117,400";"BR-116/SP";"Decrescente";"Choque";1;0;0;0;0;0;0;0;0;0;0;0;0;0;0
"29/11/2024";"02:46:00";"119";"Sem vítima";"34,700";"BR-116/SP";"Decrescente";"Colisão lateral em sentido contrário";1;0;1;0;0;0;0;0;0;0;0;0;0;0;0
"29/11/2024";"03:10:00";"136";"Sem vítima";"229,100";"BR-116/SP";"Decrescente";"Colisão traseira";0;0;1;0;0;0;0;0;0;0;0;0;0;0;0
"29/11/2024";"05:28:00";"320";"Sem vítima";"136,000";"BR-116/SP";"Crescente";"Colisão traseira";1;0;0;0;1;0;0;0;0;0;0;0;0;0;0
"29/11/2024";"07:01:00";"402";"Sem vítima";"104,500";"BR-116/SP";"Crescente";"Colisão traseira";2;0;0;0;0;0;0;0;0;0;0;0;0;0;0
"29/11/2024";"07:07:00";"405";"Sem vítima";"104,800";"BR-116/SP";"Decrescente";"Colisão traseira";2;0;0;0;0;0;0;0;0;0;0;0;0;0;0
"29/11/2024";"09:49:00";"500";"Sem vítima";"66,000";"BR-116/SP";"Crescente";"Colisão frontal";0;0;1;0;0;0;0;1;0;0;0;0;0;0;0
"29/11/2024";"10:04:00";"508";"Sem vítima";"416,000";"BR-101/SP";"Crescente";"Choque";1;0;0;0;0;0;0;0;0;0;0;0;0;0;0
"29/11/2024";"10:09:00";"514";"Sem vítima";"101,200";"BR-116/SP";"Decrescente";"Colisão traseira";1;0;0;0;0;0;0;0;0;0;0;0;0;0;0
"29/11/2024";"10:22:00";"524";"Sem vítima";"143,100";"BR-116/SP";"Crescente";"Engavetamento";0;0;1;0;0;0;0;1;0;1;0;0;0;0;0
"29/11/2024";"10:46:00";"532";"Sem vítima";"542,000";"BR-101/SP";"Decrescente";"Choque";1;0;0;0;0;0;0;0;0;0;0;0;0;0;0
"29/11/2024";"10:52:00";"534";"Sem vítima";"66,000";"BR-116/SP";"Crescente";"Choque";1;0;0;0;0;0;0;0;0;0;0;0;0;0;0
"29/11/2024";"11:02:00";"497";"Sem vítima";"476,000";"BR-101/SP";"Crescente";"Capotamento";1;0;0;0;0;0;0;0;0;0;0;0;0;0;0
"29/11/2024";"12:11:00";"579";"Sem vítima";"165,000";"BR-116/SP";"Decrescente";"Colisão traseira";2;0;0;0;0;0;0;0;0;0;0;0;0;0;0
"29/11/2024";"03:04:00";"666";"Sem vítima";"472,500";"BR-101/SP";"Crescente";"Colisão traseira";1;0;1;0;0;0;0;0;0;0;0;0;0;0;0
"29/11/2024";"04:07:00";"699";"Sem vítima";"505,650";"BR-101/SP";"Crescente";"Colisão traseira";1;0;0;0;0;0;0;0;0;0;0;0;0;0;0
"29/11/2024";"05:07:00";"740";"Sem vítima";"159,000";"BR-116/SP";"Crescente";"Colisão lateral em sentido contrário";1;0;0;0;0;0;0;0;0;0;0;0;0;0;0
"29/11/2024";"05:35:00";"751";"Sem vítima";"40,500";"BR-101/SP";"Crescente";"Choque";0;0;0;0;0;0;0;0;0;1;0;0;0;0;0
"29/11/2024";"09:00:00";"40";"Sem vítima";"490,000";"BR-101/SP";"Crescente";"Choque";1;0;0;0;0;0;0;0;0;0;0;0;0;0;0
"29/11/2024";"09:50:00";"48";"Sem vítima";"137,000";"BR-116/SP";"Decrescente";"Acidentes de outra natureza";1;0;0;0;0;0;0;0;0;0;0;0;0;0;0
"30/11/2024";"01:39:00";"93";"Sem vítima";"336,000";"BR-116/SP";"Crescente";"Atropelamento de pedestre";1;0;0;0;0;0;0;0;0;0;0;0;0;0;0
"30/11/2024";"03:00:00";"127";"Sem vítima";"37,000";"BR-116/SP";"Crescente";"Choque";0;0;1;0;0;0;0;0;0;0;0;0;0;0;0
"30/11/2024";"03:41:00";"172";"Sem vítima";"259,600";"BR-116/SP";"Decrescente";"Choque";1;0;0;0;0;0;0;0;0;0;0;0;0;0;0
"30/11/2024";"03:59:00";"185";"Sem vítima";"259,800";"BR-116/SP";"Decrescente";"Colisão lateral em sentido contrário";1;0;1;0;0;0;0;0;0;0;0;0;0;0;0
"30/11/2024";"07:31:00";"342";"Sem vítima";"204,500";"BR-116/SP";"Decrescente";"Colisão traseira";2;0;0;0;0;0;0;0;0;0;0;0;0;0;0
"30/11/2024";"11:42:00";"465";"Sem vítima";"261,750";"BR-116/SP";"Crescente";"Choque";0;0;1;0;0;0;0;0;0;0;0;0;0;0;0
"30/11/2024";"12:08:00";"482";"Sem vítima";"276,000";"BR-116/SP";"Decrescente";"Acidentes de outra natureza";1;0;0;0;1;0;0;0;0;0;0;0;0;0;0
"30/11/2024";"01:48:00";"545";"Sem vítima";"219,000";"BR-116/SP";"Crescente";"Colisão lateral em sentido contrário";2;0;0;0;0;0;0;0;0;0;0;0;0;0;0
"30/11/2024";"04:22:00";"614";"Sem vítima";"148,300";"BR-116/SP";"Decrescente";"Engavetamento";2;0;0;0;0;0;0;0;0;0;0;0;0;0;0
"30/11/2024";"08:12:00";"708";"Sem vítima";"392,000";"BR-101/SP";"Crescente";"Choque";1;0;0;0;0;0;0;0;0;0;0;0;0;0;0
"30/11/2024";"09:04:00";"35";"Sem vítima";"227,500";"BR-116/SP";"Decrescente";"Colisão lateral em sentido contrário";1;0;1;0;0;0;0;0;0;0;0;0;0;0;0